graph,seed,case,mode,y_measurement_error,response_reconstruction_error,parameter_rmse,active_parameter_mae,median_excitation_condition
10,0,0,multi_pwm,0.0007382986078038572,0.0017085015736676991,0.032719746526459745,0.080502793251477,2.40649105655533
10,0,0,degenerate_pwm,1.0857887491622438,0.0010328254746177856,0.032565279859801725,0.07955919747630014,8641111.785867894
10,0,0,single_pwm,0.937108854644022,0.001726662456216514,0.032567927982481114,0.07956540377302801,1.5957506941165044e+16
10,0,1,multi_pwm,0.0004900693858575691,0.0007315913351963711,0.03365259869524394,0.07663502111663607,2.4052784254612076
10,0,1,degenerate_pwm,0.9869197817110852,0.0005590751961629507,0.0336518596266179,0.07649776683363535,10072348.584444284
10,0,1,single_pwm,0.9365768183377224,0.0006587410667182185,0.033651229925772436,0.0765798927028111,2.3245497362415732e+16
10,0,2,multi_pwm,0.0006070042083969122,0.003984911801083072,0.025026524347613082,0.05697143574898693,2.4064078348419597
10,0,2,degenerate_pwm,0.9624827939275912,0.003337651636526564,0.025009611975963474,0.0567563910701777,10847117.996834463
10,0,2,single_pwm,0.9373821015762352,0.003490462090091713,0.025010095518994118,0.05672531099698422,1.825916974358443e+16
10,0,3,multi_pwm,0.0005286134103888882,0.00010430070151719292,0.03199880824741676,0.06229905557797806,2.4064533579678136
10,0,3,degenerate_pwm,1.0735595145129582,0.000312230077262752,0.03199918433694912,0.06214671943719703,8432718.828897774
10,0,3,single_pwm,0.936935721411312,0.00048516983432211674,0.031999626143123655,0.062120401259660535,1.4627749862022586e+16
10,0,4,multi_pwm,0.0005330088924772948,0.0007138480564864578,0.021737197869068026,0.043494693147448374,2.40490858123586
10,0,4,degenerate_pwm,1.1403503418701835,0.0003114378163794388,0.02149868079669007,0.04421197347123505,10092171.549580168
10,0,4,single_pwm,0.9365544494408136,0.00010835209949989802,0.021498048118460622,0.04417508083048538,1.788114046135764e+16
10,0,5,multi_pwm,0.0005238494691427656,0.0002685160592749491,0.03541786594902803,0.07768988112293973,2.405052905271774
10,0,5,degenerate_pwm,1.0146714677541757,0.000347436447301965,0.035396775348650246,0.07815596130740532,17792938.919885345
10,0,5,single_pwm,0.9365350967106618,7.634001202500373e-05,0.035396744211580004,0.07811736236467864,6.165487689657934e+16
10,0,6,multi_pwm,0.0005099053487151646,0.0010615021832677475,0.029224798160720385,0.06428924962775151,2.402770731316953
10,0,6,degenerate_pwm,1.1047989277662655,0.00089842291705453,0.029220889996694626,0.0643333413385339,6805613.682884239
10,0,6,single_pwm,0.9372072253726672,0.000989481273655357,0.029219405750781212,0.06429335159060136,4.210347484253554e+16
10,0,7,multi_pwm,0.0005397281776095637,0.0004974877567717268,0.03142853679904538,0.07010006481927505,2.404594255860845
10,0,7,degenerate_pwm,0.8710873064701818,7.360339755930937e-05,0.031423016663275176,0.07009944208544233,22243434.26683163
10,0,7,single_pwm,0.9367712024801933,0.0006250847451447774,0.031424803893522424,0.07009910664200655,3.688098970768406e+17
10,0,8,multi_pwm,0.0004737508464800418,0.00019511559748403343,0.021462728682968994,0.04867604077872614,2.4070720194133886
10,0,8,degenerate_pwm,1.1835681230872213,0.00019726454995808726,0.021461289658109332,0.04866855297648939,15868359.971309906
10,0,8,single_pwm,0.9365525167918053,0.0007403146491403642,0.021461032951799422,0.04867005730979405,1.5615771695878708e+16
10,0,9,multi_pwm,0.0005901884821533107,0.00046167726314095804,0.02795092919176735,0.06871513875093468,2.4039982207355237
10,0,9,degenerate_pwm,1.1395284454996402,0.00048575969911463483,0.027877460552974676,0.0687301503556631,9364088.336789213
10,0,9,single_pwm,0.936515742557685,0.0008681655389849287,0.02787745016049044,0.06872985273541102,1.3842001956673788e+16
10,0,10,multi_pwm,0.0006549480129423587,0.0008271838079943051,0.02397457775551305,0.052940709283105715,2.4064291901874553
10,0,10,degenerate_pwm,0.9569263036628972,0.0007523176628376182,0.023974521303574064,0.05294876972603206,10501027.183105085
10,0,10,single_pwm,0.9369453906707633,0.0009867184272227825,0.02397543436924178,0.052891663462561175,1.8769274798946532e+16
10,0,11,multi_pwm,0.000572682743122618,0.00024458005775433603,0.03333205208420728,0.0730193870568003,2.405674522086634
10,0,11,degenerate_pwm,0.9543222731806351,0.0001778908293878082,0.033305941887202754,0.07259438659635764,9792808.292650973
10,0,11,single_pwm,0.9367891637646666,0.000457544310769937,0.03330587932993896,0.07263500357018685,2.5178109143155016e+16
10,0,12,multi_pwm,0.0004042813104866358,0.00035111519559108016,0.036174234137073547,0.0796284266295628,2.4055474173047116
10,0,12,degenerate_pwm,0.8536954500042643,0.00015056920737382867,0.036153932076839486,0.07963974056731898,7126501.411540749
10,0,12,single_pwm,0.9367320803763871,0.0002565666855171978,0.03615413232068952,0.07963967241545676,8.592281173284986e+16
10,0,13,multi_pwm,0.0005687874202211546,0.0006209698443706743,0.024742959453644985,0.05710439576880392,2.4059447683992343
10,0,13,degenerate_pwm,1.2729134724793667,0.00026955300399877387,0.024708548317052777,0.05739734367850564,14005168.610874703
10,0,13,single_pwm,0.9364217016287066,0.00029976038859373455,0.024707899208903282,0.05741401490126623,1.4771304280556978e+16
10,0,14,multi_pwm,0.0005031681300590569,0.0011651756235201642,0.035537021124150574,0.07423099619638716,2.4048542095911474
10,0,14,degenerate_pwm,0.924560709324682,0.0011855462636456442,0.03552639441656196,0.07420750402616211,23840472.83827211
10,0,14,single_pwm,0.9372552961569186,0.0014302944579191112,0.035526768786483996,0.07412077563244764,1.0955332416909645e+17
10,0,15,multi_pwm,0.000521366612566931,0.0004735216931690497,0.028541089222434417,0.05872627799583255,2.407920870619583
10,0,15,degenerate_pwm,1.0591338307229237,0.00014953704212506585,0.028447511800211628,0.05709495041097038,18845362.911478348
10,0,15,single_pwm,0.9368281890486414,0.00047187584782747713,0.028447906727266638,0.05705192524803711,1.5585209593065096e+16
10,0,16,multi_pwm,0.0004668053639201729,9.779403329843216e-05,0.03349724132839478,0.06648976685740395,2.404444934561876
10,0,16,degenerate_pwm,0.9638339834848435,0.0001820909550924775,0.03349588251132598,0.06669607189588186,7544707.69769798
10,0,16,single_pwm,0.9368456790778088,0.0001267623893479186,0.03349529882088703,0.06664459248319486,2.023595396652135e+16
10,0,17,multi_pwm,0.0006030225079447734,0.0005185486372450007,0.027367934298605883,0.06658047216803586,2.404633078175393
10,0,17,degenerate_pwm,1.0523109267727644,7.736086099653644e-05,0.02723779398203372,0.06544241885660357,20387566.72923791
10,0,17,single_pwm,0.9368162532820327,5.803899806207269e-05,0.027238448904649,0.06538890220226817,2.087085166366811e+16
10,0,18,multi_pwm,0.0005260220430299523,0.0004194945260252548,0.03147201424275196,0.07220612047225003,2.4077707241202617
10,0,18,degenerate_pwm,1.397885427363827,0.00028162259654028335,0.03147064866042201,0.07221558676895773,22491800.988653168
10,0,18,single_pwm,0.9368417998156022,0.00011261234060567292,0.03147041537905603,0.072228976839256,1.3829459548783548e+16
10,0,19,multi_pwm,0.00047473106978081426,0.00017566214758076926,0.029588531271011468,0.06322181306506477,2.4049264464318503
10,0,19,degenerate_pwm,1.0026728971949055,0.00017544468801314214,0.029586371716398965,0.0631629955582689,10066190.083656035
10,0,19,single_pwm,0.9364667016856992,0.00012466574068469556,0.029585854132834388,0.06311921640571486,1.1844401917858862e+16
10,0,20,multi_pwm,0.0005768123072252489,0.00044621187912178634,0.04080800078826378,0.08967956191009083,2.4022859232154588
10,0,20,degenerate_pwm,1.1326177941163489,0.00011711160563109075,0.04076161844324107,0.08970719684077572,13523095.09955495
10,0,20,single_pwm,0.9367797470204783,0.0003181315144395696,0.04076158711565065,0.08975172161412612,3.5097659326240084e+16
10,0,21,multi_pwm,0.00044961500745474396,0.001309647979080839,0.035777686564265394,0.08525143034269397,2.4081132428747942
10,0,21,degenerate_pwm,1.1134955852649593,0.0012884073531474645,0.03573362892908218,0.08546519465047331,11055938.635747097
10,0,21,single_pwm,0.9373183364838793,0.0021350086609129987,0.03573086327826732,0.085417066261033,1.8782656099887692e+16
10,0,22,multi_pwm,0.000708269981670414,0.0008091205253257346,0.03954124163641613,0.08821173975993872,2.405858162274081
10,0,22,degenerate_pwm,1.0875984134649217,0.0011676460748459869,0.0395393237695796,0.08843375383192457,7690014.974271823
10,0,22,single_pwm,0.9361394517405929,0.001102091515942787,0.03954339330428524,0.08852700231125071,8.51374403065303e+16
10,0,23,multi_pwm,0.0005642861270946174,0.0005290129586111376,0.024629920637404143,0.05608199222420007,2.4032801128905055
10,0,23,degenerate_pwm,1.0482730090602246,0.00020761640140098828,0.024612002329475385,0.05615193703335636,11842114.529234722
10,0,23,single_pwm,0.9366114179140701,0.00017468993997684891,0.024612860253676403,0.056132885164340694,1.34228656165818e+16
10,0,24,multi_pwm,0.00047281910272448617,0.00047835640893729124,0.02010753925246487,0.04462253848288586,2.40219508846869
10,0,24,degenerate_pwm,1.1405034400827188,7.565580431654014e-05,0.020103886899740374,0.044460137557823076,11991116.56403539
10,0,24,single_pwm,0.936848771251115,0.000275205985815478,0.020101022753779216,0.04440296121303153,1.9137380585728816e+16
10,0,25,multi_pwm,0.0005791897177224448,0.0017898225453233832,0.033520419190026435,0.07592190851995279,2.4062113391132733
10,0,25,degenerate_pwm,0.8774271927035444,0.0017258143334939263,0.033414052881921626,0.07667128592863742,7898494.082724
10,0,25,single_pwm,0.9359562100685687,0.0019075029995205346,0.03341495476391773,0.07667188023601793,1.9328666156730778e+17
10,0,26,multi_pwm,0.0006479875311384843,0.0009599265092110778,0.0342073918544968,0.07922180002813417,2.406305500802811
10,0,26,degenerate_pwm,1.0043041348034842,0.0007485718933048118,0.03418402192638874,0.07999898927987777,5378510.34121789
10,0,26,single_pwm,0.9370730575972198,0.0010778234262009715,0.0341829354858367,0.07993227321020732,2.0501004760988816e+16
10,0,27,multi_pwm,0.0007186258851502969,0.0009533663227063437,0.027211848642482158,0.0573212992972567,2.4044684864255985
10,0,27,degenerate_pwm,1.1589793135606705,0.0017208206461618266,0.027209104985828823,0.05741076287029028,33393074.52391241
10,0,27,single_pwm,0.937205815380752,0.0012370601816839046,0.027206927428975528,0.05747202956569346,5.160803897635442e+16
10,0,28,multi_pwm,0.0006687375381042781,0.0017105527847512173,0.03159518865440614,0.06804736906129462,2.405708554080424
10,0,28,degenerate_pwm,1.029002453463508,0.002514968314186262,0.03157187375252637,0.06804092164236819,6975604.255802376
10,0,28,single_pwm,0.937447098424394,0.00239225649301729,0.03157078854769327,0.06803281133562054,1.957879908094178e+16
10,0,29,multi_pwm,0.0005447405340898293,0.0009096743509319179,0.03308270109817313,0.07260327651212836,2.4037379105572083
10,0,29,degenerate_pwm,1.0857996956056002,0.00039987518126282664,0.03308228032878266,0.07255847541386704,12625122.918329112
10,0,29,single_pwm,0.9365534093412085,0.0006752060735320112,0.0330816078474793,0.07260994029983056,1.5360068356391488e+16
10,0,30,multi_pwm,0.0006022365960566213,0.0010042244733135457,0.02737149434224038,0.05420399211170677,2.408697763992449
10,0,30,degenerate_pwm,0.9914157141180883,0.0006564725957496091,0.027369762420414466,0.05441126714685096,12041612.1304666
10,0,30,single_pwm,0.9363004230571172,0.00017952397776231164,0.027369919948287715,0.05440645479326739,7.436472715569378e+16
10,0,31,multi_pwm,0.0005276221219902832,0.004315485787009765,0.03483623238862683,0.07529111375445562,2.407026758755542
10,0,31,degenerate_pwm,0.8336818285372444,0.004151230868338853,0.03479725998519015,0.07554425871890971,7114796.33613584
10,0,31,single_pwm,0.9374631036570849,0.0035809307841908234,0.03479606210131844,0.0755884140971832,1.3610424795495144e+16
10,0,32,multi_pwm,0.0004336412695354244,0.00034966853999854515,0.02946669312967905,0.062337597164325645,2.405218270876939
10,0,32,degenerate_pwm,0.9936448217153006,0.00012478774452478518,0.029422011104887527,0.06238704666779371,10079773.571949527
10,0,32,single_pwm,0.9366475444474236,0.00029257616678906293,0.029423271283316576,0.06238043311869839,2.631459593871498e+16
10,0,33,multi_pwm,0.0005478299278668368,0.0013149437226208482,0.03371126794714514,0.07338499785416609,2.4040125494104476
10,0,33,degenerate_pwm,0.7092436997240833,0.0018249443018195487,0.033702704589954786,0.07339217326073011,19540460.422520526
10,0,33,single_pwm,0.9372865056432681,0.0021326566533750218,0.03370289933644287,0.0733543105471113,2.1667894911947596e+16
10,0,34,multi_pwm,0.0006759870832456346,0.0003119865451126166,0.029243339939627796,0.04800230752933093,2.4049829447365814
10,0,34,degenerate_pwm,1.4179382664734685,0.0003123351146533415,0.0292330167342142,0.04795048550475717,5529818.179576635
10,0,34,single_pwm,0.9366573846893798,0.00016683391594957497,0.029233081833801366,0.04798011863299284,2.0120765944585e+16
10,0,35,multi_pwm,0.0004813236279292791,0.00046937403373375515,0.03289571323383032,0.07753869253696613,2.406343420420285
10,0,35,degenerate_pwm,1.1585408904788874,0.00010712824266166338,0.03288486803884169,0.07755842513761058,15685739.333803955
10,0,35,single_pwm,0.9367717263822206,0.0005378766657994235,0.03288395681399892,0.07755067458963699,2.622114749989141e+16
10,0,36,multi_pwm,0.00044178920789786884,0.0005550775730545782,0.022435894076481774,0.05281550523192155,2.4043338326202583
10,0,36,degenerate_pwm,0.989149532850788,8.452702926026881e-05,0.022277430882239768,0.05396515552864028,6367319.367842298
10,0,36,single_pwm,0.9367611162776952,0.00048647694969917716,0.0222777268933131,0.053996810967902556,3.6441968076274584e+16
10,0,37,multi_pwm,0.0005293027050007015,0.0002676411180106312,0.021266273876482802,0.04431412189943289,2.4051536050859847
10,0,37,degenerate_pwm,1.1296792692089408,0.00022712609731706816,0.02126007422196553,0.04454821059900316,7039983.028311348
10,0,37,single_pwm,0.9366062481640658,0.00023347384884803168,0.02126006398008979,0.044437819873978004,2.4800723945881896e+16
10,0,38,multi_pwm,0.0005677037714268143,0.0003094715976925774,0.01964674832962562,0.04191060139798708,2.4052008920517407
10,0,38,degenerate_pwm,1.296600517907715,0.00012729836098043207,0.019610315839000757,0.04230162328243517,22896231.667176265
10,0,38,single_pwm,0.9368904770801932,0.0003436172017733049,0.019609023818000875,0.04229030892722999,1.6073039280279608e+16
10,0,39,multi_pwm,0.0004659115749551206,0.0002972869716407192,0.03881586939174879,0.08222337873951925,2.4044584394575934
10,0,39,degenerate_pwm,1.0481528669220659,8.293502478765461e-05,0.03881281786494428,0.08216266716693099,6224387.090869046
10,0,39,single_pwm,0.9369559942154699,0.0002845163892767892,0.03881473629195849,0.08214437619375979,1.3356307263462892e+16
10,0,40,multi_pwm,0.0005803660777331576,0.0010044767240110074,0.028842044229282784,0.055934028679891216,2.4049959533378127
10,0,40,degenerate_pwm,1.0800644055184265,0.0010345044807929466,0.02868529655706661,0.05659332577212336,12236793.421189085
10,0,40,single_pwm,0.9369544610971422,0.0008859769232947007,0.02868530113173039,0.05657548817582871,1.5769184426539864e+16
10,0,41,multi_pwm,0.0006093004986249968,0.00035210695689313567,0.04051827374050761,0.09012138860101926,2.4045790575547623
10,0,41,degenerate_pwm,1.0562704878180624,0.00033637177703832433,0.040508556929198504,0.0896663085624191,11956928.359281037
10,0,41,single_pwm,0.9367912753075889,0.0001070624198333439,0.04050793174190836,0.08962011908464032,1.613745307913414e+16
10,0,42,multi_pwm,0.00048715774567230277,0.000480410993815505,0.035293332960171654,0.08089216307599353,2.406990524502677
10,0,42,degenerate_pwm,1.1664611277351498,0.0002206194689490553,0.035288709996231064,0.08097727155188662,24603735.24575392
10,0,42,single_pwm,0.9367204246912849,0.00030852154337496993,0.035288720800149706,0.0809900458720592,1.835609425070061e+16
10,0,43,multi_pwm,0.0006474697113177884,0.0005262361088284422,0.036963517714614307,0.08711557654479768,2.403968522689265
10,0,43,degenerate_pwm,0.9453938364949804,0.0005927967397867882,0.03695179535787256,0.08749058103988845,4436494.085424699
10,0,43,single_pwm,0.9371686696644995,0.00022287155007149131,0.03695154735347966,0.08751619763738111,2.5950240486882084e+16
10,0,44,multi_pwm,0.0006121587139426892,0.000945788841468834,0.030597843463105484,0.06755926765926384,2.4046409611295223
10,0,44,degenerate_pwm,1.0033237700635458,0.0007473223298777563,0.030404178520593926,0.06630853394374894,10317241.823937804
10,0,44,single_pwm,0.9372433993131899,0.0013709751797940184,0.03040627977949371,0.06618436439267925,4.615136349971289e+16
10,0,45,multi_pwm,0.0006092127698439835,0.0006547533570320195,0.03595422100024272,0.08691480837973099,2.4083836456577843
10,0,45,degenerate_pwm,1.198031842224007,0.00036160071355862653,0.035953222579807854,0.08649669541526883,28923393.7022729
10,0,45,single_pwm,0.9364510503278181,0.00034112266566959493,0.03595120669830306,0.08661187264752492,1.881799084549308e+16
10,0,46,multi_pwm,0.000616331886210167,0.0007105131173916604,0.03375679325899877,0.06913239479713383,2.404674258904019
10,0,46,degenerate_pwm,1.2508207139714973,0.00022853735152142334,0.03372865690022613,0.0694284193346471,22210113.48696392
10,0,46,single_pwm,0.9364488301594244,0.0005285558643383764,0.03372876203845056,0.06934312212799593,1.2100940435545158e+17
10,0,47,multi_pwm,0.0006015572050315668,0.0005417124089674756,0.03254600848219163,0.07839610863911597,2.405063097440899
10,0,47,degenerate_pwm,1.2093996133407123,0.0005358959160370817,0.03251597792432171,0.07792551651794737,16979199.264289662
10,0,47,single_pwm,0.936547369804208,0.0008771448792120701,0.03251692862050637,0.07785039188481171,4.743187539736688e+16
10,0,48,multi_pwm,0.0006226057086587886,0.0005109154918660099,0.024952640825424467,0.053311730936076655,2.406843037125137
10,0,48,degenerate_pwm,1.8358514346487331,0.00024469261989855243,0.024928120132089976,0.053736052797107525,7605340.998491648
10,0,48,single_pwm,0.9367762613413946,0.000176939246071499,0.024929063479168474,0.053578692789578206,1.918936025612146e+16
10,0,49,multi_pwm,0.000586571998169689,0.0001817490269208406,0.019608313294278812,0.04026079373553237,2.4063643758913105
10,0,49,degenerate_pwm,0.9064016716366119,0.00025569922743335087,0.019603994956551487,0.04024152565486627,6881278.296072917
10,0,49,single_pwm,0.9366180817906322,0.00040914583464047715,0.019604220693009194,0.040259192350577844,2.243770331033268e+16
10,0,50,multi_pwm,0.0005534327832369192,0.0005440776861994277,0.03177973939292989,0.06255856724390677,2.4047672124938755
10,0,50,degenerate_pwm,0.9916842975534823,0.00015983200567467142,0.03177760583539442,0.06287071686818192,9592205.046180978
10,0,50,single_pwm,0.936588932851621,0.0004880207046365953,0.03178126337187333,0.0625478706947177,3.829993636852677e+16
10,0,51,multi_pwm,0.000582247098177289,0.0006452209632238617,0.033584371277083,0.07018546298786964,2.406144896964642
10,0,51,degenerate_pwm,0.9912479421483816,0.00035398069048796893,0.033553889479334395,0.07035532581663913,17445520.402081706
10,0,51,single_pwm,0.9370952204648175,6.124318755997151e-05,0.03355391320432013,0.07040054664698256,9.619831628291237e+16
10,0,52,multi_pwm,0.0006418834518573861,0.0004727146847143243,0.02831639375438993,0.05437637738131308,2.406067119898919
10,0,52,degenerate_pwm,1.115825361553185,0.00032153106291826517,0.028230791058995754,0.05368806642695369,14510028.900712712
10,0,52,single_pwm,0.9365952750459109,0.00011242454710962841,0.02823083550754386,0.05370591819280038,2.1419714404551782e+17
10,0,53,multi_pwm,0.00047838489474860484,0.0011436468412706054,0.027251040613339196,0.056149956930167375,2.402291431949046
10,0,53,degenerate_pwm,0.9875210963992584,0.0009455812026598527,0.027246007578910183,0.056214829579012776,16839062.01390021
10,0,53,single_pwm,0.9363775135698348,0.0008590422891962883,0.027248300910022873,0.056209706042740865,3.729486920033077e+16
10,0,54,multi_pwm,0.0005461468726092541,5.073963185504912e-05,0.03955042034513594,0.09911112760334052,2.40684790352144
10,0,54,degenerate_pwm,1.1910573150574246,0.00016804705766104377,0.03954897367175395,0.09910650672513409,14640670.377568766
10,0,54,single_pwm,0.9365461819158077,0.00015089986120078925,0.03954874328580049,0.09911224671337987,2.0483228568259788e+16
10,0,55,multi_pwm,0.0006602718545592687,0.0003171327975135272,0.038203446073285234,0.09341265480022698,2.4056077191304857
10,0,55,degenerate_pwm,0.819733702521557,5.88783732149528e-05,0.038202352815665815,0.09346852950811671,6923366.34398715
10,0,55,single_pwm,0.9366966917104539,0.0003645524832562738,0.038203554272554965,0.0934269721259082,1.4605332701404884e+16
10,0,56,multi_pwm,0.00041435379674241885,0.0004904173772502793,0.030216970773190625,0.057259665162657666,2.404275005800153
10,0,56,degenerate_pwm,1.1196882947144156,0.00029885605952567764,0.030175115123133995,0.05669228879348765,5967664.024613912
10,0,56,single_pwm,0.9366112974533536,0.0005180266441125656,0.03017556003772832,0.056619520415668055,3.009348349235663e+16
10,0,57,multi_pwm,0.0005114506364405219,0.0002751314187272053,0.023796905437684784,0.0498413365488927,2.4046394238175512
10,0,57,degenerate_pwm,1.0768336731379995,0.0001708349793537636,0.023780929051290946,0.05014463729262464,9499166.623409662
10,0,57,single_pwm,0.936736845795924,0.00018504874145415344,0.023782353990691122,0.05013076505313605,2.190598664467217e+16
10,0,58,multi_pwm,0.0005376284767534427,0.00010472234340323474,0.022138407467431596,0.050373593627167604,2.40574089012068
10,0,58,degenerate_pwm,1.036435295631261,1.7740296630276446e-05,0.02213766081890461,0.05040988204992731,7580419.255507
10,0,58,single_pwm,0.9369513529519515,0.0001063238974189101,0.022137233849100338,0.050413428457577625,2.1069341812830732e+16
10,0,59,multi_pwm,0.0005002514133035071,0.0006210893336541765,0.01936962819396469,0.04635013798973399,2.4054167657962675
10,0,59,degenerate_pwm,1.0328763788927149,0.0003898413975221323,0.01915862078755121,0.04621249343229089,15225651.802048452
10,0,59,single_pwm,0.9370373893505041,0.00015093814701518102,0.019158463403040265,0.046270176872784716,1.6773045827836212e+16
10,0,60,multi_pwm,0.0004869601343044546,0.0007952647165046199,0.025245496199861425,0.059924794135400625,2.406270444134316
10,0,60,degenerate_pwm,0.9340507563537972,0.0004183106770637089,0.025010387358268923,0.05881991250136262,12559888.583030898
10,0,60,single_pwm,0.9364399849282616,9.158143717310909e-05,0.02501230271637784,0.0588592821526929,1.4602567180002768e+16
10,0,61,multi_pwm,0.0004054915019699963,0.0010519404002266876,0.033276393647175835,0.06549664624240933,2.4044244249658875
10,0,61,degenerate_pwm,1.0039016427097662,0.0004150678232518968,0.03324810975959119,0.06601394276945916,8798900.229920182
10,0,61,single_pwm,0.936942265832324,0.0012544421059593586,0.033248795738349865,0.0660707114425395,2.5485272321748824e+16
10,0,62,multi_pwm,0.00046714876068242094,0.001627706492816325,0.035084360287234696,0.08027589616571362,2.4054398712377574
10,0,62,degenerate_pwm,1.1203325796910992,0.0015417075967639755,0.03507113402431964,0.08066018834136698,9636862.643012056
10,0,62,single_pwm,0.9363188454447335,0.0011821370683359946,0.035072464454717116,0.08069184882913438,2.6690576165759024e+16
10,0,63,multi_pwm,0.0005786712715811583,0.0004072241327423492,0.027110499797203858,0.058064306223553463,2.406532098559752
10,0,63,degenerate_pwm,1.0772825869436227,0.0005179766382314769,0.02707389231968338,0.057977597156129365,17387738.61144773
10,0,63,single_pwm,0.9365137327048175,0.0007253693787880685,0.027073749163213992,0.05799755175172777,1.5107629337489508e+16
10,0,64,multi_pwm,0.0005902213946995493,0.00034935158745293463,0.0200057466904266,0.04331691773042154,2.4053067927318166
10,0,64,degenerate_pwm,1.1633089913053203,0.0002093231691071989,0.019941844278014507,0.043269694317232654,5815716.737201946
10,0,64,single_pwm,0.9367987256992106,0.0002434223011893518,0.019942173349933548,0.04327895772885392,8.433776438061987e+16
10,0,65,multi_pwm,0.000521564848649218,0.000152664059017105,0.03052485636742745,0.057358021198879415,2.404990945691585
10,0,65,degenerate_pwm,1.1177995088810366,0.00016796590761001002,0.030523411914668966,0.05730172293210384,6922511.0332104685
10,0,65,single_pwm,0.9368437629482748,0.00018303099637903919,0.03052528693486332,0.05733533394711949,3.1416627634584204e+16
10,0,66,multi_pwm,0.0005054079928544705,0.00039535875572799565,0.03718073299271474,0.07551827975171907,2.4043109285527473
10,0,66,degenerate_pwm,1.1646902102762224,0.00012678623222775364,0.03716295346626043,0.07539428527216144,11791880.836942472
10,0,66,single_pwm,0.9368160587366909,0.0002054569785712702,0.03716330313261399,0.0754058154010539,1.915768011021191e+16
10,0,67,multi_pwm,0.0007328919654019948,0.0008162079212039807,0.031196737327235758,0.0701485798909881,2.404833590379309
10,0,67,degenerate_pwm,1.355111312880916,0.00011710699021171788,0.03086743445501111,0.07007736773382162,9413062.964603383
10,0,67,single_pwm,0.9366061146991855,0.00045985146423661497,0.03086785428318917,0.07006966842770064,1.8104911842857068e+16
10,0,68,multi_pwm,0.0005778036924702156,0.00015046885945396694,0.02938937543999272,0.06363780128827232,2.4042454851884476
10,0,68,degenerate_pwm,0.9666406554198401,4.2456651685928266e-05,0.029383931535007048,0.06337746627254455,12475093.189467972
10,0,68,single_pwm,0.9367126461510595,0.00016042727670995967,0.029384505088103564,0.0634556099987234,1.7783459223317418e+16
10,0,69,multi_pwm,0.0005773066276664673,0.0006278319734542171,0.0190829362123123,0.04108439211621983,2.4066222471924457
10,0,69,degenerate_pwm,1.0986875809711714,0.00036377171205472604,0.019032414132336795,0.04074925049225397,4457654.636757643
10,0,69,single_pwm,0.9370370282980159,0.0008619650300032198,0.01903571211434618,0.040756041078052405,1.7862459904520596e+16
10,0,70,multi_pwm,0.0004064918021487264,0.00020097209634560668,0.026370743191972645,0.06080171324202768,2.405831851503455
10,0,70,degenerate_pwm,1.3047783044894203,4.3124157425932115e-05,0.02637156238815933,0.06089964145589209,10941988.71470691
10,0,70,single_pwm,0.9367550160377713,0.00032042656760922553,0.026370985319950115,0.060744098302214916,1.4150330597338836e+16
10,0,71,multi_pwm,0.0007231811905159413,0.0014813504012756368,0.0350663350701816,0.07844814183122335,2.4057938877675205
10,0,71,degenerate_pwm,1.3619429957298792,0.0008788394198538895,0.03505795633115651,0.07824530337951774,9081518.704591839
10,0,71,single_pwm,0.9362177914547971,0.0010442703158567543,0.03505847487542391,0.078291507689805,1.7123310070940518e+16
10,0,72,multi_pwm,0.0005433458943167125,0.0006863194139155774,0.03472987643212047,0.08063039236622967,2.4030625085882273
10,0,72,degenerate_pwm,1.1006667198493134,0.0006057991350659677,0.034603496511589185,0.08164058703394961,7469523.140356712
10,0,72,single_pwm,0.9370736809810892,0.0007143636644739851,0.03460383741752346,0.08159000208853565,1.6239268125758976e+16
10,0,73,multi_pwm,0.00047521360782524423,0.0005689220352006427,0.04196330785180227,0.09316654326537124,2.4032585124697454
10,0,73,degenerate_pwm,1.1967302986527966,0.0010383992186399796,0.04194732508421267,0.09308024952051873,5160821.708109149
10,0,73,single_pwm,0.9370648301515511,0.0010860757467321494,0.04194738419672209,0.09307118253638232,1.6211133014892156e+16
10,0,74,multi_pwm,0.0004849502743854196,0.00036329221517539153,0.04209587489900533,0.09083499592732644,2.4028383380389813
10,0,74,degenerate_pwm,1.2327486990382985,0.000128694478508301,0.04209598013341397,0.09090135071596728,9035436.608023565
10,0,74,single_pwm,0.9366310223615626,0.000219283133112143,0.042095745318976655,0.09096245974306105,2.5320031489370428e+16
10,0,75,multi_pwm,0.0006745686753031089,0.0002867355912200441,0.033319275073935194,0.07786519983540108,2.4048335540889054
10,0,75,degenerate_pwm,1.144151951634462,0.00011323857327669455,0.03331172124244387,0.07798694238675519,11462963.75805967
10,0,75,single_pwm,0.9365170454309373,0.0005674818815685636,0.03331454931646154,0.0780862836052921,1.6017006180458804e+16
10,0,76,multi_pwm,0.0006460304830282397,0.00046995625308650504,0.03422152671443985,0.07050583417123599,2.4061664911374505
10,0,76,degenerate_pwm,1.0405733391827257,0.0004503734687753263,0.03414029947186285,0.06978967318239379,7590081.343241209
10,0,76,single_pwm,0.936790465361153,0.00021234477664159898,0.03414020622735105,0.06975515679340866,3.0372558284206132e+16
10,0,77,multi_pwm,0.000552884509460314,0.0005160238347928238,0.028874699432257765,0.06100340198558425,2.4064874512552805
10,0,77,degenerate_pwm,1.0047597406037316,0.0006125821072646391,0.028868152824006264,0.06057418397776783,10303584.23713967
10,0,77,single_pwm,0.9363978309574075,0.00012277053961982578,0.02886903596282675,0.060734567885194574,2.209169892455501e+16
10,0,78,multi_pwm,0.00044959876093715747,0.0008765630530126211,0.030352795240234633,0.06171626777440261,2.4053023213935996
10,0,78,degenerate_pwm,0.8227039941413311,0.0012517210577915573,0.030312061884146056,0.06145489013999552,8048079.259760374
10,0,78,single_pwm,0.9371820568999443,0.000888722034746636,0.030311950725698738,0.06153108668173217,1.4615382222844172e+16
10,0,79,multi_pwm,0.0006591094182187636,0.00022366522501951613,0.0347234398367719,0.07473825862471234,2.4035726073554566
10,0,79,degenerate_pwm,0.9789039756883048,0.00011720434248176227,0.03472024628274249,0.0748150292248142,8272845.435183467
10,0,79,single_pwm,0.936820369622379,0.0003518296476772388,0.03472049938425502,0.07483701797109163,1.917034340909309e+16
10,0,80,multi_pwm,0.00045229609581436413,0.0030863895411805584,0.030017234919123954,0.06685677495866185,2.406671853318765
10,0,80,degenerate_pwm,0.9874562509984074,0.003210198162043855,0.02997898954922628,0.06685201672785454,14763440.797627263
10,0,80,single_pwm,0.9373192369676563,0.0029768071970069504,0.02998037221628334,0.06680416672925234,6.435597623252215e+16
10,0,81,multi_pwm,0.0005556794964991903,0.001506347699495048,0.04021639741948979,0.09684586850835475,2.4071903028091035
10,0,81,degenerate_pwm,1.1031490328362465,0.00154401782838964,0.040208270831690734,0.09686001851197809,15833617.658942463
10,0,81,single_pwm,0.9360923678479829,0.001239229815825153,0.040208638321474,0.09684730632377944,2.609625798491636e+16
10,0,82,multi_pwm,0.0005557121675420805,0.0002390341218895689,0.029994104355307027,0.07020488839111542,2.407012238779876
10,0,82,degenerate_pwm,1.1701747687669,8.266279240509583e-05,0.029993735027906858,0.07020302001042217,7112662.082118042
10,0,82,single_pwm,0.9368068388584608,0.00047670279855931917,0.03000839584298952,0.07023484795158993,1.6007694216535206e+16
10,0,83,multi_pwm,0.0005744301850017516,0.000838988833122881,0.045714875375281364,0.11117277871358898,2.406103303777194
10,0,83,degenerate_pwm,1.0339473688412657,0.0008977175595874143,0.045688170364583426,0.11119106805112143,11217917.87969545
10,0,83,single_pwm,0.9369833604563945,0.0008959905781585344,0.0456865044432071,0.11117749475757194,5.820318884963059e+16
10,0,84,multi_pwm,0.000537246747901945,0.0011312997223031562,0.033796741802108225,0.0713185747248665,2.403601405129777
10,0,84,degenerate_pwm,1.1129665021481412,0.0006683701923877421,0.033606600272750635,0.07253788618639057,16178979.52809042
10,0,84,single_pwm,0.9370549030299493,0.0004225076038056409,0.03360777578384734,0.07259010985424372,2.0874177615833508e+16
10,0,85,multi_pwm,0.00070839467990236,0.0011881354696057752,0.033760775452866224,0.08239820716481425,2.404970274408142
10,0,85,degenerate_pwm,1.1628370072578358,0.0008412642439560665,0.03367606373033605,0.08290206956021426,12838776.867724307
10,0,85,single_pwm,0.937142223798077,0.0010775358019279825,0.03367651222520262,0.0829126200468354,4.62065709780997e+16
10,0,86,multi_pwm,0.0005106801112567205,0.00025602322938600685,0.02742234531178166,0.05986977616026483,2.407898770920083
10,0,86,degenerate_pwm,1.1901895064838277,0.00010520434803527401,0.027395921777079408,0.05989639408502473,14845590.112420665
10,0,86,single_pwm,0.9365083004944664,0.00020533528183388429,0.027396328399554425,0.05992055268141167,2.8756751521630374e+17
10,0,87,multi_pwm,0.0007588239163590666,0.0003891650979900685,0.03510911047806281,0.08828845922812287,2.404412355636852
10,0,87,degenerate_pwm,1.1290216983090982,0.0004967579807197009,0.03502186791671522,0.08749222330872992,16369017.049655125
10,0,87,single_pwm,0.9366437606387782,0.0005915048964820418,0.0350217884995611,0.08746405383117166,2.196823338986105e+16
10,0,88,multi_pwm,0.0005574775450328849,0.000486909665802691,0.041146503837367884,0.0912383087595469,2.4054117534970922
10,0,88,degenerate_pwm,1.1215152645935649,0.00014468269337633352,0.041146374590321444,0.09140037402294364,12858174.676435674
10,0,88,single_pwm,0.9362720779825061,0.0004241287312823973,0.041147333317485595,0.09143512177012485,2.808097981705264e+16
10,0,89,multi_pwm,0.0005196094855376334,0.00021696400761426926,0.03600645636070845,0.0842977380129549,2.4076568599009707
10,0,89,degenerate_pwm,1.2038555286291512,0.00021723766439797116,0.035998818528404836,0.0842939974139591,15439760.504529089
10,0,89,single_pwm,0.9365347221108323,0.00021115596289023812,0.035998418087163433,0.08429356721542344,2.9087255172668944e+16
10,0,90,multi_pwm,0.0006709950419683105,0.001289982084788173,0.028972769031997376,0.07153054387338525,2.4055832139866204
10,0,90,degenerate_pwm,0.9457552062333189,0.0016352432647464277,0.028975571854408792,0.07151978035770089,21762257.469918545
10,0,90,single_pwm,0.9372650414570405,0.0013344990965222857,0.02897953979280515,0.07154283796885727,1.2731936367866384e+16
10,0,91,multi_pwm,0.0005111264027337482,0.00037553869605657915,0.034216488207414734,0.07516933419012863,2.4048727800663245
10,0,91,degenerate_pwm,1.0902998656030418,0.00012902387270737257,0.034202711539653374,0.07469494425993566,12306046.272017961
10,0,91,single_pwm,0.9366384646293332,0.00039495768894948197,0.03420358507216275,0.07480444384664656,1.2888958202459412e+16
10,0,92,multi_pwm,0.0006167791382318709,0.0005778553253822913,0.0399189983058912,0.09201628333022427,2.404513520338372
10,0,92,degenerate_pwm,1.0851146172335968,0.00037205613181211217,0.03984759036210705,0.09288110303351599,7219334.062830226
10,0,92,single_pwm,0.9366327478669526,0.0006716068899032475,0.03984875879295133,0.09281224480240989,2.085460235212789e+16
10,0,93,multi_pwm,0.0006092286319035398,0.00022377536950246563,0.03796636605694451,0.07774428149223572,2.4045777863829203
10,0,93,degenerate_pwm,1.3886866642220863,0.0005207477563266498,0.03795184145748308,0.07730943057453059,18289613.805242665
10,0,93,single_pwm,0.9367451885686637,3.46849670169007e-05,0.037951638496749464,0.07732419563967745,2.059986886310784e+16
10,0,94,multi_pwm,0.0003471032935328885,0.0008274978729359879,0.034281140425078405,0.08055186232168396,2.404371075068971
10,0,94,degenerate_pwm,1.3188511795817266,0.0007358437391778404,0.03427869495827705,0.08053282028715925,10374483.008031994
10,0,94,single_pwm,0.936465341716117,0.0008838296377089291,0.034283037734207863,0.08051431460125669,1.3012770432678844e+16
10,0,95,multi_pwm,0.0003946284863850682,0.00047016993976723657,0.01562945878810334,0.034715637157656486,2.4041982788987575
10,0,95,degenerate_pwm,1.0745214441564064,0.00026200017078685116,0.015623242089643143,0.03445861736862359,8748854.487612814
10,0,95,single_pwm,0.9366440676134704,4.8143683124908694e-05,0.01562378684226896,0.03449224359039878,1.4649933539195474e+16
10,0,96,multi_pwm,0.0006100882200452567,0.003988628951367234,0.028254848926456626,0.06670039565765343,2.4038100012650796
10,0,96,degenerate_pwm,1.144028485110363,0.004294305698609602,0.02817995151832793,0.06629448811308628,14047740.90400242
10,0,96,single_pwm,0.9358674856963335,0.004309247103319322,0.02817963467568348,0.06628422669994206,1.6124292010832136e+16
10,0,97,multi_pwm,0.0004751836795300759,0.00036919155410057347,0.02031255961969009,0.046612507719284546,2.4023141451660712
10,0,97,degenerate_pwm,1.013844706790851,0.0004162651117829366,0.020218532760293964,0.04654575891837856,14202938.966315877
10,0,97,single_pwm,0.9371050746889622,0.00016740272741129923,0.020219226948499307,0.04648912813602629,6.962535625280562e+16
10,0,98,multi_pwm,0.000603896404202683,0.00046490451569534535,0.030603996842012707,0.06596941519023403,2.403840180403476
10,0,98,degenerate_pwm,1.0145642226103286,0.00026077128671794125,0.0305815137812146,0.06593133422174473,18390420.23588295
10,0,98,single_pwm,0.9370542587847486,0.0002927255476316676,0.030581928483771146,0.06593766918411534,7.85924355459791e+16
10,0,99,multi_pwm,0.000550171494785765,0.0005334735574748573,0.037539463392000504,0.08694158647854394,2.4049772685145463
10,0,99,degenerate_pwm,1.0606924681373182,3.783646779465997e-05,0.03747527044287244,0.08765074683126249,7655868.913169764
10,0,99,single_pwm,0.9364199624073073,0.0006868409277662975,0.03747536028711099,0.08765962192847346,1.7956544366366884e+16
10,1,0,multi_pwm,0.000468161776766231,0.0006120839183629959,0.02397101500805319,0.05457967977507741,2.406818138985103
10,1,0,degenerate_pwm,0.9462278969706623,0.0008653632631350711,0.02393687161625116,0.05467465228801663,15452878.073977098
10,1,0,single_pwm,0.9362058110601087,0.0009072848109766828,0.02393533905189218,0.054886738603397614,1.313052193763328e+16
10,1,1,multi_pwm,0.0005270527213054821,0.0005462726145784865,0.03611392801146782,0.07604178724459337,2.4040202559199932
10,1,1,degenerate_pwm,1.123200838182765,0.0006349922207857845,0.035990787981586406,0.07490254712548039,9906286.350032054
10,1,1,single_pwm,0.9370397417513311,0.0008451858301367296,0.03598991688646858,0.07494886176028562,7.80910958683007e+16
10,1,2,multi_pwm,0.0006286296508101213,0.0006156081944964387,0.03711046373745693,0.07847440643363546,2.407040904548514
10,1,2,degenerate_pwm,1.1796537508635052,0.000662908526550476,0.037110363396497606,0.07840375499958838,7859898.157206021
10,1,2,single_pwm,0.9364806821175516,0.001229310003378984,0.03711083785248027,0.0785368648422837,1.7970256740823812e+16
10,1,3,multi_pwm,0.0005907280693970607,0.0005580975989630917,0.03113310688680478,0.0693300876192239,2.405442834345019
10,1,3,degenerate_pwm,0.9198632305969086,8.793089802809775e-05,0.031130972820027306,0.06920978634767193,13212756.821340038
10,1,3,single_pwm,0.936774399146661,0.0005895509612117295,0.03113119221036677,0.06926941810455056,1.475961499552464e+16
10,1,4,multi_pwm,0.0006157214053421708,0.00018429151664950475,0.035857432066141066,0.08196475587874019,2.403660888678587
10,1,4,degenerate_pwm,1.088888707304269,0.0004046741292347077,0.03585097871512412,0.08165699847535672,10310316.060150065
10,1,4,single_pwm,0.9365361897293633,0.0008712127514400451,0.03584961498299307,0.0817795044992762,3.1433255320345224e+16
10,1,5,multi_pwm,0.0005895726054995301,0.0006920201137784672,0.02556645221413147,0.04803504552769086,2.404994446902818
10,1,5,degenerate_pwm,1.1105922851886816,0.0007048319931604435,0.02556393646667079,0.04798484276106914,9335195.254027177
10,1,5,single_pwm,0.936367775410224,0.0002948686412693937,0.025563298728399943,0.047969110526047055,2.418592211192687e+16
10,1,6,multi_pwm,0.0005730641049727425,0.0014122672416839546,0.031150236831166727,0.0687942534327916,2.406478317752767
10,1,6,degenerate_pwm,1.072901328307493,0.0012731232424760327,0.031146249984659088,0.06876242588175341,9528945.823953828
10,1,6,single_pwm,0.9372380874952585,0.0013192112321625512,0.031144834521270936,0.06874558934463906,2.296479580222957e+16
10,1,7,multi_pwm,0.00038928125805522086,0.0004989552153549764,0.029885746825614404,0.06602099894572769,2.4073830500457816
10,1,7,degenerate_pwm,1.005758986922552,0.00020745966316947008,0.029885700761726,0.06591525463513961,8932308.89796091
10,1,7,single_pwm,0.9370707602866545,0.00010410207108770862,0.029885651975992193,0.06608928943220949,7.014828978086859e+16
10,1,8,multi_pwm,0.0005009197473194896,0.003928645465229382,0.028452760827284974,0.06566075747011176,2.405474806004136
10,1,8,degenerate_pwm,1.0506671752767236,0.003458121302821037,0.028454275443902714,0.06593217712506406,12564783.791805157
10,1,8,single_pwm,0.93753508842322,0.00400747216093453,0.02845420493452194,0.06583810004467451,1.770466955097748e+16
10,1,9,multi_pwm,0.00043057021921477526,0.00044769907090406324,0.03288332351824583,0.07031996633211757,2.404671738313748
10,1,9,degenerate_pwm,1.159845722432851,0.00013077231094692235,0.03281063188154125,0.07043732621970258,15765433.717930576
10,1,9,single_pwm,0.936511805720852,0.00015511642018144095,0.032810294210564715,0.07035696196581934,1.994776054866672e+16
10,1,10,multi_pwm,0.00046540227742264824,0.0003873156743764037,0.033454678860607844,0.07743089324015784,2.40630615648121
10,1,10,degenerate_pwm,0.8950664129614236,0.0006390789012776504,0.03345707424282425,0.07761554829319592,10197899.619547438
10,1,10,single_pwm,0.9364416874106728,8.318727678374306e-05,0.033454959869098855,0.07755280371231171,3.1919667269166576e+16
10,1,11,multi_pwm,0.0006309011769128859,0.0020581079445633776,0.02840451546192964,0.06345038638393741,2.4030230491490507
10,1,11,degenerate_pwm,1.1626533340857723,0.0021104473999681156,0.02839700557569549,0.06317704804759508,19275220.803704977
10,1,11,single_pwm,0.9362932784920743,0.001510131679845847,0.028395344715661328,0.06295591852978515,1.7981530599347232e+16
10,1,12,multi_pwm,0.0006067714077218247,0.00075651867886385,0.034530253035577156,0.07900203028256629,2.4044070864704947
10,1,12,degenerate_pwm,1.0316920171559234,0.0007174222075764765,0.03449745893654496,0.07966700368295057,13681658.31695689
10,1,12,single_pwm,0.9368841248794941,0.0008117985437422149,0.034497241632970195,0.07962330364734706,8.784422152714717e+16
10,1,13,multi_pwm,0.0006295983712011032,0.0002641660699463977,0.029175151006794145,0.06698514082983292,2.401001097401846
10,1,13,degenerate_pwm,1.044309217087419,4.7871954145037065e-05,0.029161092006781086,0.06656054795091115,20987875.554911055
10,1,13,single_pwm,0.9368849988969227,0.00014719222707428945,0.029160724273856613,0.06661170463314235,6.318177478631941e+16
10,1,14,multi_pwm,0.0005104361553693599,0.00037249438118981123,0.03741345907353714,0.08652115942744469,2.403934959638889
10,1,14,degenerate_pwm,1.013600142414481,0.00015826521425372705,0.03741074947332936,0.08662806610851666,14510583.37890787
10,1,14,single_pwm,0.936590278351296,0.00030858234596482987,0.037411301476646,0.08660840209308993,1.2498374620304389e+17
10,1,15,multi_pwm,0.0005727736332882282,0.00030705416730355975,0.033437823786656606,0.06488030732153513,2.404249837184187
10,1,15,degenerate_pwm,0.9058072790217896,4.588979421743119e-05,0.033436136107087865,0.06497333938858707,18248952.88179114
10,1,15,single_pwm,0.9366251654056928,0.00028399291132575325,0.033436696571913935,0.064946210534838,7.125301999934298e+16
10,1,16,multi_pwm,0.0004705532120257841,0.0006002643178743963,0.03249999956469362,0.06354622206153339,2.403652657897695
10,1,16,degenerate_pwm,1.3227890669349327,0.0004395617014000606,0.0324214051157925,0.06554192423906718,19195434.973380435
10,1,16,single_pwm,0.9363838311662843,0.000384554216859736,0.0324193159652901,0.06537418066287191,1.797362175537945e+16
10,1,17,multi_pwm,0.0004714239864098788,0.0003289272285913422,0.029992145428292077,0.06288622226844853,2.407239277303962
10,1,17,degenerate_pwm,1.131404553820219,0.00016522148648155449,0.029991371939096786,0.06265778781796341,10878039.174712816
10,1,17,single_pwm,0.9369500118421081,0.0002608390373010896,0.02999148851847052,0.06268155622564575,1.857326559229988e+17
10,1,18,multi_pwm,0.00047084564119791747,0.0003269187982992841,0.023649145832239437,0.04982033963126769,2.407194429265422
10,1,18,degenerate_pwm,1.3135270478509182,7.842353897860135e-05,0.023632958861730842,0.05005365593256788,30520212.247478954
10,1,18,single_pwm,0.9369170810285107,0.0004764038706875981,0.023632880643292817,0.05005662245678999,4.533978804801783e+16
10,1,19,multi_pwm,0.0006353820482439945,0.0005010803614507265,0.02240495014919174,0.05425403554227837,2.4040340687059354
10,1,19,degenerate_pwm,1.0342979844999838,0.0003659628131179663,0.022404647909587894,0.05421023310812499,6648657.412734785
10,1,19,single_pwm,0.9370773907106366,0.0005819971623879404,0.022405313821936383,0.05419114179603007,1.7243909041313656e+16
10,1,20,multi_pwm,0.0005744185324891912,0.0004406751824007842,0.029656982673103856,0.0637105530048463,2.4055032228799167
10,1,20,degenerate_pwm,1.1180552622668756,0.00012330680977649537,0.029622715920400552,0.06241665927361197,8465077.315250363
10,1,20,single_pwm,0.9368273552296488,7.586856164824733e-05,0.029622414095624716,0.06243250525822443,2.060832207299762e+16
10,1,21,multi_pwm,0.000606450760598746,0.00033686109745373447,0.02482546526113447,0.05545639768146995,2.405017954229478
10,1,21,degenerate_pwm,1.1029930915326682,0.00047954046097266784,0.024822456560691587,0.05568454456031291,11427579.116858795
10,1,21,single_pwm,0.936675052308042,0.0005158365488174096,0.0248221471923828,0.05564565684754083,1.8757599034340812e+16
10,1,22,multi_pwm,0.00046642155869322814,0.0008722635904285024,0.04182842503178054,0.10195170036880598,2.4058166692788143
10,1,22,degenerate_pwm,0.8972651789726106,0.0004132735849855567,0.04182174315054336,0.10193706404638506,10462647.082524493
10,1,22,single_pwm,0.9365331986715987,0.00010029337052358307,0.04182210862402998,0.10191591213971297,3.693952337377964e+16
10,1,23,multi_pwm,0.0005406478790156646,0.0005453119104613925,0.030871647536405818,0.05888949805824078,2.4043855329557577
10,1,23,degenerate_pwm,0.9404761839902117,0.0004645671724258912,0.030869220814527806,0.05896091174813478,15699348.594101727
10,1,23,single_pwm,0.9370813150014718,0.0006338402702787993,0.030868536269935923,0.0589953267705131,1.3005789986287445e+17
10,1,24,multi_pwm,0.000601434925911805,0.00072423160723729,0.036823692961928126,0.08106472858928332,2.405574778753551
10,1,24,degenerate_pwm,1.3878464588994874,9.47589875591213e-05,0.03657564096817049,0.08261800486677001,47566437.60094556
10,1,24,single_pwm,0.9365789048468872,0.0006575280109828023,0.03657515498164719,0.08259464048065676,5.949945632890827e+16
10,1,25,multi_pwm,0.0008496517724548138,0.0010465401454358484,0.026964860447356496,0.06274054549478335,2.4057328697307
10,1,25,degenerate_pwm,1.4619067904850103,0.0013224493218903916,0.0269641094929595,0.0627525542147531,17958069.911761165
10,1,25,single_pwm,0.9362311479431115,0.0013597222427445966,0.026962217216468826,0.06271608071950927,2.19015577994216e+16
10,1,26,multi_pwm,0.0005620729538690512,0.0005000197803134042,0.03449032068311575,0.08149965873607726,2.4069709317382304
10,1,26,degenerate_pwm,0.8923768123255672,0.00018385171926111173,0.034489743606517506,0.08141546723335014,11450720.650417924
10,1,26,single_pwm,0.9364386935916021,0.00020104419699385986,0.03448926389255267,0.08143201107823839,1.2448789782315882e+17
10,1,27,multi_pwm,0.00043749671603916747,0.00045008045579976306,0.024416966030201274,0.045780061946870385,2.4060357711717995
10,1,27,degenerate_pwm,1.036803021557832,0.00025324213959726765,0.024330684751841008,0.04510359526839851,11127557.49228277
10,1,27,single_pwm,0.936952781948413,0.00019292908931437393,0.024330561159338675,0.045191796623954665,5.742704850620813e+16
10,1,28,multi_pwm,0.0006476588490511454,0.00020228824385058687,0.023808869141112843,0.05465531299930432,2.407263413495849
10,1,28,degenerate_pwm,1.0914545687362116,9.155094465677639e-05,0.023798533218060663,0.054857563595677825,13037655.195347518
10,1,28,single_pwm,0.9367448025944358,4.9159371968077496e-05,0.023799071048534928,0.05480931239990562,2.2934368844404164e+16
10,1,29,multi_pwm,0.0005293692555400714,0.00036388090913537063,0.0292379913205689,0.058410179411362034,2.403766267075702
10,1,29,degenerate_pwm,0.9740951623281117,0.00030444449634816213,0.029185314385821746,0.05848203762287355,11955269.336403983
10,1,29,single_pwm,0.9367153623544393,0.00038392439521941417,0.02918552677164641,0.05844114442729291,1.811299352755927e+16
10,1,30,multi_pwm,0.0005217925782963636,0.00022526561949324844,0.031120296613242934,0.06632010870049099,2.4049378504984764
10,1,30,degenerate_pwm,1.0422217832875478,0.0012137741175898904,0.03112138257205946,0.06632508398714587,13134828.795301035
10,1,30,single_pwm,0.9363498124756624,0.0006341198865618515,0.03112330884521507,0.0663293328334569,1.650641595726264e+16
10,1,31,multi_pwm,0.0005266989715657963,0.0005001787736794661,0.03414969896711394,0.07461768235086916,2.405663422917602
10,1,31,degenerate_pwm,0.9636735496587643,5.785705493229036e-05,0.03414635975143148,0.07457118366492943,12876451.376225498
10,1,31,single_pwm,0.9368503405765118,0.00034755610879246365,0.03414560989370897,0.07469368248015135,2.6701085302718052e+16
10,1,32,multi_pwm,0.0004577070131293641,0.0031750076221400414,0.029944821548343752,0.0694495942664713,2.403688077971672
10,1,32,degenerate_pwm,0.9649297845830468,0.003265927484131224,0.029939869986553843,0.06948928883293007,6821263.366713785
10,1,32,single_pwm,0.9374054877299762,0.0033166694740136902,0.02994003242736143,0.06949214717178334,1.6167325596302908e+16
10,1,33,multi_pwm,0.0003224519050729981,0.00029690082571377427,0.023820647889521727,0.05293556241074769,2.4069902951992668
10,1,33,degenerate_pwm,1.2167781252092138,5.482606565830165e-05,0.023766950857280252,0.05347277496884959,10724270.281871332
10,1,33,single_pwm,0.9368509411704604,0.0002717746310454728,0.023767951596075663,0.05351067862168547,2.063805392386209e+16
10,1,34,multi_pwm,0.0005064310064833653,0.00045565821576536636,0.03771652773291641,0.08064652187677852,2.4055296205266514
10,1,34,degenerate_pwm,1.2419215043376262,0.00011889961661829714,0.03765981759317997,0.08152004622805331,11779061.787565188
10,1,34,single_pwm,0.9367896498204663,0.00013263531752823917,0.037659266695996875,0.08141920901734798,3.07796290465972e+16
10,1,35,multi_pwm,0.00042631013992256497,0.00036153696454986124,0.02557760529479553,0.05240095392789756,2.4067895119094507
10,1,35,degenerate_pwm,1.094435750642139,6.373542504170734e-05,0.025504166097641955,0.052462027545307745,8702931.699488055
10,1,35,single_pwm,0.9366659341415795,0.0002894200842592427,0.025503862309894987,0.05246738780405428,2.0062663095084068e+16
10,1,36,multi_pwm,0.0005417439932694034,0.000749175218564015,0.03794393663770693,0.09235343834814635,2.4069754054299892
10,1,36,degenerate_pwm,1.0350078194923398,0.0002615050188510232,0.03792425198079747,0.09237761567157174,22805400.533987492
10,1,36,single_pwm,0.9364182732341628,0.0006299198844417077,0.037923196092833684,0.09242828434713178,2.356418496795194e+16
10,1,37,multi_pwm,0.000533343226791055,0.0009312658283066769,0.030011579089161494,0.05879212198844558,2.406690349724675
10,1,37,degenerate_pwm,0.9921152453822798,0.0003852585021885935,0.029967840997385566,0.05886071863993017,11196588.772677101
10,1,37,single_pwm,0.936471019620881,0.0008804086668103452,0.02996780863085891,0.058942440489912325,4.774312000373419e+16
10,1,38,multi_pwm,0.000552888796297976,0.0004244759975481491,0.029399996274928203,0.060200258438203036,2.404671187311067
10,1,38,degenerate_pwm,1.175726330844088,0.00015229127544630998,0.029366563555997902,0.060185514217359015,20271414.131083947
10,1,38,single_pwm,0.9366078746639831,0.0003573728851960166,0.029366113764359915,0.060100597000898204,1.7836926205916536e+16
10,1,39,multi_pwm,0.0006410624449647141,0.000575070678604348,0.03977060127054229,0.09595217337863898,2.4060550223637134
10,1,39,degenerate_pwm,1.02318377312933,9.512699173123593e-05,0.039666149311679354,0.09674573883133288,26181524.37486329
10,1,39,single_pwm,0.9367069331585336,0.00048602871286152545,0.03967223022705685,0.09661199033046615,7.80142749809762e+16
10,1,40,multi_pwm,0.0006465887030431332,0.0010442795755906643,0.03691350329520981,0.0768958359733857,2.4050166653801606
10,1,40,degenerate_pwm,1.1261610541514793,0.001333498562973182,0.0369132882346245,0.07698701204974287,15237515.414416593
10,1,40,single_pwm,0.9362873169534943,0.0004909035343902223,0.03691746216000519,0.07694239533003498,1.0640118317248176e+17
10,1,41,multi_pwm,0.00044186371612868177,0.00031352410355723134,0.02872766608621879,0.06311725342759675,2.405144103724005
10,1,41,degenerate_pwm,1.0943256240814483,0.00042270167190565497,0.02870188935642374,0.0630281110500085,12085751.661190283
10,1,41,single_pwm,0.9367565142579489,0.00015552691571212555,0.028703143832061184,0.0630652064673228,2.225622329732556e+16
10,1,42,multi_pwm,0.0004473295869695039,0.00021824329731450257,0.01845251641740323,0.04007159670991345,2.4030991627450256
10,1,42,degenerate_pwm,1.0343905796155353,0.0002580468299300129,0.018418107326925396,0.040058917956474996,14823112.213153513
10,1,42,single_pwm,0.9365279799442521,0.0003807980170874328,0.018419139012628552,0.04008608398967811,2.4838366800820892e+16
10,1,43,multi_pwm,0.0005853138781209778,0.0009271387590147051,0.02982627161844908,0.06561597809450036,2.4066533816074145
10,1,43,degenerate_pwm,0.8629438865834089,0.00026300905462897016,0.029695569295152224,0.06606366249896484,9873542.29050748
10,1,43,single_pwm,0.9366955143571399,0.00041875030647397783,0.029699971519705392,0.06623905725390572,3.999077822629679e+16
10,1,44,multi_pwm,0.000602073730431334,0.0004545042942714839,0.03282795240384336,0.0765650699470984,2.4052491947396124
10,1,44,degenerate_pwm,0.9436749075845683,0.0003970009254530028,0.03273564514088481,0.07735652945393255,4249006.321177664
10,1,44,single_pwm,0.9368374699978015,0.0005200056528520563,0.03273720023477245,0.07750184074815128,1.7892300353605834e+16
10,1,45,multi_pwm,0.00048798588215798655,0.0010359111809939313,0.029792440516684754,0.06848087410507123,2.4057165396112365
10,1,45,degenerate_pwm,0.8168376205828219,0.0007743517860826476,0.029743463397498546,0.06844418882573061,4877961.19462638
10,1,45,single_pwm,0.936968389463217,0.0010003228264023531,0.02974534326329467,0.06843309543283,1.7978619180826352e+16
10,1,46,multi_pwm,0.0004043110935309214,0.00039423799247850376,0.022064860898517766,0.047243188205703834,2.405469235342223
10,1,46,degenerate_pwm,1.1128426142564523,0.0004248843163895188,0.022044115247340377,0.04708985818439085,10715438.224594021
10,1,46,single_pwm,0.9368453239520557,0.00037074717000015923,0.02204335729305618,0.047159802796264604,1.27202429043503e+16
10,1,47,multi_pwm,0.0005316803980875531,0.0013357435914942,0.026227326103011407,0.05170959197794542,2.4080539025009258
10,1,47,degenerate_pwm,1.1835016009396495,0.0011125077233474496,0.0261989646897142,0.052224988944577416,6671845.044429969
10,1,47,single_pwm,0.9360923858169479,0.00157721792443561,0.026201201695666542,0.052290103789220006,1.3464780492019142e+16
10,1,48,multi_pwm,0.00052060750386801,0.0006985791659456751,0.036230793717289475,0.08085561116223024,2.4054467235083785
10,1,48,degenerate_pwm,1.181628767535982,0.0001878352113718657,0.036158434111185404,0.0815326162623595,12125874.970136747
10,1,48,single_pwm,0.9366088694332694,0.00022756133431400604,0.036158511225695494,0.08155969127820917,1.9834590474418596e+16
10,1,49,multi_pwm,0.0005948397971826003,0.0007217107878110454,0.03132791883357015,0.07357856135609324,2.4034701130884013
10,1,49,degenerate_pwm,1.0020208333245624,0.0008960301028506669,0.03132593423775419,0.07359271077029572,12432561.23041892
10,1,49,single_pwm,0.9370286103804252,0.00012539398802257376,0.03132517363570746,0.07362181799838284,1.6105287093517404e+16
10,1,50,multi_pwm,0.0004988606996313617,0.0017567138843843952,0.021688375990225276,0.04802227190804043,2.4046328402056956
10,1,50,degenerate_pwm,1.212751078716297,0.0016977800884965999,0.021688679066484032,0.047898534808445484,11873092.774423368
10,1,50,single_pwm,0.9370662460653421,0.002572824307084997,0.02168790360285583,0.047869732373972226,1.7986085963660686e+16
10,1,51,multi_pwm,0.0005330455937271582,0.0003612761736674065,0.016155038104806313,0.039545403547256844,2.4048596082583416
10,1,51,degenerate_pwm,1.0866549651343858,0.00017802758657474042,0.01614986105973661,0.03961019543818543,17923644.08316487
10,1,51,single_pwm,0.936502368914641,0.0003226073927974483,0.016152039781829792,0.039723936979250356,5.418120049595308e+16
10,1,52,multi_pwm,0.0004202238068061553,0.0005164428240376724,0.027742218939098055,0.056057995741587936,2.4053351317886387
10,1,52,degenerate_pwm,0.9600662804621519,0.00028810249325795167,0.02772349875022175,0.05611476745349088,21897811.065359425
10,1,52,single_pwm,0.9370764262610445,0.0010954046835715324,0.027724547747809927,0.05609894583390543,1.7949625956794408e+16
10,1,53,multi_pwm,0.0005400571123164414,0.0014074933844879167,0.029806107989586342,0.06834971402974477,2.4055002977954545
10,1,53,degenerate_pwm,1.4563254652008202,0.0009577368628099393,0.029648139596481753,0.06940385200138213,9473017.405671591
10,1,53,single_pwm,0.9371963165819176,0.0003956602862294148,0.02964856019426024,0.0693967401180125,1.2874235270348996e+16
10,1,54,multi_pwm,0.0005160926932832,0.00032926788232419407,0.04013684269195039,0.08917658696683692,2.4070974415476223
10,1,54,degenerate_pwm,1.1617037657246894,8.494810169719118e-05,0.040091677032344585,0.08917181054857906,16886470.663480982
10,1,54,single_pwm,0.9365131821993263,0.00016008000428411923,0.040090945860633984,0.08914995507351811,1.812223921830984e+16
10,1,55,multi_pwm,0.0005841995347239819,0.0004779886725571737,0.028537292055674273,0.06401753562349045,2.4070163398597466
10,1,55,degenerate_pwm,1.211395130884556,0.00023730058242128234,0.028529325195694462,0.0638605365012605,13906174.857065242
10,1,55,single_pwm,0.9368077476116221,0.0004289153140302341,0.028529497358350683,0.06397926371968757,1.7283714672883564e+16
10,1,56,multi_pwm,0.0005779234556404261,0.0020594635731721266,0.036014690694704886,0.07876113107577007,2.4057518073003856
10,1,56,degenerate_pwm,0.998015106384801,0.001918705704188656,0.035978097048802796,0.07873921532335915,20335812.01918239
10,1,56,single_pwm,0.9372696014757544,0.0017336724922006625,0.035978280178286984,0.07873957732263176,2.336830277712381e+16
10,1,57,multi_pwm,0.0005348251525662598,0.00048489734993630766,0.0301748371502454,0.060306332752827776,2.405030263780454
10,1,57,degenerate_pwm,1.0364280907946266,9.977139576087708e-05,0.03011201183016973,0.06034839906388416,12322802.132972319
10,1,57,single_pwm,0.9366935310686727,0.0008864957428200993,0.030112492574870264,0.06036066954039457,1.7241359137313314e+16
10,1,58,multi_pwm,0.0006110951963594059,0.0017574657797961677,0.04204960539479548,0.09774915973045925,2.4057807066487005
10,1,58,degenerate_pwm,1.1442275164845257,0.0020483910972480686,0.042045435659716766,0.0978065262315883,15886479.9778525
10,1,58,single_pwm,0.9374855647560648,0.002072526054635453,0.04204629548663421,0.09778610973798509,2.752552508131306e+16
10,1,59,multi_pwm,0.0005487160222955964,0.0006463412750333596,0.02491183911749338,0.056916517719405105,2.4020572844463417
10,1,59,degenerate_pwm,1.153736979252743,4.3920301487973746e-05,0.024757947667058234,0.05597688943098386,9883812.021512741
10,1,59,single_pwm,0.9366981637970437,0.0003162873966026811,0.02475878873574933,0.056024117999127404,2.237946660452735e+16
10,1,60,multi_pwm,0.0005871053121522804,0.00045013250647150683,0.032508530583963476,0.0700227852142428,2.4058410392142737
10,1,60,degenerate_pwm,1.0006678752327962,0.000545285704515666,0.03246304964101022,0.07107761479653173,14529629.157973336
10,1,60,single_pwm,0.9366151332781655,0.000623226208565299,0.03246440585294203,0.0709559950929727,1.96881120052009e+16
10,1,61,multi_pwm,0.0005208799981163154,0.0004500446391628846,0.03180260848843566,0.07274367582530195,2.4064006480618714
10,1,61,degenerate_pwm,1.0109762773714104,7.90399593657668e-05,0.03180220656792993,0.07273341686955323,10177970.766910797
10,1,61,single_pwm,0.9365347561407104,0.0012663943667543332,0.031799923985292175,0.07293605555740687,4.3706904910976216e+16
10,1,62,multi_pwm,0.0005770199849809559,0.0014120520835275224,0.0360645237905029,0.07120357446309039,2.403679140289504
10,1,62,degenerate_pwm,1.257004297526001,0.001133413057041623,0.036061266370750855,0.07126680494073614,13053736.115861084
10,1,62,single_pwm,0.9364382503033575,0.0010762619596719292,0.03606126857795134,0.07128574351320265,1.6775109149992262e+16
10,1,63,multi_pwm,0.0004273797401104225,0.001089747079136421,0.033333999008123304,0.07227100236149009,2.4047883667442016
10,1,63,degenerate_pwm,1.1584588549747257,0.0013932465380269254,0.03332337877135897,0.07210609927367545,26356507.688707974
10,1,63,single_pwm,0.9361111423018622,0.0016692723366661523,0.0333271441925653,0.0722912280566406,1.4625168901354294e+16
10,1,64,multi_pwm,0.0005777927218561053,0.0006904637709495825,0.0348205024891595,0.0724796119422077,2.4044473321409017
10,1,64,degenerate_pwm,1.0069159539217316,0.0001357577399387068,0.03466113085714344,0.07339636788124679,13574789.901113834
10,1,64,single_pwm,0.9364776877959292,0.0005353324496050513,0.03466128516910266,0.07346415788510396,1.839583966511549e+16
10,1,65,multi_pwm,0.0005005243785884933,0.0005406622653855383,0.02415808099793591,0.054560420510355034,2.406013183995944
10,1,65,degenerate_pwm,1.2812357844712803,7.963720400349474e-05,0.024105013229128076,0.05342576481332741,16490545.617482357
10,1,65,single_pwm,0.9365432817184773,0.0002839739782427738,0.02410577852523628,0.05359354562775413,2.23969037946721e+16
10,1,66,multi_pwm,0.0005676766107604342,0.00042765804156552774,0.02796669869495796,0.06239437322356001,2.4053111649889045
10,1,66,degenerate_pwm,0.9561594046439988,0.0003330406089296363,0.027952894180452867,0.06214401656487965,17264542.654599633
10,1,66,single_pwm,0.9366016101778109,0.00046649906654501705,0.02795313279033818,0.06210513717469697,1.8032740579798476e+16
10,1,67,multi_pwm,0.0004909082276599033,0.0004551262799939078,0.03395262434808762,0.07669550696330746,2.405626282054466
10,1,67,degenerate_pwm,1.1878858491113846,0.0006009506439812444,0.03395094425670142,0.07672108801102906,26825857.979448855
10,1,67,single_pwm,0.9365970316917552,0.00025076833925445445,0.033950683371329955,0.07671847663447626,2.10674043001651e+16
10,1,68,multi_pwm,0.0005109676005279941,0.0005944144836034719,0.030967074516267536,0.06691998184929268,2.4069085393899217
10,1,68,degenerate_pwm,0.8628348756922669,5.010411138464728e-05,0.030769568931169267,0.0667669316195993,11206999.551096538
10,1,68,single_pwm,0.9367620707412708,0.000503704350524434,0.030775070464682305,0.0668552680866481,2.171257224316264e+16
10,1,69,multi_pwm,0.000487983053624551,0.005128048788302892,0.03847883788918309,0.08925310336065152,2.4043898451031582
10,1,69,degenerate_pwm,1.0824612521894181,0.005247449827476986,0.03842529609668559,0.0896885594622181,8287994.857201628
10,1,69,single_pwm,0.9374253262417935,0.004594129813745833,0.03842527619053395,0.08968548731584354,3.256597473509003e+16
10,1,70,multi_pwm,0.0005657990896292941,0.0010517747338464343,0.03270342069124671,0.07046990384351881,2.405530357638034
10,1,70,degenerate_pwm,1.2623639974236371,0.0003257568215849154,0.03265490361228532,0.06922556119779019,19022367.390766025
10,1,70,single_pwm,0.9362820199480847,0.0014341906647489552,0.03265490280044078,0.0694260790741138,2.413726574366864e+17
10,1,71,multi_pwm,0.0005631990007912283,0.00016131581431288523,0.04058137120101301,0.09037216864703315,2.4049037839118794
10,1,71,degenerate_pwm,0.9875083539004825,0.00011058287926110324,0.04057940118324438,0.09074191779756136,10866689.464084191
10,1,71,single_pwm,0.9370255374626404,0.0002840956269837275,0.04058047801479175,0.09089434148939414,1.9111691637345976e+16
10,1,72,multi_pwm,0.0005742721567799331,0.000765747613877525,0.03230891070527841,0.07503777303953724,2.405293812172394
10,1,72,degenerate_pwm,0.9648306914948246,0.00038413272409666823,0.03226699449155985,0.07494404584231071,11803143.513170622
10,1,72,single_pwm,0.9367008490455315,0.00016647372643374103,0.03226706348642755,0.07495950968474471,6.488744609565405e+16
10,1,73,multi_pwm,0.0004999024132616326,0.0006348316627532967,0.01840498961891274,0.03780680508393505,2.4039833550459795
10,1,73,degenerate_pwm,1.1496629661927895,0.000592765920442137,0.018322951955775255,0.03730316271033723,5812547.119485331
10,1,73,single_pwm,0.9363824985896232,0.0003226073073359064,0.018322325992674752,0.037370435927552736,1.4190988166058316e+16
10,1,74,multi_pwm,0.000540644519558687,0.0002701754665951891,0.030689653441135143,0.06909957406179551,2.4038065482787085
10,1,74,degenerate_pwm,0.9473854334911765,0.00014462911277395645,0.03068457529811517,0.06887352580438742,15998315.724114133
10,1,74,single_pwm,0.9367915273233712,0.0005599494413500352,0.03068363915137556,0.0687500837141234,2.6711483119057536e+16
10,1,75,multi_pwm,0.0004967508149147914,0.0004806629449668948,0.034356497563229435,0.08030437355751896,2.4046441651888837
10,1,75,degenerate_pwm,1.0489027918300935,0.0002544163206927068,0.034352346349954925,0.08095523237869391,13106242.727849554
10,1,75,single_pwm,0.9366720722808793,6.135787171819684e-05,0.03435461822981846,0.08111218307655935,1.2830970759163952e+16
10,1,76,multi_pwm,0.0005161078878216301,0.000765821720271738,0.035089865162385075,0.07682746048188825,2.4041315947204027
10,1,76,degenerate_pwm,1.0561008936875256,0.0001344339072254345,0.03478579370525037,0.0782085954855363,10283179.07535253
10,1,76,single_pwm,0.9366570342699144,0.00030386952222378707,0.034786385677220706,0.07828660503200575,4.362948171471472e+16
10,1,77,multi_pwm,0.0003787993561973678,0.0006099041452379944,0.029313130105129544,0.057002162731591005,2.4056741770153574
10,1,77,degenerate_pwm,1.1657414071129082,0.00012234366491950953,0.029310142667179045,0.057185656502166254,10540229.337253965
10,1,77,single_pwm,0.9366328108747488,0.00016681419406782173,0.029309829251931506,0.05720555245822567,2.339859240675028e+16
10,1,78,multi_pwm,0.0006364542409609785,0.0015634665260633586,0.037657398369646676,0.08396067481985682,2.405645891003543
10,1,78,degenerate_pwm,0.8149279170846254,0.0010807844220513093,0.037574528595192766,0.08381716850784339,4627005.89306139
10,1,78,single_pwm,0.9362246007497407,0.001631143661465412,0.037574520802601485,0.08387435145726194,2.4785294478174624e+16
10,1,79,multi_pwm,0.0006822233707585951,0.0004830387285009872,0.034558023929587615,0.07330445743106068,2.40597509993069
10,1,79,degenerate_pwm,0.9679656652220243,0.00015285456960598286,0.03455056339938302,0.07327839706410155,5432357.128205264
10,1,79,single_pwm,0.9367658060691902,0.0005938492824056137,0.03455288021867745,0.07326622501140082,1.863250487434544e+16
10,1,80,multi_pwm,0.0005239089164078878,0.00031101477170341507,0.01698922814163596,0.040255894263742945,2.4080017925741473
10,1,80,degenerate_pwm,0.9560097330773559,0.00011764724260585242,0.01698070018094855,0.040100125061719984,14805834.0845378
10,1,80,single_pwm,0.936698900210501,0.0005112046884180709,0.016986040842592295,0.04030298354100819,1.9390979031350676e+16
10,1,81,multi_pwm,0.0006395039872074955,0.0003258220044961949,0.03275542097586818,0.06853822899200239,2.406616598718671
10,1,81,degenerate_pwm,1.023720311526478,0.0006177205870441196,0.03273559468951885,0.06850932528500417,17677877.63989011
10,1,81,single_pwm,0.937058600695398,0.0002168333501539222,0.03273547148603706,0.06858011114287144,1.4402519207893356e+16
10,1,82,multi_pwm,0.00046714630459416704,0.0011170642376250955,0.029155542002013934,0.06408438112135517,2.407654647911768
10,1,82,degenerate_pwm,1.0733864857389945,0.0010959095470731055,0.029155635368361278,0.06409686708871216,8755433.014625743
10,1,82,single_pwm,0.936283944735146,0.0009625969916061647,0.029154701967958774,0.06407037469973058,1.793521865011028e+16
10,1,83,multi_pwm,0.0005249874032985826,0.0004886264192837348,0.03456830830763069,0.0758159983342333,2.4080308279288083
10,1,83,degenerate_pwm,1.0184010980631606,0.0004065791691918052,0.034567610774370074,0.07577188544740879,15945650.68296966
10,1,83,single_pwm,0.9367606683054379,0.0004491781964556659,0.03456887447996796,0.0758340124614716,5.2693905686597976e+16
10,1,84,multi_pwm,0.0005429431100103885,0.00026491936785827023,0.037295693942948425,0.07960771859570084,2.4054470736614846
10,1,84,degenerate_pwm,1.1380713683828096,7.804373193920426e-05,0.03726801366506018,0.07953046871523227,15973087.986078292
10,1,84,single_pwm,0.9367814687264557,0.00012007731389337864,0.03726821701135012,0.07951832898624239,1.4840645166846468e+16
10,1,85,multi_pwm,0.0005285711160767288,0.000896363427732443,0.037443194751564275,0.08183064061037279,2.405386824366637
10,1,85,degenerate_pwm,1.1421722512517456,0.0005970015238845895,0.03734618055757373,0.08359774538698234,16367417.233458096
10,1,85,single_pwm,0.9372101199017722,0.001142415036787188,0.03734779294473285,0.08400165371116508,2.094220145997189e+16
10,1,86,multi_pwm,0.00042581172025765176,0.0003102660844019836,0.03216992738667261,0.06265531014491349,2.404449381957531
10,1,86,degenerate_pwm,1.0698929384079303,0.00020448842546928975,0.03216916110037278,0.06274881084406608,6734854.38141894
10,1,86,single_pwm,0.9368145289077406,0.0006073264121384806,0.03216906221592973,0.06287664928732042,2.050867360566386e+16
10,1,87,multi_pwm,0.0005728197939749907,0.0003034991772214748,0.03701418917290194,0.07143182705069975,2.4061792810603935
10,1,87,degenerate_pwm,1.0864800167953983,8.884143791861485e-05,0.03698320768486489,0.07145534266214043,15405023.827386558
10,1,87,single_pwm,0.9366649461336455,0.00028339195051389423,0.03698403372097129,0.0714851035858691,4.630369898084412e+16
10,1,88,multi_pwm,0.0005547800360033629,0.0011735017109842374,0.04035567252388257,0.08666188910067507,2.405774275464333
10,1,88,degenerate_pwm,1.195359390246974,0.0012440913543410254,0.04035554951757852,0.08706842041136335,8080125.48128094
10,1,88,single_pwm,0.9370698419860116,0.0014391749518882612,0.04035466386031628,0.0869765748710902,1.9047006919176296e+16
10,1,89,multi_pwm,0.0006183577564555054,0.0006961336534080053,0.024547352504138534,0.05894249626443421,2.405873268607818
10,1,89,degenerate_pwm,1.0761540108885943,0.00044630518026668003,0.024510933405130216,0.05873576057899613,19212850.10442242
10,1,89,single_pwm,0.9369650296964891,0.00027931189953146133,0.02451042375337254,0.0587976197313416,1.12555985859515e+16
10,1,90,multi_pwm,0.000527077359939776,0.0014696942063003142,0.03298553417767539,0.07997822695577811,2.4071576882898906
10,1,90,degenerate_pwm,1.0453486979589823,0.0010747437868910735,0.0328577225665898,0.07904231252267006,7251234.919362169
10,1,90,single_pwm,0.9371985715245266,0.0012060949994098292,0.03285601828177337,0.0787823425167804,1.4502290425157852e+16
10,1,91,multi_pwm,0.0004938521508406808,0.00037801375860804364,0.03153952926205413,0.07770813085829875,2.404850934171562
10,1,91,degenerate_pwm,1.0670005793085962,0.00028715031367487314,0.031503646527670806,0.07770643211666495,20678891.412775036
10,1,91,single_pwm,0.9365633480048451,0.00017025834368270337,0.031502649116801916,0.07770616773761645,3.307830932712005e+16
10,1,92,multi_pwm,0.0004847771603610406,0.00046860734150819234,0.029044059193951543,0.0637194363714837,2.4085491277637185
10,1,92,degenerate_pwm,1.0561107713799232,0.00034941546210219207,0.02897562382364686,0.06442948749165135,9078829.062897524
10,1,92,single_pwm,0.9366044295959239,0.00023559290458205224,0.028975961370212227,0.06440065587235941,1.6445677902785338e+16
10,1,93,multi_pwm,0.0006303594981616505,0.0012116393392512632,0.02779747087466928,0.060247102325087856,2.4050470933028283
10,1,93,degenerate_pwm,1.1581805303771309,0.0011803467893060752,0.02776945006892131,0.061090918008303255,11497292.236200742
10,1,93,single_pwm,0.9371235690439658,0.001155980246771409,0.027766644351374836,0.06098162264064251,1.5304155655965756e+16
10,1,94,multi_pwm,0.0004377474231588365,6.123108560554103e-05,0.025379343756642057,0.05401154978085589,2.4054540863752862
10,1,94,degenerate_pwm,1.240403629919072,0.0001376855886318169,0.025378444302820515,0.05388960174708694,8025896.066565378
10,1,94,single_pwm,0.9368583784096117,0.00027668381015486665,0.02537970893997701,0.05384055490350501,3.312831449031225e+16
10,1,95,multi_pwm,0.0005061731366512052,0.00036847206086729526,0.0356460870844988,0.07671870801219756,2.404997737125183
10,1,95,degenerate_pwm,0.9583472391295544,0.00023683180647503382,0.03560575200669909,0.07711951017695126,14921426.109595826
10,1,95,single_pwm,0.9369524545371505,0.00033468008454471245,0.03560591454333312,0.07696387069330682,1.0660941182790852e+16
10,1,96,multi_pwm,0.0005248996294172416,0.00032310259503696065,0.02522071012157863,0.053170440313671644,2.405579815747819
10,1,96,degenerate_pwm,1.1106884770596446,0.000317084214200934,0.0251952078286183,0.05310727453136756,12716225.279904079
10,1,96,single_pwm,0.9369672411832296,0.0005832909495117614,0.025194959036298856,0.05309613238857698,1.8077076987117584e+16
10,1,97,multi_pwm,0.0005619212324281836,0.0011941936756900415,0.03541952739134723,0.07928863851937439,2.406325027433486
10,1,97,degenerate_pwm,1.228691706642162,0.0013085335283306826,0.03536337015670172,0.0794314431493719,18514932.33555708
10,1,97,single_pwm,0.9369030182676048,0.0012686417839968252,0.03536395065396995,0.07941856899115954,1.0107420333679232e+17
10,1,98,multi_pwm,0.0004961974201819367,0.00043529760456609046,0.03021840788785108,0.06820108913574233,2.4053842270403027
10,1,98,degenerate_pwm,1.2096519602175828,0.00010460909759506967,0.030185307463581564,0.06692830633264757,14615876.890000489
10,1,98,single_pwm,0.9369377338643027,0.000205712775648836,0.030191758224125193,0.06671217050013786,1.5416608335848338e+16
10,1,99,multi_pwm,0.0005662386149182085,0.000647727731682558,0.035885966992608806,0.08023359371913444,2.4065062752494546
10,1,99,degenerate_pwm,1.231852761481862,0.00038624771775932137,0.035878390103074975,0.07993996161261002,8610102.246934665
10,1,99,single_pwm,0.9370469287380616,0.0002712912149429185,0.035879102428996903,0.07994083259431009,2.2436703364040456e+16
10,2,0,multi_pwm,0.00047273791408553056,0.0005302346846931386,0.03742154197377498,0.08233548687616025,2.4068971036502984
10,2,0,degenerate_pwm,0.9664960075755467,0.0004274526958005464,0.037421504283205356,0.08234336426552355,7816145.086462876
10,2,0,single_pwm,0.9363613630835327,0.00016950284419923637,0.03742061986344196,0.0822589231995826,1.7402430285149704e+16
10,2,1,multi_pwm,0.00048237473578150217,0.002415062043651182,0.03800401316550531,0.08901543963436764,2.4034013203553743
10,2,1,degenerate_pwm,1.1839444296262567,0.0021465170571001997,0.037999706365990815,0.08900505642434403,14025008.62688943
10,2,1,single_pwm,0.937292580649725,0.0021505073577903254,0.03800073505469086,0.08904821550000908,1.9798632069236964e+16
10,2,2,multi_pwm,0.0004897011443439742,0.0005335897084682384,0.036042125685577214,0.0794786609250498,2.405429260712757
10,2,2,degenerate_pwm,1.0444438767464561,0.00036251925196335817,0.036022525280026405,0.07986323597884315,23478009.29108177
10,2,2,single_pwm,0.9365771298518871,0.00021346725395394265,0.03602238512252548,0.07981570398032567,1.7988200980348368e+16
10,2,3,multi_pwm,0.0004500371266368408,0.00043252179048044136,0.028315042053093976,0.06069711657855295,2.4040075845314526
10,2,3,degenerate_pwm,1.1399293821257235,0.0001804766396662548,0.02831136963396265,0.06084019692916634,6628168.57056897
10,2,3,single_pwm,0.937087696111018,0.000496490518335572,0.02831018201391636,0.060918576701262675,4.07143607457023e+16
10,2,4,multi_pwm,0.0005094144299853363,0.0004810544650014343,0.022770001663491135,0.03678204660273418,2.4034619775804122
10,2,4,degenerate_pwm,1.0102552802416536,2.1723878151425835e-05,0.022624800692161186,0.03619340213574954,11829645.923035689
10,2,4,single_pwm,0.9367757901507946,2.563550777961527e-05,0.022624820190448022,0.03620636417260005,7.43014382925972e+16
10,2,5,multi_pwm,0.00045925567074312727,0.0005611246669352209,0.03273031914957107,0.0741063257273552,2.4046439555472126
10,2,5,degenerate_pwm,1.0630670477125406,8.14513540647083e-05,0.03261419007009493,0.0716093417657484,12368290.52583626
10,2,5,single_pwm,0.9365383594243502,0.0006158884655771243,0.03261305082501908,0.07174189208672958,1.590642202981175e+17
10,2,6,multi_pwm,0.00048153295322120744,0.001304146723355985,0.02541002699577989,0.05213259468053885,2.4042555300952704
10,2,6,degenerate_pwm,1.0988224265880426,0.0011743148353690557,0.025321706741451754,0.05123100798683698,16991395.61129165
10,2,6,single_pwm,0.9360870003164318,0.001093232967737363,0.025320258454278783,0.051304074039389844,1.941792703800018e+16
10,2,7,multi_pwm,0.0005139954173995941,0.00039351640310124645,0.026849360159656523,0.05924684765104387,2.4031230643921715
10,2,7,degenerate_pwm,1.1010220355851517,0.00022254523350192224,0.026843488942070372,0.059105480863625014,8832547.077638252
10,2,7,single_pwm,0.9367739139768891,0.00020090075127682374,0.026843381171213584,0.059088094200620014,3.3298100761793068e+16
10,2,8,multi_pwm,0.0005401851130554889,0.0009046354499989308,0.021358986614215036,0.04832882168794772,2.404261522767855
10,2,8,degenerate_pwm,1.2360867082667448,0.0005985915837929107,0.02135736265210631,0.048196781382045084,7605976.242495522
10,2,8,single_pwm,0.9363131316235872,0.0003480560507172965,0.02135710813982383,0.048187959278098005,4.352376242521472e+16
10,2,9,multi_pwm,0.0004145138718636964,0.000517896964781253,0.02922125820340145,0.07244528623610696,2.404026001620858
10,2,9,degenerate_pwm,0.8442727748873361,0.0002455013372782773,0.029163504478978853,0.07177772302679257,12654618.937358648
10,2,9,single_pwm,0.9364886656678565,0.00035383531608433843,0.029163795816006883,0.07183789015489261,1.7982156091243716e+16
10,2,10,multi_pwm,0.0006638872319220293,0.001046402652197402,0.030080493269647863,0.06721600166813352,2.4062011902005223
10,2,10,degenerate_pwm,1.2881714764247327,0.0016894848631925947,0.030018884019010934,0.06791671189005352,16303715.078291534
10,2,10,single_pwm,0.9371804570214013,0.0016841002333350702,0.030022779568994185,0.06804471817402746,1.4620556219570292e+16
10,2,11,multi_pwm,0.0005398919854654557,0.0002968074283266591,0.021856430459113913,0.04112962172208484,2.406168896474993
10,2,11,degenerate_pwm,0.9208245619758773,5.83957230679819e-05,0.021844312541422967,0.04133512635448704,6675679.366589525
10,2,11,single_pwm,0.9366903676417051,0.0002929694472469598,0.021844667670228,0.04131235907633334,1.7911712968975836e+16
10,2,12,multi_pwm,0.0006042684091902882,0.0005502504327178603,0.03599924731072081,0.08361949021826715,2.404856208045836
10,2,12,degenerate_pwm,1.2370744098118487,0.0001892536729972794,0.035917935609310295,0.08287571844666594,11491387.253280427
10,2,12,single_pwm,0.9365996088790471,8.909317309588106e-05,0.035917773736182365,0.08287100270660686,6.558559988777592e+16
10,2,13,multi_pwm,0.0007545069930769911,0.0006660976143072739,0.039888996550845816,0.08923592281073758,2.4034857074918694
10,2,13,degenerate_pwm,1.2981510953683342,0.0007755578606114756,0.03971842116427468,0.09077335375940067,10984270.66456205
10,2,13,single_pwm,0.9368709097912561,0.0005092737710983371,0.03971828179101028,0.09078756033471583,1.3549541475730796e+16
10,2,14,multi_pwm,0.0005387350495775732,0.0003280112836639614,0.013989322579854923,0.0331327761463079,2.4070211303116498
10,2,14,degenerate_pwm,1.202402762754473,0.0003747350047803121,0.01398859364555375,0.03307146507786499,9730848.722219674
10,2,14,single_pwm,0.9367374540815036,0.00023218513484571024,0.013989386518506489,0.03305852807218545,2.11312086340383e+16
10,2,15,multi_pwm,0.0004152480885083875,0.0004228591421783758,0.038231966050888466,0.0852570262186044,2.405927612543012
10,2,15,degenerate_pwm,0.7349622334896352,0.00022286986974949036,0.03821261112360349,0.08570969226238555,6972998.44935455
10,2,15,single_pwm,0.9368315641609222,0.00022967664794019117,0.03821249059648079,0.08570530479704341,2.2898320102810044e+16
10,2,16,multi_pwm,0.0005662662663813559,0.0008080127031557014,0.030413072549367176,0.07525176952819178,2.403270822590586
10,2,16,degenerate_pwm,1.0819140203229218,0.0008704504763505421,0.030334332739431626,0.07518242348932752,7620043.5066137295
10,2,16,single_pwm,0.9369769268528805,0.0007824194213817264,0.030335818714816266,0.07519641360498122,2.01776424499408e+16
10,2,17,multi_pwm,0.0006279888916798371,0.0005970645063581041,0.04097365784087054,0.09667714719795814,2.4058014188873402
10,2,17,degenerate_pwm,1.0998176732904392,0.00024267017132800282,0.04086096483403708,0.09754527477714571,8224119.431695592
10,2,17,single_pwm,0.936880592824721,9.161976112338438e-05,0.040865776242500686,0.0974188899029781,2.5466802410607696e+16
10,2,18,multi_pwm,0.00042994445002644187,0.0003437369385818725,0.03480533059221367,0.08261262917461543,2.4041760640165624
10,2,18,degenerate_pwm,1.2390594368573358,2.34709747939243e-05,0.03478680669117824,0.08258655621573166,19415405.971614286
10,2,18,single_pwm,0.9367144396820584,9.631133039265173e-05,0.03478753333231839,0.08258894857529686,1.4573591946835844e+16
10,2,19,multi_pwm,0.0006559894177985829,0.0006585947873184401,0.029415149321283085,0.06491279529019672,2.4055213175728647
10,2,19,degenerate_pwm,1.0991570691693204,0.00011055865025164713,0.029205782869543333,0.06204552130197996,13679893.997331234
10,2,19,single_pwm,0.936895925839274,0.00032482931402917,0.029204923084236743,0.062247904454007505,8.881356873085842e+16
10,2,20,multi_pwm,0.0004933796826112568,0.00071695161034851,0.03943439245321412,0.08760815168872008,2.4035075335215543
10,2,20,degenerate_pwm,1.1026735015110922,0.00020762296917879085,0.03941041562288133,0.0873307279153426,37294081.550739065
10,2,20,single_pwm,0.936325521398943,0.00029179815822998284,0.0394102115809668,0.08730784655140196,1.4911696688163763e+17
10,2,21,multi_pwm,0.000606070905205963,0.0006086441235479016,0.03900796649426841,0.08710971772626308,2.405085488331272
10,2,21,degenerate_pwm,1.2922395768218686,0.0005082330042679861,0.03898389754549938,0.08710329470562866,12851543.880615663
10,2,21,single_pwm,0.9363788543793733,0.0003511208606736155,0.03898362548876018,0.08710285947786217,1.826722782035984e+16
10,2,22,multi_pwm,0.0005291798565494598,0.0007490372954986653,0.028856473941567526,0.06270151102938881,2.4044510006779602
10,2,22,degenerate_pwm,0.8793236726999862,0.00027263686777124905,0.02882104948477769,0.0625962860228832,9461629.427683568
10,2,22,single_pwm,0.9369911867776337,0.0010661956910656709,0.0288244544298541,0.06259971334734044,2.787810350644246e+16
10,2,23,multi_pwm,0.0005348462604286072,0.00033478498434889723,0.03712194632158539,0.08412074846858603,2.405104274501461
10,2,23,degenerate_pwm,1.0898767396095013,2.9113035350245775e-05,0.037091705687683066,0.08456166288725334,13128824.525388869
10,2,23,single_pwm,0.9368772043275945,0.0005999130105425328,0.03709198368704065,0.08465301948233665,2.0969073246674544e+16
10,2,24,multi_pwm,0.0004749175979218662,0.00046177024813844286,0.020225410765030604,0.04693195264985701,2.407101792547206
10,2,24,degenerate_pwm,0.9773475762203881,0.00039125389522445326,0.020190735689890146,0.04689502944029547,11691637.534748606
10,2,24,single_pwm,0.9368696935334165,0.00041548731925693374,0.020192388417851724,0.046941115045082235,2.4336670375585852e+16
10,2,25,multi_pwm,0.0004901431842340728,0.0010437585873325304,0.029024437707374357,0.05813391326136038,2.406958822424695
10,2,25,degenerate_pwm,0.9396266233998354,0.0007756249603007929,0.029000401790223534,0.05854544391968097,17892252.143784054
10,2,25,single_pwm,0.9371663035981239,0.00044208466942482935,0.02900079978238388,0.05858939728076788,1.4744005995863228e+16
10,2,26,multi_pwm,0.0006134640149170176,0.0012169093207616691,0.019869325492828625,0.043281304708886616,2.4058728362724526
10,2,26,degenerate_pwm,1.139752581392542,0.000495667479192581,0.019703068669366122,0.043424198733871516,8775233.533385076
10,2,26,single_pwm,0.9370881323658393,0.0010533545475239876,0.019704656762293486,0.043399557842497556,1.5512969098698708e+16
10,2,27,multi_pwm,0.0005605831813293335,0.0005095056493871718,0.032606929448338394,0.06910926912022623,2.4056191327223644
10,2,27,degenerate_pwm,1.1728282552261766,0.0001413619571405144,0.032549938374073766,0.06838503064179845,6370934.175709911
10,2,27,single_pwm,0.9364825271141564,0.00024499196057266727,0.032551289143029113,0.0682189503886945,2.844591831802824e+16
10,2,28,multi_pwm,0.0004742921068207781,9.536054422094829e-05,0.03270542741748828,0.07472735688214788,2.40765298721771
10,2,28,degenerate_pwm,0.6886719330000927,0.0006178952765453233,0.032700048438485216,0.07472735812997995,19298795.991038494
10,2,28,single_pwm,0.9365553404718137,0.00027945900319107595,0.03269954150620075,0.07472735810944828,3.255287757344639e+16
10,2,29,multi_pwm,0.0005482631970815508,0.0011733309649288154,0.03651855848943262,0.08541737044079399,2.4057444945735873
10,2,29,degenerate_pwm,1.1145822734935447,0.00039439216996928255,0.036519254888966485,0.08533851231639239,49216531.75979434
10,2,29,single_pwm,0.9362179800816868,0.0005407149052893645,0.03651793515231161,0.08547519479501081,1.615284225328518e+16
10,2,30,multi_pwm,0.0005153278299796061,0.0006017161489008163,0.035096575700942864,0.07841124656175494,2.405535577873042
10,2,30,degenerate_pwm,1.0289828278271962,0.00010239777553557536,0.03496166131838606,0.0785849278146382,11072112.200373264
10,2,30,single_pwm,0.936680472873319,0.00015115928925082045,0.03496371499468684,0.078515653395315,2.155194168251694e+16
10,2,31,multi_pwm,0.00048057406626759536,0.00010080041952649556,0.02409886646842402,0.04199592815466481,2.405042303997467
10,2,31,degenerate_pwm,1.1877270802148183,0.00015515760026493057,0.024101303822312733,0.04214189439528581,21520111.10581546
10,2,31,single_pwm,0.9366042083225234,0.0001427965742453284,0.02410138865270983,0.04213306624115424,1.5125369816591348e+16
10,2,32,multi_pwm,0.000483126642444103,0.0023787940790391524,0.032366099449988604,0.07345111938476173,2.4053119343044647
10,2,32,degenerate_pwm,1.2072250245754954,0.002268085911107643,0.03236339550690748,0.07339294016829752,21459919.642822787
10,2,32,single_pwm,0.9359865823021085,0.0026596435771664892,0.03236408552472832,0.0734325629712117,1.716676798413696e+16
10,2,33,multi_pwm,0.00047113226556812736,0.0006685480065826943,0.033194167037286164,0.07459894598090745,2.4059974574978
10,2,33,degenerate_pwm,1.0618443822121462,0.00039552099530394935,0.033171266950827616,0.07503644318683089,18361074.204825357
10,2,33,single_pwm,0.9364817782893502,0.0005901163371278201,0.03317033983691015,0.07521306254740873,2.7484766840070772e+16
10,2,34,multi_pwm,0.0005304994852707297,0.0008545182783862691,0.02711027835344488,0.06498574994705689,2.4043731805922883
10,2,34,degenerate_pwm,1.624321097253385,0.0002629253584829586,0.027102814260981635,0.06511447097596013,19112095.358063426
10,2,34,single_pwm,0.9361731180460119,0.0002592856875708724,0.027101166583967502,0.06502665397176693,2.585812088868568e+16
10,2,35,multi_pwm,0.0005041279836253794,0.0007229393192299009,0.03498517576136127,0.07750767735957978,2.4056772363956482
10,2,35,degenerate_pwm,1.2024504603085993,0.0002170305297842472,0.03498438519768271,0.07732624450401335,17121600.486483015
10,2,35,single_pwm,0.9370623698571091,0.00047312189749296966,0.03498263107221879,0.07733340255214335,1.875222754347682e+16
10,2,36,multi_pwm,0.000602481284965655,0.0005833232969989483,0.03279644087211647,0.07899147008302566,2.4032533488139967
10,2,36,degenerate_pwm,1.0550799125671202,0.0008633521125085815,0.03273070875681151,0.07856063250369338,11987205.030618466
10,2,36,single_pwm,0.9364276607617584,0.0003254738522334576,0.032732466191939424,0.07858098798527137,1.5683259917306394e+16
10,2,37,multi_pwm,0.0004779688834014383,0.0004087280041663373,0.04189038386233335,0.09916123276009298,2.406717571316723
10,2,37,degenerate_pwm,1.1059082685921973,0.0004467864207540629,0.041885293115319716,0.09908212957726104,17511590.07115925
10,2,37,single_pwm,0.9369955298725725,0.0003608466172556859,0.041887976053425174,0.09919888701062528,1.250003749222784e+16
10,2,38,multi_pwm,0.0006224215286980867,0.0008354837238432281,0.0222836255826602,0.044808303857790686,2.406468685387953
10,2,38,degenerate_pwm,0.8740831589163902,0.0006289012719773739,0.02203444978451153,0.044835221819743726,8389092.188064104
10,2,38,single_pwm,0.9363298075688697,0.0004673430767366193,0.022034602339117016,0.04479437684534692,3.785150590901736e+16
10,2,39,multi_pwm,0.0004823815030185044,0.000679848671451966,0.029898254689611294,0.0652346516044143,2.4061077611921142
10,2,39,degenerate_pwm,1.0467390892040394,0.00047224207423293246,0.02987793351024336,0.06583646792865566,10272270.432961524
10,2,39,single_pwm,0.9371247761259336,6.446732778860377e-05,0.029876545320534357,0.06602028942471555,1.910980254822475e+16
10,2,40,multi_pwm,0.0005262046388054706,0.00042512007333037733,0.026257369979523975,0.04782443558269188,2.4034599468639772
10,2,40,degenerate_pwm,1.175209066944627,0.0004270820726503349,0.026161911445101146,0.04795479381740578,9126151.787402488
10,2,40,single_pwm,0.936586665747931,0.00020527854858403652,0.02617015897756051,0.04794631422200932,1.4251048182767916e+16
10,2,41,multi_pwm,0.00045911991142848826,0.0029571506146282333,0.027484996423701245,0.04807620740907665,2.4059164169160034
10,2,41,degenerate_pwm,1.1037706228486464,0.0028070884197026243,0.027467044526234524,0.04869310423517889,15129404.696751148
10,2,41,single_pwm,0.9374562452804681,0.0027185483119540922,0.02746720203617188,0.048641499929981,4.876815832644101e+16
10,2,42,multi_pwm,0.000620635833014212,0.001703458180085368,0.03394054753472647,0.06945710986336157,2.4057894358838325
10,2,42,degenerate_pwm,1.080171817249082,0.0018549891210020407,0.033935852743430264,0.0693102967206579,10793760.204246841
10,2,42,single_pwm,0.9373780568505994,0.0018410565363418685,0.03393632862735683,0.06937221457627907,3.085725143556594e+16
10,2,43,multi_pwm,0.0004064770713167373,0.0011019277590837708,0.02569639572238805,0.05192940099171226,2.4061041900890876
10,2,43,degenerate_pwm,1.133077818990487,0.0006950792734439234,0.025691601821010997,0.05227412181644919,14581107.929805942
10,2,43,single_pwm,0.9363085116786656,0.0010151485244531695,0.025694515467225378,0.052311476517592055,1.0585796572288718e+17
10,2,44,multi_pwm,0.0005536650401457451,0.0005637347238271344,0.027118907513836627,0.051700490201547926,2.4052716702121537
10,2,44,degenerate_pwm,1.0705301878377795,7.559954241727034e-05,0.02696347313464351,0.05088833529291521,15758335.561319139
10,2,44,single_pwm,0.9369377314525759,0.00023115292106602655,0.026964171157276996,0.05092983430323582,1.7092615222363444e+16
10,2,45,multi_pwm,0.000589844133319428,0.0013179573814533056,0.02777616466238754,0.05669647402323632,2.4065052802088434
10,2,45,degenerate_pwm,1.028657376623786,0.001262227969658699,0.027776299531186856,0.05660315318711065,5995987.396032011
10,2,45,single_pwm,0.9370901977805058,0.0014311545004945234,0.027778262589315594,0.05667634979449691,2.2481101386317064e+16
10,2,46,multi_pwm,0.00042536812839707116,0.00039002423823566643,0.03684033965476241,0.07547645539764153,2.4066935031157217
10,2,46,degenerate_pwm,1.3371518504657869,0.000249177105421959,0.03683349161816588,0.07604916948019774,10246482.86935391
10,2,46,single_pwm,0.9366523530423851,0.00042065525702779274,0.03683504714403508,0.07631237337957578,1.7972052532985528e+16
10,2,47,multi_pwm,0.0006098645791892223,0.0022570810774359524,0.026680878880072832,0.05843556642571748,2.405415847039539
10,2,47,degenerate_pwm,1.1006006568422189,0.0018985957074142813,0.026675424980620005,0.05863913475563986,8687463.58713368
10,2,47,single_pwm,0.9373434461762978,0.002007823980900407,0.026676656218544783,0.05857148739461389,1.6201700709652104e+16
10,2,48,multi_pwm,0.0005001975332168252,0.0004893490453923728,0.03383461192212804,0.0697154396702466,2.405028603877672
10,2,48,degenerate_pwm,1.253969924973323,0.0006018085985143675,0.03382720250904105,0.06974591769329766,3206124.5287456084
10,2,48,single_pwm,0.9370618945981122,0.00038619906074556916,0.03382775616124356,0.06977725928521925,1.5716768533800542e+16
10,2,49,multi_pwm,0.0005258737334596666,0.0004236285223603851,0.03781348767816386,0.09429104277733204,2.406295322155222
10,2,49,degenerate_pwm,1.570703620574849,0.00011780214735246434,0.03781371373627864,0.09429120224518629,14213519.766636416
10,2,49,single_pwm,0.9367327445517749,0.0004777999108334441,0.0378164163754242,0.09429186847860774,1.2073740400963488e+16
10,2,50,multi_pwm,0.0005340768841443364,0.00035232860300794534,0.032877012338809186,0.07677938298535919,2.405062334287975
10,2,50,degenerate_pwm,0.984568812289428,0.00020672917015113705,0.032826751532555855,0.07746333533907407,5654661.518913899
10,2,50,single_pwm,0.9366373542899245,0.00017084123949299735,0.03282661371027979,0.07751947540082164,3.0744591033464172e+16
10,2,51,multi_pwm,0.0005294418517286335,0.0033195026747838553,0.03705855930376344,0.08633998407966284,2.4067922076510944
10,2,51,degenerate_pwm,1.1769236398311143,0.0032723444928469698,0.03704299182362022,0.08633043289433392,6728504.966315496
10,2,51,single_pwm,0.9359796567548053,0.0033452884413449975,0.037042430661565394,0.08634633390505587,1.9719914492379356e+16
10,2,52,multi_pwm,0.0004894782664898789,0.0003090404667613481,0.027140186984681812,0.04912988263325821,2.4054553064716946
10,2,52,degenerate_pwm,0.919425990880543,3.7545788552767334e-05,0.02711374552777101,0.04868199043523493,10079640.99166989
10,2,52,single_pwm,0.9368121938812523,7.088626622364926e-05,0.027114141400948203,0.04863653789739496,2.0933309375649656e+16
10,2,53,multi_pwm,0.0004968234355654154,0.00022297482012583646,0.017962242228245533,0.04174321604859366,2.407616400052281
10,2,53,degenerate_pwm,1.1914836934536424,3.771263270847304e-05,0.017961543871877376,0.041769335106288254,35801950.90807358
10,2,53,single_pwm,0.9366330698431993,0.0004968182588184299,0.017965661072644454,0.04187828832684622,2.082749294405235e+16
10,2,54,multi_pwm,0.0004909333775969215,0.0019677881218350935,0.03892475526058636,0.08495271693239959,2.4055716767625523
10,2,54,degenerate_pwm,0.9175045713886412,0.002553105395879193,0.03891427742603578,0.08491517026393224,12906547.366662111
10,2,54,single_pwm,0.9373042356957355,0.003416009910941916,0.03891554202544992,0.08484118671437324,1.6524974133006764e+16
10,2,55,multi_pwm,0.0005588970071413476,0.00027560989994517227,0.03903479905143973,0.09615241694481162,2.405079879954525
10,2,55,degenerate_pwm,0.9880528526277833,0.00022473772459254748,0.039035157850296084,0.09596286998583592,14036688.318867935
10,2,55,single_pwm,0.9369398937805412,6.28570674853066e-05,0.039034106920432875,0.09608578060677346,2.191386121861732e+16
10,2,56,multi_pwm,0.0006126049827191463,0.0006671559043526234,0.024620465401728978,0.04422193769283524,2.405562856654262
10,2,56,degenerate_pwm,0.9934265712614466,0.000489568887881495,0.02445962293676181,0.043523090720891805,9098391.119564982
10,2,56,single_pwm,0.9363971188083277,0.00022849078064309414,0.024463722772016805,0.043634361847778254,1.21987409525068e+16
10,2,57,multi_pwm,0.0005391548848991134,0.0006983959671266902,0.03044114415491904,0.0647855255043667,2.4064206937979247
10,2,57,degenerate_pwm,1.111052915804162,0.00017411737374721476,0.030439761547550664,0.06486006877372878,16580609.41248553
10,2,57,single_pwm,0.9369526385609932,0.0005535786220632345,0.030439808049146203,0.06483873654182915,1.9054371987872464e+16
10,2,58,multi_pwm,0.000514603645292935,0.002275917263624739,0.040393701640615044,0.09437014613183185,2.405633227015281
10,2,58,degenerate_pwm,1.1412060821304613,0.0023224853862575416,0.04036967338325726,0.0950625406631894,12681762.74262341
10,2,58,single_pwm,0.9360634161159936,0.0022038474018365377,0.04036979262971787,0.09506291486586463,4.030500988173408e+16
10,2,59,multi_pwm,0.0004647060448419827,0.0003153460020095247,0.03490419479016433,0.0821155197606906,2.4044447117827352
10,2,59,degenerate_pwm,1.0544651072585016,0.0006433511004310016,0.03489609108068864,0.0824816802031377,15309295.799913265
10,2,59,single_pwm,0.9363339009001402,0.0002037087628548741,0.03489497354383633,0.08240460039100904,1.8662634930162056e+16
10,2,60,multi_pwm,0.0005028124376204487,0.0002139320060935179,0.033139822229762035,0.06408680223500184,2.4062386012586945
10,2,60,degenerate_pwm,1.034772424734226,0.0002710928059136466,0.03313850940468367,0.06418053363796647,15147921.360499
10,2,60,single_pwm,0.9368900034229345,1.214105911664633e-05,0.03313823199094022,0.06414395747265067,1.6735002885767968e+17
10,2,61,multi_pwm,0.0005261087298193287,0.0003819011092467786,0.022234181047964933,0.039939002426977455,2.4082590895079914
10,2,61,degenerate_pwm,1.1349932248372014,0.0004182054859768795,0.0222341492572115,0.039724307261663795,22741840.25014071
10,2,61,single_pwm,0.9365548051059176,9.908591293803287e-05,0.022234103758393454,0.039722165795637615,1.1809488574735044e+16
10,2,62,multi_pwm,0.0005767389258277932,6.014334685934087e-05,0.03586995471941714,0.07877586470533665,2.405055812493633
10,2,62,degenerate_pwm,1.1180804754633653,0.0004243176913538112,0.035869689282285996,0.07873594858915695,13689100.264043301
10,2,62,single_pwm,0.9368843795669906,8.608655394243197e-05,0.03586992947130811,0.07877310565478629,2.162734282342696e+16
10,2,63,multi_pwm,0.0004887667968033098,0.0005463920986087703,0.03271660681602584,0.06327675493282625,2.403844590435181
10,2,63,degenerate_pwm,1.0091943678949211,0.00029655525041441533,0.03271454266486328,0.06321626572500623,11404034.74567167
10,2,63,single_pwm,0.9367487833991595,9.574145342140263e-05,0.032715053500734094,0.06326021463626694,1.1245671688989704e+16
10,2,64,multi_pwm,0.0006019265142062674,0.0004980937376119572,0.04145567174603569,0.0950864110122369,2.4043283645250044
10,2,64,degenerate_pwm,1.279354691986448,5.199499587253287e-05,0.04142032480097976,0.09511964212491378,11662290.079128701
10,2,64,single_pwm,0.9366916903945499,0.00033195591079791353,0.041419597137321684,0.0951235760922554,3.6103550684889816e+16
10,2,65,multi_pwm,0.0006102567197857692,0.0003764247711420941,0.0218764317279433,0.04694917417185958,2.4019255653287344
10,2,65,degenerate_pwm,1.2358141698971319,0.000670801808522267,0.021824012655541496,0.046928150746848654,26259525.220887046
10,2,65,single_pwm,0.9369207192525152,0.0004405577280278962,0.021825453245660226,0.04697079392076387,1.5587229178043728e+16
10,2,66,multi_pwm,0.0007712880615127754,0.0003889793728592164,0.028899717935964717,0.06576342769150084,2.404398764167813
10,2,66,degenerate_pwm,0.9921599936585126,0.0003058526393504589,0.0288896842873072,0.06552609711464213,5655008.336029772
10,2,66,single_pwm,0.936529226296094,0.00029104754956833914,0.028889712147359616,0.06551300109595462,1.4044237160834248e+16
10,2,67,multi_pwm,0.0006402150317547185,0.00029757091789113407,0.022721868824750323,0.045611005757937306,2.4051159057230413
10,2,67,degenerate_pwm,1.2796363794316337,0.0007448905580749643,0.022675087984573843,0.045648131728784416,11058295.101248594
10,2,67,single_pwm,0.9365875858377649,0.0007077655564351283,0.022677208772243367,0.04570312681597373,2.3401439020804576e+16
10,2,68,multi_pwm,0.00039949370843138376,0.00024528868035081667,0.03064471501042308,0.07107836487335661,2.4046161476472556
10,2,68,degenerate_pwm,1.0573812905875914,0.00029078551730309836,0.030642916204748075,0.07114731756327296,9069900.766442392
10,2,68,single_pwm,0.9369359443044222,0.00037751584162899575,0.030642761708326076,0.07115906032192743,1.39506263860034e+16
10,2,69,multi_pwm,0.0005990304996866901,0.00042702667278746853,0.03296846569556944,0.07396741483578356,2.4055360257375162
10,2,69,degenerate_pwm,1.0129004327159725,0.00037354207666796195,0.032897141371872635,0.07399428744192298,10645643.772658259
10,2,69,single_pwm,0.9369880841644518,0.0001291773420149508,0.03289727943070167,0.07400271781184221,2.214287741191385e+16
10,2,70,multi_pwm,0.0004598529056326607,0.00038477494553552596,0.0393746305054431,0.09042306905980096,2.403324325683197
10,2,70,degenerate_pwm,1.1229490466067755,0.00017647400355759539,0.039340626456147276,0.09037721620051027,9145357.422841616
10,2,70,single_pwm,0.9368235116668407,0.0002110245537027015,0.0393412272874162,0.09038332688939105,2.277245020698385e+16
10,2,71,multi_pwm,0.0006643341466723952,0.000293130976064683,0.021142428701942852,0.0486485253209665,2.4042092531279624
10,2,71,degenerate_pwm,0.9754142696710127,0.00020877473701179375,0.021103686060606076,0.04850988106932032,7482152.380656437
10,2,71,single_pwm,0.937164320915504,0.0001871079504294115,0.021101793860345105,0.04853637604992959,2.200721861923568e+16
10,2,72,multi_pwm,0.0005752554841398032,0.0014436795163701953,0.03118956805714522,0.07008823312502219,2.40616766817454
10,2,72,degenerate_pwm,1.1487817237818936,0.001169844934681625,0.031176187543491645,0.06992604522333354,10166437.676620945
10,2,72,single_pwm,0.9371736249446316,0.0011381564206441046,0.031176409626372463,0.06994014141591498,3.966985449671784e+16
10,2,73,multi_pwm,0.00048081135237225045,0.0003251972850196961,0.03506463628579249,0.07818729089484029,2.4049314439027856
10,2,73,degenerate_pwm,1.1218913466093245,5.455925300396189e-05,0.035060423525810236,0.077983428892644,11129393.287385125
10,2,73,single_pwm,0.9366655293686721,0.0003127293341551068,0.035060606071554305,0.07797135101713963,1.4201792685222248e+16
10,2,74,multi_pwm,0.0007089730296053481,0.0017378837673089696,0.02950659117107047,0.05976750725872529,2.4047798242904284
10,2,74,degenerate_pwm,1.1408773984200933,0.0018552148200927864,0.02949608439930404,0.05997955845981327,13106110.857269
10,2,74,single_pwm,0.937282143077066,0.0014734072816890605,0.029494934982999387,0.060013084644111994,2.431173562828747e+16
10,2,75,multi_pwm,0.0006057185887686558,0.00046113488192853203,0.03433510139849817,0.07777236098148856,2.40407772792185
10,2,75,degenerate_pwm,1.0178403598655998,0.0002509488490870968,0.03433498754306013,0.07788289048854774,8184312.726357551
10,2,75,single_pwm,0.9368986874356463,6.398836539203904e-05,0.03433691148589427,0.07796237777192852,1.8187595005036852e+16
10,2,76,multi_pwm,0.00044203734342716615,0.0001317000303696666,0.03523348296406262,0.08409061122192524,2.404596794429658
10,2,76,degenerate_pwm,0.8575711192399819,6.543569711846705e-05,0.035234142627594056,0.0840663471142204,9314665.434500637
10,2,76,single_pwm,0.9368094693408513,0.0003995416993692187,0.03523326572946932,0.08409757376151905,2.3194916022918384e+16
10,2,77,multi_pwm,0.0005095613937765865,0.0004079208970726989,0.030098914642225052,0.0608227794561403,2.40622196530679
10,2,77,degenerate_pwm,1.1276433169294153,0.0004410100260302713,0.030083485483963758,0.06137327396187822,17610920.205705263
10,2,77,single_pwm,0.9368516306442966,0.0004506233482700044,0.03008144985959838,0.06120377956027197,2.2490551956904996e+16
10,2,78,multi_pwm,0.00040492196672453976,0.00027959573319080255,0.027993599900442496,0.06932731575497456,2.4053248541728873
10,2,78,degenerate_pwm,1.0391416340479818,0.0001498429438904964,0.027975142624875965,0.06921911239091455,6208991.224563838
10,2,78,single_pwm,0.9368075604552819,0.0005834173227323247,0.02797527740311883,0.06922061606291748,1.7986972895411476e+16
10,2,79,multi_pwm,0.0006142986248319128,0.000850780689035154,0.02991055876470048,0.0682980215389184,2.4039267895531724
10,2,79,degenerate_pwm,1.6140743056458826,0.0005740489302517588,0.02988821476196109,0.06901954245833941,28781619.114105716
10,2,79,single_pwm,0.9372139628377024,0.00044059983929926845,0.029886093935721524,0.06900699498226469,2.594122861860493e+16
10,2,80,multi_pwm,0.0006008067360143464,0.0021600567016026905,0.030452685038633135,0.06674402710612021,2.4048680880719076
10,2,80,degenerate_pwm,1.0600836847544526,0.0014320605014384626,0.030178159844146353,0.06662196954628241,17856286.985275816
10,2,80,single_pwm,0.9371066542639434,0.0018488469429846415,0.030177048023159177,0.06656935913832408,1.9143843866340868e+16
10,2,81,multi_pwm,0.0004637247868148998,0.0003690299310602761,0.031699696234922296,0.05887024920930957,2.404358386161484
10,2,81,degenerate_pwm,1.0641463144442251,0.0003535254593317623,0.031631248129640174,0.058912576297057324,12718199.738451444
10,2,81,single_pwm,0.9369941239917224,0.00021068692291869882,0.03163180653592731,0.05897246394407505,4.91768028264828e+16
10,2,82,multi_pwm,0.00043097344015623836,0.0005912929595306613,0.02944479960504175,0.05666832746005242,2.405636382965195
10,2,82,degenerate_pwm,1.018533453445894,0.00016071730414807562,0.029256278749954786,0.05940057714102808,11384601.318188645
10,2,82,single_pwm,0.9366992598343042,0.0005441448186986097,0.02925597429743795,0.05936592908828109,2.143650873743286e+16
10,2,83,multi_pwm,0.0005745963431088143,0.0009090751198805478,0.02416070274882438,0.052643745958356594,2.406328552699767
10,2,83,degenerate_pwm,1.2455592028550706,0.0005736529755556402,0.02410638177129258,0.05208631214055788,14395354.189585438
10,2,83,single_pwm,0.9369725104687516,0.0001848539027419469,0.024105306134171417,0.05205518948497003,8.365321890321082e+16
10,2,84,multi_pwm,0.0005745196942363661,0.0008483511331943646,0.03330212939088953,0.0689932265382119,2.406469538294623
10,2,84,degenerate_pwm,0.953215984933334,0.00010444122363660876,0.033279737113254305,0.06895308674494602,8446839.724206392
10,2,84,single_pwm,0.9369504186522939,0.00024816532834867654,0.03328003310765689,0.06894776268665677,2.029266822409854e+16
10,2,85,multi_pwm,0.0004704361280440802,0.0006887808573668249,0.02676114263169361,0.06010147014610916,2.4050548863937333
10,2,85,degenerate_pwm,1.2740277274195966,0.0002805438143001366,0.026733082290463103,0.06001145642563007,27640025.98211553
10,2,85,single_pwm,0.9365582715574359,0.0009047728056132802,0.02673542803784924,0.05996551512754505,7.07579538669044e+16
10,2,86,multi_pwm,0.0005724661162610931,0.0001676947281120608,0.029322167285239998,0.062238930711828476,2.403389807146283
10,2,86,degenerate_pwm,1.2792166472144295,0.00024961203571305157,0.029324928402772264,0.06224303617021689,27001758.835157488
10,2,86,single_pwm,0.9364334890279278,0.00043877414700625115,0.029322920942121744,0.06230343824845068,4.980280991247306e+16
10,2,87,multi_pwm,0.0005557933642600302,0.00047233473359755513,0.02469007946683624,0.05248155253660615,2.4068343546071955
10,2,87,degenerate_pwm,0.9561498797503272,0.00016732358651685414,0.02468807321745229,0.052439662504860846,15912748.343280476
10,2,87,single_pwm,0.9370653913368799,0.00032390241983916283,0.024687656511792413,0.05247246228299101,3.820301569235123e+17
10,2,88,multi_pwm,0.0005185377217234432,0.0005113907618290535,0.020984768002000102,0.045573525470983325,2.4058284322926395
10,2,88,degenerate_pwm,1.177569803441458,0.0003699596949633099,0.02090698582883011,0.04560039090075822,5786925.805027337
10,2,88,single_pwm,0.936668460261614,0.0007136205820285999,0.020909763893010847,0.045599299132265965,2.3492173472237776e+16
10,2,89,multi_pwm,0.0005209378199162198,0.0023107001307120186,0.0289573677139006,0.06473345565503918,2.4047663676028304
10,2,89,degenerate_pwm,1.0751799049459623,0.002330132450601432,0.0289466491090612,0.06467480800580294,12607595.9669724
10,2,89,single_pwm,0.9359101681906544,0.0016841631638437578,0.028945341378347367,0.06460634458984091,1.779608081448018e+16
10,2,90,multi_pwm,0.0005679705704634379,0.0007822875092739994,0.024185940912755097,0.052754226012378946,2.4060108502498476
10,2,90,degenerate_pwm,1.1763003708272555,0.00014494563459601663,0.024143514671013045,0.05294976610481235,10396277.939528635
10,2,90,single_pwm,0.936362775807738,0.0002222226343338229,0.02414450988790039,0.05299744855012348,1.7744028726069448e+16
10,2,91,multi_pwm,0.000421796394598414,0.0008302326222502022,0.025967624667633974,0.05443340451976357,2.4033292597804947
10,2,91,degenerate_pwm,1.404640984140803,0.00033677355095198993,0.025958898495740363,0.05425353683088063,14364546.499774871
10,2,91,single_pwm,0.9363480242558783,0.0010756650465492238,0.025959037807617397,0.05436729708910165,2.66138501395354e+16
10,2,92,multi_pwm,0.0006735398828631472,0.00040891991390723173,0.035596773787163756,0.07089404268293635,2.4039723018871335
10,2,92,degenerate_pwm,1.1213334798169168,0.000327436889692372,0.035575995517278726,0.07139495909054364,10635720.19701277
10,2,92,single_pwm,0.9364762015849419,0.0001401636626764194,0.03557606599735467,0.07138796965964472,1.4574911482097612e+16
10,2,93,multi_pwm,0.000683331869365838,0.000574287077346814,0.025314642197173755,0.047202075272694766,2.403392402875212
10,2,93,degenerate_pwm,1.1218820470396291,0.00038748375780215663,0.025205418350388576,0.048228844881133895,8100467.788194183
10,2,93,single_pwm,0.936555057515667,0.0005565313226956931,0.02520460060426919,0.048458413680173895,2.3037967490832504e+16
10,2,94,multi_pwm,0.00048494539116659973,0.00046112497470264253,0.031608760736348815,0.07117081026710718,2.405059592348894
10,2,94,degenerate_pwm,0.8036788682925955,0.00018855799662199853,0.03160080042085554,0.07135921997491951,27471990.144390162
10,2,94,single_pwm,0.9366033414400943,8.531998214835018e-05,0.031600084191048594,0.07131757170607766,3.8556451571268376e+16
10,2,95,multi_pwm,0.0006586806981763779,0.0004612583948079508,0.033866134703046905,0.07345844914102703,2.4058434104954296
10,2,95,degenerate_pwm,1.2648070868436074,0.0001108539332483343,0.033769203550372745,0.07345846005569012,13951648.300524779
10,2,95,single_pwm,0.9366249496096778,6.090992201608147e-05,0.03376917452055176,0.07345846005571299,2.2697506505892944e+17
10,2,96,multi_pwm,0.0006571893678196727,0.00038042176680463415,0.022264350387858498,0.04729163809338696,2.403368728858772
10,2,96,degenerate_pwm,0.8783285938593391,0.0002777947358470452,0.022246254566235663,0.04755352591037715,18745293.888762087
10,2,96,single_pwm,0.9368342911572691,0.0006911255257451172,0.022247684588780105,0.04759280011143995,2.2518391395369148e+16
10,2,97,multi_pwm,0.000474205671418456,0.0009880781057640374,0.021470376023881972,0.04405013807092772,2.404697019994386
10,2,97,degenerate_pwm,1.1555076874185313,0.0005319089878079666,0.02146377338480932,0.043344935007850305,13449376.928101242
10,2,97,single_pwm,0.9363155864835462,8.46204189476073e-05,0.021462841124215013,0.0437029277047899,1.4688907652100456e+16
10,2,98,multi_pwm,0.000493973675688981,0.0006260900946229292,0.03526338262178527,0.07238046731113154,2.4036925693660844
10,2,98,degenerate_pwm,1.0750632677980752,0.00021971494222557537,0.03525910480758608,0.07255795002943857,11690674.421360705
10,2,98,single_pwm,0.9367417650626707,0.00020073965530356647,0.03525919823118314,0.07254983572931639,1.2578308131020492e+16
10,2,99,multi_pwm,0.0005914328692945264,0.0010670899360249527,0.04081367720891919,0.08997053247044447,2.404529247674321
10,2,99,degenerate_pwm,1.1221911271737468,0.0011484946783401227,0.040778696679697704,0.08934855771815964,11979123.507524263
10,2,99,single_pwm,0.9363805301926087,0.0004135896409094088,0.04077852031529549,0.0893068702444982,3.124173041172224e+16
10,3,0,multi_pwm,0.0005425919360988877,0.0019663652024111233,0.041236828463388706,0.0932344680494494,2.404753841114351
10,3,0,degenerate_pwm,0.9515299271235589,0.0015739191768381414,0.04121972889326154,0.09297613936204559,12908945.451742027
10,3,0,single_pwm,0.9371456962257827,0.0011957002460343466,0.041218853550236884,0.09295221713899077,2.087902112187165e+16
10,3,1,multi_pwm,0.0005137897898263804,0.001267968242029746,0.035921337898396216,0.07662887976944702,2.4057410025654318
10,3,1,degenerate_pwm,1.0962943740416973,0.0011342486137373548,0.035796755194153075,0.07763950788676563,11688567.291048093
10,3,1,single_pwm,0.9362768259050512,0.0009362864387246839,0.03579924559184496,0.07774323384773313,1.3845424857045052e+16
10,3,2,multi_pwm,0.00046825453850304617,0.0015411415370400494,0.03369606254044976,0.07353504466497518,2.406793423749144
10,3,2,degenerate_pwm,1.0347603751713321,0.0010439207809102014,0.033652013779396577,0.07348373248183977,11555290.2524698
10,3,2,single_pwm,0.9370723517206981,0.0014700224134435772,0.03365208934053764,0.07346431504309059,1.3507745719944532e+16
10,3,3,multi_pwm,0.0006636044165784464,0.0011709705154881735,0.03094681956978404,0.06701924248846193,2.40776357606242
10,3,3,degenerate_pwm,0.9294775350223377,0.0008038387006493804,0.03083932539435812,0.06796166126505754,9344182.96555854
10,3,3,single_pwm,0.9364522825921888,0.0010281158104050911,0.030840239957906627,0.06797432693379424,4.156561990047509e+16
10,3,4,multi_pwm,0.0005563504657031983,0.0010160304021725407,0.01913157516738668,0.04182763039019062,2.405629548467871
10,3,4,degenerate_pwm,1.0603502873089312,0.0005363563163633621,0.019098827245935007,0.04184457823127277,16878930.992649723
10,3,4,single_pwm,0.936428977726948,0.000885956668753993,0.019099202099994807,0.04184375996022273,5.600577587556926e+16
10,3,5,multi_pwm,0.000569927933925094,0.00047115170757676433,0.026624233542885307,0.05205309040169881,2.4060687402641996
10,3,5,degenerate_pwm,1.0975807382695355,0.00041108863309068273,0.026535683806353485,0.051280988519504925,6648856.353583507
10,3,5,single_pwm,0.9368526559117404,0.0006326073338364638,0.026536004606718167,0.051312489487527174,4.275038199423008e+16
10,3,6,multi_pwm,0.000512389018396791,0.0006044147475800533,0.03738600368853544,0.09288560578521358,2.4037898498002286
10,3,6,degenerate_pwm,1.0984564837714597,0.00021050220467732522,0.037344968171390325,0.0920879959417385,13290921.009004565
10,3,6,single_pwm,0.9364553091219746,0.00017404943856924062,0.03734526243664162,0.09215350831237079,1.7849967849331716e+16
10,3,7,multi_pwm,0.0005691018120133033,0.002444445823673651,0.032960782447204205,0.06724088650548152,2.40386652279375
10,3,7,degenerate_pwm,1.0217514782843036,0.0024016185726387037,0.03294865829679525,0.06773475264684525,12346071.824722182
10,3,7,single_pwm,0.9373954917837527,0.001667165476600354,0.032948333661627985,0.06777457403732033,2.3093778108263384e+16
10,3,8,multi_pwm,0.0004881474918029214,0.0032192117717850643,0.028705738784749756,0.06491786126013341,2.4034262189355515
10,3,8,degenerate_pwm,1.054960384363186,0.0030630650575366103,0.02845297305861705,0.06365131543502205,12191247.51289384
10,3,8,single_pwm,0.9359502201171139,0.0034306367297084624,0.028452576777830297,0.0635954808693568,3.5817809908373576e+16
10,3,9,multi_pwm,0.000668353143187706,0.0008782175243285932,0.03492707869815554,0.08546522676877905,2.4066197542677057
10,3,9,degenerate_pwm,0.9894075599814685,0.0006074793038305269,0.03487613077586108,0.08492612786260714,15279864.23767078
10,3,9,single_pwm,0.9363376603192348,0.0013524667234084623,0.034876810574110205,0.08489509267443832,1.7159262036439648e+16
10,3,10,multi_pwm,0.0004706900992616918,0.00015807716217781012,0.044975022380921326,0.10768663328568955,2.406525987394463
10,3,10,degenerate_pwm,0.9661354062505694,0.00011318338244409221,0.04497194315441735,0.10765144850669886,16786478.28297157
10,3,10,single_pwm,0.9367949893914573,0.00024379462729898002,0.044974636847872285,0.10767134591261891,1.8106184418822716e+16
10,3,11,multi_pwm,0.000556054556566016,0.0009459390981657791,0.031083998254130326,0.06966672808006612,2.4051435561152297
10,3,11,degenerate_pwm,1.004607247150585,0.0010531161954431202,0.031039675064426807,0.06986159876068007,8707177.322087951
10,3,11,single_pwm,0.9371664195583128,0.0007971037984277016,0.031042122612814017,0.06986025802434262,2.2133616579654896e+16
10,3,12,multi_pwm,0.0006310129259509052,0.00018923503309212225,0.030287697030123566,0.06521815751539158,2.40405947091647
10,3,12,degenerate_pwm,1.1541406386190665,1.8903769527824202e-05,0.030281889184508158,0.06535261040218858,9890874.118190387
10,3,12,single_pwm,0.9367146548903155,8.652448250757972e-05,0.03028293133001223,0.06531393818768892,2.0686034114385024e+16
10,3,13,multi_pwm,0.0006169046422199203,0.0005421593678052873,0.030312972344291745,0.07105681969145358,2.4059834556056776
10,3,13,degenerate_pwm,1.1995134032981103,0.00017078899454795135,0.030292099096507166,0.07133989392913259,24211473.69852279
10,3,13,single_pwm,0.9369831448579381,0.000128972391153836,0.030292220309200136,0.07143299797538402,1.7394902359886892e+16
10,3,14,multi_pwm,0.0005999383916149828,0.00035542882798169067,0.03146108079968515,0.060579680732240834,2.402319764901713
10,3,14,degenerate_pwm,0.9460572068177122,0.0002407504906696313,0.03141680316349238,0.06115819446012678,6141871.289262765
10,3,14,single_pwm,0.9364477360978786,0.0007092029115448252,0.03141664277603329,0.061119546238572756,2.3586178620883428e+16
10,3,15,multi_pwm,0.0005488776018213507,0.0017027988094317022,0.027781355386121368,0.04790255048322048,2.4052800785546693
10,3,15,degenerate_pwm,1.0505355110956072,0.0014962779131906178,0.027764835004660312,0.04760291158600521,8947437.591440435
10,3,15,single_pwm,0.9371897071862145,0.0022634945980072895,0.027761627218898577,0.04748424570320497,1.8280525254124212e+16
10,3,16,multi_pwm,0.0005881611008735914,0.00047866910382383525,0.019218710224589413,0.039633386477924956,2.4072321441975326
10,3,16,degenerate_pwm,0.8385162775052611,0.0002296029896544584,0.019217046612200864,0.03963600834198633,10446256.400566708
10,3,16,single_pwm,0.9365427954374986,0.0001757626828656655,0.019220299395617663,0.039629401706042816,6.094836383631954e+16
10,3,17,multi_pwm,0.0005125134275470623,0.0003394106294060258,0.03509677321044265,0.07396469360527003,2.4047869243593643
10,3,17,degenerate_pwm,1.0486909398742301,6.056386829981554e-05,0.03509594294368098,0.07414501191263648,11804055.28565346
10,3,17,single_pwm,0.936463204843291,0.0005392891527206101,0.035097737124818,0.0740288164915825,2.0246416394090572e+16
10,3,18,multi_pwm,0.0005347489629994775,0.0013980697175358203,0.03049641023042565,0.06859281926068342,2.404390128018006
10,3,18,degenerate_pwm,0.8731940169636547,0.0006779255554475659,0.030495743526198004,0.0686737262698986,5943193.9825414885
10,3,18,single_pwm,0.9361103362748207,0.0016577173201222967,0.030501204534432464,0.06901221325342496,2.354611526410256e+16
10,3,19,multi_pwm,0.0004950254301687884,0.00031465182087760617,0.03377992453117878,0.08085201362417266,2.4050063517652256
10,3,19,degenerate_pwm,1.0444668005103768,0.00021219819371417456,0.03377754083419028,0.08091648471427797,16382583.108517319
10,3,19,single_pwm,0.9367568156072382,0.00018029250369796339,0.03377756179625929,0.08077567951445216,1.3935351995186144e+16
10,3,20,multi_pwm,0.0005191328736368416,0.00048182128408225697,0.026078396796150222,0.051372542788125614,2.406497308451525
10,3,20,degenerate_pwm,1.0776797455311111,0.00011770269384202335,0.0260608439762155,0.05157154007713469,8596325.164115608
10,3,20,single_pwm,0.9369060114205979,0.00043525394242408444,0.02606178357657392,0.051623597234330174,3.761392159296998e+16
10,3,21,multi_pwm,0.00042584634906750354,0.0024709006423584198,0.038381730524211254,0.08370204667021863,2.405438972500048
10,3,21,degenerate_pwm,1.0501225618057122,0.0019505043780546772,0.038334650725120205,0.08356171931413497,8140665.813361745
10,3,21,single_pwm,0.9359191577910139,0.0018810010951179536,0.03833355620042864,0.08352658969456728,2.2459264653950196e+16
10,3,22,multi_pwm,0.0005530620243325751,0.00013333084820448638,0.032124162861119264,0.06820738850415407,2.405096504267035
10,3,22,degenerate_pwm,0.9900393248069917,0.0003165626990509554,0.032121337409639766,0.06807947992965516,11887823.056573184
10,3,22,single_pwm,0.9366132980406069,0.0006389742826895424,0.032122093743498586,0.06811495892701896,6.08751389032359e+16
10,3,23,multi_pwm,0.0005381802832417063,0.0013729903202359577,0.03796526735702027,0.08462611887577483,2.402650861382328
10,3,23,degenerate_pwm,1.2477749568000407,0.001404932909091729,0.03796032118945743,0.08455586283845465,9373328.308948684
10,3,23,single_pwm,0.9360759464313799,0.0013175664130816408,0.03796055443770876,0.08452666883374246,2.273703917131788e+16
10,3,24,multi_pwm,0.0004941393643777725,0.0003203221725070314,0.027495034285341224,0.060115892170577376,2.406106914143366
10,3,24,degenerate_pwm,1.157604817299343,0.00014810293896864982,0.027486981213745928,0.06044615646790499,20039055.75961177
10,3,24,single_pwm,0.9368031564888026,0.000435532117728018,0.027487110294837604,0.06038069149343733,1.819951104987913e+16
10,3,25,multi_pwm,0.0004676258500150989,0.0004999530428854745,0.032255935182832624,0.07024271068026623,2.406861824748184
10,3,25,degenerate_pwm,1.056370617570693,8.954573841507369e-05,0.03224337191434449,0.07044504999931259,17282340.861793656
10,3,25,single_pwm,0.9367118607762462,0.00017668255473638858,0.032243380833661364,0.07037909943977744,1.3200840523713552e+16
10,3,26,multi_pwm,0.0005696834661263037,0.0005527266997647938,0.024109854856694594,0.04886592278955934,2.404911986156082
10,3,26,degenerate_pwm,1.0606548361453294,8.045893806149188e-05,0.024090560646038522,0.0483362682817865,8420915.819994502
10,3,26,single_pwm,0.9369050163396826,0.0002797838035517061,0.024091710822477075,0.048242212694921904,2.0446541140517416e+16
10,3,27,multi_pwm,0.00039404816381692745,0.00026797677585457987,0.027906493986009098,0.051110466916461386,2.4055405711894173
10,3,27,degenerate_pwm,1.223451769338654,4.854364007907839e-05,0.02790373970911069,0.050972740065532825,11749657.501132075
10,3,27,single_pwm,0.9367473416367371,0.00017344647654656635,0.027903577256859036,0.05093852026312929,5.0159421946350344e+16
10,3,28,multi_pwm,0.0005555360619955058,0.00018890555401041272,0.025795831994629877,0.05969233011276343,2.4043233280188145
10,3,28,degenerate_pwm,0.9223985905232222,0.00012457842900070234,0.025794509617596717,0.05971394697549928,6157068.84373663
10,3,28,single_pwm,0.9366034431186556,6.233442082942647e-05,0.025793908425458527,0.059750774183312844,1.776200906453052e+16
10,3,29,multi_pwm,0.000555443383733487,0.0004704009769638999,0.02599695815665124,0.05761739128885339,2.4064777979301555
10,3,29,degenerate_pwm,1.0628444724983581,2.874577537619013e-05,0.025940411978017632,0.05682808746164782,12805896.798361212
10,3,29,single_pwm,0.9369250834740777,0.000531883700535986,0.0259428110295279,0.057109944860692125,1.5736772437692336e+16
10,3,30,multi_pwm,0.000499499174450482,0.00045077117622299863,0.028630871256375402,0.05644589945043846,2.4063246539482503
10,3,30,degenerate_pwm,0.9784928530603887,0.00023036963656238927,0.02862831453203384,0.05676415428314452,12755435.83256196
10,3,30,single_pwm,0.9368159573912301,0.0002510120049124901,0.028631524579366827,0.05684734432246079,3.5660036600928104e+16
10,3,31,multi_pwm,0.0005377194372799316,0.00017803281425586904,0.022450597992408925,0.04264660123359534,2.402953771119005
10,3,31,degenerate_pwm,0.9978488376873608,0.00014805482883374887,0.022429873877622655,0.04233451874611857,11892584.14198527
10,3,31,single_pwm,0.9367026916968282,0.0005843304578019184,0.022428734321621315,0.04222858139560731,2.090666996426691e+16
10,3,32,multi_pwm,0.000633397131908922,0.0002936025725323536,0.0382589460224662,0.08426687144396185,2.4074733854149963
10,3,32,degenerate_pwm,1.0040335213090155,0.00041789657709313365,0.038259050477980845,0.0839888194936759,9189065.846312614
10,3,32,single_pwm,0.9371126941196347,0.00011539895949125725,0.038260207769615376,0.08385895799435539,1.7843846081688182e+16
10,3,33,multi_pwm,0.0006857931372932667,0.0002901612266376555,0.03643903816787386,0.08382092556773138,2.4041769351209874
10,3,33,degenerate_pwm,0.9800311882893198,0.00042427804450484473,0.036427328386162375,0.08401676781263999,6315291.166769545
10,3,33,single_pwm,0.9369155799205898,0.0005262494870971225,0.036427058681101576,0.0839582376381456,1.5841432446426672e+16
10,3,34,multi_pwm,0.0004377367264188413,0.00023992177711171692,0.02714782874533531,0.05923686349523816,2.405147416027631
10,3,34,degenerate_pwm,1.0979937554107597,0.0005806103397112719,0.027127917609771193,0.05972615499996435,9438940.943829259
10,3,34,single_pwm,0.9369141580156525,0.0004284291988754696,0.02712647460682365,0.059643925438857305,6.936592310050362e+16
10,3,35,multi_pwm,0.0004944929595581979,0.0009170084460683427,0.025474888847498916,0.0632216714763242,2.403507315506474
10,3,35,degenerate_pwm,1.0636221813824687,0.0007967635610896568,0.02547693602665872,0.0631401171193701,16676657.54201787
10,3,35,single_pwm,0.9371260229623479,0.0007077925172441396,0.02547686032043417,0.06315539049513827,1.4388029498763006e+16
10,3,36,multi_pwm,0.0004384958638214548,0.0002889301148751873,0.03376989422011875,0.07000963593013863,2.405724773757395
10,3,36,degenerate_pwm,0.9918811743790645,0.0002515026416610585,0.03376922079761836,0.06998641632740224,9098065.69343126
10,3,36,single_pwm,0.9366092833375205,0.0003227949837013117,0.03376947697554253,0.06996215115331285,1.4074588174823568e+16
10,3,37,multi_pwm,0.0004876614859191297,0.0006484659501698655,0.029361709973766845,0.05812364663616401,2.407901991677206
10,3,37,degenerate_pwm,1.047475678817269,0.0003378495574695722,0.029265334656044046,0.05903659651079618,13455166.69172536
10,3,37,single_pwm,0.9371745069968379,0.0005754228412204956,0.029267156279167074,0.05923847753981192,2.2259158370884596e+16
10,3,38,multi_pwm,0.0004392758285535911,0.0005767771358589338,0.03771113629552729,0.0811693116401714,2.4075454968954455
10,3,38,degenerate_pwm,0.9797632152080719,6.206363754437994e-05,0.03757889005656243,0.08059808867523811,13676794.450202614
10,3,38,single_pwm,0.9366910403454061,0.00023487735858092137,0.03757969640534925,0.0807534756412702,2.965683499517763e+16
10,3,39,multi_pwm,0.0005850518744926841,0.00039984647149693474,0.03638659558893189,0.07993876340500772,2.4057743950082067
10,3,39,degenerate_pwm,1.147823072547379,0.00024651040383343444,0.036367821868725815,0.07953748968304131,7371683.640466229
10,3,39,single_pwm,0.9363323853301373,0.00011451623071440282,0.03636807131562206,0.07948140799140362,1.62213395338243e+16
10,3,40,multi_pwm,0.0005073284938454318,0.0002896359960832203,0.031982869198828645,0.06203596976067307,2.40631496880469
10,3,40,degenerate_pwm,1.062959570870347,0.00011794218955638005,0.031950594608895586,0.06136341475219704,9527738.288908165
10,3,40,single_pwm,0.9366286735043382,0.00025014656318246315,0.031950889450980464,0.06149288237966976,2.777215660807036e+16
10,3,41,multi_pwm,0.0005188794332603622,0.00022173670204460555,0.030825412962266815,0.06398408030276388,2.404792147273084
10,3,41,degenerate_pwm,1.17583611583578,0.00018334239967916972,0.030802582234101244,0.06357512690984765,12226194.296765275
10,3,41,single_pwm,0.9366677284653308,0.00034510624295485163,0.030803381547691546,0.06343133502269929,1.2245965138736332e+16
10,3,42,multi_pwm,0.00036656026417185116,0.00040913696482094346,0.037299342488824834,0.08734538017241902,2.406170372590132
10,3,42,degenerate_pwm,1.0403797253688674,0.0005574447720325768,0.037247181812861276,0.0866760566064356,13098517.16464339
10,3,42,single_pwm,0.9369787030921559,0.00022900751836817015,0.03724676993127398,0.08671074027583649,1.4307733264671548e+16
10,3,43,multi_pwm,0.0006227057424461722,0.0008706476765324438,0.038977819848288575,0.08356327316186149,2.404393233447223
10,3,43,degenerate_pwm,1.1383987059793625,0.0008671972144202438,0.0389693913769121,0.08361648511198061,9941059.874599531
10,3,43,single_pwm,0.9371650026324135,0.0006340035130769847,0.03897052868556371,0.08352981488020048,1.802212226562255e+16
10,3,44,multi_pwm,0.0006404402473233603,0.0004724990868289735,0.02720351801800638,0.0565878572821002,2.403867446970422
10,3,44,degenerate_pwm,1.5273117669190337,0.00019886579765600201,0.02715490774794135,0.05542919615780061,17499158.077873237
10,3,44,single_pwm,0.9370202324995116,0.0002641415214668144,0.027155797923827392,0.055540665971797534,2.9832094651547264e+16
10,3,45,multi_pwm,0.0005568572499782369,0.000418924474343117,0.02464968446945006,0.056294026249773345,2.4052861364175295
10,3,45,degenerate_pwm,0.9361064150225823,0.00010749159699150203,0.02462932373515403,0.056583613620747375,18220742.689317327
10,3,45,single_pwm,0.9370509416587577,0.0003441929195806149,0.0246305923617696,0.05645636895376226,2.2623223555673068e+16
10,3,46,multi_pwm,0.00047660878905466373,0.00017772102776158778,0.015684324535627323,0.03557787966114047,2.4053135506415666
10,3,46,degenerate_pwm,1.1230368284760381,0.00041521128247619117,0.01567982900735204,0.03568767361701508,9897404.65308097
10,3,46,single_pwm,0.937109544684298,0.0009335055040132178,0.015682940818415137,0.03558216266859162,1.708070350381497e+17
10,3,47,multi_pwm,0.0005515163631484703,0.0013334056123676709,0.03540446267319412,0.07802119204538888,2.403739531759552
10,3,47,degenerate_pwm,1.1408704009158226,0.0007217520268297577,0.03526262751151518,0.07809125680929424,11767636.797575079
10,3,47,single_pwm,0.9369509813428002,0.0010757512245910693,0.035262577700160704,0.07809569789354864,5.372709179935722e+16
10,3,48,multi_pwm,0.0005745127507767649,0.0006549922009210452,0.015378740528604225,0.033423226660013884,2.403550491735461
10,3,48,degenerate_pwm,0.9648962092942797,0.0001835965789718941,0.015160925670398236,0.033413162899438215,7443827.305842432
10,3,48,single_pwm,0.9363817752524053,0.0003810984559424831,0.015160515580231772,0.0334114657150991,2.4283566206302704e+16
10,3,49,multi_pwm,0.0007740385025887006,0.0007853098110914922,0.024268571717813395,0.0475179672252811,2.4066634581147692
10,3,49,degenerate_pwm,1.0244150253834903,0.0003233400778790946,0.024255821829799764,0.047513291051120565,7680923.810303023
10,3,49,single_pwm,0.9371278422231604,0.00017949921367960638,0.024256864196544208,0.04747748157402683,1.799814228597628e+16
10,3,50,multi_pwm,0.00046145577908705154,0.0001987160969380759,0.04016104232148361,0.08757707935300452,2.4064717646157634
10,3,50,degenerate_pwm,1.0843861986093635,4.72033579823619e-05,0.04015869803657609,0.08724862220609066,9048791.042589419
10,3,50,single_pwm,0.936591931239023,0.00023648741927541673,0.04016214913718162,0.08709166250304702,2.2830888433981916e+16
10,3,51,multi_pwm,0.0006957022489607016,0.0006339209135812975,0.031501109721742096,0.06947242119066746,2.4052582342126594
10,3,51,degenerate_pwm,1.0844751490333107,0.0003137923665790853,0.03137603375022419,0.06841172761231425,13829301.367734406
10,3,51,single_pwm,0.9368385189558401,0.0003103365880465909,0.03137807182196012,0.06834331350882197,1.6102523069859e+16
10,3,52,multi_pwm,0.0006575860607410503,0.0004438739315088421,0.02593786664915213,0.05343692146188393,2.4038894165061553
10,3,52,degenerate_pwm,1.1023863805860068,0.00021717676344140495,0.025851819403110977,0.05274280404752099,19921905.542704575
10,3,52,single_pwm,0.9363687776206718,0.0001832958440734029,0.025852569805058952,0.05275502199845623,1.7871856688022202e+16
10,3,53,multi_pwm,0.00041423493308025133,0.0009459232618942163,0.030902197018164428,0.0740075663995862,2.4048837869152075
10,3,53,degenerate_pwm,0.9520268254759913,0.0012951254990016166,0.030851217509478765,0.07399376005879613,4279345.66519967
10,3,53,single_pwm,0.936187292023615,0.0007643048430871477,0.030850860593122066,0.07394998806800082,5.530719366707848e+16
10,3,54,multi_pwm,0.0006267926105167481,0.0001707371362629341,0.025858084785675552,0.05009547895340159,2.405946579714783
10,3,54,degenerate_pwm,0.8864326390894257,0.0005411297145564496,0.025848900773406753,0.050147843998776816,7711414.79651344
10,3,54,single_pwm,0.9371234153872171,0.0002816407382230455,0.02584889398395489,0.05009615772784606,2.926923438508709e+16
10,3,55,multi_pwm,0.000570526995802469,0.0016014502365814612,0.03250084258181536,0.06447566036353108,2.4063015015047613
10,3,55,degenerate_pwm,0.9083682173923583,0.0013755224911089908,0.032496181947095165,0.06429565876668906,11121097.850988535
10,3,55,single_pwm,0.9371218987789924,0.0016497432481372158,0.03249754319259193,0.06438926351921749,1.9317604838339132e+16
10,3,56,multi_pwm,0.00038890874716347,0.00034011707760284274,0.038254722167452605,0.09074627573419594,2.4059794784006305
10,3,56,degenerate_pwm,1.0448653602035785,0.0002600333117571177,0.03823289111674831,0.0903859964632372,19702211.908432446
10,3,56,single_pwm,0.9365158361090687,0.00045592498587619933,0.03823365814750068,0.09042661138643565,1.6561317033348678e+16
10,3,57,multi_pwm,0.0006728373532987451,0.0009192019224541473,0.024809520112143692,0.055246046841881995,2.4052020481475944
10,3,57,degenerate_pwm,1.1400485162025342,0.0011207003207777666,0.02472429114722295,0.05639706183159292,19761470.06941135
10,3,57,single_pwm,0.9365016492111787,0.0015381308801621389,0.024727826407276162,0.05659979015840487,5.105737015689731e+16
10,3,58,multi_pwm,0.0004209442121691935,0.0002276157381982685,0.04147784899670036,0.09517695875789542,2.403685427533466
10,3,58,degenerate_pwm,0.9832338873520629,0.00019587446470098875,0.04147830420834694,0.09499310208190538,16282182.180852797
10,3,58,single_pwm,0.9369286635482176,0.00037307924129790463,0.041478569654781784,0.09504627084368253,1.8948952221189804e+16
10,3,59,multi_pwm,0.0004643748826998304,0.0009522060887083578,0.027964417824336726,0.06449293635370351,2.4047209051440945
10,3,59,degenerate_pwm,0.9728777233762842,0.0004446668442354474,0.02795640695429851,0.06467506676338125,5143686.635989165
10,3,59,single_pwm,0.936970427782523,0.0006315709975369195,0.02795628259009998,0.06466192817428508,7.297579289647006e+16
10,3,60,multi_pwm,0.0004919087632554066,0.0003866559252464979,0.02940864993005557,0.06973478886469367,2.4051063977249
10,3,60,degenerate_pwm,0.9879135123711005,0.00021406160184020225,0.029389441634725066,0.07016643746162371,9994918.869752126
10,3,60,single_pwm,0.9366230885613771,0.0008435970249941224,0.029392746297245635,0.06991973472690041,1.5606154733660072e+16
10,3,61,multi_pwm,0.0005570385337948122,0.000504801395201409,0.02891558762730092,0.07154810322510287,2.407089083537116
10,3,61,degenerate_pwm,0.9240470319539392,0.00017344911447920219,0.028796315671746692,0.07136598476491114,19283570.758531906
10,3,61,single_pwm,0.9367522285693226,0.0001318132301508921,0.028796855829265482,0.07136098433611132,1.6219898417329724e+16
10,3,62,multi_pwm,0.0005759293741179604,0.000173416988409382,0.027040552151893688,0.05362143389685811,2.4052434603615316
10,3,62,degenerate_pwm,1.0172676389660162,0.00028722283892456047,0.027038313347555812,0.05358364101905439,6285072.093456016
10,3,62,single_pwm,0.9368054322891867,0.00023419572732843243,0.02704078657087201,0.05366549820754898,7.328485721561138e+16
10,3,63,multi_pwm,0.000734050928055717,0.000507703654498199,0.04124247959722227,0.1006147456410083,2.4079981953111753
10,3,63,degenerate_pwm,1.0405831438989808,0.0003958048239212392,0.04120261122040353,0.10054910869302916,7204921.22561523
10,3,63,single_pwm,0.9364933615515674,0.00014931514715740756,0.04120264860416588,0.10050890979594004,2.111309985742695e+16
10,3,64,multi_pwm,0.0005950642188824374,0.0005012909245439598,0.03533665473439028,0.07795224636071106,2.405753810889199
10,3,64,degenerate_pwm,0.9983551958883733,0.00037029627992386154,0.03523060971057941,0.0768460891041586,12844799.360568281
10,3,64,single_pwm,0.9365934365854612,0.00010255114264287347,0.035231097379315686,0.07684273376424783,2.269548979572315e+16
10,3,65,multi_pwm,0.00046683227740543703,0.0003483639739040714,0.02320204913999876,0.05414778869361778,2.403256936351636
10,3,65,degenerate_pwm,0.9598465294417438,9.181337739242212e-05,0.023174710359742525,0.05444999873767872,5741273.916095088
10,3,65,single_pwm,0.9368268770867539,0.00025188048983563436,0.02317496150748685,0.05431643344214462,2.2504621342108988e+16
10,3,66,multi_pwm,0.0006686660626333008,0.0007112972984603238,0.033276786381336874,0.0722404727755057,2.403737217499194
10,3,66,degenerate_pwm,0.9898325203796478,0.00013046939279207144,0.03311830207889199,0.07202956409349433,8804811.708176263
10,3,66,single_pwm,0.9362927861912941,0.00018494515295571968,0.033118611856219136,0.07201084671299035,1.6145960479620036e+16
10,3,67,multi_pwm,0.0004570033157257915,0.00044385200830850054,0.021084284335877744,0.045555136988845696,2.4058240730125315
10,3,67,degenerate_pwm,0.9954685185432693,0.00020317354721741338,0.020962674711562265,0.044678230739662914,5495953.975810317
10,3,67,single_pwm,0.9368190464557017,0.0001229665179212053,0.020963304116288863,0.04474864239194,1.7987864454537832e+16
10,3,68,multi_pwm,0.0005140034385511627,0.0006302863272848586,0.018548150426524693,0.04170461307651502,2.4044459863746264
10,3,68,degenerate_pwm,1.1518241390694783,0.0001467685466739023,0.018527737732021217,0.04165692116057236,16862248.719147354
10,3,68,single_pwm,0.936973984855231,4.188356228677337e-05,0.018528018646258863,0.0416906061214338,1.445709544098115e+16
10,3,69,multi_pwm,0.0005430322800478351,0.0006359956820516266,0.031667446842983435,0.06620326506767896,2.405055069756897
10,3,69,degenerate_pwm,1.2074671371214785,0.0007476939391097581,0.03164832237239451,0.066182003226228,14688603.267046303
10,3,69,single_pwm,0.9368722530152989,0.00032721015020050766,0.03164931652662323,0.06618296949344789,1.4432918545576386e+16
10,3,70,multi_pwm,0.0004402728249546709,0.001645405535732187,0.02747691761534837,0.06039385105730683,2.404743709146517
10,3,70,degenerate_pwm,1.1877574714322177,0.0019955568030379425,0.027450097730869222,0.06075499688959119,12078373.39330951
10,3,70,single_pwm,0.9371969944072032,0.002014228535216728,0.027450118869353574,0.06076580398031327,2.7053397992895052e+16
10,3,71,multi_pwm,0.0005553966692594948,0.000661123646647678,0.03673394361739242,0.08252520548500647,2.4044328932689094
10,3,71,degenerate_pwm,1.04354779436491,3.886129706680081e-05,0.03671407891043428,0.08144071136280567,9569983.857675152
10,3,71,single_pwm,0.9367864547922463,0.00022810669881356623,0.03671322787928888,0.08160207798098353,1.971388080909188e+16
10,3,72,multi_pwm,0.0006325032409383925,0.000596327124060595,0.02574384275718693,0.057844264638543516,2.4049721719240607
10,3,72,degenerate_pwm,1.3256189040753896,0.0005773006377847141,0.025744066957981055,0.057953966376732696,31488570.03015448
10,3,72,single_pwm,0.9370574097544331,0.00011739222172896732,0.025746149865399345,0.05804758105785677,1.644335801837842e+16
10,3,73,multi_pwm,0.000548484471981712,0.00042528006547511746,0.025832115146102674,0.05749207728919381,2.406872005643772
10,3,73,degenerate_pwm,1.0003661559181602,0.0009481593865067106,0.02582642236105088,0.05746483879314378,11541779.911290044
10,3,73,single_pwm,0.937019062745548,5.669617016230649e-05,0.025827849824941025,0.05753038889382016,5.294484695407113e+16
10,3,74,multi_pwm,0.0005145862353743699,0.0022366710963155744,0.021073992776866574,0.044631402961873956,2.4036701139199343
10,3,74,degenerate_pwm,0.9340312801321878,0.002351611579199963,0.021049889565260303,0.04516447931669238,10255069.098553766
10,3,74,single_pwm,0.9372767046000264,0.002044275882471161,0.021049282985604593,0.0451333486422468,1.6191600643048908e+16
10,3,75,multi_pwm,0.0004251242208719782,0.0010239622690696654,0.034163610690883965,0.0828100460687688,2.403894425082901
10,3,75,degenerate_pwm,1.284093287274161,0.0010332900615945813,0.03405826412104628,0.08212753877120899,11014767.612022681
10,3,75,single_pwm,0.9363318334171487,0.0009782346993157988,0.0340572226605602,0.08208342994201301,2.286942053675487e+16
10,3,76,multi_pwm,0.0006136266459851296,0.0012088745778442496,0.03740265213163634,0.083315004533022,2.4051835966475923
10,3,76,degenerate_pwm,1.039446446729798,0.0016426986766470955,0.03734222516020662,0.08265682995313381,9397482.888315478
10,3,76,single_pwm,0.9370936385460326,0.001349998387811117,0.03734203705735056,0.08265810019809063,2.0478153719466732e+16
10,3,77,multi_pwm,0.0005766111824837352,0.0009349575459094136,0.027914762184471788,0.06372943525298082,2.4042941131162228
10,3,77,degenerate_pwm,1.1635647556646431,0.0009741400613113115,0.027908880873153064,0.06351766782823973,7783311.695263227
10,3,77,single_pwm,0.9371630075084636,0.00031051883661722957,0.02790957723439769,0.06358598913879254,2.115743775431856e+16
10,3,78,multi_pwm,0.0005192918262737412,8.21032275653967e-05,0.04061950696848757,0.09691120570426026,2.404028413690049
10,3,78,degenerate_pwm,0.9232126997745297,0.00010305590446084499,0.04061875369884595,0.09684367209994592,7091275.817344867
10,3,78,single_pwm,0.9367408498556627,0.00018326808030715635,0.040622288104208405,0.09701557811576327,1.035655677636423e+17
10,3,79,multi_pwm,0.00048278242593256907,0.0016204669794906866,0.04083065247324758,0.08259872257861953,2.405336321583688
10,3,79,degenerate_pwm,1.0523387273591656,0.0016119286000236004,0.0408290720493026,0.0825660774498918,10393971.044361463
10,3,79,single_pwm,0.9362822814063337,0.0006344281784604965,0.040829232539681945,0.0825185507416179,2.7705622907536864e+16
10,3,80,multi_pwm,0.0005093403034762342,0.0003094542554698798,0.03184152016862767,0.07063133689977617,2.405321936812494
10,3,80,degenerate_pwm,0.8802401586665194,0.0002680563061118201,0.03184144645110729,0.07072230191421741,7328092.529673981
10,3,80,single_pwm,0.9366785781221656,0.00021000559476129775,0.03184063994429224,0.07068210404896325,6.776412451768676e+16
10,3,81,multi_pwm,0.0006196249032824747,0.00020764603408232875,0.029662593282352573,0.06087364886149822,2.404424080669441
10,3,81,degenerate_pwm,1.0032604896833348,0.00015626746977302853,0.029660361039479832,0.060737461225273945,9977043.739957776
10,3,81,single_pwm,0.9370238273705985,0.0008832593809460733,0.029663880199109996,0.06085948231850022,3.2482564106665388e+16
10,3,82,multi_pwm,0.0004886816803126361,0.0010633255432591089,0.03814771753511669,0.08791115914717965,2.4051268416450995
10,3,82,degenerate_pwm,1.0915208082686843,0.0009269299886643217,0.038140745432045084,0.08776313780173167,24963746.519277774
10,3,82,single_pwm,0.9371543287404751,0.0009411770992794179,0.03813967720161767,0.08778095671051597,1.4589022285779246e+16
10,3,83,multi_pwm,0.0005725973092612863,0.00019309286689407924,0.03471455277658533,0.07586759136554933,2.4061549875223602
10,3,83,degenerate_pwm,1.030973688782968,0.00016576742627810384,0.03470775616707655,0.07587482491075423,3394970.9923452125
10,3,83,single_pwm,0.9366548649197244,0.00017879079917780392,0.03470772580700937,0.07587515155907229,1.848703375574641e+16
10,3,84,multi_pwm,0.00042782958093772275,0.0007109422936294672,0.023982628711406433,0.05184771849284128,2.4035079410096722
10,3,84,degenerate_pwm,1.0472074386925188,0.0008396470838263086,0.02397728076599769,0.05168254621366045,26268876.989930004
10,3,84,single_pwm,0.9366090029341239,0.00020989521078976255,0.02397734340665012,0.05157553688075814,2.165177618536176e+16
10,3,85,multi_pwm,0.0005532226641503622,0.002988264824096498,0.029060783651532786,0.05846187497654382,2.4044730453602865
10,3,85,degenerate_pwm,1.0691427093443884,0.002859460972237772,0.029056242513470498,0.05883715825293259,5296037.803632202
10,3,85,single_pwm,0.9360319701449047,0.002710203684941093,0.02905539902642307,0.05879969955281334,1.7977193109991964e+16
10,3,86,multi_pwm,0.0004587662654387452,0.0003927448252718286,0.033475493459226055,0.07562164718620432,2.4042558733402424
10,3,86,degenerate_pwm,1.075110360454057,6.805443199125392e-05,0.03344636966545188,0.0749556983228796,6907009.548857568
10,3,86,single_pwm,0.9369947245847228,0.0001746961067680664,0.03344626432432691,0.07507854102404478,6.466031925648106e+16
10,3,87,multi_pwm,0.00042007228511004897,0.0019744857763748127,0.036842297905311336,0.0771673644985433,2.405313459933033
10,3,87,degenerate_pwm,1.0344481346253276,0.001749696089836202,0.03674548942347323,0.07612893034648094,10423323.415112652
10,3,87,single_pwm,0.9373229289481112,0.001761889361726209,0.03674478898167267,0.07615937246473911,1.8826972292933604e+16
10,3,88,multi_pwm,0.00037714217678572757,0.0003592409167441501,0.03487426681574525,0.07521100391654763,2.404517733491968
10,3,88,degenerate_pwm,1.1051237768227007,3.291223821086456e-05,0.034872303827041505,0.07524777938600791,10114296.28700209
10,3,88,single_pwm,0.9367321221089818,0.0003299358052127311,0.034872831977606565,0.07526049688351939,3.274407785641985e+16
10,3,89,multi_pwm,0.0004340371883597791,0.004124395946522791,0.02822845999094063,0.06249665216485856,2.4065999909965328
10,3,89,degenerate_pwm,1.2140472144400156,0.004554988615702244,0.028210778432335545,0.062923083365324,14612846.524875851
10,3,89,single_pwm,0.9373636843353285,0.004822249972506442,0.028211086010760823,0.06290268584532753,1.345266617763993e+16
10,3,90,multi_pwm,0.0004910391019004824,0.0003253423294764109,0.011953760386902015,0.027850571616151697,2.405118216470644
10,3,90,degenerate_pwm,1.0793229065578487,0.0001335305053708562,0.011878957624745912,0.027457289917066856,28394664.756232575
10,3,90,single_pwm,0.9369311165213574,0.0009046696120402124,0.01187908523268012,0.027414494256031888,1.8108226799301252e+16
10,3,91,multi_pwm,0.000503571826076318,0.00028930214836575953,0.031729588587288214,0.06550331083516443,2.4063951287555976
10,3,91,degenerate_pwm,0.6969407040321018,7.137468805403715e-05,0.0316989462349783,0.06552297678893398,6844152.2478528805
10,3,91,single_pwm,0.9368144141075102,6.411558454910953e-05,0.03169921632470436,0.06552222163200669,2.1975514875462348e+16
10,3,92,multi_pwm,0.0006037065911698227,0.000545073225203404,0.03005602284588969,0.06911200617512686,2.4037364767884837
10,3,92,degenerate_pwm,1.0819073924707736,1.7434745908984192e-05,0.02999587102295601,0.06910072452583668,13963644.498790441
10,3,92,single_pwm,0.9365045059560292,0.00031533061042863153,0.029996789447553962,0.0690662322951957,1.8959064322190396e+16
10,3,93,multi_pwm,0.0005201311982723284,0.000480097197713724,0.03541568997665961,0.07663633998150905,2.404779931179474
10,3,93,degenerate_pwm,1.1286638034136744,0.00023679574296728309,0.035322893991726785,0.07559051137526171,7835752.647679492
10,3,93,single_pwm,0.9364714858679037,0.00017320322977489686,0.035322634111394746,0.0756517981414118,3.1666355176265616e+16
10,3,94,multi_pwm,0.0004932286564117529,0.0005112208467870784,0.03437018908540618,0.0731632912326542,2.40622396499506
10,3,94,degenerate_pwm,0.9960096223267147,0.000151467884029051,0.034300117567343615,0.073091975156703,10222211.13423683
10,3,94,single_pwm,0.9367361898879176,0.0005321990259435243,0.034301865913100305,0.07306743781355579,2.0688594906175664e+16
10,3,95,multi_pwm,0.0008038469615213257,0.0013275631622203334,0.027028439594372938,0.061071218761134916,2.406978694143721
10,3,95,degenerate_pwm,1.0899390010086156,0.0007198221152531179,0.02702884796602331,0.060919885449176384,14416973.25456089
10,3,95,single_pwm,0.9362358100003506,0.00041955585879981203,0.02703193396091546,0.0608159137689024,1.5651950649175072e+16
10,3,96,multi_pwm,0.0005259383740072809,0.0006179355989674402,0.0264805289499968,0.05616682915565549,2.4047525200894286
10,3,96,degenerate_pwm,1.029277611809451,5.817698353369239e-05,0.026459043519804958,0.05616761795316266,9459204.73364909
10,3,96,single_pwm,0.9364565288617355,0.00036089648700141926,0.026459117765765972,0.05618350000376074,2.7424071284074972e+16
10,3,97,multi_pwm,0.0005537934812548367,0.0011902862933964786,0.029512758972544257,0.06702532941953161,2.404828162369686
10,3,97,degenerate_pwm,1.2503013165991426,0.0017118265318754467,0.029511822690824457,0.06699711724489824,14560258.298050625
10,3,97,single_pwm,0.9371143806286497,0.0006396005875638658,0.029512679149826797,0.06710590374773345,1.832199923682638e+17
10,3,98,multi_pwm,0.00046605883256056925,0.0011420429785320518,0.024355238467746742,0.052807811021005346,2.404022111858947
10,3,98,degenerate_pwm,1.227323956828952,0.0008246674658886022,0.0243520026670741,0.052592406655627755,8471777.933761463
10,3,98,single_pwm,0.9365251580841285,0.0009141303119946692,0.024354223901858096,0.05273973241947781,3.8255144161212776e+16
10,3,99,multi_pwm,0.0004411377716933496,9.40832023860203e-05,0.029817432552611104,0.06393024777927375,2.405570822707455
10,3,99,degenerate_pwm,0.9849683250552672,0.0003886795601399245,0.02981742513607353,0.06390837398252741,25718206.669996306
10,3,99,single_pwm,0.9368527870059817,0.00025780635220783133,0.029818659853835756,0.06390931456603527,1.864807421624047e+16
10,4,0,multi_pwm,0.00042403308726220526,0.0008366437764000158,0.0216396609974728,0.04920180316426206,2.4029731824359297
10,4,0,degenerate_pwm,0.9416681917583754,0.0007391151881038586,0.02162219573421109,0.04923926139609624,11517605.698865378
10,4,0,single_pwm,0.9372426749455087,0.0013036228588577396,0.021619173216339396,0.04914636432238946,1.7983909961905228e+16
10,4,1,multi_pwm,0.0005603169348556865,0.0002663058682196953,0.03212136156087058,0.06282536695767091,2.4028714202902286
10,4,1,degenerate_pwm,1.1256512729673402,0.0001609623145765595,0.03210103430663818,0.06260709611358481,7249357.666447179
10,4,1,single_pwm,0.9367266854658313,0.0002781063947394551,0.03210082599825128,0.0626148391483849,1.8318239408931076e+16
10,4,2,multi_pwm,0.0006402902246766258,0.002124592766759854,0.036944405639747456,0.08203774343158562,2.4056837483783164
10,4,2,degenerate_pwm,1.0297461232902045,0.0022928665854484416,0.03694362834121254,0.08215466364488493,10511550.281200971
10,4,2,single_pwm,0.9359939825601699,0.0014948153937933038,0.036946994718034976,0.08224610243406924,1.7459351074170868e+16
10,4,3,multi_pwm,0.0003984766405878685,0.0006490219969683716,0.027945866498371,0.061861661230029265,2.4045738710684716
10,4,3,degenerate_pwm,1.0785667192000725,0.000795712053964145,0.027890736541247057,0.062024048411570804,11457847.271032577
10,4,3,single_pwm,0.936218282105607,0.0012267093073735592,0.027890592429298734,0.06205865214541026,1.4514230690130076e+16
10,4,4,multi_pwm,0.0005398059121828215,0.0005642527729661889,0.04110701298930419,0.09210243723903808,2.4053799920027954
10,4,4,degenerate_pwm,1.184768241389364,0.00029138257238155364,0.041074622571519157,0.09214426306420961,11788734.671926185
10,4,4,single_pwm,0.9366141472781246,0.0007256433789385663,0.04107761617560344,0.09215359326982296,1.0661913406655898e+17
10,4,5,multi_pwm,0.0004456908378478875,0.0004029907838071297,0.03242098444996766,0.07010989984308162,2.4057942480317083
10,4,5,degenerate_pwm,0.9488510812523703,0.00015804698838529354,0.032402298221389236,0.06970892882741803,13264539.410136888
10,4,5,single_pwm,0.9365524337296385,0.0002548736825404689,0.03240535483112007,0.06953374693546313,1.2308044154401138e+16
10,4,6,multi_pwm,0.0007920417395823117,0.00039159878997086113,0.02784226103393109,0.06195908979775003,2.401831099986036
10,4,6,degenerate_pwm,1.0713555315696688,0.0001465334496467991,0.027793445151564327,0.06198041496244912,11373524.469154835
10,4,6,single_pwm,0.936795468594262,9.054716620344689e-05,0.027793495912603886,0.062014763612763174,1.9183599882316316e+16
10,4,7,multi_pwm,0.0005680332849904068,0.00024425713683109523,0.03784144952585121,0.08804650084012389,2.4072513017065154
10,4,7,degenerate_pwm,1.3001172646510386,5.1002047986804645e-05,0.03783479217519611,0.08835273836068314,7976000.543363303
10,4,7,single_pwm,0.9366588124294614,0.00031208285636774585,0.037834825801406125,0.08835299233333217,2.289232493483664e+16
10,4,8,multi_pwm,0.0005446135444904137,0.00037627363974425073,0.029487729093510096,0.07034935646946149,2.4062216478872163
10,4,8,degenerate_pwm,1.1260364848203925,0.00019333728415990573,0.029428173484445402,0.06878753363343432,8734381.548518017
10,4,8,single_pwm,0.9370827098647274,3.314292860486239e-05,0.029426969498098858,0.06886565708944643,1.5651512090037056e+16
10,4,9,multi_pwm,0.00043891607146687384,0.0010448587788663521,0.042911588245343524,0.10382214436924868,2.4073895551818034
10,4,9,degenerate_pwm,1.0752361314660288,0.0006348912429468975,0.04288840445835828,0.10393275311337175,11820355.87029832
10,4,9,single_pwm,0.9371227820454232,0.0008799128716208144,0.042888024409931697,0.10391120950764374,1.812422917159641e+16
10,4,10,multi_pwm,0.0006124189929733361,0.0017912834034786967,0.038172996690625204,0.09496376091025646,2.406410470122161
10,4,10,degenerate_pwm,1.0767463850317418,0.0013765019923849852,0.03814640069492619,0.09522981278017763,13305876.95060141
10,4,10,single_pwm,0.9362503944237672,0.0012043544694012465,0.038145021980903124,0.09526763262123197,2.2733753527362544e+16
10,4,11,multi_pwm,0.0004751548699081496,0.0013296969780084624,0.02093365060563273,0.047030171995876,2.405048216196571
10,4,11,degenerate_pwm,1.1987529478469892,0.0007745383364999502,0.02073409126629051,0.04700281089963723,5447379.452804832
10,4,11,single_pwm,0.9370665458489528,0.0008290150509436922,0.02073749734271471,0.04700388746937266,8.304189471555141e+16
10,4,12,multi_pwm,0.0006628961676976436,0.0004703250817349775,0.02942089852736021,0.06821596111469339,2.4054081282048925
10,4,12,degenerate_pwm,1.0127691904573566,0.0001493952281016171,0.0293403221907364,0.06714985991486197,8483001.024933543
10,4,12,single_pwm,0.9367215746984113,0.00047565779362468267,0.02934153793713341,0.06714061874523387,1.4179799008054076e+16
10,4,13,multi_pwm,0.0005445365606296203,0.0012110524567682385,0.03015301271232501,0.06399287601796354,2.40317092984903
10,4,13,degenerate_pwm,0.9167094304553417,0.0010045846846435768,0.030087230835440685,0.06390301903009153,10862371.723764135
10,4,13,single_pwm,0.9360616397690397,0.0006307885170305124,0.030088563691030613,0.06389186555125478,3.642723921545936e+16
10,4,14,multi_pwm,0.0005469644475539234,0.00045354632976303517,0.028384218798344553,0.06831172262664142,2.404422557533863
10,4,14,degenerate_pwm,0.9728481027902786,0.0002633009142985827,0.028344897124280056,0.06828212009514609,7304678.514428416
10,4,14,single_pwm,0.9368729809345755,0.0003878772267145623,0.028344954220103656,0.06827970593306452,1.5983169242849388e+16
10,4,15,multi_pwm,0.0006625864223437665,0.0003782782116968211,0.0343053470701576,0.08183410204603997,2.4072435759829163
10,4,15,degenerate_pwm,1.3041049167382286,0.00037462461175841687,0.03425510737738743,0.0818295282039462,26400251.02971545
10,4,15,single_pwm,0.936808216415471,0.00011389411184358378,0.03425522326623235,0.08182903779670747,1.6185266475502504e+16
10,4,16,multi_pwm,0.0005813265711468057,0.0036427545384347436,0.02518978124270526,0.052260434060070415,2.406616708255866
10,4,16,degenerate_pwm,1.0039659160416838,0.003725405977671651,0.02518285287566344,0.05270709373342273,13025570.209630538
10,4,16,single_pwm,0.9374433618366207,0.0033204701130633975,0.025184451524850583,0.052841630065515156,1.8066672532728656e+16
10,4,17,multi_pwm,0.0006535042463306663,0.00048503014460456764,0.022118976894529505,0.05403460941351074,2.404139491323876
10,4,17,degenerate_pwm,0.9527150626768021,0.00011993290592714714,0.021992618986826938,0.05323167480471021,13783214.436207192
10,4,17,single_pwm,0.9365174825134464,0.0002279897683940396,0.022001012375440433,0.05342934342374366,5.391406179652871e+16
10,4,18,multi_pwm,0.0003636382912392116,0.0011323824357873068,0.016375569415377468,0.03521976767189437,2.4051010630751994
10,4,18,degenerate_pwm,1.009742831972858,0.001674889634386163,0.01633538125667483,0.03569750474251966,9087200.367057715
10,4,18,single_pwm,0.937171809459441,0.0019791080637738914,0.016338879335908645,0.035819505572362846,2.846875590970473e+16
10,4,19,multi_pwm,0.0007773056659398505,0.0009302042485519426,0.031910583665795,0.06822590902250565,2.4075152892751754
10,4,19,degenerate_pwm,1.1364994077031305,0.00037180795559236477,0.03190533362041763,0.06844350751987971,9513588.984851912
10,4,19,single_pwm,0.9363594964754381,0.00023302287580848817,0.031905594160213366,0.0684549182573963,1.8713091746305704e+16
10,4,20,multi_pwm,0.0005821866433567574,0.0005176402728207402,0.029265205259382424,0.06718341716981499,2.402993284094833
10,4,20,degenerate_pwm,1.0981043663179728,0.00031740620911937194,0.029141457355625577,0.0682257958447526,13208163.176852874
10,4,20,single_pwm,0.9364936158521528,0.00036761555236480663,0.02914152416840855,0.06824156955949609,2.323854148028304e+16
10,4,21,multi_pwm,0.000548143534674317,0.0002073946596320658,0.030943472795466956,0.06819656783839503,2.405824580345017
10,4,21,degenerate_pwm,0.9171917891343054,4.465553547188556e-05,0.030933030310793884,0.06870630800530157,24449608.34420552
10,4,21,single_pwm,0.9365835585445489,0.0002745244947888608,0.030931667844318007,0.0686734901617442,1.373593669309068e+16
10,4,22,multi_pwm,0.0004871560158495286,0.0004805225899357422,0.03605238152491881,0.08203946648513702,2.4046744425527273
10,4,22,degenerate_pwm,0.8244990660329102,0.00023900993419518864,0.036020842622662606,0.08147364778277179,4699878.210311165
10,4,22,single_pwm,0.9367731087071062,0.0005799665884174001,0.036026078330106924,0.08162742345691966,1.9903076337335644e+16
10,4,23,multi_pwm,0.00045601220045687766,0.0011881371924501653,0.03006662187927881,0.0634923370301639,2.406235039684909
10,4,23,degenerate_pwm,1.3337346172376554,0.0007651893319679737,0.02983449902733012,0.063376642686899,17620404.40405143
10,4,23,single_pwm,0.93714536585446,0.001936882188762639,0.029834816055185783,0.0632493699344978,1.8089042542807804e+16
10,4,24,multi_pwm,0.00041637361947327584,0.0018101871259661156,0.03574379345007466,0.07688955990125765,2.404827569104534
10,4,24,degenerate_pwm,0.9614911663715359,0.001728857229339666,0.03572197954290705,0.07741472524126597,9948630.352603894
10,4,24,single_pwm,0.9369656722966393,0.0011225159890810553,0.035722235435905754,0.07735681322046316,1.280651317903936e+16
10,4,25,multi_pwm,0.0005522560856129308,0.0024148169477525173,0.03166603057487667,0.06714402580026878,2.405347970347111
10,4,25,degenerate_pwm,0.9772832382437135,0.002140401958246225,0.03165105279662774,0.06662555019000167,7158128.401783945
10,4,25,single_pwm,0.9359190387927421,0.002562626636594743,0.03165117087776874,0.0663875590785744,1.8077133604603224e+16
10,4,26,multi_pwm,0.0005660980608536937,0.0008293444068384961,0.0334575757858443,0.07122771655245527,2.405086806233972
10,4,26,degenerate_pwm,0.9141001256934003,0.0001868005347418951,0.0330909580622413,0.07296377709265801,8486740.507170187
10,4,26,single_pwm,0.9367258703743883,0.0009187804109739621,0.033091889653104625,0.072828091547272,1.7735228875657356e+16
10,4,27,multi_pwm,0.000526166387976939,0.00033192922615561974,0.03595654171735365,0.07258177789222285,2.4070058608934652
10,4,27,degenerate_pwm,1.0705054328165202,2.6809146009947968e-05,0.03595638648397422,0.07255134604549784,17772104.56719001
10,4,27,single_pwm,0.9369476348253266,0.000228975934709785,0.035956256868069456,0.07246554889779944,4.127034739760845e+16
10,4,28,multi_pwm,0.0005201942534550937,0.00047717780287819873,0.03216130179707692,0.06645219975693889,2.4078950711662284
10,4,28,degenerate_pwm,1.1684397037221563,5.10235217915944e-05,0.032152833849363904,0.06596242866279536,15505345.262800079
10,4,28,single_pwm,0.9369442903151745,0.00010725593777184788,0.03215264976466673,0.06598697073010498,8.11260111812923e+16
10,4,29,multi_pwm,0.0005597209036062096,0.00029036187147285476,0.03973204698734024,0.0929050360524322,2.4039818325565547
10,4,29,degenerate_pwm,1.0593612521823725,0.0002442775735756354,0.03970945253215086,0.09298733767632954,10459028.963687306
10,4,29,single_pwm,0.9368110222856394,0.0004765751357551553,0.03970817279741447,0.09299709217928732,1.435729904241166e+16
10,4,30,multi_pwm,0.0006908541137369676,0.0005284582694275186,0.032512393280636834,0.06074131212030219,2.405596725187038
10,4,30,degenerate_pwm,1.0115299264126194,0.0003071223421772471,0.03241017186102279,0.06090774913548293,11136689.521053327
10,4,30,single_pwm,0.9369667997827427,0.0002617377312421258,0.03241146419916194,0.06079467243320287,1.4269376645245166e+16
10,4,31,multi_pwm,0.000564805764546631,0.0016161974670968714,0.035572864455524586,0.07966148189616247,2.407710000175227
10,4,31,degenerate_pwm,0.9959233220552977,0.0015566489310225049,0.03557376864792201,0.0796386316564093,12490078.586819079
10,4,31,single_pwm,0.937110615754298,0.0019431785223228664,0.03557536433236766,0.0796410521975306,1.5347243107794304e+17
10,4,32,multi_pwm,0.0005846072989361877,0.0016605814893817306,0.03679183767338648,0.07736021654989589,2.4058235711167018
10,4,32,degenerate_pwm,1.1721117505995906,0.001288721151099811,0.03675869780409508,0.0782542731543358,7447632.222075673
10,4,32,single_pwm,0.9372290850589001,0.002101299415688714,0.03675594428237597,0.07805867688227178,1.6191506736345864e+16
10,4,33,multi_pwm,0.0006510036239264758,0.00041142163991652106,0.022041892249435993,0.048383826470378616,2.406412844916154
10,4,33,degenerate_pwm,0.9298728823993326,0.00019732435870812426,0.021964636756507776,0.04918521166573213,4421863.728370733
10,4,33,single_pwm,0.9366898946682745,0.000268318063984747,0.02196732002022266,0.04901409838408241,1.193600866522302e+16
10,4,34,multi_pwm,0.0006219744792376479,0.0003648390785000305,0.02771630518484691,0.05740292202207404,2.4055355039004995
10,4,34,degenerate_pwm,1.488830595772612,5.270326597217655e-05,0.02771197180029085,0.05742691944713153,12339401.703999272
10,4,34,single_pwm,0.9365617311217336,0.0002892405427572925,0.027712051958329677,0.05749828064904445,1.517143941441364e+17
10,4,35,multi_pwm,0.0005051001799932108,0.000224000578525221,0.02032276147653394,0.042367095756969377,2.4045596516579897
10,4,35,degenerate_pwm,0.7863369741530921,0.000323614469110729,0.02029970294476387,0.042737798460671994,6588704.47197838
10,4,35,single_pwm,0.9368513459760689,0.00046995143442614244,0.020299174833322123,0.042671191378461704,6.618917974061144e+16
10,4,36,multi_pwm,0.0005224604934328798,0.0008390186900066332,0.029859478125264453,0.06083346608666599,2.4035905518068996
10,4,36,degenerate_pwm,1.0195987821585226,0.0005140674787425546,0.02985186424911109,0.061038530353964754,9296396.812816126
10,4,36,single_pwm,0.9369187260776836,0.0006338768502878042,0.029851897804899264,0.06107770144115439,2.08295769056034e+16
10,4,37,multi_pwm,0.0004034418943525564,0.001770974467181944,0.036241478251788736,0.08115353216057286,2.407393662785659
10,4,37,degenerate_pwm,1.117784407706798,0.0016295650006926087,0.03624203399899278,0.081240518959324,16696778.943449853
10,4,37,single_pwm,0.9371969648334564,0.0016978290785440813,0.03624150519883534,0.08118819586008859,2.737352038785299e+16
10,4,38,multi_pwm,0.0005171070987413423,0.0006095956044326271,0.037440193629756396,0.08281156962139202,2.4061113373630163
10,4,38,degenerate_pwm,1.3707903412739972,0.000300834142262076,0.03741995271777508,0.08221045436481841,17656973.580325216
10,4,38,single_pwm,0.9363793997848774,0.00024916760188432527,0.03742073007815622,0.08229292415029546,1.466256521832942e+16
10,4,39,multi_pwm,0.0005270895233849218,0.0004905266756710925,0.024142585106035792,0.05021866941284064,2.404712579658725
10,4,39,degenerate_pwm,1.1626589734648272,0.00023767472535902984,0.024136024496320043,0.050222257696843076,7717272.960331345
10,4,39,single_pwm,0.936466008666207,9.7326924779262e-05,0.02413562950589327,0.050207251216924334,1.6231748570077096e+16
10,4,40,multi_pwm,0.0005825821958604535,0.000522646816661073,0.03347929876092709,0.07163342063614699,2.407872482524923
10,4,40,degenerate_pwm,1.0611513016551948,8.833835707228491e-05,0.03347549119708893,0.07154179693515213,10143398.032637034
10,4,40,single_pwm,0.9367134718755452,0.0002705441009908703,0.03347557634849769,0.07151320103271995,1.710847127391714e+16
10,4,41,multi_pwm,0.0005781760410308459,0.000520141481992471,0.041755675813759455,0.08813981969082815,2.403151669665846
10,4,41,degenerate_pwm,0.9579416210466379,0.00014210355429816477,0.04173991352789611,0.08828922011465219,7547241.201332876
10,4,41,single_pwm,0.9367554209860337,0.0002882417125079311,0.04173991897392246,0.0883124036988816,5.652418274266763e+16
10,4,42,multi_pwm,0.0006623184901056013,0.0003994455487620009,0.035272643260003664,0.07617965932433482,2.405110452668448
10,4,42,degenerate_pwm,1.2818662581780855,0.00016756979031090096,0.03522429507333078,0.07735617583888303,12396291.87592557
10,4,42,single_pwm,0.9363627313442158,0.00012053557050780908,0.03522225764410636,0.07707573858489078,4.399419087432647e+16
10,4,43,multi_pwm,0.0005893204122397514,0.0012648453834354148,0.033184338909195546,0.08212535735583223,2.4060353235263743
10,4,43,degenerate_pwm,1.4379590286205006,0.0016626809279766347,0.0331789813875563,0.08216505788700885,11180293.460070094
10,4,43,single_pwm,0.9370076570390764,0.0017450642293275688,0.033178325990847385,0.08214264911411873,1.8711361608328772e+16
10,4,44,multi_pwm,0.0006118212163277175,0.0009237203328689995,0.035734202671387445,0.0864966966582354,2.4065782529750472
10,4,44,degenerate_pwm,1.3456237584450026,7.697022755597203e-05,0.03573011053870521,0.0865123634105685,5997184.834320312
10,4,44,single_pwm,0.9364639518580082,0.0007710960576943257,0.035731341676067715,0.08659646841610266,3.751307363428362e+16
10,4,45,multi_pwm,0.0005096360063225844,0.0003702498180092376,0.028927070314321755,0.06633999446878644,2.40403984487202
10,4,45,degenerate_pwm,1.1022145157576186,5.860629624484585e-05,0.02887340108305492,0.06582419316488518,6378440.4026490785
10,4,45,single_pwm,0.9367353288491386,0.00011252873775841473,0.028872262747526585,0.06578410358828285,2.1011673059458136e+16
10,4,46,multi_pwm,0.0005046933154824467,0.0007694354586607559,0.03024894431261832,0.060396256203416085,2.408254422503324
10,4,46,degenerate_pwm,1.2327380784005477,0.00037586884412999286,0.030146748784534327,0.06139903165784753,13510931.94645215
10,4,46,single_pwm,0.9366301232369959,0.0004417390063463476,0.030146152835716335,0.0612969557330373,5.527313222952811e+16
10,4,47,multi_pwm,0.0006447086550674247,0.0014754499029004688,0.03472982984559242,0.07380453060431136,2.4048737647679355
10,4,47,degenerate_pwm,0.968714030018833,0.0004383886533978368,0.0346224908072584,0.07313704943258818,8312897.104860408
10,4,47,single_pwm,0.9371965797590521,0.00036804185275991097,0.034622836509540234,0.0731539660896574,2.0139753226832064e+16
10,4,48,multi_pwm,0.0005420151629277215,0.0006961817486727011,0.038446969106985654,0.08300312397358836,2.4025879503503957
10,4,48,degenerate_pwm,1.0988449376904328,0.000625630354369158,0.03843976102878119,0.08262801704893091,14256297.397078957
10,4,48,single_pwm,0.9362486685886695,0.000408065823770004,0.03844008414241034,0.08260469820284105,1.3190169554040452e+16
10,4,49,multi_pwm,0.000570995493412971,0.0012523227510707069,0.03254160668009874,0.06690125454647557,2.406546528049869
10,4,49,degenerate_pwm,1.0527581525237917,0.000960783744881191,0.032484471586378565,0.06688672795031682,18126222.361968324
10,4,49,single_pwm,0.9361586428201455,0.0015050356728012494,0.03248554544152589,0.06695292585923676,2.2022328791337656e+16
10,4,50,multi_pwm,0.0006618656204586346,0.000334511126064724,0.030086870879848144,0.06330867680022192,2.4057537025395375
10,4,50,degenerate_pwm,1.1381435088071357,0.00035684686642502327,0.030084455639928225,0.06313315391565712,17882014.01335834
10,4,50,single_pwm,0.9369306985488708,3.2104522222866746e-05,0.030083712749661734,0.06292635750883903,6.072367586580511e+16
10,4,51,multi_pwm,0.0005235694411824241,0.00013255309708766285,0.03230271963395412,0.0631854103141708,2.40558657908809
10,4,51,degenerate_pwm,1.1113466375013408,0.0001862357049384043,0.03229717373462219,0.0634146082684333,12806677.044471266
10,4,51,single_pwm,0.9366196804867393,0.0005359093916637737,0.03229736836652696,0.06341246981256099,1.8273356294728704e+16
10,4,52,multi_pwm,0.00037431721375985036,0.0009725120831268618,0.0362695859869054,0.08322973458143319,2.4084635249278104
10,4,52,degenerate_pwm,1.1165824716003803,0.001062473132170084,0.03626471323448982,0.08300625563524394,17308418.14501804
10,4,52,single_pwm,0.9362983087363319,0.0009120724458336878,0.036265278474554685,0.0829696734027683,3.28377210690456e+16
10,4,53,multi_pwm,0.00041267679162865326,0.00027695503876482334,0.03782626168212965,0.09171589587101917,2.407182625760503
10,4,53,degenerate_pwm,1.0315298270417512,0.0004071449716681569,0.03782150557210646,0.09176427315183301,15146805.871868776
10,4,53,single_pwm,0.9364844150234903,6.578117066266004e-05,0.037821091965548594,0.0917458482365412,2.213773159691735e+16
10,4,54,multi_pwm,0.00042903932608707594,0.000249137763390464,0.032029561039694045,0.07322371918814291,2.4035376121307905
10,4,54,degenerate_pwm,1.0736418632815223,0.00020927061173787976,0.03201141716971553,0.07292316532447081,18438228.861637633
10,4,54,single_pwm,0.9364216988513058,0.00019742572816773026,0.032011638286175315,0.07293627695833103,2.1909931111826416e+16
10,4,55,multi_pwm,0.0006659796797253472,0.002175418442939703,0.033169551159664544,0.07455473178824631,2.4049760991140396
10,4,55,degenerate_pwm,0.9615451690079154,0.002239040769449422,0.03316317319124832,0.07517101680502149,9603160.39661115
10,4,55,single_pwm,0.9359804335096846,0.0020707229972151504,0.033162552392062734,0.07504833237703329,1.124461039426486e+16
10,4,56,multi_pwm,0.0006030060394428527,0.000795600939144595,0.036688955491737736,0.0889818183983295,2.4053756505029913
10,4,56,degenerate_pwm,1.0781750913240953,0.0006566911674541648,0.03663380832709993,0.08811532398536895,25598021.910550233
10,4,56,single_pwm,0.9363731416964716,0.0002744752357104248,0.03663461253023856,0.08802987273514465,1.2913246992923004e+16
10,4,57,multi_pwm,0.00044461324703975265,0.0006184315926873142,0.029137945715660307,0.06632569887296086,2.4054465046362976
10,4,57,degenerate_pwm,1.247799817931321,0.0002497723477942921,0.02913772250986759,0.06624742549329804,16106739.021702517
10,4,57,single_pwm,0.9367720119592207,0.0005834234667907246,0.029138116716447223,0.06628635940182764,2.0737226467830464e+16
10,4,58,multi_pwm,0.0003904416255133728,0.0006474977270179575,0.03468165891182783,0.07745078082573907,2.4041651008471483
10,4,58,degenerate_pwm,0.883577494399256,8.137767985550786e-05,0.03453944982160816,0.07779656191259428,11784810.614462437
10,4,58,single_pwm,0.9368321057458827,0.0002456127164744339,0.03453911294729158,0.07771279541379264,1.7974957165942104e+16
10,4,59,multi_pwm,0.0006347448279738641,0.0007785078647720751,0.0339354190190731,0.06648782380648449,2.4052237335358018
10,4,59,degenerate_pwm,1.0790602890232823,0.0005787855486210257,0.03388610095336819,0.0671988587379301,11587851.086393947
10,4,59,single_pwm,0.9370475694903886,0.0013011100517713544,0.033885744704703055,0.0672237583439451,7.547572854251238e+16
10,4,60,multi_pwm,0.00047378198515748277,0.00034910270477358997,0.021038671861592657,0.04929930093648052,2.4056997636019313
10,4,60,degenerate_pwm,1.0410562551542737,7.144437382366746e-05,0.02100101046523621,0.0496761430946479,12599036.194799352
10,4,60,single_pwm,0.9366826781035351,0.00020379465342786507,0.021001139755687324,0.04955364945376124,1.7824520025433292e+16
10,4,61,multi_pwm,0.0004694839910395878,0.00011408054873586304,0.018790181603780886,0.04067623808161508,2.4039995680042336
10,4,61,degenerate_pwm,1.03537183034803,0.00010407501997741371,0.0187885271854126,0.040990788648124596,7168994.577306142
10,4,61,single_pwm,0.9367267758258815,0.0002633684928443829,0.01879145665088993,0.04062052828326399,1.5806350139265036e+16
10,4,62,multi_pwm,0.0004585382739889387,0.003045074388352843,0.030148268874394136,0.0703296856535124,2.4076906649793357
10,4,62,degenerate_pwm,0.9017844398327197,0.0029398922579150365,0.03014678272753349,0.07029305714705607,7496357.506851537
10,4,62,single_pwm,0.9373246776860442,0.002754896446680431,0.03014557665843157,0.07029340078340415,1.6303763630322877e+17
10,4,63,multi_pwm,0.0005299205336269131,0.0005200974631922231,0.03163011764229473,0.0701854409135292,2.4028960805510984
10,4,63,degenerate_pwm,1.0383122240204636,0.00012829539771786025,0.031616758707617466,0.06983910489733955,7115353.126443179
10,4,63,single_pwm,0.9365353401241303,0.00044322641855452254,0.031616448043715245,0.06981130445355746,9.951372403741606e+16
10,4,64,multi_pwm,0.0005668726315836212,0.00036746658801005004,0.03238765727718297,0.07414716720863876,2.406077545486412
10,4,64,degenerate_pwm,1.1333805585188401,0.000473552244411303,0.032371092858455304,0.07427136603929238,10216854.780438768
10,4,64,single_pwm,0.9369467738805215,0.000413138456133173,0.03237133165058429,0.07424643404674823,1.5836933118730912e+16
10,4,65,multi_pwm,0.0006632462996976039,0.0008068028283562355,0.02472672905356802,0.05391339460874655,2.4055089622891304
10,4,65,degenerate_pwm,1.0888570606391668,0.00021357146484555752,0.024542927497684792,0.052978733423604804,7686251.971094269
10,4,65,single_pwm,0.9367061199822032,0.0004015713054157436,0.024543024858315242,0.05298419492475842,1.255024566394114e+17
10,4,66,multi_pwm,0.0005465844884437767,0.000667931587431307,0.027988545113462788,0.05599157610249384,2.405456237438934
10,4,66,degenerate_pwm,0.9235503641150276,0.0006729173206117742,0.027985534421693745,0.055985750913003535,8427224.600057263
10,4,66,single_pwm,0.9363466589619773,0.0006985811713076417,0.027987167537394605,0.05598977419688637,2.4418467040358716e+16
10,4,67,multi_pwm,0.000506039471667107,0.0006648215468617162,0.030015331949342455,0.06953361083401934,2.4047639787078188
10,4,67,degenerate_pwm,1.160964665037288,0.0001295073862436678,0.03001140648757318,0.06948790599285609,15296952.347111762
10,4,67,single_pwm,0.9370127290130003,0.00010792273281348302,0.030009666401382817,0.06947148987764303,1.799493680926898e+16
10,4,68,multi_pwm,0.0007158545207886159,0.0009520158296863687,0.02848318611998893,0.06410883471387954,2.407836960062608
10,4,68,degenerate_pwm,1.0072462690079418,0.0005284903442479322,0.028480875984542773,0.06371776779286595,16415016.078151815
10,4,68,single_pwm,0.9364521489555724,0.0009903491812448776,0.02847825432003329,0.06390081355288452,2.0519148303650744e+16
10,4,69,multi_pwm,0.0005575743473856423,0.0008792682515182151,0.025352353812004527,0.0498066645568207,2.4022460224359015
10,4,69,degenerate_pwm,1.1755492318908634,0.00024391080660839484,0.02534899046891808,0.04970604182244028,8803733.669731265
10,4,69,single_pwm,0.9365120469726801,0.00022401195165872877,0.025348977406987307,0.0497066078530033,3.403593300079964e+16
10,4,70,multi_pwm,0.000542952291336873,0.0007951577699209407,0.03466770904086076,0.0803893412397158,2.4033767337072436
10,4,70,degenerate_pwm,1.0403624153814448,0.0002786096392158806,0.034639797139364326,0.07966575762819039,5823189.482478691
10,4,70,single_pwm,0.9371573931329296,0.0005003306168552156,0.03464266876930393,0.07942091398807523,2.2593783691602816e+16
10,4,71,multi_pwm,0.0005356184370928388,0.0007484838219603817,0.029997952581407722,0.06097008653036971,2.4054506701616014
10,4,71,degenerate_pwm,1.096897566942864,0.00031726048960941305,0.02994754447550394,0.060006721861794586,10629669.251065958
10,4,71,single_pwm,0.9369876263014654,0.000567864155444116,0.029947774002691333,0.06013083237183617,1.93197928036424e+16
10,4,72,multi_pwm,0.0005559115245072963,0.0005898150735727007,0.03651032571623748,0.08457247931874724,2.4046473962181008
10,4,72,degenerate_pwm,0.9879801112901857,9.026703885885044e-05,0.03650793857332998,0.08430706444925029,6703173.631533041
10,4,72,single_pwm,0.9366644153119021,0.00021416792814340607,0.03650773356941078,0.0842819403893179,1.809364862281263e+16
10,4,73,multi_pwm,0.0007306514077855729,0.0015789999459695323,0.03136568335935431,0.06140408757765582,2.4045418792466124
10,4,73,degenerate_pwm,1.0380413434110005,0.0014402068506487312,0.03134389496947975,0.06174286708796796,3280236.492148891
10,4,73,single_pwm,0.9371849706932355,0.0017070488610690174,0.031343888621111496,0.06178081933627985,1.2246145448082284e+16
10,4,74,multi_pwm,0.0005414307438071462,0.001247697535760685,0.0370170709946348,0.07639716259447805,2.4064723368365213
10,4,74,degenerate_pwm,1.199650302525243,0.0010630773687902286,0.03688060113403052,0.07764982282601798,10485839.225623751
10,4,74,single_pwm,0.9370372805786942,0.0011120774956719206,0.03688064104895258,0.07762813641592291,1.623797813432561e+16
10,4,75,multi_pwm,0.000423000789105939,0.0006035139887355747,0.024478198681641142,0.05057228431386371,2.4048078350389153
10,4,75,degenerate_pwm,1.0083799485858067,0.0004935397951229371,0.02434503982146977,0.05163708099593033,18584414.779788498
10,4,75,single_pwm,0.9365962628495651,0.00031729272126349885,0.02434430688559433,0.051627162930467874,1.5222081967014856e+16
10,4,76,multi_pwm,0.000600274963543503,0.0004714488121649001,0.02051638842963185,0.04280729932531881,2.404944583218346
10,4,76,degenerate_pwm,0.9011549293364574,3.720658419385959e-05,0.020478585577472053,0.04316162356648788,22399289.441755045
10,4,76,single_pwm,0.9368241052988129,0.00027606316972444956,0.02047918717381131,0.04320725383187361,1.600317856100349e+16
10,4,77,multi_pwm,0.0005872609726027867,0.00022607333234383285,0.03457094906557812,0.07346966530501078,2.4066601997410904
10,4,77,degenerate_pwm,1.2096254427894984,0.00010220762747338395,0.03456606760368302,0.07334574143693033,15211308.598338015
10,4,77,single_pwm,0.9363377391887957,0.00030042414924340917,0.03456759623352272,0.07343605727183318,1.8127535476672068e+16
10,4,78,multi_pwm,0.0005561396085606151,0.00041280820003124013,0.0354116109308582,0.08142502918528258,2.4079723200864867
10,4,78,degenerate_pwm,1.2389031689202392,0.00018162128838431854,0.03540868867919605,0.08111818888308281,15782883.899206184
10,4,78,single_pwm,0.9368281926559864,0.0004843442111000431,0.035408765349939114,0.08131704676851312,2.280563827346665e+16
10,4,79,multi_pwm,0.0006084008953278858,0.0011652921686258844,0.029337062508106942,0.07250918919116844,2.4061841089043403
10,4,79,degenerate_pwm,1.083618070741478,0.0012323570114883833,0.029329579294928042,0.07245969348684056,18863254.75998886
10,4,79,single_pwm,0.9361438632115747,0.0013793430685934585,0.0293290107648904,0.0724765516201093,1.5246023455855374e+16
10,4,80,multi_pwm,0.0006213031066326754,0.0003069969785062001,0.025670013178726483,0.05577961110876953,2.4048673533883953
10,4,80,degenerate_pwm,1.3150069658147532,0.0001711734757755495,0.02565271848033332,0.05641148265250459,20738458.894249737
10,4,80,single_pwm,0.9364639265283561,0.0007754496740042609,0.025652605661662716,0.05655742534827989,5.4645312792612984e+16
10,4,81,multi_pwm,0.0005794241741836874,0.0006036523111512163,0.03700757805578014,0.08465747379884633,2.404215276485143
10,4,81,degenerate_pwm,1.4033730880688173,0.00036760678221053135,0.0369159565869066,0.08452717752182862,7110527.77241683
10,4,81,single_pwm,0.9368567571748757,0.0006074847617304078,0.03691695084190271,0.08450786861560816,5.626460959842339e+16
10,4,82,multi_pwm,0.0005566762592872637,0.0007024837412099034,0.03121608564335987,0.06690480399886618,2.404818293250619
10,4,82,degenerate_pwm,1.1091319807400921,0.0002151463999509304,0.031202959254697675,0.0665656934250924,17194068.823651426
10,4,82,single_pwm,0.9368682048543578,0.0010431916833557216,0.031203592210076812,0.06653442316419345,2.11254787103072e+16
10,4,83,multi_pwm,0.0005791684990557749,0.00010552005053122731,0.03641396300768879,0.07741308296083303,2.4029753549195636
10,4,83,degenerate_pwm,1.1821439428703682,7.753286484683915e-05,0.03640827227572567,0.0772382845239043,8475652.82633802
10,4,83,single_pwm,0.9366872131777769,0.0001269282051776312,0.03641183630530558,0.07737534077150418,1.398011473251942e+16
10,4,84,multi_pwm,0.0005665980336428405,0.0008666144904901773,0.03176651577282691,0.06271107574773352,2.4061338626722946
10,4,84,degenerate_pwm,1.2661134450775737,0.0003636305053251206,0.03174889889556224,0.06257340685168625,10518724.490717627
10,4,84,single_pwm,0.9364077781480921,0.0006782768432815774,0.03175036726912342,0.06257765330233792,1.813438450535579e+16
10,4,85,multi_pwm,0.0006111157959816547,0.00028661909808599923,0.03604503094763224,0.07369680467988464,2.404168394653691
10,4,85,degenerate_pwm,1.023887392486846,5.805919010070445e-05,0.036038327412478165,0.07364876296508971,10980253.136421863
10,4,85,single_pwm,0.9367486142160617,0.00012786908364230295,0.03603961641932421,0.07365986791379965,2.9518117361725612e+16
10,4,86,multi_pwm,0.00046401648321408434,0.00023774198587549008,0.023712398904470633,0.05058961545322496,2.4053212095483056
10,4,86,degenerate_pwm,0.9952107898315345,0.00022593799823241345,0.02367784159012208,0.051028262154053664,13186072.053959664
10,4,86,single_pwm,0.9367177405005704,0.0005937491635785042,0.023677242408489486,0.050969041330724,1.98233072310129e+16
10,4,87,multi_pwm,0.0004530590699512898,0.0027586806780805087,0.03144702412280718,0.07008237172254854,2.4050114164447134
10,4,87,degenerate_pwm,1.104378972949817,0.002600566172500569,0.03137183752944909,0.07064234364789151,8080658.964639407
10,4,87,single_pwm,0.93746363069491,0.0020625375647111773,0.03137184424817938,0.07070041198900073,2.11627411697214e+16
10,4,88,multi_pwm,0.0006279854755684345,0.0009231897290661247,0.0383205658158502,0.08702437766002963,2.4054226437552244
10,4,88,degenerate_pwm,1.17617176869397,0.00015918966337696348,0.038174889764041396,0.08701735305546096,20839289.047290012
10,4,88,single_pwm,0.9366964755760763,0.00030052913729417343,0.03817594130676179,0.0870169508949155,1.6130778544057144e+16
10,4,89,multi_pwm,0.00047320292440353244,0.0019454810793805824,0.03079668660210209,0.06550016628184784,2.407574020656436
10,4,89,degenerate_pwm,1.0187832474096399,0.0019648560741174215,0.03079974243598769,0.06573860145112083,8967988.85490647
10,4,89,single_pwm,0.9359353528092877,0.002226458757069451,0.03079605932684774,0.06562134019561595,2.0329468281992304e+16
10,4,90,multi_pwm,0.0004562447305705951,0.00046790644354944183,0.026807069834446435,0.05526964823387359,2.405289066971775
10,4,90,degenerate_pwm,0.9760046156136347,0.000405498277514947,0.026711289011478543,0.05567450516148246,10223733.45943715
10,4,90,single_pwm,0.9368754311083048,0.0007328342027791056,0.026711530939352204,0.055663174811354015,7.37912095447626e+16
10,4,91,multi_pwm,0.0005704347128052719,0.0020832806094495558,0.03911354856749062,0.09750986766186354,2.4056942161600885
10,4,91,degenerate_pwm,0.8350935592103003,0.0015379105316500523,0.03905641582333284,0.09665592659240893,10631648.39134005
10,4,91,single_pwm,0.9363081017086949,0.001577011166987945,0.039056157227720135,0.09666943469925786,2.6485301622245132e+16
10,4,92,multi_pwm,0.0005199342988132658,0.000926974819382015,0.04243017689418191,0.09472607414511554,2.407553121250341
10,4,92,degenerate_pwm,1.0014898897129663,0.0010142193470271624,0.04242024424975774,0.09516071359989642,9561255.993378624
10,4,92,single_pwm,0.9362690253874613,0.0003675433550017368,0.042420696392697785,0.09514377829669896,3.0033289125117336e+16
10,4,93,multi_pwm,0.0004376456591992528,0.00037082774505880936,0.023295453906667745,0.047036261960234485,2.407144051091587
10,4,93,degenerate_pwm,0.9531963045429448,0.00010532880479319783,0.023200399267003374,0.046816938312900805,8116214.163652845
10,4,93,single_pwm,0.9366578438708159,0.00017728745208139967,0.02320283176347846,0.046779640747583257,1.2128599414213972e+16
10,4,94,multi_pwm,0.0006120223507088622,0.00021341291405903618,0.022344541628585735,0.05097677437311439,2.4048546619077187
10,4,94,degenerate_pwm,1.2235713631985448,0.00031361805895110305,0.022328584763612627,0.050953417913013554,25589998.123049
10,4,94,single_pwm,0.9370265930434065,0.00029987212167856405,0.02232895214918097,0.050953279840437904,6.212888754586184e+16
10,4,95,multi_pwm,0.0004983027061199113,0.0010046292991331628,0.03702904258369321,0.0791609818053153,2.4047967392437086
10,4,95,degenerate_pwm,1.0228568971053429,0.00037516026603473914,0.03696964673747687,0.07834644482415941,24977925.523509953
10,4,95,single_pwm,0.9364539882652373,0.0004562322669305759,0.036970206037508765,0.07832063835268158,1.831437640559137e+16
10,4,96,multi_pwm,0.0005547682407176518,0.00047982466959787406,0.025007757488563435,0.052889156575357074,2.4049244727244696
10,4,96,degenerate_pwm,0.857852435382358,0.0002541665915155614,0.025002207641392736,0.05306272654491736,9051887.900135435
10,4,96,single_pwm,0.9365348746459048,5.0800623187402176e-05,0.025001379952827064,0.053020899654726415,4.981986140501708e+16
10,4,97,multi_pwm,0.0005520163663651432,0.0003879596751560408,0.03573943626692332,0.07732578467525769,2.4049723765958526
10,4,97,degenerate_pwm,1.0479362263378276,7.067519990349265e-05,0.03570766879588826,0.07741633503421738,5957105.7796506835
10,4,97,single_pwm,0.9366664437169597,0.00039022265406009706,0.03570971676115012,0.07749663507814246,2.025535976330835e+16
10,4,98,multi_pwm,0.00048752860464625335,0.0001969994663202081,0.03420062277462135,0.07745462522942531,2.4049028227847162
10,4,98,degenerate_pwm,1.061404943816564,0.0002068638249476726,0.034194845980916336,0.0775996556191134,9080031.343102591
10,4,98,single_pwm,0.9365117177279632,0.00035494617053804416,0.03419462269635544,0.07762224676420885,2.2490119954597988e+16
10,4,99,multi_pwm,0.00040327630518280773,0.000296810923473103,0.026519514423534566,0.06439816434230168,2.40379427313413
10,4,99,degenerate_pwm,1.095913472567777,0.0003295520096244942,0.02652316473147168,0.0641862825258141,10680399.71005328
10,4,99,single_pwm,0.9369506478470682,0.00015886360440549711,0.026533259267951845,0.06408731787458374,1.6297476339497184e+16
11,0,0,multi_pwm,0.0006195569342770748,0.00048234332530220297,0.02916665244008613,0.06168157967710816,2.4063238648805627
11,0,0,degenerate_pwm,1.333855101979381,0.00014007802829779713,0.029084455690027974,0.062390860955282755,12581424.026170325
11,0,0,single_pwm,0.9365389837771262,0.00022121660799117075,0.029087137736540022,0.06250297510330857,4.280129919894366e+16
11,0,1,multi_pwm,0.0006117277923398519,0.00024844907562762616,0.032714431404055264,0.0802833322919796,2.406112546229346
11,0,1,degenerate_pwm,1.2173622981161545,0.00020218850355713334,0.03271423138838114,0.08026379058941094,14807206.278690785
11,0,1,single_pwm,0.9366523843005088,0.00011138356432302771,0.032713710283677665,0.08017875091088911,1.4596467475069862e+16
11,0,2,multi_pwm,0.0004496144542307692,0.001097352762670444,0.030962948674332615,0.06496586228464754,2.4045365818026063
11,0,2,degenerate_pwm,0.9260219037192788,0.000662510904447567,0.03095807384138694,0.06490354552576252,20742898.35165475
11,0,2,single_pwm,0.9368562320083703,0.001261282681353222,0.030958783143471804,0.06487861577471046,1.7948581378004488e+16
11,0,3,multi_pwm,0.0005541870431212473,0.00011115063330354585,0.03235376884803951,0.0711005221137008,2.40525906677727
11,0,3,degenerate_pwm,1.0744876986756815,2.87696476627259e-05,0.03235352062485271,0.07111301178110656,6889844.558799233
11,0,3,single_pwm,0.9362763782593261,0.0004744101108152185,0.032353841009639596,0.07107157032077972,2.102755361900293e+16
11,0,4,multi_pwm,0.00047233778407332057,0.0005680078296546507,0.041359017842846936,0.08808593665516026,2.403108034928884
11,0,4,degenerate_pwm,0.9589044004023209,0.00029279305643382215,0.04133966903394381,0.08776127348620864,6221212.083940608
11,0,4,single_pwm,0.9362007975021769,0.00044026323136840256,0.041340367464853554,0.0878194246308652,2.568428100102349e+16
11,0,5,multi_pwm,0.0004879835491983228,0.0003740996971784989,0.029454644487533956,0.0618311065544071,2.4032626665598187
11,0,5,degenerate_pwm,1.0044811748353781,9.20216899034386e-05,0.029448907339391348,0.06165175645139725,11674102.504782125
11,0,5,single_pwm,0.9365477588613854,0.00029168906676568654,0.029449579450821058,0.06159179322630696,5.489229570490711e+16
11,0,6,multi_pwm,0.0005312988500455915,0.0009549934064199901,0.020492181739220464,0.041130561939332316,2.4057241721203515
11,0,6,degenerate_pwm,1.0032284769267341,0.0006008097342731184,0.020279500063673565,0.04092708258138111,29999454.85644809
11,0,6,single_pwm,0.936079817648209,0.0011723709859223193,0.020277175939516893,0.04096660598613874,4.637676806586997e+16
11,0,7,multi_pwm,0.0005863583226368719,0.0010918648190216488,0.023905033776581344,0.05646641612388868,2.404681056447028
11,0,7,degenerate_pwm,1.1269298766953126,0.0009053422929752613,0.023711585169109976,0.057424615214363706,18350647.551316656
11,0,7,single_pwm,0.9357836814796008,0.0011346623965680861,0.023712780141016913,0.05755066316944086,6.74167239406092e+16
11,0,8,multi_pwm,0.0005184271999109927,0.00038435857310520165,0.028483997471342577,0.06410595600013837,2.404699172850511
11,0,8,degenerate_pwm,0.9967971800161531,0.00019620488032760395,0.02844507803205021,0.06370181361819201,4400185.887660421
11,0,8,single_pwm,0.9364843900061064,0.00026389792172795115,0.028446894884185687,0.06377111625019599,1.607271181916512e+16
11,0,9,multi_pwm,0.0005313526356006527,0.0003537844710301011,0.03070702258937478,0.06762945817988544,2.4038333127593954
11,0,9,degenerate_pwm,1.1927339303561755,0.00018914416161684375,0.030652583822104836,0.06766212902998904,21572460.681357503
11,0,9,single_pwm,0.9365829626568758,0.0005591950390290384,0.03065377657318065,0.06761649360399263,1.7016934485965538e+16
11,0,10,multi_pwm,0.000540221864929352,0.000821260492688068,0.03158978614954648,0.06339360453075289,2.405406476932867
11,0,10,degenerate_pwm,1.1582111116256768,0.000502990757166986,0.031555298870357705,0.06312878570453223,9601068.960382687
11,0,10,single_pwm,0.9361888667035138,0.0007862650744325788,0.03155571355130689,0.0631187793052663,1.8875741771480324e+16
11,0,11,multi_pwm,0.0005840604499053727,0.000418345585087278,0.023735847009998364,0.05560855185049933,2.406861028831095
11,0,11,degenerate_pwm,1.1942787401100403,0.0007030689201173828,0.02373539170847349,0.05543952371511182,9361999.563831627
11,0,11,single_pwm,0.9363394852138083,0.00010769841018662146,0.023733775122821613,0.055538125802498464,2.2068107251266736e+16
11,0,12,multi_pwm,0.0004989937020343768,0.00035044608053451165,0.03021220486350554,0.05562107253665425,2.403569476302347
11,0,12,degenerate_pwm,0.924021400235044,0.00019614382450612998,0.030176273913959183,0.055697243061687454,7420635.28457334
11,0,12,single_pwm,0.9362798973341607,0.0002133955075553549,0.030176174465056247,0.0556730947381703,1.4479569442179138e+16
11,0,13,multi_pwm,0.0006684291455609415,0.0009426202302734445,0.02601755698667774,0.06345958861743163,2.4056756229655227
11,0,13,degenerate_pwm,1.2137654538488771,0.001393925829685836,0.026018418456906646,0.06343675411603862,9786579.339850755
11,0,13,single_pwm,0.9368082488974017,0.0010910257576356287,0.026017263000569637,0.0634788944273517,1.828872294584568e+16
11,0,14,multi_pwm,0.00052819125075511,6.063391033168172e-05,0.027653019642737676,0.062084064958698976,2.4066162169024587
11,0,14,degenerate_pwm,1.1392783869684253,0.00018732645485514352,0.027653984974918996,0.06215139739216285,6273521.345067451
11,0,14,single_pwm,0.9365337667943702,0.00023608702447817326,0.027653229501256062,0.062105937444727206,2.293116298427941e+16
11,0,15,multi_pwm,0.000549860570175274,0.0005531124851146586,0.033457641269921665,0.06932453960346513,2.4056867319475694
11,0,15,degenerate_pwm,1.0570230341315847,7.342240446755113e-05,0.033388588282082556,0.07016527550361747,9024054.851101661
11,0,15,single_pwm,0.9363992219464277,0.0002630277256655092,0.033392381852251546,0.07005245715271607,2.0764394190824856e+16
11,0,16,multi_pwm,0.00045022848117614016,0.00031680874340857853,0.04044330353402295,0.09352297565334258,2.405869220802572
11,0,16,degenerate_pwm,1.0104299367039888,0.0002801014546176174,0.040420308466984446,0.09295587896641971,6131582.3121951325
11,0,16,single_pwm,0.9364623673288778,0.0004766232459777458,0.04042163427066458,0.0931574040802059,1.8064511263641988e+16
11,0,17,multi_pwm,0.0005451567467299471,0.0007015398712340432,0.024862777207059917,0.05508226715297641,2.405757958129205
11,0,17,degenerate_pwm,0.9901289559885492,0.00048436988979287313,0.0248594726446138,0.055097473309057746,7005479.073054267
11,0,17,single_pwm,0.9367666070177179,0.00040361813803561246,0.02485951167745488,0.05509736776035468,4.83049313205332e+16
11,0,18,multi_pwm,0.000402491124572511,0.0005820482803524591,0.024592681902963456,0.05341345052973931,2.404435252043881
11,0,18,degenerate_pwm,0.924905941892364,0.00018964365209427344,0.02456392423469871,0.05378105404518021,19303101.439587947
11,0,18,single_pwm,0.9364078740061594,0.00018428082529911685,0.02456469261701436,0.053723719057983677,7.901851383060762e+16
11,0,19,multi_pwm,0.00045294806180558707,0.000825996573020874,0.03671937709416071,0.08511355871653711,2.404289810107376
11,0,19,degenerate_pwm,0.9399275512594387,0.0005198296450785718,0.03669778097254451,0.08519630326338636,7256926.892021013
11,0,19,single_pwm,0.9361557987042222,0.0003193559799923465,0.03669760638568578,0.08520288546743296,2.0404318995730984e+16
11,0,20,multi_pwm,0.0005763862994324711,0.0006701928013351342,0.037418851330596054,0.08437085421955828,2.406097520871957
11,0,20,degenerate_pwm,1.006382559340675,0.00011189943484767758,0.037386683235335325,0.08498137617140515,22494462.45670611
11,0,20,single_pwm,0.9366244237418151,8.963268616378096e-05,0.0373883086164398,0.0850639007007698,1.8348799003992816e+16
11,0,21,multi_pwm,0.0005521551509663714,0.0013861715966723214,0.0252197120009787,0.05193200925683368,2.407863866235372
11,0,21,degenerate_pwm,1.0807632768040991,0.0012110786576989747,0.02515625087637219,0.05197334269873987,9757381.85079723
11,0,21,single_pwm,0.9369048217193982,0.0017617738367057682,0.025157452639444296,0.05187800184121428,1.4486682218579548e+16
11,0,22,multi_pwm,0.0005741074789409733,0.0005791137699682497,0.030734931453180177,0.06731931297611135,2.4059825351858137
11,0,22,degenerate_pwm,1.1006021883201162,8.284584882054731e-05,0.030686380561308565,0.06711319075007392,14131392.40458557
11,0,22,single_pwm,0.9362681175737099,4.2420706576774477e-05,0.03068632429270976,0.06712538600880386,1.627991645051702e+16
11,0,23,multi_pwm,0.00052715859087858,0.0006017204319819345,0.031872261518779275,0.06728352332151236,2.404301474146424
11,0,23,degenerate_pwm,0.9657361330279148,2.3980895034880602e-05,0.031807049559865526,0.06655186289940274,9195391.312428415
11,0,23,single_pwm,0.9363858397804955,0.00010948947420638965,0.031808384429322815,0.06661579036876858,1.7834878541662954e+16
11,0,24,multi_pwm,0.0005284864735123872,0.0003401633331991778,0.023032200648150633,0.038519803450143025,2.4052388456717164
11,0,24,degenerate_pwm,0.9488139301524411,7.640995625071217e-05,0.022991166432407492,0.039022992540978546,6215209.405958001
11,0,24,single_pwm,0.9366120551216006,0.00020762442471255547,0.02299166045020298,0.03905150969711989,2.037485478112216e+16
11,0,25,multi_pwm,0.0006092855268464856,0.00039794549550160467,0.036537703190164306,0.08458064088875175,2.405807852616543
11,0,25,degenerate_pwm,1.0581441465367145,0.00043177067423994664,0.036509323785887504,0.0840474762725005,9788403.21711202
11,0,25,single_pwm,0.9364325392875794,0.0004992613705188149,0.03650936690543116,0.08422512931626021,1.5552371667070572e+16
11,0,26,multi_pwm,0.00047587074631756855,0.0006684282896746869,0.029629845674456905,0.05750516654041253,2.4067596903353783
11,0,26,degenerate_pwm,1.1580934675970247,0.0006672488569341008,0.029581785239410522,0.05698631585480499,16783664.246402595
11,0,26,single_pwm,0.9359969215171646,0.0008928717576403303,0.029581649225110192,0.05694702638233495,1.7949610569982224e+16
11,0,27,multi_pwm,0.0005758511007526064,0.00030743235824025187,0.031742886656834154,0.07022315206503449,2.4049279058984325
11,0,27,degenerate_pwm,0.9163373781453211,0.00010401259926156754,0.03169280694053321,0.0702539197057444,25519183.280228727
11,0,27,single_pwm,0.9363031549139518,0.00015582741733964644,0.03169282731978499,0.0702570613048931,6.172852633093486e+16
11,0,28,multi_pwm,0.0005285933337405258,0.002361204112426204,0.03826704026908404,0.09022696995584169,2.4064300675427144
11,0,28,degenerate_pwm,1.1417595947273482,0.0018057210704822229,0.03818138717749584,0.09121363884019015,12303808.197478844
11,0,28,single_pwm,0.9356836308411833,0.0015808840810969632,0.03818392574740849,0.09126962857103532,3.572561102369736e+16
11,0,29,multi_pwm,0.0005393905004886233,0.00034748353318309196,0.03644559464337852,0.07524757676100186,2.4051024359279602
11,0,29,degenerate_pwm,1.0035776602077855,7.90066563039671e-05,0.0364115532226524,0.07463578093749981,7639323.945544446
11,0,29,single_pwm,0.9363179739670056,0.000110192805941346,0.03641269756162813,0.07466704063860419,1.3718916937892994e+16
11,0,30,multi_pwm,0.000634525363908338,0.0002813519349547806,0.018400176347693118,0.03923606242473224,2.4051562473381023
11,0,30,degenerate_pwm,0.9066814180608197,0.0007891336097999331,0.018400333859474115,0.03931831533917565,11030587.255448785
11,0,30,single_pwm,0.9360516104244007,0.0005791550297962612,0.01839950164736619,0.03938011118126536,6.165958106686188e+16
11,0,31,multi_pwm,0.00044278960707107794,0.0017805613294005803,0.03788432052094218,0.08657496761620205,2.4053512948674998
11,0,31,degenerate_pwm,1.0544657359343745,0.001832002594224135,0.0378859087947425,0.08661437075760883,7933645.261712824
11,0,31,single_pwm,0.9370650237396175,0.0020224560372652882,0.037885476446893995,0.08664167525732676,1.3124691948965256e+16
11,0,32,multi_pwm,0.0005607093976952352,0.0002455397881122608,0.03849829453620356,0.08982189910571686,2.4041189881031118
11,0,32,degenerate_pwm,1.070256648562273,0.001124701353704692,0.03849902776954348,0.08977517456736755,7308510.995809101
11,0,32,single_pwm,0.936866407567256,0.0006902652135586559,0.038501684184183,0.08975083452683524,1.8103161504683012e+16
11,0,33,multi_pwm,0.0006118185921421262,0.0018332348638323234,0.02925746062316638,0.06265380449073457,2.4078818334965786
11,0,33,degenerate_pwm,0.9544654262240063,0.0021964476663768615,0.02924846444786293,0.06290401521177971,7393180.545389522
11,0,33,single_pwm,0.9356727678115554,0.0025185302055521193,0.029249713788809195,0.0628958243661156,2.3588675230681456e+16
11,0,34,multi_pwm,0.0005839451576138033,0.0020517069258995276,0.037885098627910264,0.08233469892395942,2.4043583214229574
11,0,34,degenerate_pwm,1.1086982109419028,0.0018223983628956276,0.03780404709365404,0.0825488019517392,29226357.21764702
11,0,34,single_pwm,0.9357573326575733,0.001331313873529853,0.037803985809825816,0.08252044230746974,2.545568674807536e+16
11,0,35,multi_pwm,0.000523048930177468,0.0009850243100753377,0.025814513334109352,0.0564001727656606,2.4056020646125953
11,0,35,degenerate_pwm,1.1110262985152954,0.0009022144437275445,0.02580565630479191,0.05665493920876505,6372876.992058281
11,0,35,single_pwm,0.9367999450070279,0.0005176321707806869,0.025806889677495903,0.056713216881127286,4.802968357556253e+16
11,0,36,multi_pwm,0.0005602190886357529,0.00016273600639007455,0.027572298839361,0.06969457946141785,2.402579507365779
11,0,36,degenerate_pwm,1.0341520403773452,0.00011641263914095865,0.02755903004437931,0.07001798620187522,10091371.564925648
11,0,36,single_pwm,0.9364009585264335,0.0002214190464112375,0.027559197513629806,0.06999885034967152,1.7837373506943042e+16
11,0,37,multi_pwm,0.0003480599774240437,0.0001448442827881205,0.01645240627190239,0.029896281261509484,2.4046412140111584
11,0,37,degenerate_pwm,0.8984237680294698,0.00010145801358452983,0.016435340261740403,0.029591132936095898,13570363.732291317
11,0,37,single_pwm,0.9364183418890943,0.0003828109256558313,0.016446545912296953,0.029858652825589634,1.4215066975133058e+16
11,0,38,multi_pwm,0.0005146452014311968,0.0002214924884984691,0.03193101734650985,0.06334849774671522,2.405789547086288
11,0,38,degenerate_pwm,1.086096124398938,2.4803556755962344e-05,0.0319240035028175,0.06329189419578721,8249000.915948005
11,0,38,single_pwm,0.936115880226077,0.00012556551494784335,0.031925937512995495,0.06330723589900318,4.597680286962485e+16
11,0,39,multi_pwm,0.0004814624701363539,0.0004009821182588656,0.043223075756103964,0.09653320589484313,2.4072040451185446
11,0,39,degenerate_pwm,0.9529062130830184,0.00018064561559126254,0.04321196243083162,0.09628858551800788,9329982.169834943
11,0,39,single_pwm,0.9362903304767181,0.000488989526576694,0.04321169906011635,0.09634978345129498,1.441614398944487e+16
11,0,40,multi_pwm,0.0007806793856668454,0.000556212248852986,0.03638679122674524,0.08565732837160489,2.4054194430792974
11,0,40,degenerate_pwm,1.122281907518882,8.835002515575906e-05,0.03638316728105399,0.08551597598647097,5435143.469447524
11,0,40,single_pwm,0.936693432288679,0.00020284617304355842,0.036382530288384486,0.08541973344299042,2.335935271258242e+16
11,0,41,multi_pwm,0.0004647838635069918,0.0003740651377931369,0.025312341190793102,0.04672728138495893,2.406834517888477
11,0,41,degenerate_pwm,1.074386288049794,0.00015845438726808992,0.025264232705159526,0.04631261083209118,9695990.234447982
11,0,41,single_pwm,0.9362432466861988,0.00029137680899801814,0.02526403069297027,0.046222145639276166,7.272998373227832e+16
11,0,42,multi_pwm,0.0005989691481926583,0.00031220685197978407,0.025680838196990775,0.06021548878638488,2.405600288387462
11,0,42,degenerate_pwm,1.06891274306212,0.0005227073896546236,0.02567458406970588,0.06029470722300092,11564739.560524656
11,0,42,single_pwm,0.9366103786907586,0.00011540778307654992,0.025676000101948208,0.060362329462206085,1.9313912260688412e+16
11,0,43,multi_pwm,0.00047480383512342694,0.0007098067330803393,0.040958003475064786,0.08976290409314774,2.404808455333564
11,0,43,degenerate_pwm,1.0351753528167995,0.00010993582796908782,0.040933432119243614,0.09031836517377426,13539760.872328075
11,0,43,single_pwm,0.9359517191174858,0.000275637421726446,0.0409339995283992,0.09034258462141852,2.2372097840947304e+16
11,0,44,multi_pwm,0.0007617655951717257,0.001312062800082836,0.02312920692304214,0.054848476510824626,2.4070322891461817
11,0,44,degenerate_pwm,1.0184713866250379,0.0012594725252543328,0.02289768758520075,0.05494849483962644,15400225.610717464
11,0,44,single_pwm,0.9368431603782854,0.000518323254929133,0.022899030309654976,0.0549863295563313,2.7047675942152852e+16
11,0,45,multi_pwm,0.0007176482080516889,0.00021465102152966133,0.028122565230742604,0.05764393273060651,2.4060281630402693
11,0,45,degenerate_pwm,1.063242244978018,0.0002497165393615897,0.02810216327947149,0.058020337527611696,9002926.981205724
11,0,45,single_pwm,0.936647839072059,0.0007102930085381452,0.028102111014691795,0.05800669777949973,6.773964842991343e+16
11,0,46,multi_pwm,0.0005883096343100171,0.0008910370280651569,0.02503792539823456,0.05109654109435628,2.40612094861653
11,0,46,degenerate_pwm,0.9150758802697985,0.0005778189032373185,0.024978585586341216,0.05168676884592169,12485089.718953613
11,0,46,single_pwm,0.9368484418807249,0.0006285805574277977,0.02497915760868731,0.051659197979127755,1.4109945401507424e+16
11,0,47,multi_pwm,0.00035902200644273536,0.0005159157104949415,0.039442150071729125,0.09216952143501964,2.4081655148086067
11,0,47,degenerate_pwm,1.0344457661354989,0.00013291314930510386,0.03944107463926044,0.09216287362015743,11189371.979347702
11,0,47,single_pwm,0.9366243182981643,0.0007054926248550493,0.039442566257092686,0.09217112302544242,6.845070097663278e+17
11,0,48,multi_pwm,0.00040842730875288,0.0014747180964630206,0.03306700443532809,0.06686230517221027,2.4052820444921967
11,0,48,degenerate_pwm,1.0404776052433082,0.001711044969184312,0.03298213327930482,0.06771993547290908,8398467.082814049
11,0,48,single_pwm,0.9367789543506977,0.0016640602488895728,0.03298271981635367,0.06765727050027648,2.1247598878147692e+16
11,0,49,multi_pwm,0.0005650979831161305,0.0013385849602596592,0.029962154365895464,0.06775764488752181,2.40456859707777
11,0,49,degenerate_pwm,1.0190369146117249,0.0015529965459891836,0.029962980378897074,0.06779155098194217,9819289.454735497
11,0,49,single_pwm,0.9357312063200002,0.001174048682923344,0.0299669854968101,0.06785602870758604,1.4543244209246744e+16
11,0,50,multi_pwm,0.0005128945731630676,0.0002670166305543593,0.03980450469601453,0.07432962730730433,2.4041874035860227
11,0,50,degenerate_pwm,1.0708077792100936,0.0004977651435883028,0.03979781073451938,0.07448306511502811,17018454.159979053
11,0,50,single_pwm,0.9363434409539363,0.00014225823267681258,0.03979897434175826,0.07466360380596422,6.2078030401438616e+16
11,0,51,multi_pwm,0.0005520337968855269,0.0009985265419081674,0.031358735394543515,0.07653806610204103,2.405829768049449
11,0,51,degenerate_pwm,1.0326232603504346,4.6420258368956674e-05,0.03135964466447488,0.0765306411722931,11296486.390657052
11,0,51,single_pwm,0.9365945889400944,0.00024756324591887116,0.03136150551779328,0.07653049053493316,1.7376267484396062e+16
11,0,52,multi_pwm,0.0004620475771593349,0.000316993372420409,0.02809625987712437,0.06261562581149213,2.4061975029629687
11,0,52,degenerate_pwm,1.0722224952503752,0.00030665542406949965,0.028094468945534763,0.06222867853899651,15299856.360563371
11,0,52,single_pwm,0.9361190918013927,0.0008801871857812717,0.02809172173493407,0.06243377965852076,2.103443252690624e+16
11,0,53,multi_pwm,0.0005597623044598897,0.0004741966403555533,0.028558231699886413,0.07076002471759985,2.404527013391732
11,0,53,degenerate_pwm,1.073110616098628,4.0237580161799374e-05,0.028556586503496167,0.07068424169976573,10115532.176981905
11,0,53,single_pwm,0.9360748020033294,0.0008999836743262797,0.02855666479484693,0.0707257278392803,1.5966538971006008e+16
11,0,54,multi_pwm,0.0005090778702422342,0.0003940219550429973,0.02614122878764908,0.05427698304736522,2.409452607152895
11,0,54,degenerate_pwm,1.1030223720673784,0.0003654764003779636,0.02611153500289181,0.05424084060113444,13906853.30454946
11,0,54,single_pwm,0.9365358038319651,0.00013692697637949578,0.026111534739439612,0.054253173016670334,5.591434476899357e+16
11,0,55,multi_pwm,0.0006409075722897368,0.0007818672697075282,0.021532956301794245,0.0454650602514958,2.406485851209239
11,0,55,degenerate_pwm,1.0269773112139335,0.0005159907996414603,0.021291445463312676,0.04766621028300243,9472999.807547346
11,0,55,single_pwm,0.9362600315676666,0.0006064777315846009,0.021293306023287092,0.04801596401116802,1.698526123178878e+17
11,0,56,multi_pwm,0.0004934682954383988,0.0005018636674572407,0.021181543471214925,0.049607462296342913,2.4044937047626846
11,0,56,degenerate_pwm,0.8166993426756535,0.0002691457534282158,0.02099836869604118,0.047565871752547506,13460532.911739372
11,0,56,single_pwm,0.9365466845527171,0.0006393573316089998,0.021001571447498844,0.047731091769112034,6.382163022780406e+16
11,0,57,multi_pwm,0.0005694857496548087,0.00024558667253379016,0.040216664456676994,0.08853683130476836,2.407360398301793
11,0,57,degenerate_pwm,0.7798324618575536,3.854240355586933e-05,0.04020592904742782,0.08876915870717271,7256339.022831299
11,0,57,single_pwm,0.9364621728771371,1.657074175634245e-05,0.04020524178382411,0.0888152273970004,2.2807566865317576e+16
11,0,58,multi_pwm,0.00046983082199223856,0.0018020362959322081,0.02946516875436421,0.06406123494181228,2.4038972060151904
11,0,58,degenerate_pwm,1.085584202820069,0.0015566469411765723,0.029465691193038625,0.06401129596823088,10945624.747744689
11,0,58,single_pwm,0.9356333194173998,0.0017255671996972057,0.029468450931317808,0.06409566498456298,2.9546031629856736e+16
11,0,59,multi_pwm,0.0006116781220132719,0.0018572155363900987,0.02918733503476147,0.06753219205037876,2.4044217772620655
11,0,59,degenerate_pwm,1.0930782849421166,0.0011882401255275405,0.02918324680511266,0.06742183795795459,13948448.504823377
11,0,59,single_pwm,0.9358841588538584,0.001102450019364286,0.02918208737003149,0.06741916582133614,1.4613650295374472e+16
11,0,60,multi_pwm,0.0005352887632644692,0.0005349396350534609,0.03412416676456587,0.07403715964168096,2.405953844207841
11,0,60,degenerate_pwm,0.7868791879267463,0.00017503813753352266,0.03404957054417074,0.07365602366474841,5498022.315801332
11,0,60,single_pwm,0.9361038714472305,0.0001224603917150085,0.03404970399773054,0.07374429568042268,7.957855724207048e+16
11,0,61,multi_pwm,0.000483922733950965,0.0003343620088323127,0.020619040418475287,0.043251899658860574,2.406331147238692
11,0,61,degenerate_pwm,0.9789327372780465,0.00020723754568297763,0.0206055732357053,0.043729400019777744,14116698.750303077
11,0,61,single_pwm,0.9362204888886179,0.0002497895589528403,0.020605181807647005,0.04348598571639456,1.998119697376262e+16
11,0,62,multi_pwm,0.0004601750099857694,0.0015147135461442353,0.04359471357884473,0.10117794589551114,2.4030980499421317
11,0,62,degenerate_pwm,0.9705598838523793,0.0012459819903534826,0.04357176564636932,0.10080359313990095,15368879.726061843
11,0,62,single_pwm,0.9358364053045601,0.0020558006838007226,0.043572592413780545,0.10083468490749078,1.7766214523978648e+16
11,0,63,multi_pwm,0.00045834343571011496,0.0008062237491645512,0.02220687128317828,0.048496005494636896,2.402603750615915
11,0,63,degenerate_pwm,1.1499951199715615,0.0004059490644401935,0.022199227640317502,0.04839799007550259,8396569.292533984
11,0,63,single_pwm,0.936029168063097,0.0007492366685722184,0.022198889059873703,0.0484684183929229,1.4259847834857898e+16
11,0,64,multi_pwm,0.00047693478765104935,0.0003030780354404274,0.028508466543516846,0.06217975161235813,2.405632886798884
11,0,64,degenerate_pwm,1.1898710905860932,0.0002600703986052231,0.028475118468220026,0.06260877516222355,9331602.471916158
11,0,64,single_pwm,0.9364075656217243,4.450960835632538e-05,0.028475026767124767,0.06264972163134362,1.6814509864848412e+16
11,0,65,multi_pwm,0.0005748370789637617,0.0008806458386158773,0.03905739199862643,0.08408623183110261,2.4024047891356486
11,0,65,degenerate_pwm,1.0060700703274712,0.0009126716688744363,0.039055729631812225,0.08411501819969884,10139723.99963402
11,0,65,single_pwm,0.9359065893639767,0.001086021392518346,0.03905568766002381,0.08413453715420394,1.799840186872884e+16
11,0,66,multi_pwm,0.0005451777281180193,0.0004499557634398562,0.04099741575591642,0.09436195134128375,2.405963472386807
11,0,66,degenerate_pwm,1.2963582379925982,0.00037011419676885333,0.04099273494599123,0.09406293283499739,16017652.087834794
11,0,66,single_pwm,0.936099021065862,0.0001921427439664101,0.04099319085794723,0.09385756407456929,1.401614264901678e+16
11,0,67,multi_pwm,0.0005217684489921872,0.0002968628615773608,0.02875154098998065,0.069343180242949,2.4050489694547874
11,0,67,degenerate_pwm,0.9077085155538496,1.8783215046227454e-05,0.028731335612943366,0.0690686917428224,10107915.81247174
11,0,67,single_pwm,0.9362979509253785,0.0001095166890624187,0.02872952000557914,0.06894021327253172,7.572287049255518e+16
11,0,68,multi_pwm,0.0005779142393326439,0.0005164948165035599,0.0294553467295354,0.06706158416707904,2.406184407409107
11,0,68,degenerate_pwm,1.0697041016719508,0.00019269375376470543,0.029385125722834266,0.06631671358117806,10247328.249275688
11,0,68,single_pwm,0.9364244281189257,2.9507161519902248e-05,0.029386379647040474,0.06627975821558253,2.812284164152157e+16
11,0,69,multi_pwm,0.0006466393940206894,0.0010847867106581158,0.0317593044653749,0.07174388062670696,2.404885151178902
11,0,69,degenerate_pwm,1.0658251076303646,0.0007971239815604915,0.03175253161634773,0.07162793479497107,16197788.189491082
11,0,69,single_pwm,0.9367295853674317,6.357426868358066e-05,0.03175070668738341,0.0715902242946831,2.323051186109315e+16
11,0,70,multi_pwm,0.00048597749592121735,0.0003301532222945271,0.02814213690409661,0.06128727886854024,2.404540144097127
11,0,70,degenerate_pwm,1.0221951937421123,4.184157452005351e-05,0.028141903972799028,0.061423446438173296,8742349.263609163
11,0,70,single_pwm,0.9363599563435689,0.0002450663723644977,0.028142157149602973,0.06146608250833396,2.0973078398831176e+16
11,0,71,multi_pwm,0.000498174918653886,0.0022275018791257243,0.027411379900498682,0.059718324448805385,2.4058907856446448
11,0,71,degenerate_pwm,1.0532017745490092,0.001679256597504159,0.027297096501035054,0.06045831331976342,9717137.406521477
11,0,71,single_pwm,0.9356742917284324,0.001786983003794602,0.027298378058026193,0.06054666258401245,6.633364970364892e+16
11,0,72,multi_pwm,0.000535511579739429,0.0006211394134886332,0.031413599001843186,0.06807699546296103,2.4067045946560413
11,0,72,degenerate_pwm,0.924738298805239,0.00024376664415636814,0.031215401798910702,0.06567591600816328,8215273.081664365
11,0,72,single_pwm,0.9363556162573067,0.0002507502418711544,0.031216168360619634,0.06584264626831629,1.6271134721421184e+16
11,0,73,multi_pwm,0.0006231606302452147,0.00029372190620519757,0.02194573214266568,0.03992470162047577,2.407128714676314
11,0,73,degenerate_pwm,1.141204663148175,6.640906761551874e-05,0.021921051632959064,0.03955155659271036,7923696.418034367
11,0,73,single_pwm,0.9364329551992838,0.00024416193049681475,0.021921220331092763,0.03957845845633905,1.812109388381508e+16
11,0,74,multi_pwm,0.0004784283361809363,0.00029202924564916406,0.02759530658785768,0.06253930737077212,2.404265962180336
11,0,74,degenerate_pwm,1.027636435108159,0.00012712459184303627,0.027595126108255583,0.06249575695132433,18379981.07130918
11,0,74,single_pwm,0.936598010407726,0.00010978123511891704,0.02759499234388544,0.06247284262234889,1.3228901342611133e+17
11,0,75,multi_pwm,0.00046872569256612947,0.0003234565004941022,0.0360794808193305,0.07724903644319345,2.4057281969128463
11,0,75,degenerate_pwm,0.9598063318217923,7.08257251106335e-05,0.03607332170837758,0.07694839574197918,10377397.138956698
11,0,75,single_pwm,0.9366143721703539,0.0001145366000296434,0.036073279183092964,0.07694834622914372,2.0300247968541044e+16
11,0,76,multi_pwm,0.0005443937899768754,0.00139295808204871,0.021406126670233692,0.04968415405153453,2.404747571896758
11,0,76,degenerate_pwm,1.1420503036752252,0.0010222299553021908,0.021245805244804933,0.049702232702160745,27376298.242791813
11,0,76,single_pwm,0.9360329068538605,0.0011463317937935587,0.021245907650409318,0.04971414762074501,1.6146559126835068e+16
11,0,77,multi_pwm,0.0005940967009675718,0.0007617228533088683,0.029730758395488065,0.0653013560178844,2.404566543990418
11,0,77,degenerate_pwm,0.8395805992059252,0.00023526407396835396,0.029646083297580384,0.06507688859418015,8554910.567026028
11,0,77,single_pwm,0.9362917142975491,0.0005042598707485948,0.02964599521942132,0.06507490264726068,2.2614473627308564e+16
11,0,78,multi_pwm,0.0005202163510170824,0.00048353566557181966,0.0265881230661815,0.05367505443600176,2.4053259706581547
11,0,78,degenerate_pwm,1.276404216651961,0.00031096024917918807,0.02657920840846251,0.053388712040301045,5622889.472583436
11,0,78,single_pwm,0.9363219041346174,0.0002457817623599322,0.02657965256844088,0.053466129285219,1.597500329064256e+16
11,0,79,multi_pwm,0.0005222096938530854,0.0004219558322692342,0.039870421301492424,0.09271186214477417,2.4032859148714802
11,0,79,degenerate_pwm,1.0323029111650672,0.00020421178005193175,0.03986961648509366,0.09278298018099919,11598245.382338006
11,0,79,single_pwm,0.9365450801543553,0.00012666582502646642,0.0398697733033069,0.09281813732810111,4.565035582399066e+16
11,0,80,multi_pwm,0.0006079924245033412,0.00043502673645740903,0.03390177217944367,0.06929270442367186,2.4044525660405607
11,0,80,degenerate_pwm,1.0613571965542736,0.00031697865769825804,0.03389268626721823,0.06935245561530594,13469475.081094611
11,0,80,single_pwm,0.9364838334973269,0.0002681171031693971,0.0338939900939314,0.06936305484634911,6.9098919889748536e+16
11,0,81,multi_pwm,0.0005669106624501274,0.0014731705555106288,0.02209382390961942,0.053145668780050975,2.406055146241964
11,0,81,degenerate_pwm,0.9545182913664603,0.0008779429652388056,0.021996362875968754,0.05389204722813842,19419111.800940286
11,0,81,single_pwm,0.9359897904146866,0.00104896370386416,0.022000033863460312,0.05396507816943144,2.375791312187676e+16
11,0,82,multi_pwm,0.0006426693040742464,0.00018604760466611744,0.03392083971333032,0.0816907461875073,2.405341006473701
11,0,82,degenerate_pwm,1.3453625931746718,0.00016742084735001583,0.03391441990658133,0.08143431494894367,12306690.03698833
11,0,82,single_pwm,0.9366151691157849,0.0005288460857259456,0.03391504727833015,0.08141791495437589,1.7989257536071364e+16
11,0,83,multi_pwm,0.0004997387926300558,0.0003905620748887712,0.03423869954466588,0.07550564514384786,2.4057296968366075
11,0,83,degenerate_pwm,1.0093355573341143,0.000191913291443634,0.034236366899481306,0.07551007207012718,14371145.253472192
11,0,83,single_pwm,0.9365767132794571,0.00027069926008157895,0.03423605893997835,0.07550964016001388,3.0524488389758104e+16
11,0,84,multi_pwm,0.0006887213481237965,0.0006960742685905927,0.030809369279281407,0.06565069451543531,2.4045676980657262
11,0,84,degenerate_pwm,1.2135436668539439,0.00019166413320470578,0.030775311170626995,0.06492688370567497,10528556.656656437
11,0,84,single_pwm,0.9366686136112902,0.00022875012224431133,0.030774388617682256,0.06486115361964082,1.8207539940354188e+16
11,0,85,multi_pwm,0.0005499712279270898,0.00027833481539319815,0.030368336217440877,0.06266721052037316,2.4070067618355475
11,0,85,degenerate_pwm,0.9305852119477006,8.681769035042923e-05,0.03033215657682114,0.06227055558896783,14037796.079980444
11,0,85,single_pwm,0.9366522591569088,0.0001489383842801085,0.03033199049704394,0.06222585338049666,1.9185630311704068e+16
11,0,86,multi_pwm,0.0006769235210310705,0.00020667047617723498,0.038663724589056946,0.09103250244923879,2.4047313949541897
11,0,86,degenerate_pwm,1.01726872425175,3.0954015822708495e-05,0.03865130880598481,0.09096033959670782,11090524.357532386
11,0,86,single_pwm,0.9366438254661764,0.00038867358059217766,0.03865192363990385,0.09102813204353905,3.4787973190153724e+16
11,0,87,multi_pwm,0.00035896571202473436,0.0024451101817366274,0.04085545082284393,0.09169467170721944,2.4044515785710106
11,0,87,degenerate_pwm,1.0062051258929463,0.0020197788772899454,0.04084656252223041,0.0919493362891471,5508463.489562262
11,0,87,single_pwm,0.9371174509312578,0.00252273537178653,0.040848166816360235,0.0918739855928064,1.8105000587906268e+16
11,0,88,multi_pwm,0.000521545112340926,0.0004962324534740264,0.024500894841753197,0.044671159033794434,2.4048693023050713
11,0,88,degenerate_pwm,0.8581023895692531,0.0005045300174253518,0.024499454161392462,0.04472435358055778,10716918.652910713
11,0,88,single_pwm,0.9361774554921047,0.00031998483053968877,0.024500722749257988,0.04487816883015447,1.7922933117717136e+16
11,0,89,multi_pwm,0.0006089193439847528,0.0004940732399859924,0.02945379329275918,0.05703521837337685,2.4048375233607233
11,0,89,degenerate_pwm,1.0539564648071238,0.0005354300489272594,0.02945206132358222,0.05677702312790655,11562597.535035137
11,0,89,single_pwm,0.9365711452490393,0.0003772585376929556,0.029451365750638194,0.056847537995351735,1.6730227892453812e+16
11,0,90,multi_pwm,0.0006225708605563623,0.0021855649532609234,0.0344446259511533,0.07457157727723136,2.4045746402721533
11,0,90,degenerate_pwm,1.0150260363242047,0.00200638811982237,0.034432509105046624,0.07460844071772377,13427220.170724884
11,0,90,single_pwm,0.9355656607023637,0.0016043205633357745,0.03443380724702952,0.07455864850818594,2.9814806596298864e+16
11,0,91,multi_pwm,0.00047004665819211843,0.0001965295533500869,0.029984840663343736,0.05737271786227726,2.4058744726582786
11,0,91,degenerate_pwm,1.2679838324526844,0.0003575204654875587,0.02997384434020437,0.05729159867098242,7091395.506212955
11,0,91,single_pwm,0.9366253870991677,0.00022721620345871865,0.029974025638622233,0.05731899555756208,1.6588654938753378e+16
11,0,92,multi_pwm,0.0003660473178445613,0.0013827104643806592,0.020810473987678497,0.04848374369659584,2.4053802862110802
11,0,92,degenerate_pwm,0.8235309140364214,0.0006096357745550693,0.020722588631305352,0.0492316554336318,9995689.325512607
11,0,92,single_pwm,0.9370367179457594,0.0010501519686892799,0.02072230947344809,0.049245196103217315,2.6107598707935144e+16
11,0,93,multi_pwm,0.0005254807356320505,0.00031594551704252635,0.02410989543074009,0.05374005368870476,2.403944089370775
11,0,93,degenerate_pwm,1.3524840181390132,6.827053969959568e-05,0.02409541533011465,0.05402793841838063,15367154.868140504
11,0,93,single_pwm,0.9364494287859967,8.107778466936203e-05,0.024096212736670727,0.053981888199304134,2.877054729772777e+16
11,0,94,multi_pwm,0.0004412908566662541,0.0005361525939904348,0.03051462854137378,0.0723134530302619,2.4053924163562375
11,0,94,degenerate_pwm,1.1460575597780691,0.0002446539148258021,0.03051928023660552,0.07231095446262267,14626908.22322173
11,0,94,single_pwm,0.9362964930929661,0.0006550987688698007,0.030514916017792642,0.07231824561939536,1.7021110972168368e+16
11,0,95,multi_pwm,0.00044452354197604006,0.0007326488163759109,0.03638153325862743,0.08655870418306058,2.4045554014063493
11,0,95,degenerate_pwm,1.0890818987115969,6.208968227275733e-05,0.036115683676497146,0.08662647082971157,8707366.534927607
11,0,95,single_pwm,0.9363569424051625,0.0006079943485806165,0.036115203884496946,0.08662999086212192,3.6938878359369544e+16
11,0,96,multi_pwm,0.00044283855130979147,0.0005600092425706495,0.04139643001198705,0.09861407516564268,2.4047102925359543
11,0,96,degenerate_pwm,0.9764030281117451,0.0006375250190082716,0.04139095600654469,0.09887537143270597,14724030.58685867
11,0,96,single_pwm,0.9366912948054937,0.000878134419527343,0.041390966737784265,0.09887723788590125,2.7105693876581664e+16
11,0,97,multi_pwm,0.000500021557397002,0.0003082126170448524,0.032535551706995666,0.07211009837906801,2.4055489068042837
11,0,97,degenerate_pwm,1.0615970911020847,0.000331451111885564,0.03253774719102034,0.07203581106989013,7098811.077428037
11,0,97,single_pwm,0.9364913651124982,5.5370741346060264e-05,0.03253532934922459,0.07206032755686703,1.2542936003348728e+16
11,0,98,multi_pwm,0.000595440810469708,0.0010340703641092156,0.035937695364114945,0.08489038711791597,2.406775872429163
11,0,98,degenerate_pwm,1.3399167255399502,0.0006787522709603487,0.035906596826572754,0.08551537394818716,15283425.686108653
11,0,98,single_pwm,0.9366753239395821,0.0008222727610778997,0.03590667031288463,0.08542555931216615,1.9047479236875344e+16
11,0,99,multi_pwm,0.0005162910302572844,0.0005367944000464646,0.03938108417351806,0.09487425786575933,2.4045522634645646
11,0,99,degenerate_pwm,1.2097256574058766,0.0006518259090268093,0.03937326529090457,0.0952179995319012,15547851.688498337
11,0,99,single_pwm,0.9357982028817365,0.0009528480416271311,0.039372712320696175,0.09520081577094536,1.6212866319537058e+16
11,1,0,multi_pwm,0.0006218034619722045,0.000606766669078325,0.03919912416197548,0.08766523107074277,2.4035050141158054
11,1,0,degenerate_pwm,0.8946077948755121,3.93832619278188e-05,0.03915636885122447,0.08772546485578885,6795649.3367805
11,1,0,single_pwm,0.9363758396491547,0.0009816206199819817,0.039156721361231515,0.08765990206162069,2.0758074568797976e+16
11,1,1,multi_pwm,0.00045386428825610595,0.0007228718976315239,0.031087979387563903,0.06894955093962038,2.405753906202323
11,1,1,degenerate_pwm,0.9182879748103604,0.00017995620031674122,0.031084279554067007,0.06867443246382607,6334079.962550044
11,1,1,single_pwm,0.9361409632717278,0.0002030508001728588,0.031085177145269705,0.06859559496628574,1.4784345731836084e+16
11,1,2,multi_pwm,0.000487497252770215,0.00021069042610319925,0.03371671802295199,0.07230228077519632,2.4048499743767557
11,1,2,degenerate_pwm,0.9706438500986002,0.0002794025595606232,0.03371631507699959,0.07226775254124448,9969096.006354418
11,1,2,single_pwm,0.9366407237435186,0.0001397450596184128,0.03371793507482282,0.07227092608745639,1.8578997046692948e+16
11,1,3,multi_pwm,0.00042286182817406645,0.00026767549186848885,0.02533685255191181,0.05136365897620926,2.4036949528542744
11,1,3,degenerate_pwm,0.93883136123929,8.340555790419255e-05,0.025317445518782605,0.05178039777213576,11250941.530414302
11,1,3,single_pwm,0.9364323664706014,0.0004872469731555775,0.02531848282930234,0.051844520216745724,5.461005343340165e+16
11,1,4,multi_pwm,0.0006194344502781686,0.0005956229751003062,0.027867974930537623,0.04998364491457897,2.405243721534367
11,1,4,degenerate_pwm,1.202397039522734,6.238557794115116e-05,0.027736153901441282,0.05001312976458938,31109833.974130724
11,1,4,single_pwm,0.9365101770973139,0.0003173182043566798,0.02773737317704999,0.0500131283012094,1.120108679448296e+16
11,1,5,multi_pwm,0.0006210033758859458,0.00022000777763103098,0.031062694543697415,0.06564045310277825,2.4041597215167925
11,1,5,degenerate_pwm,1.1346761883189198,0.00013190452175022106,0.031050129644324014,0.0658653707877235,19033733.88228827
11,1,5,single_pwm,0.9364520410305632,0.0002538662624422381,0.031048955362168267,0.0659508049476639,2.109545780665667e+16
11,1,6,multi_pwm,0.0005206365259760398,0.00017580125435830946,0.029092122507776645,0.059342638214058725,2.4030196007898446
11,1,6,degenerate_pwm,1.0530262183541848,0.0003991436453909667,0.02907973967981332,0.058719891099152544,7015288.115638668
11,1,6,single_pwm,0.9365673670894672,0.000246806929922447,0.029085051426558366,0.05840294100662871,1.815709600041265e+16
11,1,7,multi_pwm,0.0004783254992845271,0.0007218201937057693,0.018123655203287566,0.03880416497831429,2.403625801870569
11,1,7,degenerate_pwm,0.8863808970745115,0.0011063142954126327,0.018055374547219272,0.03867406431483528,9977756.668415487
11,1,7,single_pwm,0.9368474641176879,0.0010784149908840246,0.01806251292252242,0.03869912137003054,1.6164853619450114e+16
11,1,8,multi_pwm,0.0004621251828985436,0.0004893379827278408,0.02565822190947296,0.05051426252948381,2.406171874668645
11,1,8,degenerate_pwm,1.1042819321800514,6.442181769664679e-05,0.025603271190869893,0.05057724031301114,7940967.102978052
11,1,8,single_pwm,0.9366060047219891,0.00037322032968376055,0.025603613060705705,0.05058399808565499,1.4400993068243256e+16
11,1,9,multi_pwm,0.0006444333317974806,0.00037132112494992685,0.026745459378605313,0.05934786212932527,2.40705523470185
11,1,9,degenerate_pwm,1.0246939859217727,0.00033841482177933516,0.02673224602820003,0.059450720799967355,10932077.626760758
11,1,9,single_pwm,0.9362135354860774,0.00016635412039499425,0.026731166250881355,0.059408173241558185,1.6241848887117768e+16
11,1,10,multi_pwm,0.000594238465337131,0.0005964157546419592,0.03725718239799476,0.08471904715772169,2.4055503057152507
11,1,10,degenerate_pwm,1.1517332276984606,0.0010457242679491956,0.03725753530314043,0.08478115471794248,5833218.258707786
11,1,10,single_pwm,0.9359508532862381,0.0013925460743203274,0.037258068179690275,0.08478391220959618,2.2122545023842064e+16
11,1,11,multi_pwm,0.000512585164301485,0.0005939441897075927,0.016801450968210566,0.04256479493090137,2.406471937873781
11,1,11,degenerate_pwm,0.8588991173014746,0.00010650086539227318,0.016785600634431894,0.042795123846742694,5513653.227400558
11,1,11,single_pwm,0.9364136818698456,0.0003941905909210944,0.016786707989767367,0.04278690344063307,1.471130878423959e+16
11,1,12,multi_pwm,0.0006202955681364211,0.0006969840347758132,0.036174346721007576,0.0802351939340381,2.4080041603904325
11,1,12,degenerate_pwm,1.1922306350358907,0.00011634541913398877,0.03605292165190033,0.08112927957478908,10171795.30698457
11,1,12,single_pwm,0.9363751712250018,0.0004141793326922656,0.03605373082596267,0.08120348809191996,1.3848189218279742e+17
11,1,13,multi_pwm,0.0005398528990989802,0.0019260255820146399,0.03341257076575063,0.08203629676306358,2.4065461931240577
11,1,13,degenerate_pwm,1.1236820799259208,0.0017045967351822812,0.0334132190879698,0.08204209534731219,7686987.187823873
11,1,13,single_pwm,0.9370625086680322,0.0020673661074193765,0.033412526458714946,0.08201245376207726,1.1260492167155124e+16
11,1,14,multi_pwm,0.0007088635005802502,0.0006945292169744608,0.023854871781283548,0.05030527301163615,2.404417795936187
11,1,14,degenerate_pwm,1.1093069848371893,0.0008235145099483801,0.023525612009078403,0.049121107537680224,11190571.267604524
11,1,14,single_pwm,0.9359759130604444,0.0005501910007450319,0.02352666254322086,0.04914601010624629,1.6238654878346424e+16
11,1,15,multi_pwm,0.0004774405732092212,0.0005549381046362996,0.029271330752657428,0.05878496833193424,2.4047113876288115
11,1,15,degenerate_pwm,0.9712561485895248,0.00037965074798413084,0.029262201325513555,0.05836882376460786,9980049.470641468
11,1,15,single_pwm,0.9363559847273996,0.00020311297966892926,0.029263284148382418,0.05860982113783517,2.1046172680257804e+16
11,1,16,multi_pwm,0.0005674992652668361,0.0005498347033210011,0.0438820714436236,0.09016587572477745,2.4074757698267892
11,1,16,degenerate_pwm,0.8127955114754917,0.00047081768821326155,0.04382277494592846,0.091671772547301,6228630.726872033
11,1,16,single_pwm,0.9366219350103538,0.0007791276005357994,0.043823259064904425,0.09166794414185275,2.116676417467035e+16
11,1,17,multi_pwm,0.0006183857186693112,0.0006495636218407282,0.029254138279865307,0.061735918938726445,2.4053066657164406
11,1,17,degenerate_pwm,0.899584451355788,0.00032493634199625435,0.029084060651686523,0.06033526446671215,14425396.65609958
11,1,17,single_pwm,0.9362423782524865,0.00012101494353912989,0.0290845749076318,0.06028161162330146,1.832533970563724e+16
11,1,18,multi_pwm,0.0006479654842923099,0.0003957476431966978,0.021530881588732235,0.04817145768884019,2.40647897896955
11,1,18,degenerate_pwm,1.0679476912856567,0.00025049836240644403,0.02151455021994005,0.04819343168842505,8683604.998639267
11,1,18,single_pwm,0.9366661172379641,0.0001487658098623686,0.021515093090519053,0.0481896980213329,2.1826428480029976e+16
11,1,19,multi_pwm,0.0006815836523162474,0.0009183937910567571,0.03767561397095691,0.08653690398486547,2.4041223606559323
11,1,19,degenerate_pwm,0.8497439691817185,0.00011126285809192157,0.037622739944641506,0.08693920757258908,7455319.903232444
11,1,19,single_pwm,0.9362577066453451,0.00045711515555736036,0.03762302313924765,0.08693728815010068,1.7597761151640052e+16
11,1,20,multi_pwm,0.0005562397852611969,0.0014470402665257886,0.033513798368009606,0.06991045160093041,2.404299001696688
11,1,20,degenerate_pwm,1.3404874558012194,0.0005658302411184105,0.03345756657790001,0.06843769406592434,18058764.691481214
11,1,20,single_pwm,0.9361522571728664,0.0008245975582292447,0.03345739462848882,0.0684764586369135,9.364248127067837e+16
11,1,21,multi_pwm,0.0005061439785402214,0.0011946106955478476,0.022930196994170145,0.054747498540350485,2.4057016375316516
11,1,21,degenerate_pwm,0.8835704815147934,0.0013077031742513275,0.022925254382413322,0.054975795693701944,8932837.339927085
11,1,21,single_pwm,0.9358799630240676,0.0009480548356906595,0.022926459392135636,0.055018175166976435,1.4347049427351388e+16
11,1,22,multi_pwm,0.0006086805431217803,0.0008017526105084771,0.032140614928352663,0.06379747820095683,2.403305212245901
11,1,22,degenerate_pwm,0.8995480830070836,0.0010131872078512033,0.03198998138048344,0.06481216934551311,7321604.565173415
11,1,22,single_pwm,0.9359929514473443,0.0011285592004624662,0.0319911306186807,0.06477999251570503,1.7965927987720152e+16
11,1,23,multi_pwm,0.00048422831167936126,0.000296983050000218,0.0246018680016588,0.05538280938800825,2.4045616655540347
11,1,23,degenerate_pwm,1.0216783043795703,9.0591742775669e-05,0.024554262459337135,0.0554194528221409,9278742.670596538
11,1,23,single_pwm,0.9363743295767525,0.00046266275536313605,0.024553974153077276,0.055421941701248034,3.580674224387932e+16
11,1,24,multi_pwm,0.0004791397157671489,0.00047274766708779254,0.03140851387428118,0.058531369329342844,2.4033873014583236
11,1,24,degenerate_pwm,1.0792817674583053,0.00046526049516581677,0.031392658167558415,0.05934470118720759,17595868.487490922
11,1,24,single_pwm,0.936233828381596,0.00022389276617952342,0.03139188967314825,0.0592866191530164,1.4432669666334466e+16
11,1,25,multi_pwm,0.0006974878186310429,0.0005711733481730499,0.03437811419582296,0.0772249606543823,2.4068592257627364
11,1,25,degenerate_pwm,0.9863874688752416,0.00015483101263896436,0.03428174625641657,0.07611492569462219,8988983.158708246
11,1,25,single_pwm,0.9365127748294227,0.00018826911416229965,0.034283785054629236,0.07600335976485059,4.980020503964562e+16
11,1,26,multi_pwm,0.00041142132084117793,0.001590948255258283,0.03202371717285312,0.07578334399609006,2.4023623869371415
11,1,26,degenerate_pwm,1.0397000655126234,0.0014254587169114047,0.03202426232551729,0.07584546415517451,47989859.10510858
11,1,26,single_pwm,0.9359121639850617,0.0015083656701230087,0.03202442275265371,0.07577081886177794,2.316898828754394e+16
11,1,27,multi_pwm,0.00048302662651522176,0.0005864632445918005,0.018566062906885915,0.039492586013060396,2.4036791166369884
11,1,27,degenerate_pwm,0.9220491634178799,0.0004281434936874865,0.018547633786535192,0.03951978087171044,6499222.145461269
11,1,27,single_pwm,0.9362025197358576,0.0002608680355415775,0.01855043892464016,0.03948985693775039,1.8719482360708348e+16
11,1,28,multi_pwm,0.0006389959429195728,0.0007051886061928846,0.03312285441058692,0.06564878010074476,2.4038131158217677
11,1,28,degenerate_pwm,1.069382369862191,9.560147018256635e-05,0.033080982800741725,0.06659023974894543,7376094.234338602
11,1,28,single_pwm,0.9364846846804274,0.00018802968127910888,0.03308132122193097,0.06645925455647235,2.110346904402301e+16
11,1,29,multi_pwm,0.0005552888361538371,0.002080358207137718,0.02492097969761854,0.052811164769201904,2.406451771938166
11,1,29,degenerate_pwm,1.16269524575862,0.0016555373941994867,0.024874784638048736,0.052606682502341566,8125557.525248487
11,1,29,single_pwm,0.9368788143791403,0.0018711593389552131,0.02487393267143926,0.052554520325730256,2.190790728869368e+16
11,1,30,multi_pwm,0.0007550434501588564,0.0009003563862646867,0.024135607460455642,0.05105805730895429,2.405547108448232
11,1,30,degenerate_pwm,0.9613915260629521,0.00031484107394292796,0.023791531088749648,0.052754840074046905,7470118.386546347
11,1,30,single_pwm,0.9364940713343787,0.000777248453492726,0.023791884066483814,0.052823573150163505,1.3494873879282672e+16
11,1,31,multi_pwm,0.0004909485816515945,0.00044981384636133103,0.03327982858444842,0.06984220196407692,2.40488939852834
11,1,31,degenerate_pwm,1.075815981899139,0.0006304818110252223,0.03325597247227154,0.07011345397489925,13716336.65570264
11,1,31,single_pwm,0.9368062432714511,0.0001090420867448844,0.03325666952067509,0.07024345571596204,1.785510368771392e+16
11,1,32,multi_pwm,0.0004787651393961373,0.0008661412519251229,0.022364437000265608,0.04310949045815126,2.4040632416673273
11,1,32,degenerate_pwm,0.9939673937834285,0.00041806917143313665,0.02219087650915696,0.044840513091462,16920215.3748627
11,1,32,single_pwm,0.93676534043483,0.00031881976264255807,0.02219516654442343,0.04459401569408004,2.1033680488935864e+16
11,1,33,multi_pwm,0.0005219043216910829,0.0007434513668915842,0.03516608508359986,0.08017393450833808,2.405365986446853
11,1,33,degenerate_pwm,1.2349354160537798,0.000637478176811489,0.03516348771371263,0.0801743048029836,22707541.282861188
11,1,33,single_pwm,0.936099404057008,0.0005550987010605951,0.03516407227460833,0.08003185532698931,1.5812998244670868e+16
11,1,34,multi_pwm,0.0006659872169418401,0.0016853636174787435,0.030863805360234114,0.06380641770241291,2.405280685842461
11,1,34,degenerate_pwm,1.2115376027824534,0.0014093593750375965,0.030856860799996992,0.0636079988319116,33147676.688139915
11,1,34,single_pwm,0.9357674690033703,0.000858134219076436,0.030856168477463062,0.06355047589529761,1.6139221351312812e+16
11,1,35,multi_pwm,0.0005521273507878722,0.0005346867169719548,0.023874333044495884,0.0527846302575931,2.4041939286910763
11,1,35,degenerate_pwm,1.1015310441006523,0.00022878471665159053,0.023774558708261805,0.05255395340036409,8477630.648556408
11,1,35,single_pwm,0.9364070942707705,0.0005085602223762396,0.02377474633204946,0.05250866352366495,1.7992425056553472e+16
11,1,36,multi_pwm,0.00046921690741654517,0.0007872348636465238,0.02929310209105443,0.05470040101098947,2.405524844043999
11,1,36,degenerate_pwm,0.8778409894271156,0.00033535505498534903,0.02928562786578924,0.054971608531231765,11064441.789183628
11,1,36,single_pwm,0.936239287405884,0.0005363415617098371,0.029285741004031564,0.05499599782322197,2.780463279869163e+16
11,1,37,multi_pwm,0.0005476524365150484,0.00034254727118624307,0.034110217566679014,0.06815497110731536,2.406783684472173
11,1,37,degenerate_pwm,1.3040117840522025,0.00038601717322760484,0.03409665076235291,0.06813409046997479,13930562.130506324
11,1,37,single_pwm,0.9365080007366595,0.0008859759339403408,0.034096788634976505,0.06814544400199865,2.1057747073808452e+16
11,1,38,multi_pwm,0.0005808798952138854,0.0005507181964920405,0.025988183036641323,0.05608732843584531,2.4068608522850767
11,1,38,degenerate_pwm,1.1710685876110962,0.0001598494900866454,0.025876338599865413,0.05693060807366618,11441383.15740525
11,1,38,single_pwm,0.9364879195137816,0.00038198500763501707,0.02587709744376339,0.05695106407650643,1.807390892080779e+16
11,1,39,multi_pwm,0.0006126518938946181,0.0001348190227810654,0.023648983182785462,0.0527169326236049,2.4049404009311495
11,1,39,degenerate_pwm,1.1578463434590311,0.00011066621987791412,0.02364887398673667,0.05266039493284426,12009715.984135123
11,1,39,single_pwm,0.936284340974203,0.0001789187460775128,0.023651307011127116,0.052613079699543194,1.999324240824549e+16
11,1,40,multi_pwm,0.0005051512075785008,0.00043541525066411406,0.02680553380976342,0.06189901196757541,2.4036609243129052
11,1,40,degenerate_pwm,0.9928542954954139,0.0008723763247726576,0.02669913897336221,0.061964429034740046,9438100.358284771
11,1,40,single_pwm,0.9360423829944291,0.0006400809282027737,0.026699760813258925,0.06194098743016896,1.8066266510134228e+16
11,1,41,multi_pwm,0.00047931188836530396,0.0005303469717100666,0.029452150788909663,0.0597877592007229,2.4055065337114825
11,1,41,degenerate_pwm,1.1493954152127706,0.0005216324502599708,0.029444188120601667,0.059822196762072816,24176619.469829556
11,1,41,single_pwm,0.9365462690032553,0.0001471295633555031,0.029444518755740442,0.05980832680213629,2.000154190686941e+16
11,1,42,multi_pwm,0.0005842416425543257,0.0004524201292015046,0.039816017078179375,0.09396345162563066,2.403650195700469
11,1,42,degenerate_pwm,1.2281441820035222,9.258422349349318e-05,0.039807824292671705,0.09410962995570644,13788834.996669821
11,1,42,single_pwm,0.9363437160209203,3.927843003395288e-05,0.039806608726888744,0.0941791533120602,2.234874473931201e+16
11,1,43,multi_pwm,0.000565426186390143,0.000580118496860564,0.028296081390297458,0.06334630074438016,2.406367331970343
11,1,43,degenerate_pwm,0.9399450661779217,0.00037109331245919493,0.028127852842606126,0.06438249680053522,12468334.426810283
11,1,43,single_pwm,0.9364505060289071,0.00011985056067510113,0.028130667794535526,0.06445790054423774,6.7211643538195176e+16
11,1,44,multi_pwm,0.0005627302645976703,0.000490331792391051,0.03130280698211795,0.07661266269690321,2.4072948521466913
11,1,44,degenerate_pwm,0.8480998036374576,0.00017907669993217075,0.03130315101022868,0.07661724116764561,13727873.577404663
11,1,44,single_pwm,0.93655060379449,0.00010535466386447608,0.031302206293343966,0.07661037293171241,1.2732438553214298e+16
11,1,45,multi_pwm,0.0004631702918963692,0.0005830097510027715,0.03240549076164132,0.07129110741014506,2.403326742580492
11,1,45,degenerate_pwm,0.976371523571304,0.0005356861856955677,0.03239942117459723,0.07138591451024195,9766250.586653125
11,1,45,single_pwm,0.9367722696077873,0.0001208139527959612,0.032399407855503375,0.07140616634009321,1.5728043782371956e+16
11,1,46,multi_pwm,0.0004108694895983146,0.0002438417681864241,0.024807369654855818,0.048588983706125244,2.4053033710361276
11,1,46,degenerate_pwm,1.128098312787951,9.679882910438682e-05,0.024804404102221848,0.04850210732142808,11988941.463812878
11,1,46,single_pwm,0.9364253646771334,0.0004070533119449868,0.024804646854955426,0.04848335667346642,3.189912675221063e+16
11,1,47,multi_pwm,0.0006343201716100338,0.0003846398522127619,0.037750804690535725,0.07807048229600635,2.404552728624386
11,1,47,degenerate_pwm,1.006328710130336,0.0004004872083236072,0.03774908784555942,0.07812260296698367,13082518.523223484
11,1,47,single_pwm,0.9360441477853437,0.00022448232724498366,0.03774901528721176,0.07806139335415396,2.0889654712176268e+16
11,1,48,multi_pwm,0.00047510896754704646,0.004352661252703521,0.03464280048780097,0.07949727806896838,2.404464532331857
11,1,48,degenerate_pwm,1.249778984567794,0.004611057562126939,0.03458786602819387,0.08059712556495288,16280091.404815108
11,1,48,single_pwm,0.9372874921616605,0.0044870533798784225,0.034585750717318654,0.08054313876059502,1.8504473802655388e+16
11,1,49,multi_pwm,0.0005188092285660183,0.0012199265855325438,0.032990921606412794,0.07322795998254486,2.403957118908548
11,1,49,degenerate_pwm,1.5501694444843275,0.0013984739160292404,0.032944062805536994,0.0740438817562106,10014127.40218065
11,1,49,single_pwm,0.9360173974523758,0.002009143087739609,0.03294414343314126,0.07405999835765678,2.103530660975192e+16
11,1,50,multi_pwm,0.00047236319273224943,0.0005384200444692167,0.029858453143891114,0.07510498659529635,2.4064410968365286
11,1,50,degenerate_pwm,0.9916440635996898,3.764940525741887e-05,0.029732785161874255,0.07507179824276626,18364952.44905433
11,1,50,single_pwm,0.936566211502507,0.0003822576011528277,0.029748648276377826,0.07509885300142922,2.298276174828653e+16
11,1,51,multi_pwm,0.0004632658665407547,0.0001579555569531538,0.026208164002833847,0.04963103376821372,2.4082145603609852
11,1,51,degenerate_pwm,1.2046045871104318,0.00015466251397533868,0.026207715907902142,0.04960451186448855,17197966.49268322
11,1,51,single_pwm,0.9363070482691894,0.00021091034038909565,0.02620784771160721,0.04956123622831443,8994958911120379.0
11,1,52,multi_pwm,0.0006547557263099108,0.00040464445493280644,0.028267970342804014,0.05418605220417923,2.404793011997613
11,1,52,degenerate_pwm,1.1053501812464372,9.7169156012921e-05,0.028266800227845775,0.05422417771232563,14994500.235289965
11,1,52,single_pwm,0.936552872346872,0.00018092471180764877,0.02826687629959823,0.05415969062519274,1.5986642804161308e+16
11,1,53,multi_pwm,0.0004623184844534694,0.0008345100859419848,0.03589414311590593,0.08085628598266173,2.403638365911083
11,1,53,degenerate_pwm,0.8795157327637178,0.0011089363378420376,0.03589374225924224,0.08076954882170051,10968266.279555464
11,1,53,single_pwm,0.9359862687987854,0.0006576023734687808,0.03589420797414429,0.08088713176098085,2.3383743293035456e+16
11,1,54,multi_pwm,0.0005244898791756804,0.00031873047394206163,0.02586026810002855,0.05765089320742669,2.406683930325945
11,1,54,degenerate_pwm,1.1273175875207089,0.00044508988617363135,0.025860832906954713,0.05762381064799747,10425039.20103531
11,1,54,single_pwm,0.9366938522419954,0.00038589739140422127,0.025864338147547888,0.05730339363993478,1.617558392873548e+16
11,1,55,multi_pwm,0.0006562842614137917,0.0002496639794910376,0.038219549667976124,0.08476726612374721,2.404517383333912
11,1,55,degenerate_pwm,1.1095679055099044,0.00037657126532882675,0.038198771783262746,0.08426758093454527,12161228.85688419
11,1,55,single_pwm,0.9363235269055378,0.00016026793475140517,0.03819886862416853,0.08430664601180805,2.906203706756278e+16
11,1,56,multi_pwm,0.0005511923594968493,0.0007021967151803524,0.03897232035062162,0.08209705789017235,2.4075732565916583
11,1,56,degenerate_pwm,0.9111790178075861,0.00012142710006190898,0.03875758108936858,0.08353554454945976,13262282.347311463
11,1,56,single_pwm,0.9365593384109246,0.00011711721865830229,0.03875768213971758,0.08352225917046706,2.290555155604008e+16
11,1,57,multi_pwm,0.0005718536888171094,0.0002683258507273082,0.035682502929171384,0.07522541353689921,2.4045655539729256
11,1,57,degenerate_pwm,1.138809575739577,0.0006330194363078456,0.0356829466395939,0.07534050286990875,15400818.520503381
11,1,57,single_pwm,0.936031120170567,0.000601525139655713,0.035682679788104084,0.07532508086658697,2.9034475243337984e+16
11,1,58,multi_pwm,0.0006104606542325062,0.0005879294662401668,0.029178806253406183,0.06811480717950173,2.403082320921161
11,1,58,degenerate_pwm,0.8927170188172248,0.000270638334500017,0.029052939343268486,0.06915330233703659,12484855.846052082
11,1,58,single_pwm,0.9364706923329269,0.0002445478068571242,0.029052937079500872,0.0691729493662247,2.1116166980374824e+16
11,1,59,multi_pwm,0.0006526529265959631,0.00011534919884618008,0.029517512589466714,0.06710428067920686,2.40606915634181
11,1,59,degenerate_pwm,1.2338473305964237,0.0003855388439315824,0.029515333787428193,0.06709706717267787,13778923.888384923
11,1,59,single_pwm,0.9364561409441524,0.0007631518403105731,0.029514352367791,0.06710092502059486,1.6191712021844166e+16
11,1,60,multi_pwm,0.0005392491688107223,0.0004853152280005008,0.031700158706379836,0.06626382072500284,2.40639485900524
11,1,60,degenerate_pwm,0.9371420716087765,0.0002904375098498253,0.031697368085092256,0.06615707254217269,20729090.197418503
11,1,60,single_pwm,0.936507604036352,0.00015682627792715267,0.031697725088496026,0.06619890988889862,1.0765941127665184e+17
11,1,61,multi_pwm,0.0007343535095729742,0.000535604424566202,0.02374436592803327,0.04372591846865882,2.4026557451255446
11,1,61,degenerate_pwm,1.171633704893952,0.00015389301173075197,0.02373746290480023,0.04385884441697334,15188905.135364097
11,1,61,single_pwm,0.9364598284360526,0.00042334211369184966,0.02373725104664647,0.04390934268241535,2.1003097519953504e+16
11,1,62,multi_pwm,0.0004917555523161789,0.00044465751450964354,0.035768503850388135,0.07368532424632708,2.406364761619027
11,1,62,degenerate_pwm,1.344662103173075,0.00014443826931162353,0.03572997145055492,0.07438346906537321,26382069.90622388
11,1,62,single_pwm,0.9367505162941004,0.00012885983141102447,0.03573001731268669,0.07420473982303061,1.3897766246086498e+16
11,1,63,multi_pwm,0.00045426431947627813,0.0004422611242389627,0.03887728638772801,0.09227213409848757,2.4046282448584546
11,1,63,degenerate_pwm,1.0273111239998658,0.0002942620852706499,0.03882197457217283,0.09152760739413186,11009575.943476023
11,1,63,single_pwm,0.9358453346886055,0.000704228434560612,0.03882123153700432,0.09147783220773906,1.5813552103622926e+16
11,1,64,multi_pwm,0.0004910433348632933,0.0012003599271954376,0.02660371062200222,0.06157417895849343,2.4044983972273637
11,1,64,degenerate_pwm,0.7241269827294545,0.0008623631825563203,0.026599118454532496,0.061663258867067014,8863320.382715525
11,1,64,single_pwm,0.9365482915170447,0.00041437348546627156,0.02660364082404255,0.06191421436656562,1.667276376905331e+16
11,1,65,multi_pwm,0.0004321552020871804,0.00044249390056285825,0.02918400839401361,0.06310488524339379,2.406128791760027
11,1,65,degenerate_pwm,1.089956049873292,1.2451524415460192e-05,0.029110092687931476,0.0624744946294376,12150795.568631483
11,1,65,single_pwm,0.9365689078495351,0.0001083035043991244,0.02911022604047969,0.06242413525398232,1.847165595585927e+16
11,1,66,multi_pwm,0.0005670528788103485,0.0012231792597425129,0.038198619120706635,0.08624375047506454,2.406329948561737
11,1,66,degenerate_pwm,1.0358071054320943,0.001433116866657675,0.0381965907628245,0.08617745520091609,10346541.304952607
11,1,66,single_pwm,0.9357801250913285,0.0009811953593541953,0.03820008671979634,0.08615119058154136,2.308202649886147e+16
11,1,67,multi_pwm,0.0005598431737512972,0.0003748125537318538,0.024633538444873915,0.057075201457151045,2.4076474484173467
11,1,67,degenerate_pwm,0.97526591874551,0.0003145358989540771,0.024544966591886107,0.056530518631793744,6657028.938638954
11,1,67,single_pwm,0.9362529541187773,0.0002234439316142463,0.02454442033986906,0.05651948255348578,3.0720187220674028e+16
11,1,68,multi_pwm,0.0004878145233564013,0.00017156420206134658,0.03147911046155782,0.06690815929499577,2.4068422098407103
11,1,68,degenerate_pwm,1.43584787616989,0.00015916306686165308,0.03147929872237568,0.06690421680418207,7207247.359708911
11,1,68,single_pwm,0.9364361003829451,0.00031014253441443584,0.03148049028647729,0.06700006236742591,1.8850533007946348e+16
11,1,69,multi_pwm,0.0005143576867455414,0.0006271237433878632,0.024036462571379882,0.05476888091908866,2.405382013925433
11,1,69,degenerate_pwm,0.9461022192286647,0.0003517361872196834,0.02403101911944847,0.05473786332539874,7383567.653407944
11,1,69,single_pwm,0.936730588662773,0.0003284486621805686,0.02403025183552494,0.05473519157436452,5.432100659390566e+16
11,1,70,multi_pwm,0.0005617643780102234,0.0025034699772474873,0.036572357778977944,0.08178741948577654,2.4073665653942595
11,1,70,degenerate_pwm,1.1142540899710844,0.0023126901138429087,0.03657065292539186,0.08167892620970738,6070306.585458193
11,1,70,single_pwm,0.9370842046243101,0.0019871717397226167,0.03657144904284218,0.08163160370611466,3.0271567617248484e+16
11,1,71,multi_pwm,0.00039075013702453173,0.0004442866871511731,0.036049671069227976,0.08819614068627821,2.403560711624836
11,1,71,degenerate_pwm,1.0634169853862372,9.525480838382043e-05,0.03597873366773481,0.08868357371572953,8958408.265182402
11,1,71,single_pwm,0.9364200860011777,0.0003655123922353946,0.03597994532220923,0.08866736525668674,2.0001471345019016e+16
11,1,72,multi_pwm,0.0004525680684007052,0.000399724371535413,0.03639828542091046,0.08349115213537302,2.4047335021631504
11,1,72,degenerate_pwm,0.967285616657589,0.0006531222430981934,0.03633580872572165,0.08365376122880613,7054979.620797865
11,1,72,single_pwm,0.936169852185209,0.0005204459071018563,0.03633548392419766,0.08362605603999593,1.834023398930731e+16
11,1,73,multi_pwm,0.0006802562864552751,0.00024551063137593737,0.03394162973258021,0.07204760903832233,2.40590459132092
11,1,73,degenerate_pwm,1.1177048376943046,0.00030155437091305596,0.03391186595858228,0.07192202888783522,17393646.22375913
11,1,73,single_pwm,0.9367766572397771,0.0007739958652466292,0.03391268659120222,0.07189615576567056,3.2887973414028124e+16
11,1,74,multi_pwm,0.0004005561656373058,0.0002013912951698239,0.026237484279555398,0.06268310931438167,2.4052728849669567
11,1,74,degenerate_pwm,0.8689666877849919,0.000431033622841514,0.02623100695922089,0.06258790472329348,4910694.855634134
11,1,74,single_pwm,0.936497418742261,0.0005037792021382613,0.02623237027096391,0.06261630663945018,4.3894454400732424e+16
11,1,75,multi_pwm,0.0005846373728269345,0.0005288585058700835,0.040235776736924564,0.0895801442179939,2.4029796861728636
11,1,75,degenerate_pwm,1.002296815702758,6.016624187271125e-05,0.04021673797722438,0.08947208673112153,13730073.587062255
11,1,75,single_pwm,0.9366733723152465,8.379352305685286e-05,0.04022103716949158,0.08943897383803058,3.2808055678639028e+16
11,1,76,multi_pwm,0.0006013748091676732,0.00025738934797102695,0.029710549027934203,0.05891828687979811,2.4072598633164493
11,1,76,degenerate_pwm,1.0496049147461368,0.00026784479327331427,0.02968383694839812,0.05782890098251771,13252371.588487566
11,1,76,single_pwm,0.9365131858580842,0.0005405207725354025,0.029682586370403705,0.05792643310746106,2.1422358409168252e+16
11,1,77,multi_pwm,0.0005825311268165687,0.0003689312783925305,0.030417437416637078,0.07198930071759505,2.4043705270938953
11,1,77,degenerate_pwm,1.0941246619388787,0.00018543671930578185,0.03038584101465695,0.07252587249308978,9846550.822462533
11,1,77,single_pwm,0.9362927683901549,0.00022329431210359695,0.030385441331097895,0.07251211205255807,1.0622076650171827e+17
11,1,78,multi_pwm,0.0003938497038781364,0.0006576324867013894,0.035870893494449906,0.07141504384637663,2.405113693786058
11,1,78,degenerate_pwm,0.9533769618713532,0.00026765519786871447,0.0358603353796655,0.07187375511919479,25070257.630621612
11,1,78,single_pwm,0.936645568957275,0.00028879159463532725,0.03586062887758379,0.07177107607384989,1.7850087487162488e+16
11,1,79,multi_pwm,0.0004515064777760217,0.000400774956109544,0.02574139821914987,0.05385674504343699,2.405487736765576
11,1,79,degenerate_pwm,0.919426890122504,5.243042175781236e-05,0.02574106253440646,0.053711103648219016,8942751.694686938
11,1,79,single_pwm,0.9367253854805612,0.00033770336973944725,0.025742598251990996,0.05366336030913781,9071252633090194.0
11,1,80,multi_pwm,0.0005118857698040585,0.005100127698844705,0.03573063846144934,0.07269654542865137,2.404651855200429
11,1,80,degenerate_pwm,0.9767769218929764,0.005106550663737876,0.03572659248274368,0.07289009180980371,13037901.928288985
11,1,80,single_pwm,0.9373987991915622,0.005064376389366762,0.03572570891363835,0.07301295947167274,2.2128266502090216e+16
11,1,81,multi_pwm,0.0005420855606792596,0.0006630946568786887,0.038584080121290464,0.08248021494233156,2.405744131518604
11,1,81,degenerate_pwm,1.1831916181721605,5.770081647458517e-05,0.03849587902908363,0.08213296970742484,12517872.850923594
11,1,81,single_pwm,0.9363728450235825,0.00036726559778889334,0.038496525050495535,0.08211716400653693,1.6322730209904508e+16
11,1,82,multi_pwm,0.0006042150765069999,0.00022291757683241947,0.029279601914339624,0.0647164212118101,2.4045324899518334
11,1,82,degenerate_pwm,1.0222351646669112,0.000224496044464234,0.029279356918999265,0.06475052010056388,18560676.165059004
11,1,82,single_pwm,0.9363066316012759,0.00010003028871962745,0.029279117067441438,0.06473415700426088,1.9346139605263716e+16
11,1,83,multi_pwm,0.0005440709717922155,0.00045666022153869327,0.03725820654279867,0.07710389373537815,2.404362325179984
11,1,83,degenerate_pwm,1.050925204757948,0.0004160822332006799,0.037198344023204176,0.07656537369971197,9219450.558667216
11,1,83,single_pwm,0.9359057029505194,0.0005854589937950062,0.03719711238150786,0.07654343272941506,2.199504694953498e+16
11,1,84,multi_pwm,0.00048702267861985355,0.0002669284480437287,0.03438124819527795,0.06818213247098608,2.404920810654283
11,1,84,degenerate_pwm,1.044204057487492,3.653004713667348e-05,0.03435111701652723,0.06858122904545663,9287854.24762224
11,1,84,single_pwm,0.9363288425462102,0.0001622859676416026,0.03435116530903566,0.06863004531627326,2.9857921726347344e+16
11,1,85,multi_pwm,0.0006151256546069112,0.0011578480571952097,0.03508098006779936,0.07485902164697139,2.4056658285456716
11,1,85,degenerate_pwm,0.9706825244355571,0.00091078853541675,0.035000039992938034,0.07394200928637822,15758681.012406448
11,1,85,single_pwm,0.936923832161617,0.000881488843906647,0.03499944345421518,0.07400967837438145,1.7984584071189794e+16
11,1,86,multi_pwm,0.0005319205113315546,0.000747896933668144,0.03171410645822496,0.0717991817130163,2.405255462384927
11,1,86,degenerate_pwm,0.9183939779388103,4.483231030090254e-05,0.03147386270486605,0.07042263647134978,10694116.151022475
11,1,86,single_pwm,0.9366346854217831,0.0005269345933339993,0.031475283967563376,0.07036744551069907,1.7912749274449408e+16
11,1,87,multi_pwm,0.0003915479092234551,0.0003473817650131834,0.029108725428481752,0.071561273048725,2.4074397271556327
11,1,87,degenerate_pwm,1.1224787535106349,0.00021574464306579078,0.029075953007188616,0.0716231762412686,9808277.632461539
11,1,87,single_pwm,0.9363960773809102,2.332363344297693e-05,0.029075887108600037,0.07162312028114741,2.0931838779223292e+16
11,1,88,multi_pwm,0.0005348920517912076,0.0010696349296724524,0.026312163405721407,0.05630342438270542,2.4061432837809718
11,1,88,degenerate_pwm,1.2833031170545286,0.001185965092059734,0.02631071645952181,0.05612985918207475,13058076.831803951
11,1,88,single_pwm,0.9357737185793712,0.0012041121312639793,0.026312484503285345,0.05606872052285602,1.4443144258297324e+16
11,1,89,multi_pwm,0.0005234461362819616,0.0005350428842805133,0.03622751928691385,0.07668351992556852,2.4060173337554245
11,1,89,degenerate_pwm,0.961002008358964,0.0007537764926903059,0.03620466363824342,0.07658463206884694,8660525.499931043
11,1,89,single_pwm,0.9367135153968795,0.00045719442617477664,0.03620482219824771,0.07659280239390963,2.2250704614361376e+16
11,1,90,multi_pwm,0.000519956668138026,0.00044120450116862613,0.03717539837622802,0.08457125543701932,2.404216252686516
11,1,90,degenerate_pwm,1.164892023110799,0.0005863427386641872,0.03711031216721404,0.08387624150340987,13262248.34344516
11,1,90,single_pwm,0.9367242532091122,0.0003919810277906001,0.037111215323476394,0.08393536152581582,1.7814362828427206e+16
11,1,91,multi_pwm,0.0004952481076736373,0.0004218650349520252,0.02099339170904716,0.04873814950791628,2.406637240104821
11,1,91,degenerate_pwm,1.088392741806567,7.621207530985917e-05,0.02099103875866082,0.048452907812911436,7544891.307607295
11,1,91,single_pwm,0.9364945338747104,9.071854082143997e-05,0.02099017014167783,0.04856806624500698,1.5789743792287165e+17
11,1,92,multi_pwm,0.0007484327509436306,0.002618890043427367,0.02831689490180034,0.061059111744244894,2.406032703962761
11,1,92,degenerate_pwm,1.2060748086961133,0.002224593088343313,0.02829769184638795,0.06107707889732484,15607920.774886722
11,1,92,single_pwm,0.9370602943826493,0.0023465368190269398,0.02829982948351426,0.06092277368423951,4.402639234129896e+16
11,1,93,multi_pwm,0.0006951167503022173,0.000690800590566418,0.030985149182919364,0.06756877483079828,2.4033930718293988
11,1,93,degenerate_pwm,1.116252525487661,9.198325558280601e-05,0.030810158551564375,0.06756630387731907,17674826.180219665
11,1,93,single_pwm,0.9364337895428198,0.00011500072699429479,0.030810157082035272,0.0675670870894367,4.698386891916667e+16
11,1,94,multi_pwm,0.0004833962954996636,0.00048729075442425487,0.02658311082144366,0.06300092188054845,2.402738757590191
11,1,94,degenerate_pwm,0.9598005754718588,0.0003534323620284265,0.026534795215528127,0.06297269862569499,8650254.3279227
11,1,94,single_pwm,0.9367244836218691,0.000162126870768448,0.026532736135952986,0.06299480821700873,4.447531800074653e+16
11,1,95,multi_pwm,0.00040909183001671046,0.00020611609491112787,0.032827667725913015,0.06867475590748437,2.40617282462253
11,1,95,degenerate_pwm,1.168347984721955,0.00032988604105853374,0.032819597763266775,0.06902217578150295,9183357.53665011
11,1,95,single_pwm,0.9361039767842428,0.0007577203155438946,0.03282014712615271,0.06907276506383271,1.632262791060638e+16
11,1,96,multi_pwm,0.000554809376932455,0.0006181050298598588,0.03489799334734899,0.08317455383822259,2.4052149717463647
11,1,96,degenerate_pwm,1.0283614361580207,0.00047449335762616093,0.03489742397875526,0.08321182441783005,5943763.483952548
11,1,96,single_pwm,0.9366522374913351,0.000525300622777078,0.03489862277263529,0.08328022860954207,2.2371427911931044e+16
11,1,97,multi_pwm,0.0006448612443880271,0.00016149557330250573,0.02394185437618849,0.048514792717126484,2.403960716708961
11,1,97,degenerate_pwm,1.348228707197381,8.516383438902017e-05,0.023926988384445184,0.04820271751812343,8592998.309153587
11,1,97,single_pwm,0.9362526931214886,0.0001665183516258861,0.023927588979066536,0.04822426370366164,1.8869345342361284e+16
11,1,98,multi_pwm,0.0007570116563341186,0.0003499025348197257,0.023738153225267625,0.045761922650724596,2.4057360272199055
11,1,98,degenerate_pwm,1.1100514709997835,0.00040872324316726464,0.023721616307905636,0.04551044872616564,10408171.748056974
11,1,98,single_pwm,0.9361658697519519,2.187405064294074e-05,0.023720984473573358,0.04546229675908142,4.870794676300575e+16
11,1,99,multi_pwm,0.0006242813402452338,0.0005755239690954453,0.033020972355534514,0.07787039514894036,2.403698412854564
11,1,99,degenerate_pwm,1.182059572547795,0.0005279754495196641,0.0329718005626626,0.0771027902182539,7741726.146864488
11,1,99,single_pwm,0.9362667894132286,9.13918909398645e-05,0.03297490618483796,0.07729561455941497,2.0164011490529656e+16
11,2,0,multi_pwm,0.0004932945204460446,0.001374925643206661,0.020640907399274162,0.047866532082796676,2.404822507549016
11,2,0,degenerate_pwm,1.035348868541093,0.0010134378846431008,0.020482955943984086,0.04585346863166989,10765145.127735231
11,2,0,single_pwm,0.9359929571585908,0.0010461488234878857,0.020486267482208886,0.0456832231027895,3.0016503652750924e+16
11,2,1,multi_pwm,0.0006002208715051933,0.0005607695953705762,0.035341905241854994,0.07635236137269316,2.40781683128675
11,2,1,degenerate_pwm,0.9354419145614244,9.323058551507955e-05,0.03525217186661235,0.07637834432623467,8832978.283231642
11,2,1,single_pwm,0.9362556393659537,0.0004682295177582204,0.035252140564698026,0.07638444623290103,2.225366480655413e+16
11,2,2,multi_pwm,0.0005465005245989272,0.00042575887830177537,0.033723414582980706,0.06403243052151937,2.404185559055914
11,2,2,degenerate_pwm,1.1433075194578055,0.00032488689427256993,0.03369934656386477,0.06365685099995894,8841093.688748416
11,2,2,single_pwm,0.9360712887720726,0.00015942818828121937,0.03369930827865066,0.06363824373214853,1.9221293153830056e+16
11,2,3,multi_pwm,0.0005580810346672306,0.00038552202023473973,0.03286334495615735,0.07320694284236466,2.4055517365075034
11,2,3,degenerate_pwm,1.0351549330959045,0.0001488828967597549,0.032833616492292335,0.07374931143482726,7356424.588918157
11,2,3,single_pwm,0.9361107409855017,0.00034582172902243406,0.03283452138848524,0.07385315328541836,4.175016382136103e+16
11,2,4,multi_pwm,0.0005530866616314803,0.0008660588402402877,0.03530269577416515,0.08236103966322193,2.4048623717731252
11,2,4,degenerate_pwm,0.9956995265558554,0.0004810423770568096,0.035295909069967886,0.08235729710657476,8913469.049404897
11,2,4,single_pwm,0.9361648953636684,0.0001695011536435193,0.035300737660307856,0.08233391265215938,1.7943725229825214e+16
11,2,5,multi_pwm,0.0005269325133753633,0.0006125648187831827,0.03346940047394681,0.07541757478650221,2.406343923681892
11,2,5,degenerate_pwm,1.0710810019982024,0.0008901224312217232,0.03346770956818618,0.07531333325239545,8401075.000136692
11,2,5,single_pwm,0.9367484175361943,0.0006940009833344289,0.03346776440661071,0.07537200155159204,6.667389689697582e+16
11,2,6,multi_pwm,0.0005191451590155577,0.0005464821415610813,0.04482052154673551,0.10448351324611538,2.4030813624488205
11,2,6,degenerate_pwm,1.0588807019675526,0.00014307445238288572,0.044807186016216784,0.10375878702785415,10279343.828278393
11,2,6,single_pwm,0.9361540226415155,3.333162610609445e-05,0.044807091728975776,0.10389460726059543,4.544006703387611e+16
11,2,7,multi_pwm,0.0004293257128964121,0.00021690566165491517,0.03347150697114708,0.07573947303799933,2.405696987011354
11,2,7,degenerate_pwm,0.9550287932252594,0.00025472027866799325,0.03344296524330712,0.07582868518544526,9564641.59811387
11,2,7,single_pwm,0.9364465575406108,0.00026774151601447247,0.03344391299900316,0.07580978843662459,5.595525878004923e+16
11,2,8,multi_pwm,0.0005950325811602752,0.0007444475915607305,0.03228760658050167,0.08042416257307722,2.404803589180111
11,2,8,degenerate_pwm,1.2340887670452647,5.355387401706356e-05,0.03228622171873296,0.08038779694042104,16393135.142995901
11,2,8,single_pwm,0.9365681092385855,4.349993761338947e-05,0.03228479262240899,0.0804058060099403,1.8083705503587576e+16
11,2,9,multi_pwm,0.00043402320988394867,0.0002704107711751688,0.03144034679096265,0.068885887706018,2.4058836837269477
11,2,9,degenerate_pwm,0.993155352093363,0.0003720758225853065,0.03143796571634708,0.06881085960257297,14011445.71091203
11,2,9,single_pwm,0.9361764887909388,8.485274535657246e-05,0.03143749485412839,0.06877496762514189,1.439475603902792e+16
11,2,10,multi_pwm,0.0005170202478853813,0.001487367997372202,0.03155230045230207,0.07061816425620207,2.405612877041639
11,2,10,degenerate_pwm,1.0799122678454633,0.0016448824883853318,0.03155265374111068,0.07060367723133452,17531781.692535568
11,2,10,single_pwm,0.937039596047077,0.0016408127714126598,0.031552668028423346,0.07059362417946696,2.126519783174915e+16
11,2,11,multi_pwm,0.0005220823251769467,0.0004234897445622031,0.030615677854195587,0.06974531008052806,2.4056196602358813
11,2,11,degenerate_pwm,1.1009784233497497,0.0003317362440589185,0.03060884979537631,0.06942792518462526,7143456.053363299
11,2,11,single_pwm,0.9361243998880908,0.0002626095860702144,0.03060870094157488,0.06943817903251935,1.80069713272579e+16
11,2,12,multi_pwm,0.0004408372128772157,0.0003414232506845327,0.025139197617238207,0.04825407469248326,2.404580697727346
11,2,12,degenerate_pwm,0.9778172794561183,0.0002812610457207949,0.02510098801515743,0.04872792731346637,20797597.052403703
11,2,12,single_pwm,0.9365527314975075,0.00030270569009705064,0.025101549234148268,0.04880681275867293,3.317338700280722e+16
11,2,13,multi_pwm,0.0005731009780144482,0.0008080249939351976,0.03488729876758964,0.07928935943483448,2.405555783471318
11,2,13,degenerate_pwm,1.0735917851822565,0.0004893891064369271,0.03487947427583822,0.07925088415492244,15109088.446045157
11,2,13,single_pwm,0.9360932463268418,0.00017415998206158378,0.0348790778521346,0.07927232000552083,5.3814086097114616e+16
11,2,14,multi_pwm,0.0005645815144394356,0.00026721770192008026,0.02556711922923667,0.04333739174199821,2.4068394887809386
11,2,14,degenerate_pwm,1.2294022761118673,0.00044877754193119174,0.025551160561924018,0.04335807468268649,5150870.570163849
11,2,14,single_pwm,0.9363984942049661,0.0003489444159749838,0.025550314305541198,0.04336029672521377,1.8059605850172956e+16
11,2,15,multi_pwm,0.0005610857694655011,0.00048357461147272224,0.036867988006014464,0.07989903688232924,2.4076171977540035
11,2,15,degenerate_pwm,1.122940949025315,0.0001368043859336063,0.036848550207437936,0.08018855102353831,10532757.822603106
11,2,15,single_pwm,0.9367402578097686,0.0006917174497004675,0.03684791194020673,0.08025131509385149,3.4033562032275976e+16
11,2,16,multi_pwm,0.0005180498891704461,0.002668758494819141,0.024731814361565664,0.053294995839215056,2.4044699014551925
11,2,16,degenerate_pwm,1.0476987659095567,0.0016394271305997749,0.02456586677279863,0.05411718893417608,8555632.143703505
11,2,16,single_pwm,0.9358273705921055,0.0018517863729103424,0.024566536474985586,0.05415787440548261,2.030937040353952e+16
11,2,17,multi_pwm,0.0005151859722966732,0.0007633668166273703,0.034689006854597144,0.07931182820447605,2.405032411656232
11,2,17,degenerate_pwm,1.0525216906207093,0.0005741479079859661,0.034687021167919864,0.07925796620425979,16174384.761671491
11,2,17,single_pwm,0.9366365644787233,0.0005968159439500031,0.03468994600491314,0.0794490832035039,8.3890712921045e+16
11,2,18,multi_pwm,0.0005820457079613579,0.0006930272748104402,0.034030783347552634,0.07668778062974005,2.4037077282222565
11,2,18,degenerate_pwm,1.216903981241958,0.0003693402613008141,0.03402807466272382,0.076737409211493,10876746.300888253
11,2,18,single_pwm,0.9359860155839138,0.00014510403935475644,0.03403090472202453,0.0768928836298566,1.4536180509078912e+16
11,2,19,multi_pwm,0.0005911990672168082,0.00036260768866549137,0.03222213597272855,0.07131509408297157,2.405195369551539
11,2,19,degenerate_pwm,1.1378666233331671,0.0003605846702814223,0.032213839772671796,0.07109321597079511,12412958.13537659
11,2,19,single_pwm,0.9358527320170744,0.0004350401455460562,0.03221598163632148,0.07121275649369144,2.6785639410283876e+16
11,2,20,multi_pwm,0.0006399305643398496,0.0006450689232957917,0.03377935549436777,0.06811048480829551,2.404959969005639
11,2,20,degenerate_pwm,1.2773637641836835,0.00017325616661136657,0.03360976181734157,0.06944400684241062,11950976.408002855
11,2,20,single_pwm,0.936664846373533,0.0006083409863954597,0.0336101471106758,0.06936404984313946,1.4077407749245564e+16
11,2,21,multi_pwm,0.0007683025243874281,0.0004976664150949985,0.021124176600937534,0.04911198463344158,2.4063059093213544
11,2,21,degenerate_pwm,0.9995162626083317,0.0003770325853045669,0.021083280668829984,0.04902156242759577,19418137.846994802
11,2,21,single_pwm,0.9366096692931641,3.0865239987646194e-05,0.021081614885280153,0.04903915202737941,1.930167486016013e+16
11,2,22,multi_pwm,0.0004260087573413095,0.000845548219339708,0.0362767182122886,0.08246385486368571,2.4057652940020158
11,2,22,degenerate_pwm,1.178586750068881,0.0012414287825981462,0.03627368370754266,0.08247535979712255,15387093.35708667
11,2,22,single_pwm,0.9358461606479684,0.0019419267481847545,0.03627493648095647,0.082518446352699,1.1012442317768013e+17
11,2,23,multi_pwm,0.0005394034172152441,0.00012801315445210815,0.03361193363308675,0.07100440695454359,2.4065216548628032
11,2,23,degenerate_pwm,0.9632198609589168,0.0001884294343703748,0.03360907082326258,0.07116184191197862,8530721.878931139
11,2,23,single_pwm,0.936567391503353,0.00029552365312008255,0.03360969652263826,0.0712275327180002,4.889498312961945e+16
11,2,24,multi_pwm,0.0006306234503386276,0.00043488840976634567,0.03948839111991222,0.09324004630926593,2.405501930593654
11,2,24,degenerate_pwm,1.1187285987613609,0.00020020717406458224,0.03944678022121852,0.09316445279867919,11487748.082248207
11,2,24,single_pwm,0.936514693858213,0.0007021318789344844,0.03944563324744126,0.09313991485196767,1.7765175709699992e+16
11,2,25,multi_pwm,0.0006047224675145438,0.0007188256655689372,0.029344885801109895,0.06281202607481776,2.4033254235492794
11,2,25,degenerate_pwm,0.9595571132734116,0.0002978244564466806,0.02922608766416517,0.06356323481813236,12270524.333778163
11,2,25,single_pwm,0.9361679590407664,0.00048274432851473035,0.029228970247322652,0.06345267231989526,1.8969693842125748e+16
11,2,26,multi_pwm,0.0005678353344609972,0.0002514911648487557,0.03782460966048883,0.07471720954569905,2.404113288246921
11,2,26,degenerate_pwm,0.9717116625215999,0.0006421605562592357,0.03780580696435558,0.07408711175492164,10027268.702876197
11,2,26,single_pwm,0.9362888357145421,0.0006452783063170851,0.03780588197810739,0.07382540225143994,2.138284607389852e+16
11,2,27,multi_pwm,0.0005086124130575528,0.00042179250987904625,0.02609284747080457,0.06385584170984247,2.406370609877194
11,2,27,degenerate_pwm,1.4050083713596524,0.0002003574651460085,0.02606571678685964,0.06286184850720439,40408283.84537606
11,2,27,single_pwm,0.9363629003505155,0.0008111942048827059,0.026065563830644685,0.06288416001412808,2.722755342967227e+16
11,2,28,multi_pwm,0.000493132031935921,0.0004446266787242645,0.0329401942535783,0.07027813375862435,2.404596941062967
11,2,28,degenerate_pwm,1.0948578941968843,0.0003570087829705514,0.03293591102869728,0.07028078349033126,20181844.860948082
11,2,28,single_pwm,0.9361167203852714,0.0005714911356444304,0.03293608339979436,0.07028076236329651,1.61854497191873e+16
11,2,29,multi_pwm,0.0004695915750216685,0.0004080197440135647,0.028063773178268796,0.06116933103688666,2.4082181294463405
11,2,29,degenerate_pwm,1.1755375728481452,0.0003500793217009042,0.028062278394291804,0.06124424303215706,9171952.851159813
11,2,29,single_pwm,0.9366811251455937,0.00027770205207012475,0.028062295177781752,0.061239847076180964,1.8994723052916892e+16
11,2,30,multi_pwm,0.0005054513642224188,0.0001676682181866489,0.03141389952475178,0.061796428914966284,2.4059413448116453
11,2,30,degenerate_pwm,1.063376799486618,0.00020189846886140957,0.03140542883854705,0.061799090939641525,13817785.241683327
11,2,30,single_pwm,0.9365481067917926,0.0002621226921142985,0.03140556770758276,0.06177391926863519,1.645490083904072e+16
11,2,31,multi_pwm,0.0005642808180027285,0.0002818139339205099,0.03133916826445732,0.0678750643847194,2.404590479135879
11,2,31,degenerate_pwm,1.184084067138956,0.00015807809989541543,0.031338077926001,0.06785785607672666,25990923.065758426
11,2,31,single_pwm,0.9363725689258617,0.00020769159440213334,0.03134065309651297,0.0680001042051875,2.0987518513250436e+16
11,2,32,multi_pwm,0.00043685386628661396,0.0003629828672902374,0.0362670094694075,0.08208649910290891,2.406118003238292
11,2,32,degenerate_pwm,0.973469171595567,0.00019177186631057024,0.0362437777349487,0.08245278294465593,7803858.542710528
11,2,32,single_pwm,0.9364050889487282,0.000756733410585641,0.03624456687459595,0.08243248754165261,2.129081869242849e+16
11,2,33,multi_pwm,0.0006556616284369539,0.000879214558625392,0.032846261975218484,0.06917738966812881,2.405036400425207
11,2,33,degenerate_pwm,1.1773095692652285,7.154572134292155e-05,0.03284139440808603,0.06939346477742281,9393092.190094912
11,2,33,single_pwm,0.9364746352016386,0.0001955452845859168,0.03284139354515708,0.06938917777423168,2.8152924602498708e+16
11,2,34,multi_pwm,0.0005505781338869451,0.0010909939424748947,0.028890806989683278,0.061232504737041255,2.4053081333106348
11,2,34,degenerate_pwm,1.1379306792737598,0.000862315135444493,0.028888235998351792,0.061031362212771806,11275190.97845366
11,2,34,single_pwm,0.9368920115727548,0.0011830982710890625,0.028887539043731304,0.06121467720289102,1.7959303806718362e+16
11,2,35,multi_pwm,0.0005442250561572325,0.0006901388056983072,0.03108648883912039,0.06875772887504189,2.406465472428152
11,2,35,degenerate_pwm,1.097158171393192,0.00015898898633639943,0.031042105827795197,0.06919731411998306,11010783.50962064
11,2,35,single_pwm,0.9365557094902008,0.00037792517011943605,0.03104256238184366,0.0692097333974801,2.251717400148369e+16
11,2,36,multi_pwm,0.0005916988604662354,0.0003277839091056352,0.0383898297886375,0.08308685114462783,2.4047307754327814
11,2,36,degenerate_pwm,1.2102559948324654,9.980022083839853e-05,0.03837957378419559,0.08341416259073403,19159874.496759146
11,2,36,single_pwm,0.9363622670249273,0.00025663132321984716,0.038381378021282435,0.08346121793655434,9.939193615441613e+16
11,2,37,multi_pwm,0.00045213949062400665,0.0009168989842955294,0.04041373970925695,0.09358791119413687,2.4054712519871586
11,2,37,degenerate_pwm,1.037384293643865,0.0009560927589295429,0.040400124656451986,0.09285033776412036,9849328.310958851
11,2,37,single_pwm,0.9369716205458477,0.001136859572780211,0.04040048365482014,0.0929848070458272,1.086421957001157e+17
11,2,38,multi_pwm,0.0006507933891266233,0.0007466457799697325,0.024978051916687827,0.059099134879729884,2.403285709385622
11,2,38,degenerate_pwm,1.3033613887801376,0.0001854728917832442,0.024679561358731006,0.05791567345202453,20350759.005178854
11,2,38,single_pwm,0.9363138333927489,0.0006129883779430036,0.024678102825122582,0.05807614786111462,1.0029757600444394e+17
11,2,39,multi_pwm,0.0006671080188949652,0.0010980301372326665,0.02621503243529152,0.058217400243809725,2.404369759740668
11,2,39,degenerate_pwm,1.1636147119695497,0.0012565639507851987,0.02620904630501142,0.0580786426205772,10291997.21810918
11,2,39,single_pwm,0.9359787420506092,0.0009188273695315257,0.026208983778006654,0.05800903642186485,1.718850275517184e+17
11,2,40,multi_pwm,0.000544150152285603,0.0006755480932235786,0.03166666845626102,0.07426322969561905,2.4035215850218745
11,2,40,degenerate_pwm,1.1307980333978158,0.00023215823116462598,0.03141562162739268,0.07509042140309378,14277667.033522233
11,2,40,single_pwm,0.9363114299542702,9.255582836214132e-05,0.03141455924998601,0.07510271971642296,1.519333316081588e+16
11,2,41,multi_pwm,0.0006749858987670394,0.0003119182596596788,0.036256712936591495,0.07691534946004197,2.403684118903274
11,2,41,degenerate_pwm,0.897917122911159,2.9461938488971125e-05,0.03622239125154626,0.07687110034674383,4203393.384163152
11,2,41,single_pwm,0.9363495208877876,0.0003525984840150588,0.03622241619050804,0.07689186833568212,2.0247524155839996e+16
11,2,42,multi_pwm,0.0004751891554288929,0.004944392497904365,0.033861381604720374,0.07530571744611705,2.403846975443353
11,2,42,degenerate_pwm,0.9778380451943302,0.00457132848854929,0.03385762288696099,0.07539961408850746,9547912.353953885
11,2,42,single_pwm,0.93724267376981,0.005794588972360769,0.03386186907656367,0.0753688682365156,3.325584689315127e+16
11,2,43,multi_pwm,0.0005203350037189919,0.00041522633063943064,0.030856175892270736,0.07143231652556631,2.4061592797640188
11,2,43,degenerate_pwm,0.8519307376701853,0.0003814240127582197,0.03080711928292963,0.07135363088082919,15825901.94966916
11,2,43,single_pwm,0.9365190673704061,0.00030617078401600487,0.030807104301436697,0.07135451498923803,1.4826245207397288e+16
11,2,44,multi_pwm,0.000528734703357629,0.0005953885187195338,0.03282645826399032,0.07697779441246519,2.403460763714742
11,2,44,degenerate_pwm,0.9984142859436873,0.0007362892832271727,0.03278583434127205,0.07743670018956565,6060110.670945494
11,2,44,single_pwm,0.9358575384581721,0.0008808947082427067,0.032785796264282616,0.077477989300255,1.5574945679446968e+16
11,2,45,multi_pwm,0.0006279077198901232,0.0007119865422429689,0.021778210103949848,0.04906408966304081,2.405284966598302
11,2,45,degenerate_pwm,0.9273787264233956,0.0008629372769257458,0.02177038809493799,0.04896936417214075,22641052.68509156
11,2,45,single_pwm,0.9366933746448125,0.0008484735323264756,0.021770650600808152,0.04897722927978514,2.1969283945641536e+16
11,2,46,multi_pwm,0.0006525108037970054,0.0005837370714950253,0.03173663429955584,0.06254935045594077,2.4073059023494983
11,2,46,degenerate_pwm,0.872739559447251,0.0003432983581415904,0.0315833551104852,0.0635584011871253,12481572.673787335
11,2,46,single_pwm,0.9366164266301115,0.000616025407990098,0.03158468958171526,0.06359675954227537,1.7939169239319994e+16
11,2,47,multi_pwm,0.0005928865918466327,0.0002934243362813382,0.029426411008353186,0.06474520948832121,2.406665121504556
11,2,47,degenerate_pwm,1.1385868156059478,6.846644828638787e-05,0.029405042950201212,0.06471962526736047,10587329.220954176
11,2,47,single_pwm,0.9364949515741219,0.00047007783448876857,0.02941250851674015,0.06474245302356034,2.0410190990046756e+16
11,2,48,multi_pwm,0.000731891015088653,0.0007243246025310605,0.02705784870412674,0.06010520219622434,2.4045904060090617
11,2,48,degenerate_pwm,1.166821491574163,0.00021824830744346702,0.027011426734547667,0.06012089335590551,9361236.686183449
11,2,48,single_pwm,0.9362582846165759,0.000263011268929538,0.027011675686082953,0.06012026505299259,2.637169611700357e+16
11,2,49,multi_pwm,0.0005101101450234492,0.000611285868306851,0.034187017196953245,0.07980229285687765,2.4069171757426386
11,2,49,degenerate_pwm,1.128856670710461,0.0006576226222420559,0.0341464820577237,0.07986126980369648,11577312.14348294
11,2,49,single_pwm,0.9360432377062223,0.00021671131505940358,0.03414631043184761,0.07982725468738296,1.425006976171322e+16
11,2,50,multi_pwm,0.0005720959500438287,0.0005666089411076844,0.030363533626177355,0.061716151341838346,2.4058585283888885
11,2,50,degenerate_pwm,0.9066483802652868,8.957223338206055e-05,0.030354166764623654,0.061555402216229585,7172344.564074237
11,2,50,single_pwm,0.9361362435917098,0.0005125580701210676,0.030352265375087114,0.06156195723421935,1.7941206992489822e+16
11,2,51,multi_pwm,0.0005769514702572015,0.0002498400251460997,0.02230471444849099,0.05399708640549741,2.406602059541973
11,2,51,degenerate_pwm,0.8580965688788883,5.449394904042097e-05,0.02229984371136158,0.05399063739316505,13763459.223962508
11,2,51,single_pwm,0.936393873452485,0.00012487403703212167,0.022299979417327132,0.05399061424614103,1.7505804983960152e+16
11,2,52,multi_pwm,0.000744606048697791,0.0003145271248295292,0.03580367642173081,0.0805326122678996,2.4037291159121033
11,2,52,degenerate_pwm,1.2111009155896202,0.00010456395831698278,0.03578813576003073,0.08021983056285956,22280630.113147646
11,2,52,single_pwm,0.9362150748606521,0.0002907750068514611,0.035788005831674956,0.08004923655357442,4.947988680062142e+16
11,2,53,multi_pwm,0.000623225327600214,0.003986827670552771,0.021624089160687778,0.04661391612390157,2.4025740058105747
11,2,53,degenerate_pwm,0.886845608473402,0.0036962542734972495,0.021578145218820247,0.04688374592135062,12503632.176994735
11,2,53,single_pwm,0.9369937802386684,0.0029435096114191444,0.02157800105711603,0.04691531991072986,1.6190087371212636e+16
11,2,54,multi_pwm,0.0005377549801891605,0.0005875178433868352,0.03378893222971437,0.06517765566802117,2.406026351659387
11,2,54,degenerate_pwm,1.0759224745732212,9.920627234636939e-05,0.03374827663672533,0.06588292366594982,6527717.487350831
11,2,54,single_pwm,0.9367175436131919,0.0003268846558049712,0.03374819224564841,0.06591921258124868,2.005422261258255e+16
11,2,55,multi_pwm,0.0005285031498505086,0.0006838967149413199,0.03647728639985706,0.0788641149404638,2.4014533065071237
11,2,55,degenerate_pwm,0.9453723773325434,0.0006820174118451751,0.03647580224731482,0.07882968408175484,7697985.161401918
11,2,55,single_pwm,0.9361534156615821,0.0006730113421671423,0.036476989656504796,0.07884446518779065,1.915136860734902e+16
11,2,56,multi_pwm,0.0004817746096854758,0.00013895752194434827,0.0367888599293851,0.0697765692569768,2.405397835351106
11,2,56,degenerate_pwm,1.1021414143158252,0.0003370516214212514,0.036783500765532495,0.06979520273092864,7707282.846353773
11,2,56,single_pwm,0.9362985837499845,0.0002188902882786057,0.036784755419726874,0.06978411206729941,5.79122844996357e+16
11,2,57,multi_pwm,0.000530405652328012,0.0009322721965870537,0.0221112730153539,0.05213026441225361,2.407240407235224
11,2,57,degenerate_pwm,1.0525359177342324,0.0007096771766491202,0.02209370183471326,0.05206802458996947,7495393.419115733
11,2,57,single_pwm,0.9360588246476399,0.0003390959044301162,0.022092908698920066,0.052047143073396494,2.0951424055760484e+16
11,2,58,multi_pwm,0.0005142136781410254,0.00018895744103961156,0.03423102873500733,0.07890424324084067,2.4051476203109057
11,2,58,degenerate_pwm,1.1305356992448494,0.00015233748687810947,0.03423049280245184,0.07890473000346983,23872777.457974
11,2,58,single_pwm,0.936436554252622,0.00028858339929579383,0.034230756082431146,0.07890438557452806,3.5466614701908664e+16
11,2,59,multi_pwm,0.0006037121088478374,0.0004344929028361862,0.021713956519658895,0.04623813912704873,2.403914061477096
11,2,59,degenerate_pwm,1.0501164919077999,0.00015330532890971146,0.02170458004372629,0.04618045281087589,9875050.337298308
11,2,59,single_pwm,0.9361368487625369,0.00044104658084933847,0.02170737628591044,0.04628813320346081,5.383639869034248e+16
11,2,60,multi_pwm,0.0006078790931800692,0.00046069948606926553,0.038419868717427495,0.08274823850131004,2.408220492137159
11,2,60,degenerate_pwm,0.9998307644901463,0.000776968917092127,0.038386570344784786,0.0830046465618183,15474827.775114134
11,2,60,single_pwm,0.9366986746911111,0.0007792803463809367,0.03838823442673887,0.08313604287590085,1.5199956061939516e+16
11,2,61,multi_pwm,0.0005364827304335539,0.0003934931901898093,0.02906235904789281,0.06534568696068055,2.405032481106355
11,2,61,degenerate_pwm,0.7906666145365668,0.00011527259978058258,0.02901069336791197,0.06534527210235855,29790910.212577887
11,2,61,single_pwm,0.9361386677474881,0.0004614432835998815,0.029010554828344488,0.06525682983224751,1.9319676560871504e+16
11,2,62,multi_pwm,0.0004843961075221814,0.001220313290779916,0.02316668223662792,0.05404108193383048,2.406321254335629
11,2,62,degenerate_pwm,1.400185422957688,0.001377261459574581,0.023000986050218483,0.052408822400002386,16813261.9166371
11,2,62,single_pwm,0.9358061596465523,0.0007327734172693451,0.02299914920060087,0.05222606042838502,2.119881342459857e+16
11,2,63,multi_pwm,0.000605139739984259,0.0009032473927389639,0.02668990156311171,0.0592880839196479,2.405972699933707
11,2,63,degenerate_pwm,1.111620790675694,0.0010070041306026803,0.02667860721802749,0.059381828975678175,10626341.82734863
11,2,63,single_pwm,0.9367284851665494,0.0008772891807694021,0.026679015789042113,0.05929459737975388,1.4029396054764356e+16
11,2,64,multi_pwm,0.00051308861904019,0.00044901250057268247,0.03879844704924277,0.08961460997293164,2.4056470376108985
11,2,64,degenerate_pwm,1.1438274574903153,0.0005982365314406459,0.038795793613398175,0.08971534354478648,8492413.817967208
11,2,64,single_pwm,0.9367108073142164,0.0004863942476330766,0.03879788209488701,0.08980324555776731,1.183601142709956e+17
11,2,65,multi_pwm,0.0005357201502211959,0.00032012448270933564,0.024642975535132138,0.057322712948377416,2.4041905663484133
11,2,65,degenerate_pwm,1.1183631306917847,0.00015700004303065046,0.024636784650483884,0.05732102683502122,13926171.486100074
11,2,65,single_pwm,0.9362699937913461,4.1980262959391296e-05,0.024637376249522978,0.05732082271925393,2.9609345987663036e+16
11,2,66,multi_pwm,0.0005186711691665679,0.0004500221418354906,0.0224410962827043,0.04570382125849709,2.4036927903995617
11,2,66,degenerate_pwm,1.1909257633644696,0.00042235131366088926,0.02242370237000141,0.0457088600766009,15045398.097984014
11,2,66,single_pwm,0.9366443851432897,0.00037759705136707305,0.022423980287957425,0.04571027651826419,1.8849786924634016e+16
11,2,67,multi_pwm,0.0006814398805595212,0.00046981512328573584,0.03796940610394655,0.08344765006594132,2.4042477628391445
11,2,67,degenerate_pwm,1.1698234693224354,0.0003470903635422791,0.03796560553849401,0.083630780234786,23699374.235960323
11,2,67,single_pwm,0.9367588417145535,0.0008175214978849742,0.0379660098927397,0.08354865681406112,2.9443745883830704e+16
11,2,68,multi_pwm,0.0006556943292603054,0.0008122921858536988,0.025268642634332233,0.058029302196020385,2.4056267069057617
11,2,68,degenerate_pwm,0.9797188169775446,0.0003273419312143761,0.02512203152572614,0.05687952122025008,15734815.100282826
11,2,68,single_pwm,0.9362902566325813,0.00036456281545267497,0.025125445269141317,0.05669510944450657,1.3467181707450576e+16
11,2,69,multi_pwm,0.0005047758641542793,0.0021367580338521085,0.0359020488847833,0.08113213350467113,2.4039886606302305
11,2,69,degenerate_pwm,1.1799714152409602,0.002955795412106696,0.03585185369084127,0.0803998915007659,19658332.25838649
11,2,69,single_pwm,0.9371218003705126,0.0022978223463417965,0.0358505862122428,0.08049696066291771,4.170727523883069e+16
11,2,70,multi_pwm,0.000543306763474396,0.00024552512137595217,0.032813064056617935,0.07546006801229799,2.4054682287969555
11,2,70,degenerate_pwm,1.286990804525565,0.0004167957657442945,0.03281040319477256,0.07544437176650343,19835809.200432308
11,2,70,single_pwm,0.9366304311770998,0.0002879800997960638,0.0328097809826636,0.07542745785405489,1.0299563010371132e+16
11,2,71,multi_pwm,0.0005560088600944506,0.00046309504631804105,0.028319999169718876,0.05520263317838639,2.404602869689856
11,2,71,degenerate_pwm,1.0989981884806053,0.00023113045307967658,0.02829773463269808,0.05593719940458315,15170663.39941405
11,2,71,single_pwm,0.936277208311959,0.0005935712888010243,0.02830442415394306,0.055647330979601534,2.2519893566773164e+16
11,2,72,multi_pwm,0.00039089397903581646,0.00041546335915798886,0.03212667827088042,0.0665924359848504,2.4049443990516446
11,2,72,degenerate_pwm,1.2338244474097217,0.000841414776836597,0.0321103867180046,0.06622899583542116,36261187.658118784
11,2,72,single_pwm,0.9360567233001199,0.001024901896391636,0.03211088154293816,0.06636118721060048,2.5177324674229224e+16
11,2,73,multi_pwm,0.000539382470388306,0.0026922883546765864,0.024537630371291794,0.05598448590636574,2.4030110960185347
11,2,73,degenerate_pwm,1.081379634638453,0.0025606939796006018,0.02451515805419334,0.056534485877171664,17846607.084915772
11,2,73,single_pwm,0.9355977606303044,0.0022877566600138515,0.024510677692578642,0.05625482308163965,2.8481665966538296e+16
11,2,74,multi_pwm,0.0005815787824890633,0.0003775588851450599,0.031875074768278805,0.07191343243791078,2.406826316107567
11,2,74,degenerate_pwm,1.1047428738339564,7.202512149899293e-05,0.03187482566547335,0.07176623373644217,23980781.411733672
11,2,74,single_pwm,0.9363448597359153,0.00018534727676064656,0.03187367979953583,0.07187384172947955,2.2293015359695096e+16
11,2,75,multi_pwm,0.0005218160219793495,0.0007669496691448607,0.04948331175033815,0.1161303240623811,2.4035993188875224
11,2,75,degenerate_pwm,1.072064841486801,0.0002537201166293604,0.049478121481780275,0.11603804017741334,18505641.157261197
11,2,75,single_pwm,0.9367744114741555,0.0006446283331475538,0.049478964453404245,0.11602005285242875,2.7501638305109384e+16
11,2,76,multi_pwm,0.0004936825338557841,0.0004217177191942874,0.027361799704115338,0.062155132279882286,2.407328245820858
11,2,76,degenerate_pwm,1.2020242501373182,0.0009512334612387696,0.027343766985190875,0.06208024531748721,11317304.769918783
11,2,76,single_pwm,0.9365691350749737,0.0005067617983128507,0.027342707163942093,0.06210242152759366,2.6674096282914816e+16
11,2,77,multi_pwm,0.0005011338019353284,0.0006721197285157261,0.025008574816420055,0.04915494747336471,2.4057249029423176
11,2,77,degenerate_pwm,1.238829567227609,0.0001255713668882854,0.0248729400799049,0.051183892255332764,16079295.39516122
11,2,77,single_pwm,0.9363271040951847,7.243673991542592e-05,0.024873401747665957,0.051014933517337206,1.2816304036750472e+16
11,2,78,multi_pwm,0.0005473888359547527,0.00031051148272288344,0.03146186127826588,0.06792774064532707,2.4047263699636683
11,2,78,degenerate_pwm,1.3065077642990677,0.0004576169354462379,0.0314455791601049,0.06791680821564841,7770429.981750773
11,2,78,single_pwm,0.9364517303652298,0.00011629173184458449,0.03144601323344699,0.06788585672098327,1.442861025915598e+16
11,2,79,multi_pwm,0.0005444681577515329,0.0004798868700276431,0.02816649808396056,0.050934793235423874,2.4047645943563376
11,2,79,degenerate_pwm,1.0112830731574125,0.0005397568938249664,0.028150547179829958,0.05085961575688186,6702189.783283038
11,2,79,single_pwm,0.9367270871684557,0.0007295702834849158,0.028150621459539726,0.05085684594988339,1.286423656662054e+16
11,2,80,multi_pwm,0.0006513416778943146,0.00016376842558806656,0.0295090673535642,0.06154087301603653,2.404646751216527
11,2,80,degenerate_pwm,0.9273414135380725,0.000363734414602283,0.029503606302382905,0.06149345450703444,13130245.73043022
11,2,80,single_pwm,0.9360731789017201,0.0005223936482344094,0.029503018636724183,0.06150706237500878,2.935078588362461e+16
11,2,81,multi_pwm,0.000532765892788467,0.0007582540667701683,0.029163248692689717,0.06902128287729489,2.404919550117342
11,2,81,degenerate_pwm,0.9984352902624503,0.000864794167554997,0.02916222841226244,0.06908098849420273,8601971.043196471
11,2,81,single_pwm,0.936733979260032,0.00021674742378549795,0.02916392196442843,0.06911216114424344,2.569896303673476e+16
11,2,82,multi_pwm,0.0005365600408913949,0.0003468197451865974,0.0426438963593157,0.0916582321671015,2.405177689675991
11,2,82,degenerate_pwm,0.9790648175068378,0.0001255391749870351,0.042613794774297435,0.0926239993457621,8272668.093991605
11,2,82,single_pwm,0.9362105335501978,0.00010252371175056927,0.04261396425236157,0.09265617281146551,1.8131332765799356e+16
11,2,83,multi_pwm,0.0004239957002188291,0.00047078559231045994,0.03757751401775014,0.08758611873151381,2.4072844097799804
11,2,83,degenerate_pwm,1.0998160299576731,0.0006557727801237125,0.03757027139250445,0.08754841761532994,9681752.299911378
11,2,83,single_pwm,0.9366342405186415,0.000256786967382742,0.03757158371177603,0.0875247894614862,2.4129074162534024e+16
11,2,84,multi_pwm,0.0005112011296296498,0.001330473032456686,0.028861532552719425,0.05938687972548096,2.4039788945873446
11,2,84,degenerate_pwm,0.9913874246155626,0.0018055801767723732,0.028807578258062322,0.05872541409883967,21396474.07854446
11,2,84,single_pwm,0.9370776140811908,0.0015418084439073445,0.028809519785995868,0.05867634795173736,2.1336074643763336e+16
11,2,85,multi_pwm,0.00042989047819487665,0.0007397085806395811,0.03589675212043765,0.07277295188949112,2.406158261606757
11,2,85,degenerate_pwm,0.9869061144873602,0.00016688225392184815,0.035895836374209796,0.07286887360524957,14651603.571616419
11,2,85,single_pwm,0.9362992329772631,0.0008950840430134444,0.0358965357526348,0.07296287043152455,1.8133585462041764e+16
11,2,86,multi_pwm,0.00047018212104867795,0.0007292504057317842,0.03279306746117617,0.07014077917320821,2.405112258155741
11,2,86,degenerate_pwm,1.2207019848712142,0.0008863834597590841,0.03278976349142732,0.07023626889025494,14973551.750415336
11,2,86,single_pwm,0.9368810218497352,0.0012436372199510098,0.032789844487525026,0.07025849398637435,8.486501981662931e+16
11,2,87,multi_pwm,0.0005885435295605921,0.00033719782243320234,0.024621876106996565,0.04500234453697524,2.406786646752222
11,2,87,degenerate_pwm,0.9817254839938385,4.883079074542606e-05,0.02461841446974674,0.044809420658572574,5379458.638646238
11,2,87,single_pwm,0.9362641192325476,0.00038014920638983587,0.024619714449692978,0.044562746123975705,1.9082982704932172e+16
11,2,88,multi_pwm,0.0005353108712303947,0.00039817443949621834,0.028801750794703804,0.06768110501792571,2.404823220954748
11,2,88,degenerate_pwm,0.9806197608350978,0.00020437402405226472,0.0288009578675746,0.06742116921190947,4922136.969446537
11,2,88,single_pwm,0.9364182677673625,6.400385804827588e-05,0.02879992919038171,0.06751829162131147,1.4278713945245004e+16
11,2,89,multi_pwm,0.0004554389341566032,0.00032844060434809245,0.03638860489812754,0.08926520847431507,2.405105384416292
11,2,89,degenerate_pwm,1.0883581956480162,7.677717758510667e-05,0.036362748270649385,0.08921773656379947,10645725.369111467
11,2,89,single_pwm,0.9363905779970031,8.05281675383039e-05,0.03636463259733106,0.08920807733890357,2.2673070806959244e+16
11,2,90,multi_pwm,0.0004626546370225919,0.00026917046617808154,0.026503498447281098,0.0535784375599334,2.407680242163871
11,2,90,degenerate_pwm,0.906359856173625,7.195143059794469e-05,0.02649830960129814,0.05361097810281539,14585960.733992869
11,2,90,single_pwm,0.9365147064881337,0.00015204707054231083,0.02650041705414396,0.05382862543488533,1.6090710426362712e+16
11,2,91,multi_pwm,0.0005521902039962685,0.0006416667457124215,0.03264723315539886,0.07126796522915753,2.403621542752337
11,2,91,degenerate_pwm,1.0463277960154476,0.00027999864257851763,0.03252966444895471,0.0722410295281759,10671661.293807043
11,2,91,single_pwm,0.9366870483953591,0.000742625498967264,0.03253108970843872,0.07211060581331755,1.6510407162523116e+16
11,2,92,multi_pwm,0.0005224994037352062,0.0005701839268008256,0.032887833954825405,0.062387001928889865,2.4062787887524
11,2,92,degenerate_pwm,1.0641295720960418,0.0006778664966825591,0.03288153218240971,0.06232942898880455,13536706.345223797
11,2,92,single_pwm,0.9364292511045124,0.0006374839473495178,0.03288146083489995,0.06224464587772595,6.144025344491662e+16
11,2,93,multi_pwm,0.0005600718197171996,0.00016486346675984647,0.0257237496139165,0.04621154173967079,2.403812567482424
11,2,93,degenerate_pwm,1.1551754163872674,9.73693938595282e-05,0.025725021762776173,0.04624504607802371,18846113.399274237
11,2,93,single_pwm,0.9364137327643385,0.00018989281792557527,0.025723478143352563,0.046295684350065036,2.10801107832086e+16
11,2,94,multi_pwm,0.0004955017184434407,0.0006140195104151886,0.025247557259935244,0.05885821459458916,2.4041731293575292
11,2,94,degenerate_pwm,1.36075820774266,0.0003929979452513179,0.025205732940114273,0.058929100230547087,19140074.13947961
11,2,94,single_pwm,0.9365738445447902,0.0001376190078277866,0.02520196389358869,0.05894730052033355,1.5803479721297564e+16
11,2,95,multi_pwm,0.0003494265538614444,0.0005009806772364016,0.01944222323019785,0.03582442190277926,2.4063309783186893
11,2,95,degenerate_pwm,1.4631053544910426,0.0005467925918223475,0.0193394227547971,0.03507490971213764,7091461.520649212
11,2,95,single_pwm,0.9366505343993203,0.0007677514818307925,0.019342188014791217,0.035142676015098046,2.3280410291869664e+16
11,2,96,multi_pwm,0.0005147566138314193,0.00015704572165249988,0.028032775378006764,0.056769909688846334,2.4052067466332634
11,2,96,degenerate_pwm,1.0501212230647994,0.00014614865931804113,0.028031220815196056,0.05624876455516824,6754833.84866895
11,2,96,single_pwm,0.9365656796905036,0.00016651417305640944,0.02802970726235545,0.05642977360797333,1.7434990524100768e+16
11,2,97,multi_pwm,0.0006009842439597894,0.0003233977535839758,0.02855193844635898,0.054522291775677925,2.405841557791077
11,2,97,degenerate_pwm,1.0391869973461507,0.0008835251310670569,0.028548718348925545,0.05457963720954935,6342660.805018085
11,2,97,single_pwm,0.9359789941883522,0.00038986495229237367,0.028549029246420637,0.05457252553572115,2.0922707150987336e+16
11,2,98,multi_pwm,0.0006252105036106997,0.0012592215192833314,0.027854099327858463,0.06098692169993526,2.4042108002156994
11,2,98,degenerate_pwm,0.8760671136201786,0.0008914445146193413,0.02783146979002644,0.06137673984858789,9210873.295863383
11,2,98,single_pwm,0.9358899736785392,0.0012242358462688319,0.027831145490368057,0.061348818947269436,1.6242524012184172e+16
11,2,99,multi_pwm,0.0005947318242041006,0.00035490943122071467,0.02842319965193478,0.07039212560459632,2.4042627507589724
11,2,99,degenerate_pwm,1.14118071486054,0.00038737314220366827,0.028411815911097267,0.07009709806059948,10697286.354034027
11,2,99,single_pwm,0.9364994885291605,0.00020364072827346597,0.02841101888819696,0.0701449661814118,1.1539415478890332e+16
11,3,0,multi_pwm,0.0005666698336538127,0.00045485855674950873,0.024012308399090757,0.049778725315960864,2.4046585066204025
11,3,0,degenerate_pwm,1.1221265163449508,0.000197452045380904,0.023924674192416444,0.050596527345055924,13314664.938523188
11,3,0,single_pwm,0.9367004034978622,7.488488240959689e-05,0.02392367664337461,0.05055043556864747,1.4906670737695604e+16
11,3,1,multi_pwm,0.0005834239029501188,0.0006051734061748063,0.03618807675255442,0.08397307088186508,2.404865972258655
11,3,1,degenerate_pwm,1.1705703565837442,0.00010404784176836736,0.036116849189481305,0.08364197321759546,14471483.981437314
11,3,1,single_pwm,0.9363359432751811,0.00020810958678934966,0.0361178996895981,0.083722371945014,3.2749919718224012e+16
11,3,2,multi_pwm,0.0004167623495204019,0.0007181658717418986,0.03495674081143618,0.07623022800687766,2.4057768539018225
11,3,2,degenerate_pwm,1.1413776779105225,0.0005548430980124527,0.03495564276572071,0.07604542445087109,9398343.624587215
11,3,2,single_pwm,0.9368777627911142,0.0006445980971093773,0.03495620100632945,0.07610908193168672,3.940974327128344e+16
11,3,3,multi_pwm,0.0006442170434539064,0.0016478163925766982,0.034175024138208825,0.0772953953964521,2.406454814929636
11,3,3,degenerate_pwm,1.055872179056979,0.0015998054950864661,0.03416236851960785,0.0768140678949626,9752568.111525947
11,3,3,single_pwm,0.9357702092628952,0.0014701622479633223,0.034161456506217214,0.0767384668252733,2.3345354257093564e+16
11,3,4,multi_pwm,0.0005507901084561388,0.0006668087639632502,0.02599196341136935,0.050758399542893386,2.40514939425808
11,3,4,degenerate_pwm,0.8524805602305847,0.0006203349571124731,0.025976193377300096,0.050834286900844565,7597694.282519835
11,3,4,single_pwm,0.9367782832988972,0.0002684615803659531,0.025976840138039418,0.05090087752402547,4.505566917628955e+16
11,3,5,multi_pwm,0.000563311733272462,0.00032947847974912,0.019957231689706062,0.04721305630389566,2.405084975857637
11,3,5,degenerate_pwm,1.1870694130578145,0.00017074669817989605,0.019937820772290393,0.04685531177614129,7978316.499600474
11,3,5,single_pwm,0.9362766721696043,0.00016970656099520596,0.019938419782568207,0.04687126558887164,2.225208701867535e+16
11,3,6,multi_pwm,0.0005667052441621585,0.0011031430349220757,0.02391278470256369,0.05870143108784508,2.4080125004756674
11,3,6,degenerate_pwm,0.9911863863688312,0.0007874814567945585,0.023878210859810456,0.0579750445701717,13225128.293001961
11,3,6,single_pwm,0.9365339619983805,0.0007274047873172318,0.02387860343630654,0.05795097003856413,6.3023903303694024e+16
11,3,7,multi_pwm,0.00045163594460070515,0.0008943814741154511,0.03158760270487785,0.07494933141515112,2.404272262660853
11,3,7,degenerate_pwm,1.1431425375988795,0.0004629129084511238,0.03155216531314607,0.07485656938260304,21011638.01856326
11,3,7,single_pwm,0.9358935285430379,0.0007075891820553231,0.03155441165407433,0.07486126049513081,1.7818209776921004e+16
11,3,8,multi_pwm,0.0005710389451056869,0.0003369797203911297,0.0316819068275441,0.06573536579017233,2.4031792751231458
11,3,8,degenerate_pwm,1.0724314240357005,0.00021626776286950015,0.03167515811203319,0.06581891604321355,6453551.770859292
11,3,8,single_pwm,0.936490079507647,0.0004704610822149015,0.03167556897861467,0.0658116203302995,1.6063697752894102e+16
11,3,9,multi_pwm,0.0005716437617049675,0.0009725845114292437,0.029187809023806285,0.07056636231440315,2.4034549562297904
11,3,9,degenerate_pwm,0.9258292879574318,0.0011630749554519058,0.02897908507615127,0.07088246398603551,11562499.352581002
11,3,9,single_pwm,0.9369724162636325,0.0012116072330858802,0.028978510400950303,0.07085521543625743,1.7970194606732662e+16
11,3,10,multi_pwm,0.0004995791936296027,0.00021753274473298404,0.02542534838891497,0.04410039695398288,2.4021044126674216
11,3,10,degenerate_pwm,1.080343744818796,8.812729122316053e-05,0.02541028049279002,0.04367011139431516,14239170.859107833
11,3,10,single_pwm,0.9366075969552943,0.0005250082232073349,0.025408197887199654,0.0437830454655875,3.815720992014245e+16
11,3,11,multi_pwm,0.0006665141806653396,0.0006649979216405008,0.020572736460881064,0.04418878963734723,2.406005193990334
11,3,11,degenerate_pwm,1.161364427636046,0.0007371265286543773,0.0203562417941812,0.04428077496959709,28847906.742554978
11,3,11,single_pwm,0.9367241769419914,0.0005022074157395626,0.02035643250016391,0.04429025559557266,1.7844651050242734e+16
11,3,12,multi_pwm,0.0005205585853400799,0.0005609972538457328,0.033104566622470646,0.08085454889316596,2.40537362360479
11,3,12,degenerate_pwm,1.1507938126457495,0.0002475603117663337,0.033024484472678785,0.0817276531344887,29878905.901912425
11,3,12,single_pwm,0.9365719276479815,0.00024067477266497808,0.03302542284617806,0.08164057852970638,3.0315084647123376e+16
11,3,13,multi_pwm,0.0004875729180415972,0.0009181363702618749,0.03241070718830271,0.07192226777697935,2.406114392477674
11,3,13,degenerate_pwm,1.0680328826046097,0.0004885691559122806,0.032406363754066934,0.07183524970503061,12169079.750201836
11,3,13,single_pwm,0.9360750947144226,0.0005821774403031109,0.03240700108539219,0.07181541733724532,1.550782951001452e+16
11,3,14,multi_pwm,0.00092565378027567,0.00022135733664857275,0.024146488850086405,0.05735102708505807,2.4039738825089225
11,3,14,degenerate_pwm,1.0817108276190361,0.0001871728827899076,0.02411932077000607,0.05708440062263834,8343937.73992093
11,3,14,single_pwm,0.9363041067617849,0.00034063923975152566,0.02411926966345593,0.05706987497984905,1.6118686211469576e+16
11,3,15,multi_pwm,0.0004813676966505602,0.00045758363829880754,0.029277868690756114,0.06792339616032866,2.405045689541794
11,3,15,degenerate_pwm,1.0184859397683368,5.259093004045264e-05,0.029274965158035633,0.06784693311792929,5926562.36153516
11,3,15,single_pwm,0.9367190258844837,7.030591013817541e-05,0.02927850682368207,0.06769651929574313,2.2607905669361628e+16
11,3,16,multi_pwm,0.0005728718039036901,0.0011766829453161987,0.029392464054835386,0.06372931110342497,2.4071553363326874
11,3,16,degenerate_pwm,1.258229153368483,0.0013061128795420563,0.029353643385811277,0.0637808657743507,35788908.69309352
11,3,16,single_pwm,0.9369293206455673,0.0015380395103976726,0.02935554914468765,0.06372110382705526,2.0819172377639068e+16
11,3,17,multi_pwm,0.0005768151565622679,0.0002544307758388347,0.02663153217177682,0.06344527959397259,2.404238076502739
11,3,17,degenerate_pwm,1.1178808173559063,0.00018152589601384044,0.026626419551636603,0.06331151196866827,17065493.441515286
11,3,17,single_pwm,0.9364005157365654,0.0002510296374494751,0.026626199913087897,0.06328843050157269,1.1148147836348756e+16
11,3,18,multi_pwm,0.0005154797780294976,0.00043870986711584377,0.03145815781934477,0.06609470100356413,2.407632484717843
11,3,18,degenerate_pwm,1.0694758978832601,4.885996945361556e-05,0.0313975720192128,0.06607087634763467,8161178.5687107975
11,3,18,single_pwm,0.9365282587313547,0.0001107647756436989,0.0313981712982273,0.06607217816879352,3.1835657917301256e+16
11,3,19,multi_pwm,0.0005364929821706664,0.000545120740264658,0.020221682713441408,0.034780023479129646,2.404928586645359
11,3,19,degenerate_pwm,1.1843122355132416,0.00015627456780464225,0.020033677024825735,0.03581060927214576,9652859.770983588
11,3,19,single_pwm,0.9364230328715809,0.00034721385480186403,0.02003543703833332,0.03586925742982557,1.7940355602438232e+16
11,3,20,multi_pwm,0.0005969020030744187,0.0001514316690273948,0.017639391409200327,0.03551849546048838,2.4071155985183115
11,3,20,degenerate_pwm,0.9470661572689237,5.742572674524063e-05,0.017626267418878714,0.03521656278316433,6998945.01498881
11,3,20,single_pwm,0.936365161781776,0.0006629953404492697,0.017626869348548877,0.03519610503099211,1.728543744383268e+16
11,3,21,multi_pwm,0.00047301088646977286,0.0010205939944377294,0.034281583280909515,0.07980081068826464,2.404380815153664
11,3,21,degenerate_pwm,1.243077304792457,0.0005633894217278048,0.03428092423284346,0.07981001080715237,6394650.393809178
11,3,21,single_pwm,0.9368229344135474,0.0005390664525767592,0.03428070482375196,0.07982838343188899,1.7970526274054948e+16
11,3,22,multi_pwm,0.0006209078234876614,0.0004194349312257484,0.016553167334359395,0.034289648226730814,2.404570358015733
11,3,22,degenerate_pwm,1.2398770733928015,0.00015301076533274843,0.016540991973342828,0.0343090107381263,13502300.152011126
11,3,22,single_pwm,0.9365677634331324,0.00048665634300403096,0.01654172241762845,0.03429903228082379,2.2344151772760136e+16
11,3,23,multi_pwm,0.0005612862668888764,0.0010922740552942567,0.0361820023716785,0.0786218242099933,2.405514742029385
11,3,23,degenerate_pwm,0.9527070062710673,0.0012713505835877398,0.0361360862739356,0.07944820053894919,16385932.678797811
11,3,23,single_pwm,0.9367336935426535,0.001942803790424116,0.03613681476084963,0.07945809025481258,1.5866543976730992e+16
11,3,24,multi_pwm,0.0005602265353655191,0.0005539683966722468,0.03580275350586482,0.0788132112214048,2.4045806482184453
11,3,24,degenerate_pwm,1.2481232774205193,0.0004035361847337158,0.03580059269388693,0.07859159073360666,23607712.09216731
11,3,24,single_pwm,0.9369828882772759,0.0006964146031413929,0.03580131535928285,0.078529285493703,1.7984818532021022e+16
11,3,25,multi_pwm,0.0007372169219825608,0.0007885570173255345,0.031990439109846454,0.07274931743856228,2.4060843422592457
11,3,25,degenerate_pwm,0.9690466101544605,0.0002524254310702719,0.03170140784980126,0.07258374619388935,15799967.97257297
11,3,25,single_pwm,0.9364633096765562,0.00048156014066719834,0.031701187696831584,0.07259129772004819,1.6238160564988216e+16
11,3,26,multi_pwm,0.0005709646600166978,0.0008854846130320374,0.03386111079253146,0.06703527536430963,2.403936719356168
11,3,26,degenerate_pwm,0.9641642431294983,0.0006825719289546095,0.03355002179636602,0.06824784724322758,4510321.983086216
11,3,26,single_pwm,0.9367277272702108,0.0010906531614285483,0.03355213877125933,0.06802373499941683,1.8075954448280964e+16
11,3,27,multi_pwm,0.0005535025051893373,0.0016174471380493566,0.0276117593865403,0.0595354116663773,2.4040981041520917
11,3,27,degenerate_pwm,1.1519359669451232,0.001092623655263311,0.027593953829033558,0.059138970770104535,10973015.415554702
11,3,27,single_pwm,0.936855596592482,0.0011795594868346786,0.027594022094525727,0.05914781989649729,5.8313035401135624e+16
11,3,28,multi_pwm,0.0005319029917278757,0.000357501498414916,0.024112834078611013,0.05463585281118006,2.4050304707361367
11,3,28,degenerate_pwm,1.129910092307883,5.027568119269072e-05,0.024074212987820417,0.05461248372029605,17168358.678038158
11,3,28,single_pwm,0.9364637686821815,0.0001096888200289609,0.024073792393034588,0.054610909617106136,1.910079555791213e+16
11,3,29,multi_pwm,0.0005915218971421321,0.0003280720720340276,0.023402409173028795,0.052787265247550716,2.406389092004159
11,3,29,degenerate_pwm,1.2555618137131552,0.00044406773285852124,0.023402412813939295,0.05273918885820703,29842657.342508152
11,3,29,single_pwm,0.9367032672840105,0.0007784357813574266,0.023403999410100323,0.05275299084650013,1.3805517707056886e+16
11,3,30,multi_pwm,0.0006878863998054323,0.0006285420779448852,0.02707801899203715,0.04886662482469923,2.4047295698895272
11,3,30,degenerate_pwm,0.9171038986417044,5.232564356057731e-05,0.026863024211895133,0.04772047937026094,9169637.464968236
11,3,30,single_pwm,0.9366886980301985,0.00019265666391230058,0.026862068745190922,0.04767751808877944,1.975324207096448e+16
11,3,31,multi_pwm,0.0005459420733783522,0.0001983616729272577,0.03641284952678971,0.08134775073357778,2.406075440974384
11,3,31,degenerate_pwm,0.9301583815764389,0.00013403924098115866,0.03641417078638964,0.08143885887617774,11359783.673139682
11,3,31,single_pwm,0.9367197147588223,0.00013507839434524562,0.03641299022721651,0.08137147647452074,1.0793632507317664e+16
11,3,32,multi_pwm,0.0005315991741802276,0.003354492929614902,0.027193296000699738,0.054442393845922116,2.404817623289766
11,3,32,degenerate_pwm,1.0697256318649766,0.002993397467015055,0.02717714329819389,0.05407477031152495,6644867.745114571
11,3,32,single_pwm,0.937048781540402,0.003984239573513929,0.027176241428958088,0.05408036728760034,2.0911311004480136e+16
11,3,33,multi_pwm,0.0004078775790940454,0.0004533888734418644,0.028454063517632966,0.06308128886344376,2.4053214423529887
11,3,33,degenerate_pwm,1.200168855334798,0.0001767607092167933,0.028360211604677974,0.06147510025773689,19230991.85390927
11,3,33,single_pwm,0.9363591246100359,0.00037370826591003406,0.02835943940789184,0.0613202983581406,2.071613210993312e+16
11,3,34,multi_pwm,0.0007514581093435833,0.0006424948451821212,0.037072653999444496,0.07852604675096796,2.4058846739410855
11,3,34,degenerate_pwm,1.0126689183976398,0.00026836250555494677,0.036975977707649606,0.07855536315801159,8356172.824430592
11,3,34,single_pwm,0.9361440189937815,0.00011711970384337903,0.0369785139214278,0.07855063271030108,6.59613620201773e+16
11,3,35,multi_pwm,0.0004289915077657116,0.0005017569475330027,0.037923500138824756,0.08910954793642495,2.405692874581458
11,3,35,degenerate_pwm,1.456905036605415,0.00036772141113487197,0.03786543651175163,0.08847590913030111,52850792.476161346
11,3,35,single_pwm,0.9365158186340103,0.00031252681571147567,0.03786672268469329,0.08852900924606377,1.81607668346284e+16
11,3,36,multi_pwm,0.0005752590157418829,0.0003656520754619551,0.030569628038170628,0.06580678168686974,2.403748696967697
11,3,36,degenerate_pwm,1.154445763493807,0.0004025818946325512,0.030506326646412864,0.06511350720569814,9971608.283598801
11,3,36,single_pwm,0.936591797834448,0.0005538754077217101,0.030506420412966154,0.06511267746342575,6.148718885115694e+16
11,3,37,multi_pwm,0.000416567250894336,0.00036722486083611705,0.019793097467031204,0.042327979734799015,2.4072681593543326
11,3,37,degenerate_pwm,1.0547640376018612,0.00030256670144796887,0.019777951927886627,0.042289963622370516,11050133.63483416
11,3,37,single_pwm,0.9364686336925929,0.00046372761619227205,0.019777560286962717,0.04223274987709645,9.266745210015141e+16
11,3,38,multi_pwm,0.0007043946946991811,0.00034749677317114476,0.03870682601277069,0.08083563122928272,2.4049984759026666
11,3,38,degenerate_pwm,1.1305537580207399,0.0002721894854495818,0.038691222734142605,0.08060476777330675,13809744.703236971
11,3,38,single_pwm,0.9363893066906203,0.00053053103805607,0.03869145948243574,0.08059518556816675,5.847282057400926e+16
11,3,39,multi_pwm,0.0005676020134314288,0.004303261677004357,0.028970951570641983,0.05942084548515346,2.4058684048200614
11,3,39,degenerate_pwm,0.9382197729329846,0.0046676627584109525,0.028877616462346923,0.058763915480665396,6974465.788760509
11,3,39,single_pwm,0.9374501430706721,0.004133756752685506,0.02887709381488064,0.05904544054127071,1.1539806918025856e+16
11,3,40,multi_pwm,0.0005371976063912715,0.0004473446583425723,0.022890995103946588,0.04404530227291978,2.405761353440403
11,3,40,degenerate_pwm,0.8664349405840762,0.00019827397393918806,0.022889229001091457,0.044105662974595256,7353764.101276031
11,3,40,single_pwm,0.9366901604773683,0.0001202778842303901,0.02288914505431415,0.044103616746781676,2.1545272770120824e+16
11,3,41,multi_pwm,0.000566382858099078,0.00031788596627869737,0.030612758185739965,0.0618249298074642,2.4072520527909234
11,3,41,degenerate_pwm,1.0840230251591034,0.00020873893750366469,0.030610146958585972,0.06152738142063063,9573041.618644623
11,3,41,single_pwm,0.9363231759098851,0.0005498777625414129,0.030610798847145654,0.06157286302087428,2.0591198324373996e+16
11,3,42,multi_pwm,0.0004203177058182482,0.00010771036677821327,0.03048305743248444,0.0706026414751828,2.405596102105528
11,3,42,degenerate_pwm,1.0953015303268836,4.984737983162813e-05,0.030481746600765657,0.07058241918744525,9199222.094673034
11,3,42,single_pwm,0.9365389676627078,0.0005417854351640315,0.03048175684057267,0.07062038142234212,1.8549232655774656e+16
11,3,43,multi_pwm,0.0004238804080106147,0.0004477124310449727,0.028206109313988564,0.06238003353627834,2.4039641343361877
11,3,43,degenerate_pwm,1.0016643803577634,0.0001183884349818474,0.02816582834967945,0.062396750737836876,5968305.859093351
11,3,43,single_pwm,0.9364916740763496,0.00038638472026912595,0.028166348298502727,0.06239544067274818,4.267309096071466e+16
11,3,44,multi_pwm,0.000538926087851187,0.0020445250880301294,0.029670754670887544,0.06452622416477108,2.4050159405385934
11,3,44,degenerate_pwm,1.0600074964075517,0.0017904466719126837,0.029495394251228563,0.06464740052032031,7748308.017936504
11,3,44,single_pwm,0.9355990605106603,0.00208483130157794,0.02949581154793624,0.06469705830849096,2.0940518463296572e+16
11,3,45,multi_pwm,0.0005031146036266334,0.001462826434105419,0.03545295385995726,0.07018154543288625,2.4058949968489687
11,3,45,degenerate_pwm,1.0305866689374308,0.0014269652043258213,0.03544336499938768,0.07030840340303655,6261597.540449493
11,3,45,single_pwm,0.9369859654264605,0.0010586222447534156,0.0354432709862125,0.0703426029923098,2.221118152913751e+16
11,3,46,multi_pwm,0.0005669911662172547,4.62703164569793e-05,0.027850867428608716,0.05723650575100822,2.4046177563202735
11,3,46,degenerate_pwm,0.998095811890759,0.00010502212275831928,0.027851193385476064,0.05726485383566232,34112684.26740366
11,3,46,single_pwm,0.9363014584563785,0.0006573614766811566,0.027852580991234135,0.057118106937594275,4.8951227498960984e+16
11,3,47,multi_pwm,0.00048241244501159153,0.0005253573310783825,0.031115700804262396,0.06976675531570974,2.4027885491206087
11,3,47,degenerate_pwm,1.2703022068118308,0.00023834646813234028,0.03110231664155166,0.06940205060337812,6628112.6624615155
11,3,47,single_pwm,0.9366767547791075,0.0002694890617574953,0.031102188076114718,0.06948394243367591,4.8185744677758536e+16
11,3,48,multi_pwm,0.0005004651552894878,0.0009850210680850784,0.03432119360300001,0.06258596128427486,2.4051199370357006
11,3,48,degenerate_pwm,1.0299384182378737,0.0014300990418604901,0.034303560535354403,0.061825504607314404,8746783.70949614
11,3,48,single_pwm,0.936996388508006,0.0014032568557987048,0.03430336584990749,0.06162059318385245,4.841373930671221e+16
11,3,49,multi_pwm,0.0005944859705293552,0.0004272144101201337,0.028167468329083935,0.06401201298120718,2.405327589437677
11,3,49,degenerate_pwm,0.9788718521033085,0.00037859200301065794,0.028148282290181962,0.06409963502891874,7012437.813797931
11,3,49,single_pwm,0.936401507669431,0.0002715653534383614,0.028152689897240707,0.064106345534956,1.6226573547765168e+16
11,3,50,multi_pwm,0.0006021648745084353,0.00030628732233292525,0.039906464901308544,0.08708226578079742,2.403092152402802
11,3,50,degenerate_pwm,1.0058271224942574,0.00022717311833402463,0.039901008521591924,0.08738347293411937,5449181.326118194
11,3,50,single_pwm,0.9364197162286974,0.0002764230296486489,0.03990123812116285,0.08734564662394481,3.16894346798052e+16
11,3,51,multi_pwm,0.0005165820380025187,0.00033890241162497876,0.027964140547498524,0.06899502306907956,2.4054059624151343
11,3,51,degenerate_pwm,1.0987683912048918,0.00014818423253553127,0.027964054883153813,0.06885230648113365,13841543.228327539
11,3,51,single_pwm,0.9362682258877413,0.00043249511509020215,0.027963924261930825,0.06886097707359573,6.1065208784416136e+16
11,3,52,multi_pwm,0.0005702955336554463,0.00040310733534113175,0.028282228360733398,0.06873462572913247,2.405417581732757
11,3,52,degenerate_pwm,1.0693051862863059,0.00040928842148701895,0.02823908862214676,0.06915465657947292,11634091.220626798
11,3,52,single_pwm,0.9361643448993655,7.400981277561582e-05,0.02823854017521246,0.06915173964559346,4.876624099483429e+16
11,3,53,multi_pwm,0.0006165597191937515,0.0004192959948618959,0.03075804774528459,0.07813646299501219,2.4056255901564843
11,3,53,degenerate_pwm,1.3733664922151827,0.00012970639429563078,0.03075574529017503,0.07787384324324839,10765714.706109982
11,3,53,single_pwm,0.9365359672929169,0.000394034774384088,0.030755803987279964,0.07789449574784559,2.0167427327555268e+16
11,3,54,multi_pwm,0.0005459892364737607,0.0004596606253875732,0.02580411587602766,0.0495143575827441,2.405384152826074
11,3,54,degenerate_pwm,0.8903835280295456,7.222988383886157e-05,0.02574220402472431,0.049014866140482734,16533484.69260553
11,3,54,single_pwm,0.936442839858905,0.00010224343868233845,0.025741956154391163,0.0490005494301892,2.8990878672210296e+16
11,3,55,multi_pwm,0.0004054035913711688,0.00012988294038635651,0.03452032427305305,0.07190751538080362,2.4047438025636607
11,3,55,degenerate_pwm,1.3053293416182508,5.9565710980853946e-05,0.03452185590083214,0.07195366813321026,11189203.822929556
11,3,55,single_pwm,0.9361632687517386,0.00041752798883014315,0.03452028821466905,0.0718707501146714,1.852177697930412e+16
11,3,56,multi_pwm,0.0006338263182373582,0.0026381752016468966,0.028740175840492037,0.06536811240348565,2.403500069972038
11,3,56,degenerate_pwm,1.0406876996155006,0.002998088248695187,0.028714165489009177,0.06499809288032135,9450591.514976528
11,3,56,single_pwm,0.9357123690115678,0.0032371562627995917,0.028715969854811643,0.06509086607872971,3.555563170966597e+17
11,3,57,multi_pwm,0.0005248592315179783,0.0013109310731885756,0.024340367638771832,0.049694992235450215,2.4044045258883933
11,3,57,degenerate_pwm,1.102638118864845,0.001233498910838827,0.02424426937374996,0.04878705303488609,15681229.180081353
11,3,57,single_pwm,0.9369250081278282,0.0008188564945068936,0.024247607889587876,0.04868775620045541,2.661977555939696e+16
11,3,58,multi_pwm,0.0006209707030341093,0.00018801152137636938,0.04272053540132377,0.10073353317375125,2.4053483520335996
11,3,58,degenerate_pwm,0.9594125877162445,5.509167377371391e-06,0.04270563190808778,0.10104829509220956,5069053.857001184
11,3,58,single_pwm,0.9364482467169133,0.00010171343452197617,0.04270527378079177,0.10108630995850439,3.5592931366416264e+16
11,3,59,multi_pwm,0.000759706666630397,0.0009284714942411072,0.02733310389915683,0.05761345037843929,2.4052152857793194
11,3,59,degenerate_pwm,1.0404762002478976,0.0003607473054651855,0.02730842963658693,0.05783263927939114,14358224.990505684
11,3,59,single_pwm,0.9366418873970294,0.00043026699910070056,0.027308318928806932,0.05781584940734338,2.2307094256532404e+16
11,3,60,multi_pwm,0.0005290012713669479,0.0007978524846516547,0.02603454306032597,0.0566840096850342,2.407069515905229
11,3,60,degenerate_pwm,1.1902928519836116,0.000908146310738711,0.0260285204868991,0.05694845428441339,14205173.066425014
11,3,60,single_pwm,0.9360394831570726,0.0005771364277775137,0.0260294456200663,0.05690559498268189,5.177117395220943e+16
11,3,61,multi_pwm,0.0004860220210344781,0.00042836119401558906,0.03753438555725114,0.07960975536737241,2.402670490710884
11,3,61,degenerate_pwm,0.9769890948755974,0.0002801706505252256,0.03748981231715883,0.07956910626767108,8887177.85200176
11,3,61,single_pwm,0.9361967817673107,0.00017395946692782708,0.03749004403920824,0.0795695984312883,2.0515896520198828e+16
11,3,62,multi_pwm,0.0004805293101725828,0.0010019227976463285,0.0295385723838317,0.06793048140025212,2.404720211234162
11,3,62,degenerate_pwm,1.0423342886360296,0.0007089048272636408,0.029516982271540256,0.06892836815923085,7776402.509760536
11,3,62,single_pwm,0.9358800695243675,0.0015791791562196995,0.02951781323637206,0.068886849154152,1.7769750124584332e+16
11,3,63,multi_pwm,0.000581407612324471,0.0005648962061918304,0.01938515055201914,0.04456288702785098,2.408701017895681
11,3,63,degenerate_pwm,1.1234110956326593,0.00012494524429699868,0.019173020008748886,0.04342181698219302,11920076.669545759
11,3,63,single_pwm,0.9361705548157402,0.00034917923600926614,0.01917207733251758,0.04348068743715711,2.387348948766423e+16
11,3,64,multi_pwm,0.00045650414901144597,0.0006539279409683116,0.02655772709769828,0.0463624414633801,2.407575507223856
11,3,64,degenerate_pwm,0.9797733302275297,0.000902910794444471,0.026520698249177074,0.04581722465643341,11593158.354168197
11,3,64,single_pwm,0.9367326975888131,0.0003725102477507373,0.026523195421377148,0.04602462809334535,3.2728175152195108e+16
11,3,65,multi_pwm,0.0005596944133837551,0.0006263856166262642,0.037002521483733494,0.08107227612441245,2.4053006387256666
11,3,65,degenerate_pwm,1.0944032113101225,0.00013260888878729516,0.03688689470407192,0.08086696598566567,14918815.743155582
11,3,65,single_pwm,0.9362808814846767,0.00034477442848619423,0.03688823760604931,0.0808588318884813,1.4800069620339696e+16
11,3,66,multi_pwm,0.0005121718762761257,0.001440293473481699,0.033473462205443984,0.07773399737059632,2.40250039578666
11,3,66,degenerate_pwm,0.9939245656948252,0.0018617899805636136,0.03343218996261863,0.07720838963489546,8791321.226112986
11,3,66,single_pwm,0.9357025778017778,0.0015536767117149705,0.03343251740458386,0.0772124046410829,1.8394322834119028e+16
11,3,67,multi_pwm,0.0005049264014924362,0.00033034497076828856,0.03989037516109924,0.09174066768070464,2.4046931011106194
11,3,67,degenerate_pwm,1.0629046682271104,0.0005141075638200387,0.03987661476046915,0.09170094849147385,16529652.475216344
11,3,67,single_pwm,0.9360190997412998,0.0001470820940517056,0.03987679487604816,0.09172205786215426,1.8843947818549144e+16
11,3,68,multi_pwm,0.0004657227967719975,0.0004913257992268324,0.0339381894099056,0.0737948178334722,2.4032133467359094
11,3,68,degenerate_pwm,1.0471923722824659,0.00017715082425669097,0.03388722773589133,0.07383024845664535,10449302.560417544
11,3,68,single_pwm,0.9362507448390105,0.0003420433564470883,0.03389070364929907,0.07382383893210345,1.6969277387854204e+16
11,3,69,multi_pwm,0.0004985445340422014,0.0005333650864524675,0.03601297918864862,0.07354259156060634,2.405206339636585
11,3,69,degenerate_pwm,0.8526297562512023,0.0003463674561852868,0.03601149770460477,0.07387638252122054,5232341.681720691
11,3,69,single_pwm,0.9366238957527762,0.0003421777589921835,0.03601080178154925,0.07383939393981151,1.9321839539017444e+16
11,3,70,multi_pwm,0.0005977959649332731,0.000586304206109057,0.032283377007923095,0.06780811000354425,2.4040911381788517
11,3,70,degenerate_pwm,1.013325945585577,0.0007507014039118707,0.0322599683030936,0.06813902990658563,23016731.77797585
11,3,70,single_pwm,0.9358958525496758,0.000374436256681359,0.03225988752417532,0.06807096863565426,2.1035564131932428e+16
11,3,71,multi_pwm,0.0005989557427178135,0.0014241226342414756,0.025325780050466574,0.055833547536896094,2.4068859186925713
11,3,71,degenerate_pwm,1.155237334584478,0.0010245217150401803,0.025312054642981058,0.05586017203551773,15256182.180250857
11,3,71,single_pwm,0.9360313925303452,0.0008442259450448909,0.02531120968507207,0.05586265686231711,1.4632433122210828e+16
11,3,72,multi_pwm,0.0005752854185421324,0.00010913092566814368,0.039839524637058074,0.08753298152122228,2.4030738386417636
11,3,72,degenerate_pwm,1.1295379507784795,0.0001242022535778515,0.039834047467967926,0.08731484163110483,17152641.831228826
11,3,72,single_pwm,0.9363574100873003,0.00015652233467068968,0.03983416728221729,0.08731157174941939,1.9650070213635748e+16
11,3,73,multi_pwm,0.0005061662916411649,0.0003515167340767418,0.027487477568416983,0.06550457564629038,2.405073579632789
11,3,73,degenerate_pwm,1.0024061944939322,0.0004002914473778078,0.027479246895155678,0.06514449182831986,10156239.440796655
11,3,73,single_pwm,0.9359659677499867,0.0010784922154542923,0.027479466104891638,0.06517627895675074,2.6670909803187864e+16
11,3,74,multi_pwm,0.0005576403282172426,0.0007426824719660483,0.02846470627256602,0.058418062919299144,2.4048663751762094
11,3,74,degenerate_pwm,1.128376509926277,0.0005727797944246249,0.028463290978828527,0.05854322033366847,6678437.870902747
11,3,74,single_pwm,0.9367569148410079,0.0008657876717932336,0.02846332850918466,0.05853366552156443,1.5980956473584528e+16
11,3,75,multi_pwm,0.0005440609708091142,0.004875783729282069,0.025059028950960953,0.05525835861238569,2.40544161385645
11,3,75,degenerate_pwm,0.8354306428601228,0.0038954211267846033,0.024872876899103325,0.05437242202373098,6833762.381273463
11,3,75,single_pwm,0.9372250421422506,0.00491058798459394,0.02488046237998653,0.054331127048874536,3.387956353505578e+16
11,3,76,multi_pwm,0.0007268926946794721,0.0017891299646340716,0.02867060023513139,0.05386024149862838,2.404276404753087
11,3,76,degenerate_pwm,1.0156799940598726,0.0023872066751108997,0.02866057785305975,0.05377310880377498,11917729.499877378
11,3,76,single_pwm,0.9371729866443606,0.00216811714508113,0.028664448319836583,0.053808288955446384,1.7835060853215896e+16
11,3,77,multi_pwm,0.0004629791279540179,0.0004280695219961915,0.036136219650165925,0.08513608868606888,2.406355242664998
11,3,77,degenerate_pwm,0.9761421622793237,6.876703361596377e-05,0.03613237590622662,0.08480557113583173,9974316.354223795
11,3,77,single_pwm,0.9366227071980828,0.00011613742067304036,0.036131992479636985,0.08482487289945119,1.5429764913028598e+16
11,3,78,multi_pwm,0.0005000334461956464,0.0005446749209485646,0.035817701278216194,0.07438246175510424,2.4044797796179287
11,3,78,degenerate_pwm,1.290607739883976,8.718927882910391e-05,0.035758609071274025,0.07480988947762976,31100353.022001505
11,3,78,single_pwm,0.9366014453901206,0.000145474788894451,0.03575850976838813,0.07483188907534538,4.079766398936671e+16
11,3,79,multi_pwm,0.00043040879127635674,0.0003202839602652289,0.036117879793733265,0.07690967312006375,2.4039930136625727
11,3,79,degenerate_pwm,0.8925365806402403,0.00010763417314191295,0.03610922811519311,0.07696018363611129,11193054.688796155
11,3,79,single_pwm,0.9365446047370498,0.0005640156411401645,0.036109690349942394,0.07696161276151092,2.7978779850034504e+16
11,3,80,multi_pwm,0.0006340121949102698,0.0009156463775666743,0.030246996209582693,0.0701667943213029,2.407708168089896
11,3,80,degenerate_pwm,1.1868071593500333,0.0011484235232928415,0.0301721844193281,0.06948422383151596,10430906.26828504
11,3,80,single_pwm,0.9359471714531894,0.001304090726532572,0.030171307663491912,0.06944477022930602,1.4121462957865804e+16
11,3,81,multi_pwm,0.0005712239232146361,0.0003722881585970662,0.03591205074626232,0.08119224058657469,2.4039503069032557
11,3,81,degenerate_pwm,0.9861061635058789,0.00010265376960480001,0.03590006662652744,0.08157135944362459,8838143.473059695
11,3,81,single_pwm,0.9363420066507223,0.00029828659971212906,0.03590087724876763,0.08160646207589071,1.5960918577938036e+16
11,3,82,multi_pwm,0.000556578733270504,0.0006970949987611113,0.03482300966047836,0.07383984632088489,2.4044009400449338
11,3,82,degenerate_pwm,1.0169359774947506,0.0003046779988025041,0.03481244740551416,0.07425160034804043,8380997.50039478
11,3,82,single_pwm,0.9361740661000775,0.001199625874714035,0.03481257308654572,0.07431196138263181,2.04723592316804e+16
11,3,83,multi_pwm,0.0005086394594779298,0.0007412835906022941,0.036095800075836654,0.07548319635629795,2.4057892415521653
11,3,83,degenerate_pwm,1.1757188965859964,0.000528307737269064,0.03598447812196174,0.07629374296167371,10221307.950472163
11,3,83,single_pwm,0.9364776381914955,1.8627351964192908e-05,0.0359842033253501,0.07627592546705833,1.704267237997794e+16
11,3,84,multi_pwm,0.0005032650306971033,0.0017371933865761807,0.021011920146578773,0.04805670266570252,2.405921291261274
11,3,84,degenerate_pwm,1.113289622250602,0.0010145580462065566,0.021017391366228,0.04801559157755873,9393944.990018876
11,3,84,single_pwm,0.9370178976055128,0.0015235390470032992,0.0210132151151663,0.04802880765243675,2.4864899525508504e+16
11,3,85,multi_pwm,0.0005694571435895515,0.001321248419108457,0.03380083525064778,0.07681853548285178,2.405112707668061
11,3,85,degenerate_pwm,1.3662290875619902,0.001069342199275067,0.03379233846046928,0.0766591595596779,37559295.57194203
11,3,85,single_pwm,0.9359251247333079,0.0007790440766601382,0.03379249458722507,0.07669870267391732,2.2045979504622596e+16
11,3,86,multi_pwm,0.0005571865785166091,0.0006437514013218652,0.03147897120167391,0.05740987722927429,2.4053108204382276
11,3,86,degenerate_pwm,1.0048366742691783,0.0005253983411389782,0.031416770761701775,0.05685793080971726,22091776.77764904
11,3,86,single_pwm,0.9367755407559096,0.000923099487404193,0.0314170271435742,0.05684428978073502,2.0499377575987396e+16
11,3,87,multi_pwm,0.0006404447093668389,0.0005421656434143488,0.03713912485997143,0.07848347691571886,2.4046918897997474
11,3,87,degenerate_pwm,1.0533402298035364,0.0004546617792400527,0.03713827392782909,0.07847138509322397,5455267.667175757
11,3,87,single_pwm,0.9361307860901678,0.0003423590612497373,0.037137750369354246,0.07849101638132064,2.3770439361599264e+16
11,3,88,multi_pwm,0.000556870720110561,0.0009508722045112033,0.034322148464136164,0.08049012600848893,2.4034096504694102
11,3,88,degenerate_pwm,1.1224382960636976,0.0003331446683743885,0.03414675086510596,0.08051604187717776,15766509.201782199
11,3,88,single_pwm,0.9366368468235552,0.00015556853108506473,0.03414774018403807,0.08051466010214171,4.848631535817624e+16
11,3,89,multi_pwm,0.0004560718651709495,0.00090480512208306,0.030695167783530836,0.06201923611366335,2.4049792387141466
11,3,89,degenerate_pwm,1.2046518158802662,0.00046697928878244437,0.030665231138192896,0.06123097012175452,19098186.77735342
11,3,89,single_pwm,0.9360095015235269,7.968965297446366e-05,0.030665277211010054,0.0612478228969202,4.8102352087276e+16
11,3,90,multi_pwm,0.0005099478862502077,0.000962779810430025,0.02079602161436797,0.04914682838438149,2.405667229647143
11,3,90,degenerate_pwm,0.8942413938635172,0.0010831742246576199,0.020729271937463066,0.0498456591949589,17818681.493831925
11,3,90,single_pwm,0.9360838720717395,0.0013475057228189025,0.02073076186815518,0.04972107033490858,1.3409241345118944e+16
11,3,91,multi_pwm,0.000631955730160702,0.00035340740128463126,0.034813315057134954,0.07484620995257096,2.403215953537405
11,3,91,degenerate_pwm,0.8183273622076878,0.00027570630714443604,0.034806998773709553,0.07519451613061578,16122474.37772306
11,3,91,single_pwm,0.9362200819646799,0.00020770832995715386,0.03480665927863868,0.0751547177828712,2.0913131360130856e+16
11,3,92,multi_pwm,0.0004740222516505278,0.0007801191547091699,0.037204144838133266,0.08412163515668716,2.403628484220766
11,3,92,degenerate_pwm,1.4208817711592048,0.0007038255467690067,0.037142759389623595,0.08471622092590589,12617901.98328568
11,3,92,single_pwm,0.9368009398142637,0.0005997378422892247,0.03714292247162728,0.0847165431586833,6.016374093574812e+16
11,3,93,multi_pwm,0.00043874064271794014,0.00017388081215122985,0.026136414307751543,0.05461048352232108,2.4055720257963302
11,3,93,degenerate_pwm,1.0999401837441374,0.0004632820259239874,0.026133221094910217,0.054645655049980105,23461379.155812223
11,3,93,single_pwm,0.9366757727327293,0.00021912745160622044,0.02613296872325768,0.05469308130037489,2.0449090375890144e+16
11,3,94,multi_pwm,0.0003993625603517899,0.000830021639542055,0.03011963158366419,0.06967793331002992,2.404236201662246
11,3,94,degenerate_pwm,1.0886829454275018,0.0006626621446905795,0.03003131049510896,0.06868712092640228,7760964.387848355
11,3,94,single_pwm,0.9367542409671222,0.0006581735816482841,0.030032306273001463,0.06862858505920925,2.23519941905284e+16
11,3,95,multi_pwm,0.0005677269094162103,0.001680027818603335,0.03023858906806982,0.0712275501259688,2.4043998487421963
11,3,95,degenerate_pwm,1.1127858157096109,0.0010502999435000736,0.03021662427264016,0.07122504482178331,17262796.116572846
11,3,95,single_pwm,0.9361155085820633,0.0011970507106197465,0.030216607673996816,0.07114845930403113,1.4380005309392072e+16
11,3,96,multi_pwm,0.0004892184877596809,0.0010298775055658201,0.031873482006823654,0.06668256987812865,2.407353485057447
11,3,96,degenerate_pwm,1.408651329522138,0.0005670741314286463,0.03187349063976606,0.06679740809974663,6155997.628095147
11,3,96,single_pwm,0.9368561723195034,0.0010324027913493153,0.031873759596837685,0.0667605845265088,1.4245073279897646e+16
11,3,97,multi_pwm,0.0006125946551642888,0.0003670130324851703,0.0363159654792586,0.08378340717268554,2.4038188483723624
11,3,97,degenerate_pwm,1.0477612933258071,7.41822908373207e-05,0.03631365732274209,0.08385296792957071,8456787.972533695
11,3,97,single_pwm,0.9362983867238395,0.0005450374705433954,0.03631377456895586,0.08386339881746178,8.01712419708137e+16
11,3,98,multi_pwm,0.0005435058183154201,0.0024385299870194983,0.03635880693299636,0.08118439943335576,2.4050903428425796
11,3,98,degenerate_pwm,1.0104420023300271,0.0017932017762501648,0.036351878490353096,0.08112904389504447,13063298.224279001
11,3,98,single_pwm,0.936980022662097,0.0016307928586406964,0.03635173646094634,0.0811000312684941,4.557653620020191e+16
11,3,99,multi_pwm,0.0005472871170892104,0.0005399910373387248,0.035851252152898895,0.06837454104974103,2.4049642675112826
11,3,99,degenerate_pwm,0.7956644029677766,0.0003351400769096423,0.03584077139179836,0.06868647354651795,25431763.602845877
11,3,99,single_pwm,0.9364430029050089,0.0002582292459357623,0.03584085712866965,0.0686237561850181,1.9020906704643404e+16
11,4,0,multi_pwm,0.0005232787372965111,0.0004865810346109683,0.028391603997259967,0.05826231536649239,2.405443250399845
11,4,0,degenerate_pwm,1.2545204841583124,0.00030922018065543085,0.02839013985188104,0.05804307532554881,11929716.60135886
11,4,0,single_pwm,0.9362634507446249,0.0005115742184113523,0.028389744235014787,0.058305947741085225,1.5083549584369084e+16
11,4,1,multi_pwm,0.0005158752655254133,0.001072706524910244,0.03157404185509087,0.060399485512376505,2.404389595531786
11,4,1,degenerate_pwm,1.003884640524645,0.001388756987308995,0.03157517176883258,0.06035678329126949,13142358.598613366
11,4,1,single_pwm,0.9357406279977356,0.0013972091828522814,0.03157488554870255,0.06036538256515921,1.8179703835281516e+16
11,4,2,multi_pwm,0.0005294637023464792,0.001618274203417276,0.033798358354589754,0.07679423561928608,2.4064292047867637
11,4,2,degenerate_pwm,0.9880195325771232,0.0013084018452849094,0.033761127790765795,0.07746055140848959,13372922.608470626
11,4,2,single_pwm,0.9357850674108704,0.0011905048330118659,0.03375985070431926,0.07736988945825443,1.0332096587436936e+16
11,4,3,multi_pwm,0.0005387836760740145,0.0020605602839176454,0.029949801567201104,0.06586259586287932,2.403334248944852
11,4,3,degenerate_pwm,1.179031171397623,0.0020682746534059233,0.029896302585447086,0.06568346756601012,10765708.485275377
11,4,3,single_pwm,0.936942083212961,0.002109121650164289,0.02989562720888888,0.06566298822451977,1.4525078957524208e+16
11,4,4,multi_pwm,0.0007745996750028104,0.00045365938357330374,0.02785066176721796,0.05905919910281754,2.4041308618048904
11,4,4,degenerate_pwm,1.3939726627541704,0.00018381939142482826,0.027849370101015947,0.05940031099873235,9816951.615320876
11,4,4,single_pwm,0.9362420174647983,0.00030377970156176783,0.027848578612131848,0.05924400790979083,1.28733335971307e+16
11,4,5,multi_pwm,0.0006632236368364347,0.0004851072900574157,0.036822122374509506,0.0766322927719251,2.4047872522503404
11,4,5,degenerate_pwm,0.9975975824845309,0.0002922606122279216,0.03673336981699039,0.07680237226292287,7480340.492634727
11,4,5,single_pwm,0.9364139714516443,0.0003066535173845455,0.03673346081772705,0.07681871223533372,1.4542649143126392e+16
11,4,6,multi_pwm,0.0005329770683602595,0.000516503719944937,0.03171392462885137,0.07164296910767588,2.4071148993545335
11,4,6,degenerate_pwm,0.9945358985974323,0.0006347052785497574,0.031699967997065724,0.07213664274258268,10211990.462324519
11,4,6,single_pwm,0.9362759174837038,0.0002241065425514663,0.03170001469855148,0.07207856464772869,2.014443795969749e+16
11,4,7,multi_pwm,0.00037063292628432216,0.0003197397705361554,0.030158388432183374,0.07171758807100723,2.4060907796330753
11,4,7,degenerate_pwm,1.305135873479483,0.00011385429164227901,0.03011319427020785,0.0711033908803823,12349366.180926064
11,4,7,single_pwm,0.9364516416962957,0.00024942706701636775,0.0301130133065087,0.0711456319039161,1.353426133918564e+16
11,4,8,multi_pwm,0.0005207098455742191,0.0002498107254053332,0.024410982410479933,0.053740414410016674,2.406855327993331
11,4,8,degenerate_pwm,1.0255837734249131,0.0001752170018658453,0.02441245188892955,0.05392909549043671,11404437.846461968
11,4,8,single_pwm,0.9363342982036359,0.0004190008350708139,0.024409853533164765,0.053795903003280715,1.0424521749847653e+17
11,4,9,multi_pwm,0.000563087167462432,0.00044030425240271215,0.025158680573141846,0.05484528165411286,2.405669913187655
11,4,9,degenerate_pwm,0.847313409200535,5.05371773437236e-05,0.0251559954695308,0.05481208059223466,11560458.963742316
11,4,9,single_pwm,0.9366971483163422,0.00010738513046649262,0.025155839218296068,0.054828816427572896,2.1470131084007984e+16
11,4,10,multi_pwm,0.0005222074527981106,0.0007253923603970292,0.03257047207432478,0.07844613715623965,2.406386271254247
11,4,10,degenerate_pwm,1.0559991756652833,0.00038938864327480924,0.03257065459953281,0.0784192958871268,11127153.031502115
11,4,10,single_pwm,0.9362406868976466,0.0005158737170077113,0.03257114644090728,0.07840946097391278,1.867926152185551e+16
11,4,11,multi_pwm,0.0005071221437842978,0.0011077536888475029,0.03545007690161003,0.0750424554201917,2.4049292959326283
11,4,11,degenerate_pwm,0.9835051319327736,0.001132399791461276,0.03544975745044888,0.07510718673407588,18144682.227379426
11,4,11,single_pwm,0.9359844511680696,0.0010426271242871714,0.0354491425984239,0.07511457578728963,1.6235973773164044e+16
11,4,12,multi_pwm,0.000539209173418723,0.0005415266400630391,0.030918354757507063,0.06449088145393021,2.4063939290308163
11,4,12,degenerate_pwm,1.0217142462088127,0.00014222468105210668,0.030911736184564723,0.06448397121337711,13465029.911581099
11,4,12,single_pwm,0.9364898386186048,0.00017658604773778853,0.030913122982016483,0.0644805803825918,1.2914628683797718e+17
11,4,13,multi_pwm,0.00042642693418217323,0.00033276210652681917,0.02943503891178165,0.0641504892908904,2.402600361932425
11,4,13,degenerate_pwm,1.0805758317107734,0.00013597214934650775,0.029385136672604895,0.06421138155142285,13010224.326134149
11,4,13,single_pwm,0.9365201622960226,0.00018493917831051467,0.02938608747064653,0.06421740500140191,1.9463731630576604e+16
11,4,14,multi_pwm,0.0006909827678544656,0.002953909070552233,0.032799843117739605,0.07341391467560451,2.403530843173949
11,4,14,degenerate_pwm,1.298499507181798,0.003515726878428532,0.03279962023863678,0.07303449316393704,17241397.986301646
11,4,14,single_pwm,0.9372379314415091,0.0035347221804255344,0.032798991939270425,0.07312634596298218,1.5923605437601604e+16
11,4,15,multi_pwm,0.000493670400783749,8.606558662837386e-05,0.03379595699287172,0.07375564023672579,2.405538741163104
11,4,15,degenerate_pwm,1.031285154110065,0.00017964400305854906,0.033795586059844354,0.07374041206502199,11185936.36053972
11,4,15,single_pwm,0.9365544373461331,0.00036591589236715627,0.033796072995247665,0.0738119537124332,3.397262044767439e+16
11,4,16,multi_pwm,0.0006721284023310133,0.0006657028287505791,0.03345059896010516,0.0666105606668444,2.402903258975715
11,4,16,degenerate_pwm,1.070797904078173,0.0008987654875861558,0.033450528893464254,0.06659297410449475,16850939.06287414
11,4,16,single_pwm,0.935997946316598,0.0008661094616451363,0.03345148598441342,0.06651776923883948,2.918657687667392e+17
11,4,17,multi_pwm,0.0006706276600455376,0.0007169435163492241,0.03421459893267836,0.07471188660926464,2.4085932068630473
11,4,17,degenerate_pwm,1.1958651063787595,6.0981749077335185e-05,0.03411226253526182,0.07241697169537156,17734627.29081317
11,4,17,single_pwm,0.9365939621344875,0.00041006214706013706,0.034112659047656105,0.07230079974460704,5.48799331479849e+16
11,4,18,multi_pwm,0.0005066768192787845,0.000781295106904672,0.027252442635267576,0.05581049405066578,2.4055496036301642
11,4,18,degenerate_pwm,1.016659560938777,7.963868400147015e-05,0.02709984018876053,0.0567396572345591,21308609.50242746
11,4,18,single_pwm,0.9362290765737437,0.0004791701563092969,0.027100143271973808,0.05675674255354323,4.608426145247541e+16
11,4,19,multi_pwm,0.0005308048562014603,0.0002397362721408286,0.03720955788322315,0.06985046283301584,2.406222704066625
11,4,19,degenerate_pwm,1.240687789394122,0.00017225990382073109,0.03720711241744299,0.07043152995426338,28636398.64110847
11,4,19,single_pwm,0.9364846148323636,0.00042978533945014667,0.03720717011795206,0.07041763997541921,1.4713507772577138e+16
11,4,20,multi_pwm,0.0004822608178687818,0.00037061963833743644,0.0307667863199276,0.0724275217523682,2.4006969109973575
11,4,20,degenerate_pwm,1.2382427316691842,6.92307999785648e-05,0.030764540287350216,0.07241643588570229,20400653.568924382
11,4,20,single_pwm,0.9361187119720211,0.0005338240530476604,0.03076526262293382,0.07245616788267734,1.652492499524438e+16
11,4,21,multi_pwm,0.0006182852166074808,0.00012776953628443327,0.04148046115115414,0.10065505622322277,2.4048352908746486
11,4,21,degenerate_pwm,1.165079307325253,0.00017913071776188435,0.04147352485820979,0.1006832027394761,14896935.154512435
11,4,21,single_pwm,0.9366731740582223,0.0005037365175003657,0.04147154857832153,0.10070499388112601,3.23931471321954e+16
11,4,22,multi_pwm,0.0004875077121454801,0.0004045361474401396,0.026611368389737093,0.06198962718090985,2.4061466201929838
11,4,22,degenerate_pwm,0.9687230906918697,0.00010295081685556253,0.02652127653415123,0.06204498887753295,16831177.74537871
11,4,22,single_pwm,0.9366105595377908,0.00033202746853507867,0.026520428131086418,0.062048428389425994,1.4215553670417632e+16
11,4,23,multi_pwm,0.00039669068377443437,0.0006505696382167464,0.026368232539410254,0.062117217424035975,2.4079009003101013
11,4,23,degenerate_pwm,1.0470225491845917,0.0003434300408159272,0.026363790557603555,0.06210430612537685,15638436.781442177
11,4,23,single_pwm,0.9362489254905074,0.0007362848392349162,0.02635912668731508,0.062119784311483614,1.4526025230011236e+16
11,4,24,multi_pwm,0.0005288413671738284,0.00034718993811591814,0.0315974545603727,0.0649466663363609,2.4061297086374953
11,4,24,degenerate_pwm,0.8271336290279955,8.569101385117515e-05,0.03157640417253796,0.06498924052223894,9474167.474588828
11,4,24,single_pwm,0.936373518458763,0.000591793020407981,0.03157723786589083,0.06499355256702377,1.726166772750184e+16
11,4,25,multi_pwm,0.0005104209167377556,0.001218855795298968,0.03450119906416247,0.07569985992643594,2.4043769982177796
11,4,25,degenerate_pwm,1.0204162535325665,0.0012619058852458994,0.034475932602236185,0.07580767739216598,19080385.056750864
11,4,25,single_pwm,0.9368595400368193,0.0012909268649357022,0.03447589475292321,0.07581975859595075,1.8003877569165916e+16
11,4,26,multi_pwm,0.0004439192875415896,0.00032738828182185737,0.026209784047868626,0.05646973037254038,2.406214732484421
11,4,26,degenerate_pwm,0.8709939028938758,0.0001501019360264229,0.026127695345049527,0.05705509000379639,10457472.278532714
11,4,26,single_pwm,0.936523577220618,0.0003885965828463107,0.02612406850639644,0.057127391574221864,1.9094400402018796e+16
11,4,27,multi_pwm,0.0006731334861427885,0.00024002428510057821,0.03908386963563983,0.08710354970276782,2.4053340386400865
11,4,27,degenerate_pwm,0.8538071588831259,0.00036596430314134176,0.039082945807889465,0.08708493978982033,9511924.617521321
11,4,27,single_pwm,0.9364394229988804,0.00012195876623725367,0.03908201463987118,0.08699903427391972,1.4668844882259388e+16
11,4,28,multi_pwm,0.0005452687174231144,0.0007690682585619813,0.026953032850893576,0.04773740716261152,2.4044069965244903
11,4,28,degenerate_pwm,1.006523880637464,0.00012703459542143865,0.026871487165359417,0.047807311532686546,7596619.671011521
11,4,28,single_pwm,0.9366511338600839,0.00032142167172586266,0.026871974463084723,0.047777642687266954,7.934025744659128e+16
11,4,29,multi_pwm,0.0005382068672821532,0.0020475064991990377,0.035340792011529884,0.07886832147115799,2.404082885244594
11,4,29,degenerate_pwm,1.0717443399930462,0.00226546498541065,0.035174732715687274,0.08132775986664503,10169550.74395708
11,4,29,single_pwm,0.935915058217352,0.0019984316786605914,0.035174561072879466,0.08135769544314544,1.7989731437652302e+16
11,4,30,multi_pwm,0.0005410407345814929,0.0005611283395600345,0.023408293020064842,0.049813246144746755,2.4076973350693365
11,4,30,degenerate_pwm,1.1080741305688955,7.222172033708805e-05,0.023363050869521715,0.04992613726365945,11324061.123126127
11,4,30,single_pwm,0.9363530903392561,0.0001864454688664596,0.023365984944078193,0.04989526363460962,1.796828130455865e+16
11,4,31,multi_pwm,0.00044677079891155066,0.0005261908924878657,0.027837406565977947,0.06762570694616163,2.404988582755315
11,4,31,degenerate_pwm,1.1200106152266416,0.0004094977357015968,0.02776343326267039,0.0662111203485974,11713424.040557615
11,4,31,single_pwm,0.9366433466446933,6.235080231166488e-05,0.027764606258382615,0.06633925048363323,1.785848456534008e+16
11,4,32,multi_pwm,0.00043576574990335823,0.00014086269750563957,0.0305420379889664,0.06768912640899825,2.4058746840939933
11,4,32,degenerate_pwm,1.1124854416072691,4.173077819615177e-05,0.030543372240464804,0.06766067848955162,14057324.349990476
11,4,32,single_pwm,0.9365659606561236,4.5560100337144556e-05,0.030544425772140775,0.06764411969326861,1.4103884083525808e+16
11,4,33,multi_pwm,0.0005359962857301487,0.0008294241624634685,0.03458132315969445,0.08054780676246148,2.404430857226476
11,4,33,degenerate_pwm,0.8648529417449686,0.0005491391737630471,0.03457445157965466,0.08067910023247596,11778478.928023204
11,4,33,single_pwm,0.9361105750901914,0.0007918896218606896,0.03457621963947089,0.08076963075670392,2.229288138520008e+16
11,4,34,multi_pwm,0.0006126902997841652,0.001220430322631919,0.03904274363998491,0.09301170187035626,2.4077268097532514
11,4,34,degenerate_pwm,0.8554291800573353,0.0007253160707117614,0.03902791846677429,0.09295848460904857,11117196.776699191
11,4,34,single_pwm,0.9358523077418333,0.0009832458971895642,0.03902626573460999,0.09294952134999211,1.9398605600909964e+16
11,4,35,multi_pwm,0.00046371583782704506,0.0004847530186672328,0.02057781944432393,0.03937407087328511,2.407218550150597
11,4,35,degenerate_pwm,1.2836451122591293,0.000266445155624568,0.02057745186443736,0.039373455176651584,7357325.930785711
11,4,35,single_pwm,0.9362933034674108,0.0007428758389776329,0.020577347435590452,0.039348251009925554,1.4186000320832546e+16
11,4,36,multi_pwm,0.0005035652834062608,0.0007047519181826469,0.03387274838475668,0.07079683789290622,2.4052995170574105
11,4,36,degenerate_pwm,0.974623603870722,0.0003652682932917776,0.03387062661648135,0.07086952176581796,16805439.10073934
11,4,36,single_pwm,0.9361047301426285,0.0005228926654280483,0.03387102061569096,0.07086691131203395,2.923154351841795e+16
11,4,37,multi_pwm,0.0004848976485865926,0.00046415009310984663,0.040185320539711876,0.08981848897395413,2.402499542060193
11,4,37,degenerate_pwm,1.1658592815744366,0.0004854189881865632,0.04013303715978504,0.0905618073175722,15437287.783878282
11,4,37,single_pwm,0.9361969048789089,0.00042888266733444465,0.04013311629121206,0.09059939900564967,1.933369809303435e+16
11,4,38,multi_pwm,0.0005960366412042157,0.00045061896621073226,0.03161640838408929,0.06536394250483803,2.404622141552276
11,4,38,degenerate_pwm,1.1480982318341284,0.0005045389151963856,0.03161606285459237,0.06540353447326354,18116315.223048918
11,4,38,single_pwm,0.9362304025512053,0.000273889918442601,0.03161820612049105,0.06553420014435682,2.056677852398825e+16
11,4,39,multi_pwm,0.0005916708483260152,0.00030294573832496664,0.028440836175998744,0.06227992105772806,2.404181958565563
11,4,39,degenerate_pwm,0.9941067980465598,9.768503199244241e-05,0.028411248733815928,0.06327894693437848,20298762.177248627
11,4,39,single_pwm,0.9366931183896587,0.0003286770643678012,0.028416693247614137,0.06274380089106524,2.24990338707874e+16
11,4,40,multi_pwm,0.00067849839641219,0.0003561139167363011,0.023576522056871937,0.049999510087566534,2.4065289054166934
11,4,40,degenerate_pwm,0.9710536799985049,0.0003630885536775497,0.023568993251614195,0.05012008308159867,10058573.680961672
11,4,40,single_pwm,0.9363505545867873,0.00013029329412767284,0.023569252227071437,0.050119631559882596,2.0951872320308884e+16
11,4,41,multi_pwm,0.0006601278753787113,0.0006248181031376964,0.034244997490595494,0.07557040889059344,2.406731375392992
11,4,41,degenerate_pwm,1.637767760702973,0.0002193137156115825,0.03423732154770429,0.07540854783337406,28779317.431060214
11,4,41,single_pwm,0.9364072839350368,0.00014927722010140744,0.03423990381235216,0.07532698572219161,2.3656982622393476e+16
11,4,42,multi_pwm,0.0005971889014694344,0.00048687691998290216,0.0239133863615156,0.05721512555697747,2.4055974775442888
11,4,42,degenerate_pwm,1.1545526693961312,9.939662082399365e-05,0.023889208251384495,0.05721875395482229,16420603.567309558
11,4,42,single_pwm,0.9364211422013061,0.00018207707891611965,0.023897549403180857,0.05721682792999192,1.7973526029989272e+16
11,4,43,multi_pwm,0.0004851020222663743,0.00018048043476813456,0.021530722285336985,0.05103570288430902,2.405980262579734
11,4,43,degenerate_pwm,1.0942590482855585,0.00015394065942317812,0.02151256788737832,0.051674561004122294,8846968.655178037
11,4,43,single_pwm,0.9366289419131402,0.00013153455488980792,0.021512427565577297,0.051637664887215634,2.27602843647044e+16
11,4,44,multi_pwm,0.0006203179153715004,0.00018741794037077514,0.012730108774405877,0.02686904122267249,2.4052809768791152
11,4,44,degenerate_pwm,1.1819765900265495,5.998932882647875e-05,0.012712080953566664,0.026895111944695703,17199459.409644693
11,4,44,single_pwm,0.9362002735989149,0.00042554488395257263,0.012712056153248566,0.02689178710500809,1.9747454466265315e+17
11,4,45,multi_pwm,0.0004902886206496522,0.0005057414673168905,0.022688041659276438,0.05158696444536759,2.4006309685512788
11,4,45,degenerate_pwm,0.9080000250237305,8.971929471070502e-05,0.02262621346015156,0.051446350641144764,8998692.18389802
11,4,45,single_pwm,0.9364012249764301,0.0005454137049791672,0.022626967448104576,0.05145055462069542,1.8860551230951104e+16
11,4,46,multi_pwm,0.000553194394199627,0.0002280499603970639,0.029422790824466267,0.06506424531175155,2.4052706719896193
11,4,46,degenerate_pwm,1.0462218024643912,0.0002592286596706025,0.02941874229215021,0.06486319783417972,5483676.2673316505
11,4,46,single_pwm,0.9366384600973815,0.00021448608245443386,0.029416915344318235,0.06493673192744215,1.7969605443400528e+16
11,4,47,multi_pwm,0.0005290070280056611,0.00029547084977588333,0.029054839196270693,0.056830952663085715,2.404033557670094
11,4,47,degenerate_pwm,0.8893302701139164,0.0003548261666435718,0.029052737052471852,0.05713099194562947,13895031.076029576
11,4,47,single_pwm,0.9364616888472649,0.00019051372395974652,0.029054340767084887,0.05712600177553987,1.3094939574295392e+16
11,4,48,multi_pwm,0.0005114369615242313,0.0003309936343901209,0.03240419377111636,0.06271178973621001,2.4049688208220354
11,4,48,degenerate_pwm,1.1163726330919923,0.00022065629008522956,0.03240419279380569,0.06267025079259922,11897945.548165474
11,4,48,single_pwm,0.9366059280691525,0.0010388217435519213,0.03240490508557619,0.06271485793033238,1.81263002159818e+16
11,4,49,multi_pwm,0.0006179442947346027,0.000818222416349385,0.03958288277184196,0.09186550616848599,2.4071024342931686
11,4,49,degenerate_pwm,1.10098492924318,0.00043095235286707954,0.039414929651700244,0.090591995730672,9502621.31519143
11,4,49,single_pwm,0.9369399648783783,0.0006834082165022636,0.03941419363893332,0.09065338423328101,2.709801313088655e+16
11,4,50,multi_pwm,0.0005927876827494391,0.001674741365060278,0.026642271269843046,0.05006026346346737,2.4085066621805193
11,4,50,degenerate_pwm,0.9829483027537546,0.0016057302940171848,0.026628656931593397,0.04927652759098775,13232189.50783668
11,4,50,single_pwm,0.9370462225996081,0.0012801893951261175,0.026627913999900547,0.04935556990491763,1.3011625877573718e+16
11,4,51,multi_pwm,0.00047348520180668166,0.0015954741457404587,0.03488094911057054,0.0739086070373077,2.4046381529114735
11,4,51,degenerate_pwm,1.1204639799902067,0.0008517096938287771,0.03484971978129164,0.07379179456296767,16325872.783673018
11,4,51,single_pwm,0.9367440361034167,0.0012423440184255899,0.0348485754241037,0.07375893803113137,3.7599410944190744e+16
11,4,52,multi_pwm,0.0004251646713870319,0.0006674882001986122,0.02412248519387548,0.057044174890560975,2.4055986909454106
11,4,52,degenerate_pwm,0.9593079629968208,0.00035685119721250863,0.023935116285664196,0.056102073780260234,6954287.906740615
11,4,52,single_pwm,0.9362384228618529,0.00014897825823959466,0.023935049310228256,0.05611157527501107,1.6181717969516772e+16
11,4,53,multi_pwm,0.0008147212942298337,0.0011266402171973915,0.03398646760103065,0.07387248975721725,2.402771647111485
11,4,53,degenerate_pwm,1.1036552097147614,0.0008355559690121097,0.03398661426159456,0.07389810210260217,15527229.981091388
11,4,53,single_pwm,0.9361190300417224,0.0014111524956050287,0.033986584230352716,0.07386246867603119,1.1592313882696516e+16
11,4,54,multi_pwm,0.000501336664579605,0.0009518007216020712,0.026075457780680964,0.05263302141614739,2.4073048527673873
11,4,54,degenerate_pwm,1.1992710695780064,0.0010361090955182872,0.02607398519987684,0.05256646226660519,15608925.14766449
11,4,54,single_pwm,0.9358943940854674,0.0006863784465034907,0.02607288249207658,0.05245082305053357,3.969842363361124e+16
11,4,55,multi_pwm,0.0005790325342205563,0.0010011992460378176,0.0324064894398452,0.0667628914001652,2.4039236653500877
11,4,55,degenerate_pwm,1.383229240712321,0.0013381305907209172,0.03240888577416155,0.06700998425634519,51689846.4075702
11,4,55,single_pwm,0.9358262816991136,0.0013894247604702018,0.03240705257850799,0.06678780060622622,1.7941314072574256e+16
11,4,56,multi_pwm,0.0005439508457226913,0.0005851447780413821,0.026583429844984185,0.06119643808888045,2.4079667397809947
11,4,56,degenerate_pwm,0.9505041739331651,0.00014678787960158973,0.026385641232945175,0.05999178416958169,7154642.326910178
11,4,56,single_pwm,0.9365986215867997,0.00019011717316360052,0.026385946757757184,0.059876480110771735,1.4877508409708752e+16
11,4,57,multi_pwm,0.0005492802850969843,0.0005135144718806574,0.018265171701089607,0.04199524983228827,2.406676629944851
11,4,57,degenerate_pwm,1.193830736247808,0.0003721639051713796,0.018212745386811204,0.04243845442395028,10361668.01443549
11,4,57,single_pwm,0.9362859906280729,0.00012658084742151742,0.01821262510300151,0.04239209889033855,1.9576475537791e+16
11,4,58,multi_pwm,0.0004845361602202608,0.002168856365420687,0.029441241748390443,0.06892847294667792,2.404859948129616
11,4,58,degenerate_pwm,1.2395132383091438,0.001347408312278702,0.02935197477981832,0.06887305776589012,23287599.667375598
11,4,58,single_pwm,0.936815404687497,0.0019306898399546744,0.029353885278104966,0.06885529560219832,2.2413484712500384e+16
11,4,59,multi_pwm,0.0006247619163894188,0.0014284223769572535,0.026542083842257046,0.06121337912783659,2.404838222389665
11,4,59,degenerate_pwm,1.12469710444136,0.0011611727877368703,0.026469405528033684,0.06174738125610788,9044181.701563295
11,4,59,single_pwm,0.9369231458149246,0.0013267875637351172,0.02646774331116244,0.061822606363407535,2.6084298369103776e+16
11,4,60,multi_pwm,0.0004385353673501968,0.0003777371322885216,0.03342062667451021,0.07672417627894622,2.4038468782665317
11,4,60,degenerate_pwm,1.0054883359791464,0.0006073842251369562,0.03337849033149259,0.0766517039046295,11830853.412798092
11,4,60,single_pwm,0.9361029400046295,0.0008710508469455126,0.03337905263229346,0.07660205482076676,1.5999320675194936e+16
11,4,61,multi_pwm,0.00046888552838174666,0.00018496831169285494,0.03367064872044645,0.07372607439395698,2.406438097264707
11,4,61,degenerate_pwm,0.9392698549215289,0.00012722366665930156,0.033670971244367284,0.07376886824749318,11793348.706687042
11,4,61,single_pwm,0.9360104833487546,0.00016256855947935069,0.03367085877623352,0.0737900160227126,7.987914069526706e+16
11,4,62,multi_pwm,0.0005224737523782388,0.000416787471199346,0.025517513924639815,0.04574099808747957,2.401591895053846
11,4,62,degenerate_pwm,1.2673086076796596,0.00010072542046938919,0.025515369367762695,0.04580960158553708,10524227.114064552
11,4,62,single_pwm,0.9363294186560339,0.00015847134240222006,0.025515585570820763,0.0458255967758302,2.131424967138804e+17
11,4,63,multi_pwm,0.0005351546194103913,0.00028915183678643547,0.025329224222378474,0.05670950466980761,2.405815308727786
11,4,63,degenerate_pwm,1.043953870146246,0.00011926807210564544,0.025278532073734206,0.05678264406560256,9544143.163983185
11,4,63,single_pwm,0.9361010485025095,0.00012554838780254467,0.025279597895970018,0.056776942882288926,1.62034734056025e+16
11,4,64,multi_pwm,0.0005265670182502095,8.044113575027994e-05,0.02946394322819145,0.0654503476159388,2.403822332552065
11,4,64,degenerate_pwm,1.1610812750812718,0.00019753715559837543,0.029464468479224258,0.06528336343614612,9205885.353264164
11,4,64,single_pwm,0.9366360252476248,0.0003801299100841872,0.029464225622104732,0.06551937858876428,1.4771951171215808e+16
11,4,65,multi_pwm,0.0005929136603096698,0.0008162779517941558,0.026106693972431042,0.05860184315844206,2.404855754140189
11,4,65,degenerate_pwm,0.9120097539173218,0.0005718214851003636,0.026093590486553273,0.05828602515600387,8388613.932213508
11,4,65,single_pwm,0.9368116989806818,0.0007662124393690792,0.02609623497112538,0.05819429648637714,1.7899669752297116e+16
11,4,66,multi_pwm,0.0006325943363568369,0.0006220133043951624,0.03062723838619139,0.07201379895918943,2.403152381248957
11,4,66,degenerate_pwm,1.0817552996241908,0.00019473052141174044,0.030577616175767954,0.07199995734626441,14439499.99169363
11,4,66,single_pwm,0.9367467596925535,0.00013866292416084665,0.030578232318407464,0.07195176084811285,9.439980969548131e+16
11,4,67,multi_pwm,0.0005706347818533674,0.0014162834596221595,0.031050004450661868,0.0710604260501756,2.404053883331262
11,4,67,degenerate_pwm,1.0418582337237272,0.0015211758437672573,0.03104685466359047,0.07108645201343264,7914217.8355238475
11,4,67,single_pwm,0.9356468911951695,0.0016569872799238445,0.03104667716431121,0.0711070197473891,8.588899506212493e+16
11,4,68,multi_pwm,0.0004217317049808652,0.0018784014518537118,0.04048534650958895,0.09298651672497504,2.403732168400558
11,4,68,degenerate_pwm,1.4466906757373414,0.001835123768227986,0.040479563092825174,0.093006780983801,17968374.38814033
11,4,68,single_pwm,0.9369783155407995,0.0021100284575775,0.04047977390056712,0.09298156934067824,1.1801654502263384e+16
11,4,69,multi_pwm,0.0005861220329243891,0.0003716203571605513,0.0336662196406241,0.07493506598826352,2.40775434902428
11,4,69,degenerate_pwm,1.1306875113404704,0.00010901724868208323,0.03366370216450058,0.07480341147934988,8337782.474683363
11,4,69,single_pwm,0.9363296498260315,0.0004856683722450751,0.03366696850504159,0.07473300234952224,1.2056955316567752e+16
11,4,70,multi_pwm,0.0005670325240410715,0.0005877949117939579,0.02921930502235763,0.06414278587350414,2.4050437460961884
11,4,70,degenerate_pwm,0.9498127689818969,0.00019676640018232724,0.0290324761432835,0.0654875162490457,11539981.530104842
11,4,70,single_pwm,0.9364853910161387,0.0003310513057925807,0.0290321331978947,0.06556881792484609,1.41047711733062e+16
11,4,71,multi_pwm,0.000554905644647082,0.0008013598797125092,0.03922118118108061,0.09148751915247866,2.4044734523423466
11,4,71,degenerate_pwm,1.0738249703594944,0.0005017076915688581,0.039203346074270756,0.09156773339182216,13179313.59311657
11,4,71,single_pwm,0.9359582242539404,0.0012365109154297386,0.039204337565443004,0.09161045292344042,3.942366501498992e+16
11,4,72,multi_pwm,0.0006916423624940787,0.000646477007920469,0.033967709766140254,0.0758335216219026,2.404669006346555
11,4,72,degenerate_pwm,1.0803593654031567,6.269568465101485e-05,0.033968050748476974,0.07582863092989973,6521307.395855792
11,4,72,single_pwm,0.9361842599254421,0.00034226685312854023,0.03396939185362059,0.07588023936446965,1.5559741330624716e+16
11,4,73,multi_pwm,0.0004257906097043763,0.0003933143577765797,0.024835876197060278,0.05026358573365266,2.4055729004181416
11,4,73,degenerate_pwm,0.9761060427101165,8.82570012533864e-05,0.02483359907757571,0.05024783997753281,14122548.051098017
11,4,73,single_pwm,0.936291627770052,0.0003675065918662757,0.024833794514534813,0.050263103298605144,2.0006606071999e+16
11,4,74,multi_pwm,0.000569951405709378,0.000700729868131826,0.028631065569991534,0.053844432045820324,2.4033417972086406
11,4,74,degenerate_pwm,1.210936641436107,0.00033727585085407177,0.028594574327889147,0.053887510915286665,8485231.685014885
11,4,74,single_pwm,0.9360595206243918,8.772276121629632e-05,0.028593685203390347,0.05386157664900616,1.7452666104812004e+16
11,4,75,multi_pwm,0.00046622276524985,0.003796989673196423,0.044342843431174964,0.10916056936237603,2.405466834381419
11,4,75,degenerate_pwm,1.1314210096426742,0.0036446418485094937,0.044342208373763944,0.10926364389760468,8325415.838584026
11,4,75,single_pwm,0.9352629036754653,0.0037439537237641454,0.044341911594352114,0.10924004351900117,4.2917841067229976e+16
11,4,76,multi_pwm,0.0004948168318621908,0.0004064849435379905,0.029973155043016005,0.06389970550134537,2.406179124733958
11,4,76,degenerate_pwm,1.093107122626899,0.00024219011288454807,0.029920173644814172,0.06461627809774423,10741759.487076573
11,4,76,single_pwm,0.9362274447497051,0.0006097499150094393,0.02992029619579803,0.06459438582434376,2.2372999020201656e+16
11,4,77,multi_pwm,0.000601730170472801,0.0003545225465219209,0.0359560820073658,0.07294871616044589,2.4035238703779025
11,4,77,degenerate_pwm,1.3875339949650847,0.00023673460985091215,0.03594967336991827,0.07228415987821925,21582242.92027269
11,4,77,single_pwm,0.9366257541655336,9.574191579594795e-05,0.0359495407321162,0.0723379205739449,4.399550240347797e+16
11,4,78,multi_pwm,0.0004594155603064497,0.0005447427140046745,0.031713191608809185,0.07081369084604956,2.403599659508078
11,4,78,degenerate_pwm,1.2301742695146975,0.0007372363875736441,0.03164816899000512,0.070947661585211,21108955.398639727
11,4,78,single_pwm,0.9367119059294577,0.0007637419578925786,0.031646225444534014,0.07088535133558581,2.095524592780709e+16
11,4,79,multi_pwm,0.0005738430557357125,0.0009760724225254867,0.039785389757120954,0.08705653415732252,2.40788576754019
11,4,79,degenerate_pwm,0.9844737279696459,0.000860554344268665,0.0397850773584149,0.08710877434622362,12899850.239151107
11,4,79,single_pwm,0.9358009502502855,0.001781353565744295,0.039785281266086256,0.08724433265777529,1.6010555238819092e+16
11,4,80,multi_pwm,0.0005665174978236884,0.0007135545686453984,0.0347157745858446,0.06937816760964913,2.404828121539991
11,4,80,degenerate_pwm,1.1283815594379094,0.0002266428974414784,0.03454134852595599,0.07077980479378324,17987078.103661552
11,4,80,single_pwm,0.9362173248887492,0.00012685147598356887,0.03454053712332061,0.07070972212089685,6.860325696992094e+16
11,4,81,multi_pwm,0.0005232337116530018,0.0013556004241844387,0.03489359249552111,0.06966845728105578,2.4039252715419432
11,4,81,degenerate_pwm,1.2275655041204432,0.000807594374540506,0.03486492860357684,0.07009884619852091,14342634.884828854
11,4,81,single_pwm,0.935743271213143,0.0013885755736085142,0.03486336979256436,0.07024069878893228,1.5972798847781952e+16
11,4,82,multi_pwm,0.0005281234498171592,0.0008111152402072824,0.033965954480338796,0.08215006852430204,2.4064765415338445
11,4,82,degenerate_pwm,0.9690055063622325,0.0005267873947784041,0.03387614008181975,0.08214735676538502,13659673.763665289
11,4,82,single_pwm,0.9366235084066549,0.00034218307689716266,0.03387590618085228,0.08213430108833522,1.4364694170287762e+16
11,4,83,multi_pwm,0.00048380160993686383,0.0004932412013007617,0.041154924892386015,0.09689325316482167,2.4044261110526284
11,4,83,degenerate_pwm,1.224822726929323,0.0003016403225296692,0.0411536142154328,0.09690623607083908,6391233.924694169
11,4,83,single_pwm,0.9363801821941431,3.4535722859489884e-05,0.0411534610242017,0.09690835347804674,2.0097750927574696e+16
11,4,84,multi_pwm,0.00045732505259323713,0.0015667812534291086,0.030411056828054756,0.06610859905072897,2.4029483483693004
11,4,84,degenerate_pwm,1.0863212359459313,0.0016913134287503562,0.030410492906150707,0.06609165758974801,6277167.035338927
11,4,84,single_pwm,0.9370334767835425,0.001568430748114249,0.03041625324752749,0.06593599988535903,2.378873894158353e+16
11,4,85,multi_pwm,0.00044176679796647367,0.0024302551653592984,0.02779884435364097,0.057201202116130716,2.4063062031809332
11,4,85,degenerate_pwm,1.2949859408159055,0.00221606543135745,0.027799169085056516,0.0572713961595008,14948590.455584234
11,4,85,single_pwm,0.9357506611603346,0.0020943923839665205,0.027800294891775518,0.05730676755425059,6.508938974592916e+16
11,4,86,multi_pwm,0.0005867218943133192,0.0007729457432053032,0.025734784218872184,0.06108174110892377,2.4036947834121007
11,4,86,degenerate_pwm,1.2335744185685662,0.0009551086720089499,0.025715231324945798,0.06107513087451043,34445743.84618506
11,4,86,single_pwm,0.9369486379292961,0.001033837647311315,0.025714771132173787,0.06106237777290767,1.7932687593718692e+16
11,4,87,multi_pwm,0.00042361041097562776,0.0006804914938205429,0.027905433087107235,0.06011659679947216,2.405639152297361
11,4,87,degenerate_pwm,0.9830790798557637,0.00020275774201424394,0.027783790894225946,0.06103657685580047,5232049.995369896
11,4,87,single_pwm,0.9362277312785692,0.0004468723235021897,0.027783889590576875,0.06104495299661159,1.7914315521305274e+16
11,4,88,multi_pwm,0.0005778365690884607,0.0004846343221540385,0.03391162620094222,0.07794864323729862,2.405599081684846
11,4,88,degenerate_pwm,1.307399848724378,0.00025841008731047134,0.03390676632301419,0.07794577195737663,16597869.290332504
11,4,88,single_pwm,0.936440225665685,0.00031712942291224334,0.0339053414306655,0.07793964873259049,2.031830925420342e+16
11,4,89,multi_pwm,0.000588603945716459,0.000976683994604435,0.026902128352424715,0.054723185849430964,2.404870992958585
11,4,89,degenerate_pwm,1.190197963788358,0.0007388453071203173,0.026818406469069,0.0554337489164763,11396584.992278438
11,4,89,single_pwm,0.9360079522163498,0.00013432259726589435,0.026815552600606814,0.055359923172138906,1.61588175841477e+16
11,4,90,multi_pwm,0.0006547452160142399,0.0003100420471094448,0.028190667760027616,0.06170510325125736,2.4039401098670243
11,4,90,degenerate_pwm,1.1891963624753894,0.000253041841536353,0.028180996460591013,0.06152231698009128,8118329.273296356
11,4,90,single_pwm,0.9364407023157276,0.0001413948905030744,0.028181084578679346,0.06159428619715686,1.0953923780722486e+16
11,4,91,multi_pwm,0.00081086623137205,0.0004540139639312088,0.035690272342791235,0.08218892703206948,2.40520971489208
11,4,91,degenerate_pwm,1.1612127264602814,0.0005205051541917882,0.03568522201363895,0.08241990950573916,12095697.07726334
11,4,91,single_pwm,0.9365630513739511,0.00030015131502293945,0.03568373012080281,0.08236338448369984,2.8184230741016736e+17
11,4,92,multi_pwm,0.0005835589858263496,0.0004172397962477508,0.02952726719418487,0.060584729938984,2.404774283399509
11,4,92,degenerate_pwm,1.2074401423283712,0.00025250813314577986,0.029499340414735262,0.060859693360064325,31465924.25341248
11,4,92,single_pwm,0.9364424893545982,0.0004245290861283932,0.029501547027181017,0.06106148794836695,2.2413983855509866e+17
11,4,93,multi_pwm,0.0005611924095992167,0.0006468188069248308,0.0257106206096405,0.05735966362237607,2.404982123515939
11,4,93,degenerate_pwm,1.128750104653326,0.0008480187275056136,0.02571042211507957,0.057359140860667325,8206813.927463012
11,4,93,single_pwm,0.9359649407644458,0.000815027761077238,0.025719494855384335,0.05736598086316348,1.824766328462366e+16
11,4,94,multi_pwm,0.00038955525878028527,0.0006773133926795427,0.042545939882760495,0.0921689832031696,2.405307939305028
11,4,94,degenerate_pwm,1.0888018287409014,0.000277436689800989,0.042518040152361415,0.09208146265796713,15884413.45824008
11,4,94,single_pwm,0.936733654794883,0.0002716789262381238,0.04251790756122003,0.09205342291831575,1.9985468225245788e+16
11,4,95,multi_pwm,0.0005099652083728723,0.0015601827463625143,0.02141746739082538,0.047247061950306535,2.4069058917173667
11,4,95,degenerate_pwm,1.228190368366077,0.001562117009716543,0.021411926721788623,0.047188068951319724,8728817.957504082
11,4,95,single_pwm,0.9369798825141948,0.0014514608243352235,0.021414192316450944,0.04723530148544226,2.087257814207703e+16
11,4,96,multi_pwm,0.0004815622978153375,0.0003203840161914385,0.027225613491888036,0.05182580703266466,2.4024630462964294
11,4,96,degenerate_pwm,1.194203553821504,0.00015771481415544254,0.027170300524849537,0.051777086246032986,10562134.509905972
11,4,96,single_pwm,0.9361957328713396,0.0003332362274713607,0.027170096341489727,0.0517825461739824,2.1220673493635364e+16
11,4,97,multi_pwm,0.0005228319431599064,0.00011772505088653414,0.04150622617795135,0.09589878751303815,2.403906213602821
11,4,97,degenerate_pwm,1.0250460999440272,0.0005474357010117105,0.041502101693584474,0.09590385520603129,13760109.856750093
11,4,97,single_pwm,0.936681206766272,0.0005108791193999516,0.041501859210740795,0.0959201560335779,2.009818631740383e+16
11,4,98,multi_pwm,0.0006478816060691953,0.0008304884140038969,0.035837850388469275,0.08423487798880477,2.406651984851473
11,4,98,degenerate_pwm,0.9102417992479442,0.0001548551337171203,0.03581133991266226,0.08454533155140279,11114383.193638075
11,4,98,single_pwm,0.9361073995144409,0.0006530788201140354,0.03581058771078106,0.08463264188841235,4.357794013508203e+16
11,4,99,multi_pwm,0.0005442408149228599,0.0009295503157074633,0.02388140929696359,0.0534103259649105,2.407105069204666
11,4,99,degenerate_pwm,1.0839709375425464,0.0009256367279072282,0.02384841031469825,0.052327363231290794,10015482.75867153
11,4,99,single_pwm,0.9368660355793659,0.0009048864501145508,0.023851497443641807,0.052170215470903655,9.499464818122562e+16
