state_id,split,repeat,true_ls_uh,true_cps_pf,physical_ls_uh,physical_cps_pf,physical_cps_error_pct,physical_fit_cost,load_w,temperature_c,phase_deg,cpg_pf,csg_pf,skin_coeff,leakage_dispersion,tan_delta,mode_enabled,noise_rel
0,train,0,85.33810650743544,46.215008188039064,84.34469420509744,44.582623166064316,-3.532153484281386,0.13859816891870733,322.8833479806781,50.968513512052596,41.19306333363056,26.7365112574771,61.046945997513824,0.047667803037911655,0.019232976771891116,0.03824011068791151,1,0.0010122797179035843
0,train,1,85.33810650743544,46.215008188039064,84.32310375266576,44.594457377945886,-3.5065466255020468,0.13863640754249168,322.8833479806781,50.968513512052596,41.19306333363056,26.7365112574771,61.046945997513824,0.047667803037911655,0.019232976771891116,0.03824011068791151,1,0.0010122797179035843
0,train,2,85.33810650743544,46.215008188039064,84.34507402505936,44.58829201144479,-3.5198872409056063,0.13858722292006784,322.8833479806781,50.968513512052596,41.19306333363056,26.7365112574771,61.046945997513824,0.047667803037911655,0.019232976771891116,0.03824011068791151,1,0.0010122797179035843
0,train,3,85.33810650743544,46.215008188039064,84.34746463670275,44.581990069103846,-3.5335233790088547,0.13863751777705224,322.8833479806781,50.968513512052596,41.19306333363056,26.7365112574771,61.046945997513824,0.047667803037911655,0.019232976771891116,0.03824011068791151,1,0.0010122797179035843
1,train,0,109.78651923127472,30.4261476341635,111.64341864562908,29.517651047022095,-2.9859073783015297,0.04403741021033043,927.0447634160519,57.5448848772794,14.858214154839516,38.362291171215475,109.93846129626036,0.12088473692536354,0.0013435051590204238,0.01842829253524542,0,0.0005910449243150652
1,train,1,109.78651923127472,30.4261476341635,111.65483373152472,29.5148014536397,-2.995272985202081,0.04398027056953069,927.0447634160519,57.5448848772794,14.858214154839516,38.362291171215475,109.93846129626036,0.12088473692536354,0.0013435051590204238,0.01842829253524542,0,0.0005910449243150652
1,train,2,109.78651923127472,30.4261476341635,111.64769064442847,29.515202599317327,-2.993954561054372,0.043981690285690205,927.0447634160519,57.5448848772794,14.858214154839516,38.362291171215475,109.93846129626036,0.12088473692536354,0.0013435051590204238,0.01842829253524542,0,0.0005910449243150652
1,train,3,109.78651923127472,30.4261476341635,111.65273612558758,29.515437394356304,-2.993182872696711,0.04398236275109071,927.0447634160519,57.5448848772794,14.858214154839516,38.362291171215475,109.93846129626036,0.12088473692536354,0.0013435051590204238,0.01842829253524542,0,0.0005910449243150652
2,train,0,93.99331213906407,44.257963409647346,95.82096055202881,42.08502258419591,-4.909717162850247,0.09151542818632101,482.0655851159245,81.84470138512552,17.48979862034321,10.577811226248741,71.40283696353434,0.14358895763754845,0.009522784128785133,0.007095589824020863,1,0.0007738867551088333
2,train,1,93.99331213906407,44.257963409647346,95.81552779157929,42.088945861767584,-4.900852594150232,0.0915540294890371,482.0655851159245,81.84470138512552,17.48979862034321,10.577811226248741,71.40283696353434,0.14358895763754845,0.009522784128785133,0.007095589824020863,1,0.0007738867551088333
2,train,2,93.99331213906407,44.257963409647346,95.80502369094297,42.094427136274284,-4.888467761942822,0.09148078925988196,482.0655851159245,81.84470138512552,17.48979862034321,10.577811226248741,71.40283696353434,0.14358895763754845,0.009522784128785133,0.007095589824020863,1,0.0007738867551088333
2,train,3,93.99331213906407,44.257963409647346,95.81533926762019,42.08888055189666,-4.9010001605222415,0.0915932339630109,482.0655851159245,81.84470138512552,17.48979862034321,10.577811226248741,71.40283696353434,0.14358895763754845,0.009522784128785133,0.007095589824020863,1,0.0007738867551088333
3,train,0,98.92337593063712,28.17159485816956,97.21075805054882,27.856518018073725,-1.1184203155060715,0.1499303977275227,767.8403117228299,39.610107582993805,38.55267550051212,43.29287794418633,22.511308924295008,0.02535850005224347,0.012419655062258244,0.026897642351686957,1,0.0003513131905347109
3,train,1,98.92337593063712,28.17159485816956,97.2112722255694,27.856758907291525,-1.1175652371230034,0.14990902599055483,767.8403117228299,39.610107582993805,38.55267550051212,43.29287794418633,22.511308924295008,0.02535850005224347,0.012419655062258244,0.026897642351686957,1,0.0003513131905347109
3,train,2,98.92337593063712,28.17159485816956,97.20608014321554,27.857913160174753,-1.11346801476466,0.14991471380693783,767.8403117228299,39.610107582993805,38.55267550051212,43.29287794418633,22.511308924295008,0.02535850005224347,0.012419655062258244,0.026897642351686957,1,0.0003513131905347109
3,train,3,98.92337593063712,28.17159485816956,97.21333488548498,27.855018291370342,-1.123743857573654,0.14993196670716688,767.8403117228299,39.610107582993805,38.55267550051212,43.29287794418633,22.511308924295008,0.02535850005224347,0.012419655062258244,0.026897642351686957,1,0.0003513131905347109
4,train,0,103.73509112559259,34.632284462451935,102.17595592309596,34.81716253176481,0.5338315741582598,0.04267026723220829,430.0143259577453,32.59026085957885,47.046557545661926,14.035899573937057,85.82362976390868,0.1116594634205103,0.007145072128623724,0.0049375293031334875,0,0.0008972505456767976
4,train,1,103.73509112559259,34.632284462451935,102.17990641299926,34.817378641501115,0.534455586520299,0.04273567322536442,430.0143259577453,32.59026085957885,47.046557545661926,14.035899573937057,85.82362976390868,0.1116594634205103,0.007145072128623724,0.0049375293031334875,0,0.0008972505456767976
4,train,2,103.73509112559259,34.632284462451935,102.19393426223407,34.81050190592767,0.5145991557933774,0.0426500412542391,430.0143259577453,32.59026085957885,47.046557545661926,14.035899573937057,85.82362976390868,0.1116594634205103,0.007145072128623724,0.0049375293031334875,0,0.0008972505456767976
4,train,3,103.73509112559259,34.632284462451935,102.18357382614576,34.81542673698911,0.5288195028997668,0.042699926726705265,430.0143259577453,32.59026085957885,47.046557545661926,14.035899573937057,85.82362976390868,0.1116594634205103,0.007145072128623724,0.0049375293031334875,0,0.0008972505456767976
5,train,0,88.99597695283592,48.54979377053678,89.17760511348516,46.999041068401915,-3.1941488968300495,0.07289750138845837,609.0849642641842,88.8725466048345,8.899259507656097,48.06930001825094,37.67409900203347,0.08361251452937722,0.01471924239769578,0.024818017669022086,1,0.00047558340011164555
5,train,1,88.99597695283592,48.54979377053678,89.1707501907722,47.004052997149046,-3.18382562178008,0.0728790047661048,609.0849642641842,88.8725466048345,8.899259507656097,48.06930001825094,37.67409900203347,0.08361251452937722,0.01471924239769578,0.024818017669022086,1,0.00047558340011164555
5,train,2,88.99597695283592,48.54979377053678,89.17766240032628,46.999031896127974,-3.194167789338612,0.0728631804521911,609.0849642641842,88.8725466048345,8.899259507656097,48.06930001825094,37.67409900203347,0.08361251452937722,0.01471924239769578,0.024818017669022086,1,0.00047558340011164555
5,train,3,88.99597695283592,48.54979377053678,89.16801541823907,47.00392929249882,-3.1840804213180762,0.07290703646685695,609.0849642641842,88.8725466048345,8.899259507656097,48.06930001825094,37.67409900203347,0.08361251452937722,0.01471924239769578,0.024818017669022086,1,0.00047558340011164555
6,train,0,114.74674433469772,24.87411355413497,113.98077600626111,24.302709397038264,-2.2971840015650193,0.031234228015970426,164.19283929280937,66.70712757389992,22.79255449771881,20.372736430726945,46.615267153829336,0.012089230511337519,0.01662052744999528,0.03098409440368414,0,0.0006584244865924121
6,train,1,114.74674433469772,24.87411355413497,113.9728404712326,24.305815633370628,-2.284696174307966,0.03134764552659315,164.19283929280937,66.70712757389992,22.79255449771881,20.372736430726945,46.615267153829336,0.012089230511337519,0.01662052744999528,0.03098409440368414,0,0.0006584244865924121
6,train,2,114.74674433469772,24.87411355413497,113.97643425570963,24.303650914078453,-2.293398873551752,0.031309455867679026,164.19283929280937,66.70712757389992,22.79255449771881,20.372736430726945,46.615267153829336,0.012089230511337519,0.01662052744999528,0.03098409440368414,0,0.0006584244865924121
6,train,3,114.74674433469772,24.87411355413497,113.9751901837229,24.302323516330386,-2.2987353360760427,0.03123737486666968,164.19283929280937,66.70712757389992,22.79255449771881,20.372736430726945,46.615267153829336,0.012089230511337519,0.01662052744999528,0.03098409440368414,0,0.0006584244865924121
7,train,0,80.48928122967482,39.081833351403475,82.5062047102708,36.80416261059772,-5.827952645737289,0.12215175225601159,874.87678877078,41.79839629679918,33.16787952184677,30.50435007084161,94.764813487418,0.1751387918740511,0.004034079816192388,0.011093840412795543,1,0.00023628326058387758
7,train,1,80.48928122967482,39.081833351403475,82.50827146445955,36.80346047972832,-5.829749211581799,0.12215772002788411,874.87678877078,41.79839629679918,33.16787952184677,30.50435007084161,94.764813487418,0.1751387918740511,0.004034079816192388,0.011093840412795543,1,0.00023628326058387758
7,train,2,80.48928122967482,39.081833351403475,82.50953873159234,36.80369422265064,-5.829151125713567,0.1221006844709863,874.87678877078,41.79839629679918,33.16787952184677,30.50435007084161,94.764813487418,0.1751387918740511,0.004034079816192388,0.011093840412795543,1,0.00023628326058387758
7,train,3,80.48928122967482,39.081833351403475,82.50776765338605,36.80342650710443,-5.829836138475881,0.1221328962687752,874.87678877078,41.79839629679918,33.16787952184677,30.50435007084161,94.764813487418,0.1751387918740511,0.004034079816192388,0.011093840412795543,1,0.00023628326058387758
8,train,0,91.16179048269986,22.21704879589379,91.79028221249682,21.90768204418796,-1.3924745565801997,0.013466831224000126,571.9228285364807,45.3724270965904,36.60282050073147,12.171082901768386,80.26042128913103,0.03602937173098326,0.002844886090606451,0.001982039548456669,0,0.0004050506857223809
8,train,1,91.16179048269986,22.21704879589379,91.79446923390556,21.906620855973593,-1.3972510155244868,0.013452814262539923,571.9228285364807,45.3724270965904,36.60282050073147,12.171082901768386,80.26042128913103,0.03602937173098326,0.002844886090606451,0.001982039548456669,0,0.0004050506857223809
8,train,2,91.16179048269986,22.21704879589379,91.79226421576234,21.907610214466743,-1.392797865593363,0.01348144168979411,571.9228285364807,45.3724270965904,36.60282050073147,12.171082901768386,80.26042128913103,0.03602937173098326,0.002844886090606451,0.001982039548456669,0,0.0004050506857223809
8,train,3,91.16179048269986,22.21704879589379,91.80167783432364,21.905620503702696,-1.4017536489754279,0.013498872657729746,571.9228285364807,45.3724270965904,36.60282050073147,12.171082901768386,80.26042128913103,0.03602937173098326,0.002844886090606451,0.001982039548456669,0,0.0004050506857223809
9,train,0,106.48184847831727,38.010476034134626,107.0823669386718,35.418770862938494,-6.818397035776922,0.1647039382745607,684.6245055086911,71.29777592141181,19.436748072504997,46.95191642735154,31.368745672516525,0.15405715657398103,0.015270658675581217,0.02216990787535906,1,0.0008271574922837317
9,train,1,106.48184847831727,38.010476034134626,107.08703089866889,35.42291449442613,-6.807495747711185,0.1647078504940603,684.6245055086911,71.29777592141181,19.436748072504997,46.95191642735154,31.368745672516525,0.15405715657398103,0.015270658675581217,0.02216990787535906,1,0.0008271574922837317
9,train,2,106.48184847831727,38.010476034134626,107.0761893326928,35.422253203420524,-6.809235507573746,0.16477343441747935,684.6245055086911,71.29777592141181,19.436748072504997,46.95191642735154,31.368745672516525,0.15405715657398103,0.015270658675581217,0.02216990787535906,1,0.0008271574922837317
9,train,3,106.48184847831727,38.010476034134626,107.08604970888133,35.418499537936306,-6.819110852152022,0.1647979825198727,684.6245055086911,71.29777592141181,19.436748072504997,46.95191642735154,31.368745672516525,0.15405715657398103,0.015270658675581217,0.02216990787535906,1,0.0008271574922837317
10,train,0,78.36770722083747,35.42854592949152,79.06859774848473,33.74607132486675,-4.748923672942063,0.09403190856644901,306.07540193013847,84.31462908629328,12.30806790292263,18.508348828181624,40.310007254593074,0.13271915121003985,0.013408436123281717,0.03335612621158362,0,0.0006443159816786647
10,train,1,78.36770722083747,35.42854592949152,79.07139240526764,33.74395654315258,-4.754892819173407,0.0941024324131053,306.07540193013847,84.31462908629328,12.30806790292263,18.508348828181624,40.310007254593074,0.13271915121003985,0.013408436123281717,0.03335612621158362,0,0.0006443159816786647
10,train,2,78.36770722083747,35.42854592949152,79.07590070396266,33.7440256587883,-4.754697734577316,0.09406617201483695,306.07540193013847,84.31462908629328,12.30806790292263,18.508348828181624,40.310007254593074,0.13271915121003985,0.013408436123281717,0.03335612621158362,0,0.0006443159816786647
10,train,3,78.36770722083747,35.42854592949152,79.07857013047492,33.74061954436794,-4.764311774134982,0.09410274476930294,306.07540193013847,84.31462908629328,12.30806790292263,18.508348828181624,40.310007254593074,0.13271915121003985,0.013408436123281717,0.03335612621158362,0,0.0006443159816786647
11,train,0,112.02097878418863,51.5103473495692,111.91415214462398,50.84606019830662,-1.2896188541585114,0.08473278759075155,950.4941498395056,29.04697579331696,43.746111914515495,29.386708904057738,89.20169278047979,0.059694322161376476,0.005994940903037787,0.013158492259681225,1,0.0010660175332799554
11,train,1,112.02097878418863,51.5103473495692,111.8826107386625,50.86470259875336,-1.2534272899272914,0.08461139895902245,950.4941498395056,29.04697579331696,43.746111914515495,29.386708904057738,89.20169278047979,0.059694322161376476,0.005994940903037787,0.013158492259681225,1,0.0010660175332799554
11,train,2,112.02097878418863,51.5103473495692,111.89924158942713,50.85681903629579,-1.2687321031603846,0.08480808764348993,950.4941498395056,29.04697579331696,43.746111914515495,29.386708904057738,89.20169278047979,0.059694322161376476,0.005994940903037787,0.013158492259681225,1,0.0010660175332799554
11,train,3,112.02097878418863,51.5103473495692,111.92074561674133,50.84529298936231,-1.2911082810092125,0.08480855229971644,950.4941498395056,29.04697579331696,43.746111914515495,29.386708904057738,89.20169278047979,0.059694322161376476,0.005994940903037787,0.013158492259681225,1,0.0010660175332799554
12,train,0,107.18375089392066,41.30114368908107,108.10021220327236,40.23582931739348,-2.5793822556280235,0.0893474912166535,254.04928158968687,36.07475902419537,30.65556725859642,21.87828352674842,55.47290810383856,0.16750663300976157,0.010717918612062931,0.03617821376770735,1,0.0002950737156905234
12,train,1,107.18375089392066,41.30114368908107,108.10079828176112,40.235364191194876,-2.5805084379974716,0.08931675167641424,254.04928158968687,36.07475902419537,30.65556725859642,21.87828352674842,55.47290810383856,0.16750663300976157,0.010717918612062931,0.03617821376770735,1,0.0002950737156905234
12,train,2,107.18375089392066,41.30114368908107,108.09397191711643,40.23789639286574,-2.5743773688679337,0.08933190010937088,254.04928158968687,36.07475902419537,30.65556725859642,21.87828352674842,55.47290810383856,0.16750663300976157,0.010717918612062931,0.03617821376770735,1,0.0002950737156905234
12,train,3,107.18375089392066,41.30114368908107,108.10104500623275,40.23382593126259,-2.584232935178151,0.08935409407793238,254.04928158968687,36.07475902419537,30.65556725859642,21.87828352674842,55.47290810383856,0.16750663300976157,0.010717918612062931,0.03617821376770735,1,0.0002950737156905234
13,train,0,83.31633635237813,27.386363305151463,82.5802156058665,26.5846261472417,-2.927505010345627,0.1075349490130147,791.6601561009884,77.29472037404776,25.301955848932266,34.25076964311302,103.62219361122698,0.004297957308590412,0.008607333078980445,0.016058388613164425,1,0.0007176266607828439
13,train,1,83.31633635237813,27.386363305151463,82.58710418792018,26.581901650942864,-2.937453378694052,0.10747378163615834,791.6601561009884,77.29472037404776,25.301955848932266,34.25076964311302,103.62219361122698,0.004297957308590412,0.008607333078980445,0.016058388613164425,1,0.0007176266607828439
13,train,2,83.31633635237813,27.386363305151463,82.59153522982628,26.57899597775623,-2.9480633058109076,0.10756312815833138,791.6601561009884,77.29472037404776,25.301955848932266,34.25076964311302,103.62219361122698,0.004297957308590412,0.008607333078980445,0.016058388613164425,1,0.0007176266607828439
13,train,3,83.31633635237813,27.386363305151463,82.59420824897975,26.58085451203108,-2.9412769565094554,0.10752008825829928,791.6601561009884,77.29472037404776,25.301955848932266,34.25076964311302,103.62219361122698,0.004297957308590412,0.008607333078980445,0.016058388613164425,1,0.0007176266607828439
14,train,0,101.49611067958176,47.3119289688766,101.11991173659631,47.79182397683375,1.0143213739453276,0.15524356007261678,413.205578783527,62.12759671732783,6.911570161581039,5.719326087273656,65.08665704634039,0.06875029999762773,0.0005452416092157364,0.009745827503502369,1,0.0005347843924537302
14,train,1,101.49611067958176,47.3119289688766,101.11221967070351,47.79080515261223,1.012167954620167,0.15524045920226306,413.205578783527,62.12759671732783,6.911570161581039,5.719326087273656,65.08665704634039,0.06875029999762773,0.0005452416092157364,0.009745827503502369,1,0.0005347843924537302
14,train,2,101.49611067958176,47.3119289688766,101.11509088761741,47.78877648370715,1.0078800954073002,0.15522673074731624,413.205578783527,62.12759671732783,6.911570161581039,5.719326087273656,65.08665704634039,0.06875029999762773,0.0005452416092157364,0.009745827503502369,1,0.0005347843924537302
14,train,3,101.49611067958176,47.3119289688766,101.11489643139795,47.78828986009522,1.0068515522416814,0.15527131919913217,413.205578783527,62.12759671732783,6.911570161581039,5.719326087273656,65.08665704634039,0.06875029999762773,0.0005452416092157364,0.009745827503502369,1,0.0005347843924537302
15,train,0,95.961909705773,33.10148069448769,98.22118875134247,30.433212681229477,-8.06087207362466,0.138720484316967,632.5335242319852,54.53460780438036,49.0371553003788,39.18178565334529,16.937364460900426,0.0969451086781919,0.017648427821695806,0.029855887033045293,0,0.0009560398189350963
15,train,1,95.961909705773,33.10148069448769,98.23205548518533,30.42627556905299,-8.081829178959355,0.13877877312884493,632.5335242319852,54.53460780438036,49.0371553003788,39.18178565334529,16.937364460900426,0.0969451086781919,0.017648427821695806,0.029855887033045293,0,0.0009560398189350963
15,train,2,95.961909705773,33.10148069448769,98.23660310439753,30.426531086249145,-8.08105725821504,0.13880942640260832,632.5335242319852,54.53460780438036,49.0371553003788,39.18178565334529,16.937364460900426,0.0969451086781919,0.017648427821695806,0.029855887033045293,0,0.0009560398189350963
15,train,3,95.961909705773,33.10148069448769,98.21863347494464,30.433641684194313,-8.059576050136174,0.13879714924421185,632.5335242319852,54.53460780438036,49.0371553003788,39.18178565334529,16.937364460900426,0.0969451086781919,0.017648427821695806,0.029855887033045293,0,0.0009560398189350963
16,train,0,115.71935260109603,37.046502435579896,113.31809895960347,36.73683765403871,-0.8358812875241315,0.03221361638950049,381.5034373663366,57.1896925708279,27.960275769233704,36.93493440747262,68.28650870360433,0.08501203838735819,0.01860132472589612,0.020913105085492135,0,0.0008559111727401615
16,train,1,115.71935260109603,37.046502435579896,113.33041448706486,36.73121228257841,-0.8510659097974029,0.0322506216239452,381.5034373663366,57.1896925708279,27.960275769233704,36.93493440747262,68.28650870360433,0.08501203838735819,0.01860132472589612,0.020913105085492135,0,0.0008559111727401615
16,train,2,115.71935260109603,37.046502435579896,113.32657080539863,36.73237391181979,-0.8479303121970563,0.03213279000526684,381.5034373663366,57.1896925708279,27.960275769233704,36.93493440747262,68.28650870360433,0.08501203838735819,0.01860132472589612,0.020913105085492135,0,0.0008559111727401615
16,train,3,115.71935260109603,37.046502435579896,113.32845408370086,36.73145453173073,-0.8504120042020108,0.0321963632164186,381.5034373663366,57.1896925708279,27.960275769233704,36.93493440747262,68.28650870360433,0.08501203838735819,0.01860132472589612,0.020913105085492135,0,0.0008559111727401615
17,train,0,81.7575864251703,23.069728154689074,83.33003153493435,22.214536731076578,-3.7069852660516704,0.10918453619041743,666.9277721084654,63.76510286703706,28.090987145900726,25.357547746971246,19.58033678587526,0.10177849357947706,0.000704395454376936,0.0007156252115964889,1,0.0003780693167820573
17,train,1,81.7575864251703,23.069728154689074,83.3287421919343,22.214761425274286,-3.70601128752794,0.10919148698921056,666.9277721084654,63.76510286703706,28.090987145900726,25.357547746971246,19.58033678587526,0.10177849357947706,0.000704395454376936,0.0007156252115964889,1,0.0003780693167820573
17,train,2,81.7575864251703,23.069728154689074,83.32776474292226,22.21522630212966,-3.7039961928885075,0.10918490524575594,666.9277721084654,63.76510286703706,28.090987145900726,25.357547746971246,19.58033678587526,0.10177849357947706,0.000704395454376936,0.0007156252115964889,1,0.0003780693167820573
17,train,3,81.7575864251703,23.069728154689074,83.3334760771787,22.21410092536979,-3.7088743464251412,0.10917885951911271,666.9277721084654,63.76510286703706,28.090987145900726,25.357547746971246,19.58033678587526,0.10177849357947706,0.000704395454376936,0.0007156252115964889,1,0.0003780693167820573
18,train,0,102.46140434592964,50.495179265737534,101.87611503917077,50.00253447543517,-0.9756273716937555,0.055000103166545335,221.93187470547855,75.62351457774639,51.700613617897034,41.86998446006328,52.294788896106176,0.1737474695406854,0.00764222888275981,0.014383532851934434,0,0.0010951755416579545
18,train,1,102.46140434592964,50.495179265737534,101.87215396903076,50.004769595638116,-0.9712009685490358,0.05494919409230673,221.93187470547855,75.62351457774639,51.700613617897034,41.86998446006328,52.294788896106176,0.1737474695406854,0.00764222888275981,0.014383532851934434,0,0.0010951755416579545
18,train,2,102.46140434592964,50.495179265737534,101.88970826324424,49.99323262486995,-0.9940486362589697,0.05507069956168532,221.93187470547855,75.62351457774639,51.700613617897034,41.86998446006328,52.294788896106176,0.1737474695406854,0.00764222888275981,0.014383532851934434,0,0.0010951755416579545
18,train,3,102.46140434592964,50.495179265737534,101.89181785801338,49.99494936985594,-0.9906488166901434,0.055089911727009847,221.93187470547855,75.62351457774639,51.700613617897034,41.86998446006328,52.294788896106176,0.1737474695406854,0.00764222888275981,0.014383532851934434,0,0.0010951755416579545
19,train,0,88.02034267783165,36.34718265198171,89.64196541802218,34.10714881129665,-6.162881624507236,0.12969041921419522,826.4696219470352,33.38988184463233,4.341874539852142,9.194384603761137,101.00097638554871,0.021961997486650942,0.010531909037381411,0.03457124710083008,1,0.0006169287526048721
19,train,1,88.02034267783165,36.34718265198171,89.638876757113,34.10968881123876,-6.155893462683444,0.1296031131354021,826.4696219470352,33.38988184463233,4.341874539852142,9.194384603761137,101.00097638554871,0.021961997486650942,0.010531909037381411,0.03457124710083008,1,0.0006169287526048721
19,train,2,88.02034267783165,36.34718265198171,89.63996689326342,34.11044287737887,-6.153818842079888,0.129627940393085,826.4696219470352,33.38988184463233,4.341874539852142,9.194384603761137,101.00097638554871,0.021961997486650942,0.010531909037381411,0.03457124710083008,1,0.0006169287526048721
19,train,3,88.02034267783165,36.34718265198171,89.63628548138934,34.10921952126763,-6.157184594311507,0.12966732949837392,826.4696219470352,33.38988184463233,4.341874539852142,9.194384603761137,101.00097638554871,0.021961997486650942,0.010531909037381411,0.03457124710083008,1,0.0006169287526048721
20,train,0,92.57236543484031,26.34156938455999,93.36741072920793,25.30044974793776,-3.952382720341933,0.09848333161708231,276.14282239228487,26.370064178481698,21.25130708515644,49.541288069449365,43.70696778409183,0.11663456467911601,0.005254731774330139,0.017342045307159423,1,0.0007476910496130587
20,train,1,92.57236543484031,26.34156938455999,93.3714766252075,25.30112384765843,-3.9498236483639815,0.09846607650326075,276.14282239228487,26.370064178481698,21.25130708515644,49.541288069449365,43.70696778409183,0.11663456467911601,0.005254731774330139,0.017342045307159423,1,0.0007476910496130587
20,train,2,92.57236543484031,26.34156938455999,93.3855260579752,25.29526779742522,-3.9720548607405988,0.09852665732653271,276.14282239228487,26.370064178481698,21.25130708515644,49.541288069449365,43.70696778409183,0.11663456467911601,0.005254731774330139,0.017342045307159423,1,0.0007476910496130587
20,train,3,92.57236543484031,26.34156938455999,93.39119519063658,25.295399416695837,-3.9715551970011425,0.09853644471075275,276.14282239228487,26.370064178481698,21.25130708515644,49.541288069449365,43.70696778409183,0.11663456467911601,0.005254731774330139,0.017342045307159423,1,0.0007476910496130587
21,train,0,97.79812672175467,42.18966808915138,96.29509268089019,42.36649436782196,0.41912223224161327,0.09277561338405153,986.4504400640726,82.65132686588913,34.69447876513004,15.37160508800298,91.67074959259479,0.054686531983315946,0.012841280810534955,0.03745195373892784,0,0.0002702957613393665
21,train,1,97.79812672175467,42.18966808915138,96.29529609900986,42.36711798653171,0.420600363589869,0.09280939553381497,986.4504400640726,82.65132686588913,34.69447876513004,15.37160508800298,91.67074959259479,0.054686531983315946,0.012841280810534955,0.03745195373892784,0,0.0002702957613393665
21,train,2,97.79812672175467,42.18966808915138,96.29499700568057,42.36668407732657,0.41957189092156427,0.09281694276155325,986.4504400640726,82.65132686588913,34.69447876513004,15.37160508800298,91.67074959259479,0.054686531983315946,0.012841280810534955,0.03745195373892784,0,0.0002702957613393665
21,train,3,97.79812672175467,42.18966808915138,96.29516988341335,42.36574732458973,0.41735155409678293,0.09279273420368836,986.4504400640726,82.65132686588913,34.69447876513004,15.37160508800298,91.67074959259479,0.054686531983315946,0.012841280810534955,0.03745195373892784,0,0.0002702957613393665
22,train,0,86.45797413215041,32.10808141902089,85.56625095962129,30.1036025573711,-6.242910734810624,0.1892426473084943,541.5750341955572,72.92731650639325,45.56583221256733,31.971874842420224,76.86202249955386,0.029611383341252802,0.01597912859171629,0.0286186408251524,1,0.0009874027305282653
22,train,1,86.45797413215041,32.10808141902089,85.57880259530702,30.099684580886038,-6.255113196969398,0.18917291392736488,541.5750341955572,72.92731650639325,45.56583221256733,31.971874842420224,76.86202249955386,0.029611383341252802,0.01597912859171629,0.0286186408251524,1,0.0009874027305282653
22,train,2,86.45797413215041,32.10808141902089,85.5871921684985,30.096011081030895,-6.266554241381875,0.18933090739703057,541.5750341955572,72.92731650639325,45.56583221256733,31.971874842420224,76.86202249955386,0.029611383341252802,0.01597912859171629,0.0286186408251524,1,0.0009874027305282653
22,train,3,86.45797413215041,32.10808141902089,85.58097218161261,30.103165057059343,-6.244273321089295,0.18926877435695585,541.5750341955572,72.92731650639325,45.56583221256733,31.971874842420224,76.86202249955386,0.029611383341252802,0.01597912859171629,0.0286186408251524,1,0.0009874027305282653
23,train,0,111.20443992689252,48.13475360907615,116.16132895609698,44.62075054505565,-7.300344970204452,0.13785182853917402,720.9960643667728,48.01960828714073,10.394633546471596,21.712905056774616,28.898227950558066,0.13656752167269587,0.00340471625328064,0.00849896676838398,1,0.0005087093872018158
23,train,1,111.20443992689252,48.13475360907615,116.17740329789363,44.61534019472893,-7.311584978558209,0.13792278570643637,720.9960643667728,48.01960828714073,10.394633546471596,21.712905056774616,28.898227950558066,0.13656752167269587,0.00340471625328064,0.00849896676838398,1,0.0005087093872018158
23,train,2,111.20443992689252,48.13475360907615,116.17283909086507,44.61845985084607,-7.305103889774663,0.13787539566233228,720.9960643667728,48.01960828714073,10.394633546471596,21.712905056774616,28.898227950558066,0.13656752167269587,0.00340471625328064,0.00849896676838398,1,0.0005087093872018158
23,train,3,111.20443992689252,48.13475360907615,116.17430149817086,44.616519215142596,-7.30913556243936,0.13784387349082433,720.9960643667728,48.01960828714073,10.394633546471596,21.712905056774616,28.898227950558066,0.13656752167269587,0.00340471625328064,0.00849896676838398,1,0.0005087093872018158
24,train,0,100.54352508857846,31.271456729620695,99.01601566619713,32.49390536292415,3.9091515431244312,0.145509348235117,198.8977300003171,43.46962824463844,7.835398763418198,45.57194440625608,49.27742418367415,0.005672441069036722,0.004715675115585328,0.01965564548969269,1,0.0005649493381381035
24,train,1,100.54352508857846,31.271456729620695,99.00943692672658,32.497015029165794,3.9190956473231253,0.14554093228519946,198.8977300003171,43.46962824463844,7.835398763418198,45.57194440625608,49.27742418367415,0.005672441069036722,0.004715675115585328,0.01965564548969269,1,0.0005649493381381035
24,train,2,100.54352508857846,31.271456729620695,99.00974233866508,32.49726369284466,3.9198908251142206,0.14552525324345092,198.8977300003171,43.46962824463844,7.835398763418198,45.57194440625608,49.27742418367415,0.005672441069036722,0.004715675115585328,0.01965564548969269,1,0.0005649493381381035
24,train,3,100.54352508857846,31.271456729620695,99.01035628711665,32.495728824793,3.9149826173996605,0.1455356232962389,198.8977300003171,43.46962824463844,7.835398763418198,45.57194440625608,49.27742418367415,0.005672441069036722,0.004715675115585328,0.01965564548969269,1,0.0005649493381381035
25,train,0,94.71127104386687,45.243642868474126,97.80273348639368,40.62341019191096,-10.211893613417569,0.1776160274240727,842.8623262792826,69.39197085332125,48.204132705926895,10.743361357599495,97.98335084691644,0.15765070460736752,0.017129107229411602,0.039457849711179736,1,0.0010436632070690394
25,train,1,94.71127104386687,45.243642868474126,97.79509060365275,40.62483799636214,-10.208737801107489,0.17775356566821562,842.8623262792826,69.39197085332125,48.204132705926895,10.743361357599495,97.98335084691644,0.15765070460736752,0.017129107229411602,0.039457849711179736,1,0.0010436632070690394
25,train,2,94.71127104386687,45.243642868474126,97.79247026882143,40.62844706818903,-10.20076083108898,0.1776357446271279,842.8623262792826,69.39197085332125,48.204132705926895,10.743361357599495,97.98335084691644,0.15765070460736752,0.017129107229411602,0.039457849711179736,1,0.0010436632070690394
25,train,3,94.71127104386687,45.243642868474126,97.78334026561711,40.630891633984135,-10.19535771666205,0.17767396400980473,842.8623262792826,69.39197085332125,48.204132705926895,10.743361357599495,97.98335084691644,0.15765070460736752,0.017129107229411602,0.039457849711179736,1,0.0010436632070690394
26,train,0,108.43799539841712,29.068305863067508,109.16724264095916,27.58647026278962,-5.097770772257556,0.0987174584394396,464.3040018621832,86.21742018964142,32.09746131300926,28.00296041648835,83.1745303235948,0.09557333461940289,0.014030321948230267,0.02564345769584179,1,0.0003265558036975563
26,train,1,108.43799539841712,29.068305863067508,109.17142954813086,27.5860271713633,-5.099295083403904,0.09873249964561553,464.3040018621832,86.21742018964142,32.09746131300926,28.00296041648835,83.1745303235948,0.09557333461940289,0.014030321948230267,0.02564345769584179,1,0.0003265558036975563
26,train,2,108.43799539841712,29.068305863067508,109.16831604967027,27.586084120116155,-5.099099169843877,0.0987621703146015,464.3040018621832,86.21742018964142,32.09746131300926,28.00296041648835,83.1745303235948,0.09557333461940289,0.014030321948230267,0.02564345769584179,1,0.0003265558036975563
26,train,3,108.43799539841712,29.068305863067508,109.17066678525445,27.586532903944722,-5.0975552758492215,0.09876282883036792,464.3040018621832,86.21742018964142,32.09746131300926,28.00296041648835,83.1745303235948,0.09557333461940289,0.014030321948230267,0.02564345769584179,1,0.0003265558036975563
27,train,0,84.27488336153328,43.22089106589556,84.49909410488058,42.45526637731119,-1.7714227303113235,0.05002378234031716,577.4857704062015,30.952773112803698,23.95675578713417,17.084403918124735,34.46859658230096,0.07860352003946901,0.006604753136634826,0.005831487849354744,0,0.000803930579777807
27,train,1,84.27488336153328,43.22089106589556,84.51750024156246,42.44664375890666,-1.7913728474696633,0.049941756084215,577.4857704062015,30.952773112803698,23.95675578713417,17.084403918124735,34.46859658230096,0.07860352003946901,0.006604753136634826,0.005831487849354744,0,0.000803930579777807
27,train,2,84.27488336153328,43.22089106589556,84.52443487270695,42.446462901578556,-1.7917912963346647,0.05003934159118934,577.4857704062015,30.952773112803698,23.95675578713417,17.084403918124735,34.46859658230096,0.07860352003946901,0.006604753136634826,0.005831487849354744,0,0.000803930579777807
27,train,3,84.27488336153328,43.22089106589556,84.53232356559285,42.44259093968296,-1.8007498388360015,0.05003555857470814,577.4857704062015,30.952773112803698,23.95675578713417,17.084403918124735,34.46859658230096,0.07860352003946901,0.006604753136634826,0.005831487849354744,0,0.000803930579777807
28,train,0,79.77156665921211,49.47501481324435,79.36962779650278,48.547983035522,-1.873737241356387,0.040815778131437636,518.5417159460485,37.98052341211587,14.450615033507347,35.58611037675291,73.8446011627093,0.14983133643865584,0.011330019999295473,0.02358334131538868,0,0.00044816181696951394
28,train,1,79.77156665921211,49.47501481324435,79.36734796508809,48.549110237602406,-1.8714589154485246,0.04088286628221307,518.5417159460485,37.98052341211587,14.450615033507347,35.58611037675291,73.8446011627093,0.14983133643865584,0.011330019999295473,0.02358334131538868,0,0.00044816181696951394
28,train,2,79.77156665921211,49.47501481324435,79.3661781254074,48.55187376233617,-1.865873217810648,0.04087183084731576,518.5417159460485,37.98052341211587,14.450615033507347,35.58611037675291,73.8446011627093,0.14983133643865584,0.011330019999295473,0.02358334131538868,0,0.00044816181696951394
28,train,3,79.77156665921211,49.47501481324435,79.36192438034986,48.55103114686886,-1.8675763309284448,0.040805153074935985,518.5417159460485,37.98052341211587,14.450615033507347,35.58611037675291,73.8446011627093,0.14983133643865584,0.011330019999295473,0.02358334131538868,0,0.00044816181696951394
29,train,0,113.12678571790457,33.62415142171085,113.15634896479389,32.79791100947988,-2.457282570103663,0.08298028193389494,737.3895698226988,79.19754053466022,41.506899401545525,23.34926306735724,25.880659036338326,0.04302374454215169,0.009226930420845747,0.0036929338425397873,1,0.0009264429047703744
29,train,1,113.12678571790457,33.62415142171085,113.15280078119977,32.79675705328654,-2.460714496693779,0.08291564284671422,737.3895698226988,79.19754053466022,41.506899401545525,23.34926306735724,25.880659036338326,0.04302374454215169,0.009226930420845747,0.0036929338425397873,1,0.0009264429047703744
29,train,2,113.12678571790457,33.62415142171085,113.1394985172868,32.80126825658152,-2.447297940128833,0.0828073781699327,737.3895698226988,79.19754053466022,41.506899401545525,23.34926306735724,25.880659036338326,0.04302374454215169,0.009226930420845747,0.0036929338425397873,1,0.0009264429047703744
29,train,3,113.12678571790457,33.62415142171085,113.15656329513318,32.79627694484782,-2.462142364516235,0.08288304800612316,737.3895698226988,79.19754053466022,41.506899401545525,23.34926306735724,25.880659036338326,0.04302374454215169,0.009226930420845747,0.0036929338425397873,1,0.0009264429047703744
30,train,0,90.05958939157425,39.955852868035436,91.0307853621831,39.1850294301677,-1.9291877973762097,0.058296972474592666,358.9442133437842,60.22182458080351,38.13849602639675,40.52090285345912,58.59502337872983,0.06392834248021245,0.0024062844924628737,0.012379762381315232,0,0.00020933625912293794
30,train,1,90.05958939157425,39.955852868035436,91.03116800810321,39.18376617282502,-1.9323494301584156,0.05830168147311817,358.9442133437842,60.22182458080351,38.13849602639675,40.52090285345912,58.59502337872983,0.06392834248021245,0.0024062844924628737,0.012379762381315232,0,0.00020933625912293794
30,train,2,90.05958939157425,39.955852868035436,91.03299611879267,39.18312870042456,-1.9339448720141257,0.05830479251763231,358.9442133437842,60.22182458080351,38.13849602639675,40.52090285345912,58.59502337872983,0.06392834248021245,0.0024062844924628737,0.012379762381315232,0,0.00020933625912293794
30,train,3,90.05958939157425,39.955852868035436,91.03144656059884,39.184235897474565,-1.9311738210402793,0.05828874347541462,358.9442133437842,60.22182458080351,38.13849602639675,40.52090285345912,58.59502337872983,0.06392834248021245,0.0024062844924628737,0.012379762381315232,0,0.00020933625912293794
31,train,0,105.08395045809448,23.931944917887453,105.65504401919327,22.283874283126185,-6.886488500687837,0.11533248337861175,897.0092394854873,52.63177989516407,17.810237929224968,7.186528993770479,106.55897541437298,0.12571657419204713,0.019516623187810184,0.032260404229164125,1,0.0006871438029222191
31,train,1,105.08395045809448,23.931944917887453,105.66985311724797,22.279578112216175,-6.904440116926086,0.11531476728021953,897.0092394854873,52.63177989516407,17.810237929224968,7.186528993770479,106.55897541437298,0.12571657419204713,0.019516623187810184,0.032260404229164125,1,0.0006871438029222191
31,train,2,105.08395045809448,23.931944917887453,105.67132882609963,22.28026665739377,-6.901563020309173,0.11525912805358628,897.0092394854873,52.63177989516407,17.810237929224968,7.186528993770479,106.55897541437298,0.12571657419204713,0.019516623187810184,0.032260404229164125,1,0.0006871438029222191
31,train,3,105.08395045809448,23.931944917887453,105.67051429192155,22.280369362578014,-6.901133865116837,0.11524042611971745,897.0092394854873,52.63177989516407,17.810237929224968,7.186528993770479,106.55897541437298,0.12571657419204713,0.019516623187810184,0.032260404229164125,1,0.0006871438029222191
32,train,0,110.26778480038047,35.810280626639724,110.69021091343208,34.742691679869935,-2.981235913509143,0.025049587060624847,471.03020776994526,52.05346115399152,24.864368960261345,42.47241262812168,96.17096371948719,0.050817383117973805,0.014518761485815048,0.00013007555156946182,0,0.0005725291979499161
32,train,1,110.26778480038047,35.810280626639724,110.6720202226766,34.74825362061163,-2.965704226394801,0.025007328711158357,471.03020776994526,52.05346115399152,24.864368960261345,42.47241262812168,96.17096371948719,0.050817383117973805,0.014518761485815048,0.00013007555156946182,0,0.0005725291979499161
32,train,2,110.26778480038047,35.810280626639724,110.66677764254472,34.748582618942955,-2.9647855004715082,0.025001447296398707,471.03020776994526,52.05346115399152,24.864368960261345,42.47241262812168,96.17096371948719,0.050817383117973805,0.014518761485815048,0.00013007555156946182,0,0.0005725291979499161
32,train,3,110.26778480038047,35.810280626639724,110.67258713037967,34.74684701396645,-2.969632167255819,0.025043594529185535,471.03020776994526,52.05346115399152,24.864368960261345,42.47241262812168,96.17096371948719,0.050817383117973805,0.014518761485815048,0.00013007555156946182,0,0.0005725291979499161
33,train,0,87.22719993069767,51.60279323160648,88.4868668317866,49.219049989944466,-4.619407385493989,0.11984016543588107,783.263490954414,60.77639820985496,31.17809496819973,8.393674134276806,48.20722667966038,0.11276796391233801,0.007405977807939053,0.020249899215996264,1,0.0009936779462732376
33,train,1,87.22719993069767,51.60279323160648,88.49377526358506,49.21097619332015,-4.635053431218838,0.11991240023780211,783.263490954414,60.77639820985496,31.17809496819973,8.393674134276806,48.20722667966038,0.11276796391233801,0.007405977807939053,0.020249899215996264,1,0.0009936779462732376
33,train,2,87.22719993069767,51.60279323160648,88.47785919891746,49.21803492837253,-4.621374452600947,0.1199140528324417,783.263490954414,60.77639820985496,31.17809496819973,8.393674134276806,48.20722667966038,0.11276796391233801,0.007405977807939053,0.020249899215996264,1,0.0009936779462732376
33,train,3,87.22719993069767,51.60279323160648,88.46675207526918,49.231429048932306,-4.595418259687788,0.11990574016082431,783.263490954414,60.77639820985496,31.17809496819973,8.393674134276806,48.20722667966038,0.11276796391233801,0.007405977807939053,0.020249899215996264,1,0.0009936779462732376
34,train,0,97.54917508549988,22.770977679640055,100.3169300919251,21.42348817519328,-5.917574218394633,0.11134882445539356,311.8251718580723,78.61721054650843,48.79505352675915,36.15617513656616,33.30571482423693,0.14043409964069722,0.004227848015725613,0.033906820677220825,0,0.00036094887387007476
34,train,1,97.54917508549988,22.770977679640055,100.3165071400687,21.42379299435225,-5.916235588304789,0.11133226065718371,311.8251718580723,78.61721054650843,48.79505352675915,36.15617513656616,33.30571482423693,0.14043409964069722,0.004227848015725613,0.033906820677220825,0,0.00036094887387007476
34,train,2,97.54917508549988,22.770977679640055,100.31968544290345,21.423001023057598,-5.919713573772937,0.11130855441799332,311.8251718580723,78.61721054650843,48.79505352675915,36.15617513656616,33.30571482423693,0.14043409964069722,0.004227848015725613,0.033906820677220825,0,0.00036094887387007476
34,train,3,97.54917508549988,22.770977679640055,100.32715716005042,21.42084780061034,-5.929169568493721,0.1113238578515252,311.8251718580723,78.61721054650843,48.79505352675915,36.15617513656616,33.30571482423693,0.14043409964069722,0.004227848015725613,0.033906820677220825,0,0.00036094887387007476
35,train,0,92.98787664808333,38.853693732991815,91.8844605450276,39.60309386287174,1.928774481597309,0.18528342874134734,942.4455491825938,38.5212459275499,7.256230935454369,25.981970028951764,81.26946177333592,0.033480552323162556,0.016328492611646653,0.013796762637794018,1,0.0007833818906918168
35,train,1,92.98787664808333,38.853693732991815,91.8977006387537,39.59216388393952,1.9006433623082948,0.1853288488358496,942.4455491825938,38.5212459275499,7.256230935454369,25.981970028951764,81.26946177333592,0.033480552323162556,0.016328492611646653,0.013796762637794018,1,0.0007833818906918168
35,train,2,92.98787664808333,38.853693732991815,91.88858794633428,39.59891104821754,1.9180089294648783,0.18528942840457022,942.4455491825938,38.5212459275499,7.256230935454369,25.981970028951764,81.26946177333592,0.033480552323162556,0.016328492611646653,0.013796762637794018,1,0.0007833818906918168
35,train,3,92.98787664808333,38.853693732991815,91.88148597947486,39.59748149983967,1.9143296180776772,0.18521591545996366,942.4455491825938,38.5212459275499,7.256230935454369,25.981970028951764,81.26946177333592,0.033480552323162556,0.016328492611646653,0.013796762637794018,1,0.0007833818906918168
36,train,0,88.28973572701216,46.455965468660004,88.7556621576205,45.952587807492655,-1.0835587121893613,0.1361982455750512,153.04976305924356,29.362970516085625,18.3546282351017,32.75302396155894,24.068997409194708,0.10494314951822162,0.0016056695766746999,0.03686531227082014,1,0.00045552679831162095
36,train,1,88.28973572701216,46.455965468660004,88.761685745444,45.95083425728969,-1.087333362409784,0.13621712426674382,153.04976305924356,29.362970516085625,18.3546282351017,32.75302396155894,24.068997409194708,0.10494314951822162,0.0016056695766746999,0.03686531227082014,1,0.00045552679831162095
36,train,2,88.28973572701216,46.455965468660004,88.75528086678489,45.951977295562976,-1.084872885565197,0.13625364376776786,153.04976305924356,29.362970516085625,18.3546282351017,32.75302396155894,24.068997409194708,0.10494314951822162,0.0016056695766746999,0.03686531227082014,1,0.00045552679831162095
36,train,3,88.28973572701216,46.455965468660004,88.76560013697086,45.94732091311551,-1.0948961030368205,0.13621741826876566,153.04976305924356,29.362970516085625,18.3546282351017,32.75302396155894,24.068997409194708,0.10494314951822162,0.0016056695766746999,0.03686531227082014,1,0.00045552679831162095
37,train,0,102.06169587373734,32.54210150614381,100.95008956501172,31.383189840543015,-3.561268670316184,0.08138404634899082,890.3997633140534,87.7833604766056,37.60581311583519,21.08469281345606,72.77512774337082,0.08817413549870252,0.019028795789927246,0.016677442453801632,1,0.0008771083277650177
37,train,1,102.06169587373734,32.54210150614381,100.94131279392043,31.384831663467864,-3.556223443213873,0.08138346400052501,890.3997633140534,87.7833604766056,37.60581311583519,21.08469281345606,72.77512774337082,0.08817413549870252,0.019028795789927246,0.016677442453801632,1,0.0008771083277650177
37,train,2,102.06169587373734,32.54210150614381,100.93891498243427,31.383627744156797,-3.5599230177814243,0.08133325352439387,890.3997633140534,87.7833604766056,37.60581311583519,21.08469281345606,72.77512774337082,0.08817413549870252,0.019028795789927246,0.016677442453801632,1,0.0008771083277650177
37,train,3,102.06169587373734,32.54210150614381,100.95444224401861,31.379600229852244,-3.572299336820906,0.08134339628592578,890.3997633140534,87.7833604766056,37.60581311583519,21.08469281345606,72.77512774337082,0.08817413549870252,0.019028795789927246,0.016677442453801632,1,0.0008771083277650177
38,train,0,82.67756905965507,41.217781499028206,81.5010529026703,40.74681541697053,-1.1426284116450702,0.08321434537439641,418.8417633064091,67.79227764811367,42.461045414209366,48.93506994005293,105.39681774098425,0.018799923174083234,0.012131244372576476,0.007835584469139576,1,0.00024438021425157784
38,train,1,82.67756905965507,41.217781499028206,81.4968962631064,40.749185912792456,-1.1368772631462418,0.08320318293681542,418.8417633064091,67.79227764811367,42.461045414209366,48.93506994005293,105.39681774098425,0.018799923174083234,0.012131244372576476,0.007835584469139576,1,0.00024438021425157784
38,train,2,82.67756905965507,41.217781499028206,81.4945752821757,40.75062693029566,-1.133381156731008,0.08320324652754237,418.8417633064091,67.79227764811367,42.461045414209366,48.93506994005293,105.39681774098425,0.018799923174083234,0.012131244372576476,0.007835584469139576,1,0.00024438021425157784
38,train,3,82.67756905965507,41.217781499028206,81.49924086260313,40.746792491892855,-1.1426840310327149,0.08322262512896172,418.8417633064091,67.79227764811367,42.461045414209366,48.93506994005293,105.39681774098425,0.018799923174083234,0.012131244372576476,0.007835584469139576,1,0.00024438021425157784
39,train,0,114.92881563864647,27.00641680322588,117.27332300540864,25.45123457917658,-5.758565586025946,0.07322187186737805,624.5788577012718,45.02958321943879,13.48476180434227,16.17470540571958,56.69068032875657,0.17058279348537325,0.009715369660407305,0.028033219911158085,0,0.0006663804633542896
39,train,1,114.92881563864647,27.00641680322588,117.27588870230835,25.451703146917723,-5.7568305622923095,0.07325948205056076,624.5788577012718,45.02958321943879,13.48476180434227,16.17470540571958,56.69068032875657,0.17058279348537325,0.009715369660407305,0.028033219911158085,0,0.0006663804633542896
39,train,2,114.92881563864647,27.00641680322588,117.27547557033728,25.453008411154848,-5.751997398949555,0.07325760998049724,624.5788577012718,45.02958321943879,13.48476180434227,16.17470540571958,56.69068032875657,0.17058279348537325,0.009715369660407305,0.028033219911158085,0,0.0006663804633542896
39,train,3,114.92881563864647,27.00641680322588,117.28113479776307,25.451485171726517,-5.757637685994775,0.07323245903911399,624.5788577012718,45.02958321943879,13.48476180434227,16.17470540571958,56.69068032875657,0.17058279348537325,0.009715369660407305,0.028033219911158085,0,0.0006663804633542896
40,train,0,104.22165224514902,43.87074091285467,103.98962906180306,43.092351263059165,-1.774279698949473,0.09832025392423033,295.016630506143,48.60361450351775,4.934238210320473,28.60866356175393,18.510222802869976,0.039860447142273187,0.008404410798102618,0.038871371559798716,1,0.0008351409348659218
40,train,1,104.22165224514902,43.87074091285467,103.99318004260975,43.09348144259959,-1.7717035410891144,0.09850002244272739,295.016630506143,48.60361450351775,4.934238210320473,28.60866356175393,18.510222802869976,0.039860447142273187,0.008404410798102618,0.038871371559798716,1,0.0008351409348659218
40,train,2,104.22165224514902,43.87074091285467,103.96537234332006,43.1008883179897,-1.7548201348917492,0.0983014265931745,295.016630506143,48.60361450351775,4.934238210320473,28.60866356175393,18.510222802869976,0.039860447142273187,0.008404410798102618,0.038871371559798716,1,0.0008351409348659218
40,train,3,104.22165224514902,43.87074091285467,103.98413887813876,43.09318715748279,-1.7723743415148183,0.09841414700483171,295.016630506143,48.60361450351775,4.934238210320473,28.60866356175393,18.510222802869976,0.039860447142273187,0.008404410798102618,0.038871371559798716,1,0.0008351409348659218
41,train,0,91.05162772350013,28.080963937565684,91.51586505710087,27.21778079001459,-3.073908536296219,0.026206108330749166,965.8939096610993,72.38292454276234,51.11995752155781,16.28147526178509,66.47420792840421,0.14666513688862323,0.010981265734881163,0.018990879319608214,0,0.0004131201735697687
41,train,1,91.05162772350013,28.080963937565684,91.5199182171379,27.216750641484357,-3.07757703048511,0.026212286108275643,965.8939096610993,72.38292454276234,51.11995752155781,16.28147526178509,66.47420792840421,0.14666513688862323,0.010981265734881163,0.018990879319608214,0,0.0004131201735697687
41,train,2,91.05162772350013,28.080963937565684,91.5161810256658,27.218696521804763,-3.0706474951431884,0.02617442838305074,965.8939096610993,72.38292454276234,51.11995752155781,16.28147526178509,66.47420792840421,0.14666513688862323,0.010981265734881163,0.018990879319608214,0,0.0004131201735697687
41,train,3,91.05162772350013,28.080963937565684,91.51878119116114,27.218193818841428,-3.0724376864074654,0.02620562900993925,965.8939096610993,72.38292454276234,51.11995752155781,16.28147526178509,66.47420792840421,0.14666513688862323,0.010981265734881163,0.018990879319608214,0,0.0004131201735697687
42,train,0,112.80374896526337,45.66289426572621,113.34922515181935,43.48595119234706,-4.767422451828964,0.09291930608351391,560.8864505775273,83.22544247377664,29.000088945031166,44.790966948494315,99.09581015817821,0.12888279654085635,0.01783975465223193,0.005167942233383655,1,0.0010458478495478632
42,train,1,112.80374896526337,45.66289426572621,113.3408194921355,43.490598810084,-4.7572443459255185,0.09293358073754765,560.8864505775273,83.22544247377664,29.000088945031166,44.790966948494315,99.09581015817821,0.12888279654085635,0.01783975465223193,0.005167942233383655,1,0.0010458478495478632
42,train,2,112.80374896526337,45.66289426572621,113.35230835433669,43.481632532255894,-4.776880153011977,0.09284627168733227,560.8864505775273,83.22544247377664,29.000088945031166,44.790966948494315,99.09581015817821,0.12888279654085635,0.01783975465223193,0.005167942233383655,1,0.0010458478495478632
42,train,3,112.80374896526337,45.66289426572621,113.35122476317436,43.4787539237347,-4.783184196081252,0.09285561255729095,560.8864505775273,83.22544247377664,29.000088945031166,44.790966948494315,99.09581015817821,0.12888279654085635,0.01783975465223193,0.005167942233383655,1,0.0010458478495478632
43,train,0,79.96457337588072,29.57744213566184,80.15121497582298,28.819401120072218,-2.5629025394175042,0.1162569878283257,700.0470641069114,25.819686902686954,27.039466932415962,11.371058616787195,51.13181229215115,0.06709161976352333,0.0002556482143700123,0.025058200098574162,1,0.0006242868456989528
43,train,1,79.96457337588072,29.57744213566184,80.14912842173811,28.820990685590786,-2.557528289976748,0.11619143210084584,700.0470641069114,25.819686902686954,27.039466932415962,11.371058616787195,51.13181229215115,0.06709161976352333,0.0002556482143700123,0.025058200098574162,1,0.0006242868456989528
43,train,2,79.96457337588072,29.57744213566184,80.15450744839507,28.82034858268245,-2.5596992109961922,0.1162654728662121,700.0470641069114,25.819686902686954,27.039466932415962,11.371058616787195,51.13181229215115,0.06709161976352333,0.0002556482143700123,0.025058200098574162,1,0.0006242868456989528
43,train,3,79.96457337588072,29.57744213566184,80.15754414841207,28.81758461600491,-2.569044057872611,0.11623019408209649,700.0470641069114,25.819686902686954,27.039466932415962,11.371058616787195,51.13181229215115,0.06709161976352333,0.0002556482143700123,0.025058200098574162,1,0.0006242868456989528
44,train,0,84.61864691413939,25.724607136100534,84.1624745378762,24.992962500322985,-2.84414308800385,0.026616029593692785,402.034016745165,34.98589882161468,11.350220620632172,41.30017710849643,90.60135969426483,0.1615157590806484,0.01553038164973259,0.0031078526750206946,0,0.0007271492621861398
44,train,1,84.61864691413939,25.724607136100534,84.16273318962072,24.991602232976025,-2.849430894110138,0.026609837386325674,402.034016745165,34.98589882161468,11.350220620632172,41.30017710849643,90.60135969426483,0.1615157590806484,0.01553038164973259,0.0031078526750206946,0,0.0007271492621861398
44,train,2,84.61864691413939,25.724607136100534,84.1620753027492,24.992287551933345,-2.846766834155036,0.02651345445494518,402.034016745165,34.98589882161468,11.350220620632172,41.30017710849643,90.60135969426483,0.1615157590806484,0.01553038164973259,0.0031078526750206946,0,0.0007271492621861398
44,train,3,84.61864691413939,25.724607136100534,84.16098189713892,24.99100342727952,-2.8517586485957054,0.026546894396850554,402.034016745165,34.98589882161468,11.350220620632172,41.30017710849643,90.60135969426483,0.1615157590806484,0.01553038164973259,0.0031078526750206946,0,0.0007271492621861398
45,train,0,108.26107680983841,39.643031077459455,108.97418988796511,38.80461788985481,-2.1149068696751607,0.1268553598460804,648.0280383024365,74.06722905114293,44.59849178791046,6.5619350504130125,41.89539250917733,0.009540386963635683,0.002643146477639675,0.022919666953384876,1,0.0003046819332055748
45,train,1,108.26107680983841,39.643031077459455,108.97661504814643,38.802555458822795,-2.1201093755783593,0.12688009934629718,648.0280383024365,74.06722905114293,44.59849178791046,6.5619350504130125,41.89539250917733,0.009540386963635683,0.002643146477639675,0.022919666953384876,1,0.0003046819332055748
45,train,2,108.26107680983841,39.643031077459455,108.9755590027569,38.80337994628395,-2.1180295965131806,0.12689695358095876,648.0280383024365,74.06722905114293,44.59849178791046,6.5619350504130125,41.89539250917733,0.009540386963635683,0.002643146477639675,0.022919666953384876,1,0.0003046819332055748
45,train,3,108.26107680983841,39.643031077459455,108.97367193820189,38.803876474157256,-2.1167770992650765,0.12690564015629957,648.0280383024365,74.06722905114293,44.59849178791046,6.5619350504130125,41.89539250917733,0.009540386963635683,0.002643146477639675,0.022919666953384876,1,0.0003046819332055748
46,train,0,95.55719121173024,34.717465190216906,94.75618136119341,34.97384752727563,0.7384823046671477,0.0620132065875483,242.90680065751076,65.35910859704018,35.2403559088707,34.983510547317564,26.99378722347319,0.07473555134609342,0.005704088769853115,0.03159550931304693,0,0.0009374105814844371
46,train,1,95.55719121173024,34.717465190216906,94.75751145979882,34.9749813486275,0.7417481575906275,0.062007240960394776,242.90680065751076,65.35910859704018,35.2403559088707,34.983510547317564,26.99378722347319,0.07473555134609342,0.005704088769853115,0.03159550931304693,0,0.0009374105814844371
46,train,2,95.55719121173024,34.717465190216906,94.75798985295707,34.973425419583926,0.7372664679423305,0.061981431985386734,242.90680065751076,65.35910859704018,35.2403559088707,34.983510547317564,26.99378722347319,0.07473555134609342,0.005704088769853115,0.03159550931304693,0,0.0009374105814844371
46,train,3,95.55719121173024,34.717465190216906,94.7584466419983,34.97137807111612,0.7313692964276866,0.06203625653180706,242.90680065751076,65.35910859704018,35.2403559088707,34.983510547317564,26.99378722347319,0.07473555134609342,0.005704088769853115,0.03159550931304693,0,0.0009374105814844371
47,train,0,99.5304700396955,48.92427035421133,103.84956672082035,44.06892209434072,-9.924211898752771,0.1879403637273234,807.18415658921,55.61955593060702,20.717182755470276,24.15048852097243,75.69976998027414,0.09170830026268958,0.013603463023900987,0.011793460659682752,1,0.0005162961319088936
47,train,1,99.5304700396955,48.92427035421133,103.85945491893405,44.06754212107836,-9.927032530010766,0.1879286387902377,807.18415658921,55.61955593060702,20.717182755470276,24.15048852097243,75.69976998027414,0.09170830026268958,0.013603463023900987,0.011793460659682752,1,0.0005162961319088936
47,train,2,99.5304700396955,48.92427035421133,103.86829511066077,44.061642123267056,-9.939091979786085,0.18792477021139187,807.18415658921,55.61955593060702,20.717182755470276,24.15048852097243,75.69976998027414,0.09170830026268958,0.013603463023900987,0.011793460659682752,1,0.0005162961319088936
47,train,3,99.5304700396955,48.92427035421133,103.8611926307535,44.06544877768506,-9.931311272193616,0.18796415583145148,807.18415658921,55.61955593060702,20.717182755470276,24.15048852097243,75.69976998027414,0.09170830026268958,0.013603463023900987,0.011793460659682752,1,0.0005162961319088936
48,train,0,81.27863785624504,28.928218528628353,80.2872416079284,28.605219127977133,-1.116554758916687,0.06618800370104415,206.5411204006523,53.95824122708291,44.28027120232582,9.774676039814949,30.3051541140303,0.08115234078839421,0.012646903451532125,0.017764618992805483,1,0.00038428398668766025
48,train,1,81.27863785624504,28.928218528628353,80.28336842321404,28.606631583495517,-1.111672137067764,0.06622494879316586,206.5411204006523,53.95824122708291,44.28027120232582,9.774676039814949,30.3051541140303,0.08115234078839421,0.012646903451532125,0.017764618992805483,1,0.00038428398668766025
48,train,2,81.27863785624504,28.928218528628353,80.28632178228743,28.605197919046848,-1.1166280746318096,0.06622350514423353,206.5411204006523,53.95824122708291,44.28027120232582,9.774676039814949,30.3051541140303,0.08115234078839421,0.012646903451532125,0.017764618992805483,1,0.00038428398668766025
48,train,3,81.27863785624504,28.928218528628353,80.28137635463818,28.606668315419764,-1.1115451609658322,0.06624035870078443,206.5411204006523,53.95824122708291,44.28027120232582,9.774676039814949,30.3051541140303,0.08115234078839421,0.012646903451532125,0.017764618992805483,1,0.00038428398668766025
49,train,0,113.82793750613928,42.9013210888952,119.2121424497886,37.32948790998541,-12.987556181229197,0.21819104475504683,837.5374242197722,62.6802172139287,11.762224286794662,43.89910412020981,78.45464435406029,0.10919638752937316,0.005546155069023371,0.03765502855181694,1,0.0008622045923024417
49,train,1,113.82793750613928,42.9013210888952,119.20356585044475,37.34270339464448,-12.95675180429243,0.21812194221586145,837.5374242197722,62.6802172139287,11.762224286794662,43.89910412020981,78.45464435406029,0.10919638752937316,0.005546155069023371,0.03765502855181694,1,0.0008622045923024417
49,train,2,113.82793750613928,42.9013210888952,119.21464672460054,37.33656086038361,-12.971069625061052,0.21819724129179394,837.5374242197722,62.6802172139287,11.762224286794662,43.89910412020981,78.45464435406029,0.10919638752937316,0.005546155069023371,0.03765502855181694,1,0.0008622045923024417
49,train,3,113.82793750613928,42.9013210888952,119.21505012288739,37.33699648539877,-12.970054213404458,0.21814262620983954,837.5374242197722,62.6802172139287,11.762224286794662,43.89910412020981,78.45464435406029,0.10919638752937316,0.005546155069023371,0.03765502855181694,1,0.0008622045923024417
50,train,0,89.3968651946634,30.475869754329324,88.7589846126553,30.064354542357755,-1.3502984993992186,0.12146372447860808,366.08319664373994,76.71243822202086,20.404054790735245,27.364688632078465,87.30305039323866,0.17760188788175582,0.0036070294119417666,0.026311339661478996,1,0.0005949916171841324
50,train,1,89.3968651946634,30.475869754329324,88.76625486412085,30.061430866354552,-1.3598919122427968,0.12144781913749633,366.08319664373994,76.71243822202086,20.404054790735245,27.364688632078465,87.30305039323866,0.17760188788175582,0.0036070294119417666,0.026311339661478996,1,0.0005949916171841324
50,train,2,89.3968651946634,30.475869754329324,88.76355044846387,30.0621179270261,-1.3576374706892436,0.12138910656934553,366.08319664373994,76.71243822202086,20.404054790735245,27.364688632078465,87.30305039323866,0.17760188788175582,0.0036070294119417666,0.026311339661478996,1,0.0005949916171841324
50,train,3,89.3968651946634,30.475869754329324,88.7651079656102,30.06477893015939,-1.3489059622704704,0.12140816243404372,366.08319664373994,76.71243822202086,20.404054790735245,27.364688632078465,87.30305039323866,0.17760188788175582,0.0036070294119417666,0.026311339661478996,1,0.0005949916171841324
51,train,0,103.46452283672988,44.62753853574395,102.45652426732683,43.76989598127394,-1.9217787550238485,0.019700974658652153,677.9664932750165,36.61743467207998,35.6471982896328,37.5811500987038,39.153553075157106,0.0145493814535439,0.015720052774995566,0.006430695727467537,0,0.0010733725166879595
51,train,1,103.46452283672988,44.62753853574395,102.46217350916864,43.76635745953368,-1.929707764456954,0.019522142289221216,677.9664932750165,36.61743467207998,35.6471982896328,37.5811500987038,39.153553075157106,0.0145493814535439,0.015720052774995566,0.006430695727467537,0,0.0010733725166879595
51,train,2,103.46452283672988,44.62753853574395,102.46107863261325,43.764095317436364,-1.934776702093985,0.01954874384632828,677.9664932750165,36.61743467207998,35.6471982896328,37.5811500987038,39.153553075157106,0.0145493814535439,0.015720052774995566,0.006430695727467537,0,0.0010733725166879595
51,train,3,103.46452283672988,44.62753853574395,102.4423617284676,43.777394371017664,-1.9049765965590342,0.01961876554198256,677.9664932750165,36.61743467207998,35.6471982896328,37.5811500987038,39.153553075157106,0.0145493814535439,0.015720052774995566,0.006430695727467537,0,0.0010733725166879595
52,train,0,98.50668947771192,40.570197615772486,100.37575460826318,39.232850523423146,-3.2963780581374755,0.0807384763387903,526.0715146083385,27.459188317880034,49.95797495543957,19.748322195373476,102.55787796806544,0.12264041773974894,0.000994636006653309,0.024153252318501472,0,0.00027453525252640247
52,train,1,98.50668947771192,40.570197615772486,100.37507702598441,39.234652686254705,-3.2919359727214164,0.08074862783400731,526.0715146083385,27.459188317880034,49.95797495543957,19.748322195373476,102.55787796806544,0.12264041773974894,0.000994636006653309,0.024153252318501472,0,0.00027453525252640247
52,train,2,98.50668947771192,40.570197615772486,100.37451716618601,39.23315206826344,-3.295634791261751,0.08074042636911534,526.0715146083385,27.459188317880034,49.95797495543957,19.748322195373476,102.55787796806544,0.12264041773974894,0.000994636006653309,0.024153252318501472,0,0.00027453525252640247
52,train,3,98.50668947771192,40.570197615772486,100.3721346273169,39.234780641005386,-3.291620581724568,0.08072723431689464,526.0715146083385,27.459188317880034,49.95797495543957,19.748322195373476,102.55787796806544,0.12264041773974894,0.000994636006653309,0.024153252318501472,0,0.00027453525252640247
53,train,0,94.24344354495406,24.718419590964913,93.61448900583937,23.95155267421925,-3.102410790963235,0.10171906102310978,732.1585955563933,85.87855522055179,6.002480611205101,31.283074473030865,53.66640566848218,0.04942637527361512,0.018410571441054343,0.004351050183176995,1,0.0007520097196102143
53,train,1,94.24344354495406,24.718419590964913,93.60943415322986,23.953260013808755,-3.0955036358224133,0.10174180977483016,732.1585955563933,85.87855522055179,6.002480611205101,31.283074473030865,53.66640566848218,0.04942637527361512,0.018410571441054343,0.004351050183176995,1,0.0007520097196102143
53,train,2,94.24344354495406,24.718419590964913,93.60600964940285,23.956012492148275,-3.084368302799242,0.10178299684328,732.1585955563933,85.87855522055179,6.002480611205101,31.283074473030865,53.66640566848218,0.04942637527361512,0.018410571441054343,0.004351050183176995,1,0.0007520097196102143
53,train,3,94.24344354495406,24.718419590964913,93.60624653559965,23.954497671889634,-3.0904966082641856,0.10176194781755038,732.1585955563933,85.87855522055179,6.002480611205101,31.283074473030865,53.66640566848218,0.04942637527361512,0.018410571441054343,0.004351050183176995,1,0.0007520097196102143
54,train,0,109.01846923865376,49.80000648461282,108.61355030149403,49.03738193144452,-1.5313744053506118,0.06715363757998988,260.6165040284395,69.69606759492308,25.882599875330925,14.836618090048432,15.037996573373674,0.02359990769997239,0.010269133076071739,0.010508581846952438,0,0.00048479578560218215
54,train,1,109.01846923865376,49.80000648461282,108.61861430313249,49.03453103194819,-1.5370991023889675,0.06721200566258946,260.6165040284395,69.69606759492308,25.882599875330925,14.836618090048432,15.037996573373674,0.02359990769997239,0.010269133076071739,0.010508581846952438,0,0.00048479578560218215
54,train,2,109.01846923865376,49.80000648461282,108.61045595332486,49.039017532268,-1.5280900667753072,0.06718293524140416,260.6165040284395,69.69606759492308,25.882599875330925,14.836618090048432,15.037996573373674,0.02359990769997239,0.010269133076071739,0.010508581846952438,0,0.00048479578560218215
54,train,3,109.01846923865376,49.80000648461282,108.61116839404342,49.0396365837574,-1.526846991657245,0.06709679013478988,260.6165040284395,69.69606759492308,25.882599875330925,14.836618090048432,15.037996573373674,0.02359990769997239,0.010269133076071739,0.010508581846952438,0,0.00048479578560218215
55,train,0,86.27358129806815,33.777013167738914,86.46494693298095,32.94535559775922,-2.462199857191718,0.07863567286012822,997.590577788651,46.93439622409642,30.063192948698997,47.46683698147535,63.929478782229125,0.14183329962193966,0.007845800705254077,0.03032054960727692,1,0.0009636228102259339
55,train,1,86.27358129806815,33.777013167738914,86.45959002182286,32.94803338624864,-2.4542720144422034,0.07863213845135306,997.590577788651,46.93439622409642,30.063192948698997,47.46683698147535,63.929478782229125,0.14183329962193966,0.007845800705254077,0.03032054960727692,1,0.0009636228102259339
55,train,2,86.27358129806815,33.777013167738914,86.4711575144948,32.945329663986406,-2.4622766365466155,0.07855123022017078,997.590577788651,46.93439622409642,30.063192948698997,47.46683698147535,63.929478782229125,0.14183329962193966,0.007845800705254077,0.03032054960727692,1,0.0009636228102259339
55,train,3,86.27358129806815,33.777013167738914,86.46792469522623,32.94731151556367,-2.4564091799795653,0.07857454025283292,997.590577788651,46.93439622409642,30.063192948698997,47.46683698147535,63.929478782229125,0.14183329962193966,0.007845800705254077,0.03032054960727692,1,0.0009636228102259339
56,train,0,96.97378894872963,50.64076512865722,95.51002969046705,50.85051537138273,0.4141924834520471,0.03075933352012812,448.88478708453476,42.38441763445735,39.51853936910629,17.70711532793939,108.13259800896049,0.002538184784352779,0.009034994430840016,0.021505303457379343,0,0.0010198558209463956
56,train,1,96.97378894872963,50.64076512865722,95.51658693189906,50.850789247149876,0.4147333042047617,0.030708410626138688,448.88478708453476,42.38441763445735,39.51853936910629,17.70711532793939,108.13259800896049,0.002538184784352779,0.009034994430840016,0.021505303457379343,0,0.0010198558209463956
56,train,2,96.97378894872963,50.64076512865722,95.48607342085481,50.86383414411607,0.44049298009640575,0.030633716396534887,448.88478708453476,42.38441763445735,39.51853936910629,17.70711532793939,108.13259800896049,0.002538184784352779,0.009034994430840016,0.021505303457379343,0,0.0010198558209463956
56,train,3,96.97378894872963,50.64076512865722,95.50628105657847,50.85456394779155,0.4221871817914854,0.030774388718942003,448.88478708453476,42.38441763445735,39.51853936910629,17.70711532793939,108.13259800896049,0.002538184784352779,0.009034994430840016,0.021505303457379343,0,0.0010198558209463956
57,train,0,100.65137084759772,36.66490548104048,105.21059175009864,33.014477299667135,-9.956191441052507,0.1496109218877113,588.5250868741423,66.16072145756334,16.535664677619934,29.989343602210287,59.983270918019116,0.16574940858408807,0.011619001850485802,0.001395399495959282,1,0.0005410632023587823
57,train,1,100.65137084759772,36.66490548104048,105.22760357218401,33.00794247335584,-9.97401455071433,0.14962175066879577,588.5250868741423,66.16072145756334,16.535664677619934,29.989343602210287,59.983270918019116,0.16574940858408807,0.011619001850485802,0.001395399495959282,1,0.0005410632023587823
57,train,2,100.65137084759772,36.66490548104048,105.22336024101043,33.01021268574008,-9.967822764987755,0.14962644668959435,588.5250868741423,66.16072145756334,16.535664677619934,29.989343602210287,59.983270918019116,0.16574940858408807,0.011619001850485802,0.001395399495959282,1,0.0005410632023587823
57,train,3,100.65137084759772,36.66490548104048,105.22326570250145,33.0108326084202,-9.966131985557157,0.14963302529667835,588.5250868741423,66.16072145756334,16.535664677619934,29.989343602210287,59.983270918019116,0.16574940858408807,0.011619001850485802,0.001395399495959282,1,0.0005410632023587823
58,train,0,83.49443018063903,37.84024226292968,81.91435911325954,37.15360341393945,-1.8145730786266576,0.06045646825390596,183.50759632885456,89.44464709144086,15.390884816646576,12.795668798498811,21.354949590750035,0.09870231298729777,0.01972137771546841,0.012573072761297226,1,0.0008082767155952752
58,train,1,83.49443018063903,37.84024226292968,81.90802135161212,37.15540816280934,-1.8098036882582063,0.0604344930025283,183.50759632885456,89.44464709144086,15.390884816646576,12.795668798498811,21.354949590750035,0.09870231298729777,0.01972137771546841,0.012573072761297226,1,0.0008082767155952752
58,train,2,83.49443018063903,37.84024226292968,81.90375551265079,37.15544262821554,-1.8097126069010467,0.060465519014920956,183.50759632885456,89.44464709144086,15.390884816646576,12.795668798498811,21.354949590750035,0.09870231298729777,0.01972137771546841,0.012573072761297226,1,0.0008082767155952752
58,train,3,83.49443018063903,37.84024226292968,81.90093252930963,37.15768295827562,-1.8037921108204014,0.060500065085583137,183.50759632885456,89.44464709144086,15.390884816646576,12.795668798498811,21.354949590750035,0.09870231298729777,0.01972137771546841,0.012573072761297226,1,0.0008082767155952752
59,train,0,106.83880757167935,23.691331015899777,108.74463445361374,21.775465129898542,-8.086780285647341,0.19619860982729243,853.9311291649938,32.04189773648977,40.6486622095108,46.17267704103142,69.50429225340486,0.070510095320642,0.0021447672322392466,0.03269274234771728,1,0.00033076782906427983
59,train,1,106.83880757167935,23.691331015899777,108.74428332971326,21.77531555701408,-8.087411625796035,0.19622545628180188,853.9311291649938,32.04189773648977,40.6486622095108,46.17267704103142,69.50429225340486,0.070510095320642,0.0021447672322392466,0.03269274234771728,1,0.00033076782906427983
59,train,2,106.83880757167935,23.691331015899777,108.75582410437539,21.773729953348,-8.094104384700186,0.1961996317960654,853.9311291649938,32.04189773648977,40.6486622095108,46.17267704103142,69.50429225340486,0.070510095320642,0.0021447672322392466,0.03269274234771728,1,0.00033076782906427983
59,train,3,106.83880757167935,23.691331015899777,108.74876847566208,21.775338493984343,-8.087314809917475,0.1962062812582183,853.9311291649938,32.04189773648977,40.6486622095108,46.17267704103142,69.50429225340486,0.070510095320642,0.0021447672322392466,0.03269274234771728,1,0.00033076782906427983
60,train,0,111.82679229788482,31.4992530811578,112.43335211736061,28.977453472429776,-8.00590287722255,0.16826483269533835,343.41727434657514,41.20807672385126,33.747082486748695,5.091663696803153,35.867510214447975,0.15651868617162107,0.01742178922519088,0.01539518117904663,1,0.0009046124139800669
60,train,1,111.82679229788482,31.4992530811578,112.43109696776436,28.97148301380392,-8.024857163568557,0.16825610634494984,343.41727434657514,41.20807672385126,33.747082486748695,5.091663696803153,35.867510214447975,0.15651868617162107,0.01742178922519088,0.01539518117904663,1,0.0009046124139800669
60,train,2,111.82679229788482,31.4992530811578,112.46193141863424,28.965410558681594,-8.044135255994055,0.16829157777762055,343.41727434657514,41.20807672385126,33.747082486748695,5.091663696803153,35.867510214447975,0.15651868617162107,0.01742178922519088,0.01539518117904663,1,0.0009046124139800669
60,train,3,111.82679229788482,31.4992530811578,112.43819980207536,28.9709502372114,-8.026548557936371,0.16827257351549915,343.41727434657514,41.20807672385126,33.747082486748695,5.091663696803153,35.867510214447975,0.15651868617162107,0.01742178922519088,0.01539518117904663,1,0.0009046124139800669
61,train,0,78.69191921316087,47.346435364335775,78.88293942767694,46.675666254521886,-1.416725683047202,0.057711955954902756,908.1483765970916,80.28646272607148,22.20166738331318,39.96275506448001,84.75923059973866,0.038488342501223086,0.004522480461746454,0.035592665523290636,0,0.0004262521473690868
61,train,1,78.69191921316087,47.346435364335775,78.87974402508125,46.67711675946531,-1.4136620839984935,0.05769029893418077,908.1483765970916,80.28646272607148,22.20166738331318,39.96275506448001,84.75923059973866,0.038488342501223086,0.004522480461746454,0.035592665523290636,0,0.0004262521473690868
61,train,2,78.69191921316087,47.346435364335775,78.88519903325894,46.675913974288406,-1.4162024762532532,0.05769991725919613,908.1483765970916,80.28646272607148,22.20166738331318,39.96275506448001,84.75923059973866,0.038488342501223086,0.004522480461746454,0.035592665523290636,0,0.0004262521473690868
61,train,3,78.69191921316087,47.346435364335775,78.88133808025977,46.67734114599025,-1.413188159143925,0.057715717506540004,908.1483765970916,80.28646272607148,22.20166738331318,39.96275506448001,84.75923059973866,0.038488342501223086,0.004522480461746454,0.035592665523290636,0,0.0004262521473690868
62,train,0,105.49099048227072,26.014734141528606,104.34825194865105,25.909109751233064,-0.4060175657414484,0.09322351333783768,503.03717041388154,59.136938443407416,9.818592324852943,22.681247051805258,93.60773006919771,0.057235371507704254,0.006344418618828058,0.029269118234515192,1,0.0006934646883048118
62,train,1,105.49099048227072,26.014734141528606,104.37023301041603,25.9038792787593,-0.4261233736474792,0.09325742145118585,503.03717041388154,59.136938443407416,9.818592324852943,22.681247051805258,93.60773006919771,0.057235371507704254,0.006344418618828058,0.029269118234515192,1,0.0006934646883048118
62,train,2,105.49099048227072,26.014734141528606,104.34859697274779,25.90758632121742,-0.4118735933577868,0.09328559515793797,503.03717041388154,59.136938443407416,9.818592324852943,22.681247051805258,93.60773006919771,0.057235371507704254,0.006344418618828058,0.029269118234515192,1,0.0006934646883048118
62,train,3,105.49099048227072,26.014734141528606,104.35834934779483,25.907224979954467,-0.41326258031027446,0.0932585458450622,503.03717041388154,59.136938443407416,9.818592324852943,22.681247051805258,93.60773006919771,0.057235371507704254,0.006344418618828058,0.029269118234515192,1,0.0006934646883048118
63,train,0,92.02291288971901,42.042322752997286,92.33384105817672,40.167491627164374,-4.459389974354475,0.12138545120480196,748.5515057109296,49.400330004282296,46.13890941441059,33.64505845122039,44.715996943414204,0.1302575988136232,0.014231452401727438,0.009081399515271187,1,0.00021552346320822836
63,train,1,92.02291288971901,42.042322752997286,92.33839199191657,40.16597438101222,-4.4629988286060955,0.12137759700935187,748.5515057109296,49.400330004282296,46.13890941441059,33.64505845122039,44.715996943414204,0.1302575988136232,0.014231452401727438,0.009081399515271187,1,0.00021552346320822836
63,train,2,92.02291288971901,42.042322752997286,92.33330326779661,40.168474821793204,-4.457051391316123,0.12138461826625255,748.5515057109296,49.400330004282296,46.13890941441059,33.64505845122039,44.715996943414204,0.1302575988136232,0.014231452401727438,0.009081399515271187,1,0.00021552346320822836
63,train,3,92.02291288971901,42.042322752997286,92.33502634520642,40.16684629484811,-4.460924933115084,0.1213744384754611,748.5515057109296,49.400330004282296,46.13890941441059,33.64505845122039,44.715996943414204,0.1302575988136232,0.014231452401727438,0.009081399515271187,1,0.00021552346320822836
64,train,0,100.88360271044077,27.397780714556575,100.34078262401603,27.153514600171725,-0.8915543814651743,0.059244291020538284,422.4545714445412,50.36645813379437,30.32973112165928,32.21802120562643,39.98749680817127,0.06592681232839823,0.006152372378855944,0.01410815391689539,0,0.0003348080145195127
64,train,1,100.88360271044077,27.397780714556575,100.33926819116914,27.154794510313355,-0.8868827981899982,0.05925752057808141,422.4545714445412,50.36645813379437,30.32973112165928,32.21802120562643,39.98749680817127,0.06592681232839823,0.006152372378855944,0.01410815391689539,0,0.0003348080145195127
64,train,2,100.88360271044077,27.397780714556575,100.34063568643737,27.154886936389854,-0.886545449419082,0.0592260176337086,422.4545714445412,50.36645813379437,30.32973112165928,32.21802120562643,39.98749680817127,0.06592681232839823,0.006152372378855944,0.01410815391689539,0,0.0003348080145195127
64,train,3,100.88360271044077,27.397780714556575,100.34187407276336,27.153694978080956,-0.8908960146028705,0.05928945996148184,422.4545714445412,50.36645813379437,30.32973112165928,32.21802120562643,39.98749680817127,0.06592681232839823,0.006152372378855944,0.01410815391689539,0,0.0003348080145195127
65,train,0,96.6116742733866,41.60461001843215,96.58451845474458,39.83670543577772,-4.249299733541986,0.17710221545608507,615.1552240364254,58.90865125693381,25.721542075276375,21.295687486417588,86.46693794522433,0.1278935963474214,0.01327053500339389,0.03422286588698625,1,0.0008132436042651535
65,train,1,96.6116742733866,41.60461001843215,96.577505694252,39.836046787356786,-4.250882847578267,0.17714685904646865,615.1552240364254,58.90865125693381,25.721542075276375,21.295687486417588,86.46693794522433,0.1278935963474214,0.01327053500339389,0.03422286588698625,1,0.0008132436042651535
65,train,2,96.6116742733866,41.60461001843215,96.57809658171723,39.84036771044095,-4.240497164159409,0.17715974949283078,615.1552240364254,58.90865125693381,25.721542075276375,21.295687486417588,86.46693794522433,0.1278935963474214,0.01327053500339389,0.03422286588698625,1,0.0008132436042651535
65,train,3,96.6116742733866,41.60461001843215,96.56431066644726,39.84234925103919,-4.235734373215418,0.17709006982613112,615.1552240364254,58.90865125693381,25.721542075276375,21.295687486417588,86.46693794522433,0.1278935963474214,0.01327053500339389,0.03422286588698625,1,0.0008132436042651535
66,train,0,106.6442997418344,32.928929802030325,104.5942680143233,32.777089323472396,-0.46111574069001654,0.10375334750637266,157.02600902877748,80.41549901477993,6.579691544175148,49.7832286451012,77.61853049043566,0.14783012067899107,0.01508141053840518,0.02056594457477331,1,0.0005459751577116549
66,train,1,106.6442997418344,32.928929802030325,104.58956859240803,32.77979770002234,-0.452890825497725,0.10378985178165005,157.02600902877748,80.41549901477993,6.579691544175148,49.7832286451012,77.61853049043566,0.14783012067899107,0.01508141053840518,0.02056594457477331,1,0.0005459751577116549
66,train,2,106.6442997418344,32.928929802030325,104.60446942142252,32.773207196774386,-0.47290515116084453,0.10375529697413738,157.02600902877748,80.41549901477993,6.579691544175148,49.7832286451012,77.61853049043566,0.14783012067899107,0.01508141053840518,0.02056594457477331,1,0.0005459751577116549
66,train,3,106.6442997418344,32.928929802030325,104.59321862549497,32.77907525669862,-0.45508477266839553,0.10372254085273454,157.02600902877748,80.41549901477993,6.579691544175148,49.7832286451012,77.61853049043566,0.14783012067899107,0.01508141053840518,0.02056594457477331,1,0.0005459751577116549
67,train,0,83.89303957298398,46.84732960350812,87.61978619981561,43.61984947188668,-6.889357747682068,0.11246529940319526,880.6132491212338,40.27758345473558,49.46278400719166,14.95842147618532,31.13909926265478,0.040849469639360904,0.0029755395837128165,0.0004414669796824455,1,0.0010239509363658727
67,train,1,83.89303957298398,46.84732960350812,87.60435373601354,43.62626130583796,-6.875671089327057,0.11268609658673327,880.6132491212338,40.27758345473558,49.46278400719166,14.95842147618532,31.13909926265478,0.040849469639360904,0.0029755395837128165,0.0004414669796824455,1,0.0010239509363658727
67,train,2,83.89303957298398,46.84732960350812,87.6182660344726,43.616735201451846,-6.896005448759565,0.11271673648763113,880.6132491212338,40.27758345473558,49.46278400719166,14.95842147618532,31.13909926265478,0.040849469639360904,0.0029755395837128165,0.0004414669796824455,1,0.0010239509363658727
67,train,3,83.89303957298398,46.84732960350812,87.63038031787902,43.613905938988424,-6.9020447737058745,0.11267118811435417,880.6132491212338,40.27758345473558,49.46278400719166,14.95842147618532,31.13909926265478,0.040849469639360904,0.0029755395837128165,0.0004414669796824455,1,0.0010239509363658727
68,train,0,78.90556043200195,38.335973190143704,77.95588388318993,37.00516369756736,-3.4714378737057916,0.10772299659390981,316.9816851615906,31.163041163235903,36.93323427438736,41.930843740701675,63.09427073225379,0.09054263619706035,0.017781523019075395,0.027724575214087964,1,0.00022461199518293145
68,train,1,78.90556043200195,38.335973190143704,77.95606404851254,37.0050297489714,-3.4717872807634613,0.10773641453012994,316.9816851615906,31.163041163235903,36.93323427438736,41.930843740701675,63.09427073225379,0.09054263619706035,0.017781523019075395,0.027724575214087964,1,0.00022461199518293145
68,train,2,78.90556043200195,38.335973190143704,77.9556716826455,37.00587135766925,-3.4695919309971472,0.10770691880274598,316.9816851615906,31.163041163235903,36.93323427438736,41.930843740701675,63.09427073225379,0.09054263619706035,0.017781523019075395,0.027724575214087964,1,0.00022461199518293145
68,train,3,78.90556043200195,38.335973190143704,77.95625776552367,37.00521196617733,-3.47131196426369,0.10772834176113098,316.9816851615906,31.163041163235903,36.93323427438736,41.930843740701675,63.09427073225379,0.09054263619706035,0.017781523019075395,0.027724575214087964,1,0.00022461199518293145
69,train,0,111.44615889154373,22.25049513205886,113.36347759775633,21.655061556107178,-2.676046408934839,0.03655936032523873,934.7990801557899,89.53803980257362,19.01258420944214,8.600248442962766,15.872485493309794,0.07374583717435598,0.00035355236381292345,0.007521675489842892,0,0.0007034940855577588
69,train,1,111.44615889154373,22.25049513205886,113.36113057617635,21.654404409178394,-2.6789998125552277,0.036588600838210764,934.7990801557899,89.53803980257362,19.01258420944214,8.600248442962766,15.872485493309794,0.07374583717435598,0.00035355236381292345,0.007521675489842892,0,0.0007034940855577588
69,train,2,111.44615889154373,22.25049513205886,113.33772225599495,21.660557015777893,-2.651348263396509,0.03653749059956767,934.7990801557899,89.53803980257362,19.01258420944214,8.600248442962766,15.872485493309794,0.07374583717435598,0.00035355236381292345,0.007521675489842892,0,0.0007034940855577588
69,train,3,111.44615889154373,22.25049513205886,113.34846772493931,21.65670741668603,-2.6686494473432796,0.036611611221595834,934.7990801557899,89.53803980257362,19.01258420944214,8.600248442962766,15.872485493309794,0.07374583717435598,0.00035355236381292345,0.007521675489842892,0,0.0007034940855577588
70,train,0,91.7727050408721,51.082310907542706,92.8101546807969,48.359801697863965,-5.3296516177711455,0.14889490387397625,476.54960160143673,66.10308952163905,12.632439196109772,36.99982781428844,54.500893172807984,0.010705886743962764,0.008462108038365841,0.016363533325493337,1,0.00043622661130502825
70,train,1,91.7727050408721,51.082310907542706,92.80847831940605,48.35928037275186,-5.330672176753,0.14889598379284125,476.54960160143673,66.10308952163905,12.632439196109772,36.99982781428844,54.500893172807984,0.010705886743962764,0.008462108038365841,0.016363533325493337,1,0.00043622661130502825
70,train,2,91.7727050408721,51.082310907542706,92.80518537977555,48.36317100009066,-5.323055788086017,0.1489291203370428,476.54960160143673,66.10308952163905,12.632439196109772,36.99982781428844,54.500893172807984,0.010705886743962764,0.008462108038365841,0.016363533325493337,1,0.00043622661130502825
70,train,3,91.7727050408721,51.082310907542706,92.80512830485969,48.36351636500148,-5.322379693162575,0.14892106642782305,476.54960160143673,66.10308952163905,12.632439196109772,36.99982781428844,54.500893172807984,0.010705886743962764,0.008462108038365841,0.016363533325493337,1,0.00043622661130502825
71,train,0,105.83397176861763,35.292559860274196,105.09881626451465,35.17279887265754,-0.33933777569777435,0.08393990977042941,775.2535840962082,43.16414535045624,43.32799053192139,24.759205966256555,101.7226713337004,0.16250564156100153,0.010882674604654313,0.036556667424738405,1,0.0009137558759190142
71,train,1,105.83397176861763,35.292559860274196,105.07762262011728,35.183821683228444,-0.30810510055449436,0.08379943491377641,775.2535840962082,43.16414535045624,43.32799053192139,24.759205966256555,101.7226713337004,0.16250564156100153,0.010882674604654313,0.036556667424738405,1,0.0009137558759190142
71,train,2,105.83397176861763,35.292559860274196,105.06636899024807,35.185299550292015,-0.3039176257172418,0.08390041374270069,775.2535840962082,43.16414535045624,43.32799053192139,24.759205966256555,101.7226713337004,0.16250564156100153,0.010882674604654313,0.036556667424738405,1,0.0009137558759190142
71,train,3,105.83397176861763,35.292559860274196,105.08640350475233,35.17816933377513,-0.3241207975617113,0.08392568606644984,775.2535840962082,43.16414535045624,43.32799053192139,24.759205966256555,101.7226713337004,0.16250564156100153,0.010882674604654313,0.036556667424738405,1,0.0009137558759190142
72,train,0,114.20799192786217,48.42210774123669,113.02094957045746,48.049736377049726,-0.7690110603546665,0.09806273068372147,233.1851363182068,46.73817711882293,47.465960666537285,40.4560953611508,68.66395987104625,0.03178771549835801,0.012227965742349625,0.025366849713027478,1,0.0010825227897614243
72,train,1,114.20799192786217,48.42210774123669,113.02442244063816,48.05386412128181,-0.7604865569312569,0.0979866709935732,233.1851363182068,46.73817711882293,47.465960666537285,40.4560953611508,68.66395987104625,0.03178771549835801,0.012227965742349625,0.025366849713027478,1,0.0010825227897614243
72,train,2,114.20799192786217,48.42210774123669,112.993578748267,48.06465006348256,-0.7382117268920856,0.09799995839343915,233.1851363182068,46.73817711882293,47.465960666537285,40.4560953611508,68.66395987104625,0.03178771549835801,0.012227965742349625,0.025366849713027478,1,0.0010825227897614243
72,train,3,114.20799192786217,48.42210774123669,113.02985209945349,48.047357905383855,-0.7739230143707571,0.09798869185395383,233.1851363182068,46.73817711882293,47.465960666537285,40.4560953611508,68.66395987104625,0.03178771549835801,0.012227965742349625,0.025366849713027478,1,0.0010825227897614243
73,train,0,81.06557562202215,34.21071175299585,81.29421020780194,33.37121599335212,-2.4538973807530056,0.05681192831688532,811.0955527052283,70.69373690057546,8.573606476187706,7.784956688992678,22.184404423460364,0.1385653068870306,0.009655879400670529,0.005481856130063534,0,0.0006049592666327953
73,train,1,81.06557562202215,34.21071175299585,81.28828229568744,33.371647789907556,-2.4526352130479094,0.0569135651412134,811.0955527052283,70.69373690057546,8.573606476187706,7.784956688992678,22.184404423460364,0.1385653068870306,0.009655879400670529,0.005481856130063534,0,0.0006049592666327953
73,train,2,81.06557562202215,34.21071175299585,81.28832478191192,33.373024976786475,-2.448609611684038,0.05684805353293482,811.0955527052283,70.69373690057546,8.573606476187706,7.784956688992678,22.184404423460364,0.1385653068870306,0.009655879400670529,0.005481856130063534,0,0.0006049592666327953
73,train,3,81.06557562202215,34.21071175299585,81.29730496532642,33.36830849504212,-2.4623961758993698,0.056940994288718884,811.0955527052283,70.69373690057546,8.573606476187706,7.784956688992678,22.184404423460364,0.1385653068870306,0.009655879400670529,0.005481856130063534,0,0.0006049592666327953
74,train,0,103.12096256576478,39.136277416720986,102.01215023866992,39.64259063239781,1.2937183838044324,0.07411860995401855,392.7789926994592,84.98012131545693,23.21836631000042,35.525508504360914,60.81272433511912,0.11446097843348979,0.001508261226117611,0.019304793067276477,1,0.0008722271784208716
74,train,1,103.12096256576478,39.136277416720986,102.00755781177732,39.64356651135968,1.2962119243920638,0.07416191604348542,392.7789926994592,84.98012131545693,23.21836631000042,35.525508504360914,60.81272433511912,0.11446097843348979,0.001508261226117611,0.019304793067276477,1,0.0008722271784208716
74,train,2,103.12096256576478,39.136277416720986,102.00840229025968,39.64052547099355,1.2884415369999445,0.07421787258100365,392.7789926994592,84.98012131545693,23.21836631000042,35.525508504360914,60.81272433511912,0.11446097843348979,0.001508261226117611,0.019304793067276477,1,0.0008722271784208716
74,train,3,103.12096256576478,39.136277416720986,102.00669537065717,39.64381179844176,1.2968386755760517,0.07424613056845612,392.7789926994592,84.98012131545693,23.21836631000042,35.525508504360914,60.81272433511912,0.11446097843348979,0.001508261226117611,0.019304793067276477,1,0.0008722271784208716
75,train,0,89.6476520281285,25.222444746643305,92.67578269709713,22.615630883703624,-10.335294175980328,0.14658087476526904,651.4722368214279,27.619757065549493,32.83581779897213,23.94365663640201,107.29226704221219,0.052685999516397714,0.019087751656770707,0.03918002102524042,0,0.0003933793331496418
75,train,1,89.6476520281285,25.222444746643305,92.68390361767408,22.612612834430113,-10.347259904536095,0.14668134076080938,651.4722368214279,27.619757065549493,32.83581779897213,23.94365663640201,107.29226704221219,0.052685999516397714,0.019087751656770707,0.03918002102524042,0,0.0003933793331496418
75,train,2,89.6476520281285,25.222444746643305,92.67766082723854,22.613691306818634,-10.342984060543364,0.1466020029063243,651.4722368214279,27.619757065549493,32.83581779897213,23.94365663640201,107.29226704221219,0.052685999516397714,0.019087751656770707,0.03918002102524042,0,0.0003933793331496418
75,train,3,89.6476520281285,25.222444746643305,92.67528807893255,22.61469586396271,-10.339001270000384,0.1466430023724121,651.4722368214279,27.619757065549493,32.83581779897213,23.94365663640201,107.29226704221219,0.052685999516397714,0.019087751656770707,0.03918002102524042,0,0.0003933793331496418
76,train,0,94.60497980192304,29.982544098049406,94.34195773038618,29.99419230972169,0.038849977620952,0.13819719209055945,552.7079341001809,36.74223586451262,40.76871636509895,27.760762264952064,45.5463565280661,0.16889046996831894,0.0038961786217987537,0.011482064463198185,1,0.000967711003869772
76,train,1,94.60497980192304,29.982544098049406,94.34584461321478,29.994293678461883,0.03918807014525824,0.13814424834406994,552.7079341001809,36.74223586451262,40.76871636509895,27.760762264952064,45.5463565280661,0.16889046996831894,0.0038961786217987537,0.011482064463198185,1,0.000967711003869772
76,train,2,94.60497980192304,29.982544098049406,94.35915168630952,29.98758502473534,0.01681287174779419,0.13815143569830413,552.7079341001809,36.74223586451262,40.76871636509895,27.760762264952064,45.5463565280661,0.16889046996831894,0.0038961786217987537,0.011482064463198185,1,0.000967711003869772
76,train,3,94.60497980192304,29.982544098049406,94.36078886613214,29.986921976746977,0.014601425026685653,0.13833406826245973,552.7079341001809,36.74223586451262,40.76871636509895,27.760762264952064,45.5463565280661,0.16889046996831894,0.0038961786217987537,0.011482064463198185,1,0.000967711003869772
77,train,0,98.27503603324296,46.06529323197901,98.87814095803522,43.805264266617925,-4.906142578925681,0.1067742060074349,705.7350675575435,75.86551703512669,15.188811033964157,17.497329954057932,92.76794251985848,0.016931987721472978,0.016777959000319243,0.031279459185898306,1,0.0004897146593779326
77,train,1,98.27503603324296,46.06529323197901,98.8786647995422,43.80330346737836,-4.910399144122569,0.10682361646481842,705.7350675575435,75.86551703512669,15.188811033964157,17.497329954057932,92.76794251985848,0.016931987721472978,0.016777959000319243,0.031279459185898306,1,0.0004897146593779326
77,train,2,98.27503603324296,46.06529323197901,98.87611969052305,43.80435081353794,-4.908125531851614,0.1068158311895544,705.7350675575435,75.86551703512669,15.188811033964157,17.497329954057932,92.76794251985848,0.016931987721472978,0.016777959000319243,0.031279459185898306,1,0.0004897146593779326
77,train,3,98.27503603324296,46.06529323197901,98.86921719885989,43.806995822429855,-4.902383662634381,0.10684880318613786,705.7350675575435,75.86551703512669,15.188811033964157,17.497329954057932,92.76794251985848,0.016931987721472978,0.016777959000319243,0.031279459185898306,1,0.0004897146593779326
78,train,0,85.87439348734915,28.483363127335906,87.3832376294006,26.735126770765373,-6.137745563102851,0.10238514492662786,287.3053116258234,63.49136212840676,17.07186034321785,45.32571229618043,83.91944163478911,0.08986629070714115,0.014849895965307952,0.02260361697524786,0,0.0007569835300557315
78,train,1,85.87439348734915,28.483363127335906,87.37466474283218,26.73688830855459,-6.131561118585747,0.10241862607664576,287.3053116258234,63.49136212840676,17.07186034321785,45.32571229618043,83.91944163478911,0.08986629070714115,0.014849895965307952,0.02260361697524786,0,0.0007569835300557315
78,train,2,85.87439348734915,28.483363127335906,87.38130724113756,26.734161388856865,-6.141134846538914,0.10238224774986894,287.3053116258234,63.49136212840676,17.07186034321785,45.32571229618043,83.91944163478911,0.08986629070714115,0.014849895965307952,0.02260361697524786,0,0.0007569835300557315
78,train,3,85.87439348734915,28.483363127335906,87.3743308390734,26.736847710486483,-6.13170365115089,0.10243462416832295,287.3053116258234,63.49136212840676,17.07186034321785,45.32571229618043,83.91944163478911,0.08986629070714115,0.014849895965307952,0.02260361697524786,0,0.0007569835300557315
79,train,0,109.21355548687279,44.275842651724815,109.15799952136814,43.49938585191221,-1.753680457129285,0.10623368250902245,971.1152728181332,53.93255339469761,38.876863688230515,11.160493181087077,36.697871214710176,0.10681124925613403,0.006955823916941882,0.002796456627547741,1,0.00027856851955875754
79,train,1,109.21355548687279,44.275842651724815,109.15709028887865,43.50065728081675,-1.7508088485310134,0.10622417027412139,971.1152728181332,53.93255339469761,38.876863688230515,11.160493181087077,36.697871214710176,0.10681124925613403,0.006955823916941882,0.002796456627547741,1,0.00027856851955875754
79,train,2,109.21355548687279,44.275842651724815,109.1591186661404,43.49975588656751,-1.7528447087095025,0.10622234622222941,971.1152728181332,53.93255339469761,38.876863688230515,11.160493181087077,36.697871214710176,0.10681124925613403,0.006955823916941882,0.002796456627547741,1,0.00027856851955875754
79,train,3,109.21355548687279,44.275842651724815,109.15516286497166,43.50005312465099,-1.7521733762950873,0.10625069523169785,971.1152728181332,53.93255339469761,38.876863688230515,11.160493181087077,36.697871214710176,0.10681124925613403,0.006955823916941882,0.002796456627547741,1,0.00027856851955875754
80,train,0,90.67151865921915,33.341684721410275,92.32431394665497,31.239568295934337,-6.304769669080552,0.13309988619096982,268.36703680455685,56.33178604301065,14.120567381381989,19.910908276215192,80.62559345271438,0.07237682746723294,0.006793923862278462,0.006747046113014222,1,0.0006351402728818358
80,train,1,90.67151865921915,33.341684721410275,92.32518619452954,31.237712420448787,-6.3103359009643185,0.13310670462629104,268.36703680455685,56.33178604301065,14.120567381381989,19.910908276215192,80.62559345271438,0.07237682746723294,0.006793923862278462,0.006747046113014222,1,0.0006351402728818358
80,train,2,90.67151865921915,33.341684721410275,92.32574366882609,31.242172999092325,-6.296957516876028,0.13306168803523843,268.36703680455685,56.33178604301065,14.120567381381989,19.910908276215192,80.62559345271438,0.07237682746723294,0.006793923862278462,0.006747046113014222,1,0.0006351402728818358
80,train,3,90.67151865921915,33.341684721410275,92.3337236213036,31.23887074251381,-6.306861805174914,0.13307854765549484,268.36703680455685,56.33178604301065,14.120567381381989,19.910908276215192,80.62559345271438,0.07237682746723294,0.006793923862278462,0.006747046113014222,1,0.0006351402728818358
81,train,0,104.43476912193,49.3692402523011,103.30472679172067,48.93320585705364,-0.8832106652221271,0.057239946856835706,992.330608703196,64.87692339345813,41.930696964263916,30.78549381345511,33.96044936962426,0.10039308920502663,0.013899745866656304,0.026622425764799118,0,0.0010576279799453915
81,train,1,104.43476912193,49.3692402523011,103.31140107462622,48.932589785138084,-0.8844585513804029,0.05738027448180665,992.330608703196,64.87692339345813,41.930696964263916,30.78549381345511,33.96044936962426,0.10039308920502663,0.013899745866656304,0.026622425764799118,0,0.0010576279799453915
81,train,2,104.43476912193,49.3692402523011,103.31482349230811,48.93244636261574,-0.8847490612639057,0.0572318736719759,992.330608703196,64.87692339345813,41.930696964263916,30.78549381345511,33.96044936962426,0.10039308920502663,0.013899745866656304,0.026622425764799118,0,0.0010576279799453915
81,train,3,104.43476912193,49.3692402523011,103.29637548589434,48.9394207319136,-0.8706221084037485,0.057274170293844136,992.330608703196,64.87692339345813,41.930696964263916,30.78549381345511,33.96044936962426,0.10039308920502663,0.013899745866656304,0.026622425764799118,0,0.0010576279799453915
82,train,0,80.30811524391173,24.287653582170606,79.83819382957454,23.359245332094197,-3.8225522565833456,0.09088523062535035,534.1848772484809,74.45017885416746,37.81375843286514,13.569865799508989,48.861959809437394,0.16388285145163536,0.01697159819304943,0.03796611480414867,1,0.0004248453672975302
82,train,1,80.30811524391173,24.287653582170606,79.83498945324273,23.360498210633725,-3.8173937568736607,0.09088471264164188,534.1848772484809,74.45017885416746,37.81375843286514,13.569865799508989,48.861959809437394,0.16388285145163536,0.01697159819304943,0.03796611480414867,1,0.0004248453672975302
82,train,2,80.30811524391173,24.287653582170606,79.83817962460107,23.360156972749508,-3.8187987418511575,0.09089853788756704,534.1848772484809,74.45017885416746,37.81375843286514,13.569865799508989,48.861959809437394,0.16388285145163536,0.01697159819304943,0.03796611480414867,1,0.0004248453672975302
82,train,3,80.30811524391173,24.287653582170606,79.83841628854584,23.359423589926035,-3.821818312354297,0.09085036511984386,534.1848772484809,74.45017885416746,37.81375843286514,13.569865799508989,48.861959809437394,0.16388285145163536,0.01697159819304943,0.03796611480414867,1,0.0004248453672975302
83,train,0,112.55298053473236,40.13486894592643,113.56098478532502,39.02968672894548,-2.753670925075053,0.09226057616306914,726.5351379755884,34.30931906681508,18.22872543334961,48.35447788704187,95.52709681447595,0.000847229529172182,0.00485365379601717,0.018080969527363776,0,0.0008460492886602879
83,train,1,112.55298053473236,40.13486894592643,113.57480771304722,39.026250518336184,-2.7622325840502415,0.09235452902012581,726.5351379755884,34.30931906681508,18.22872543334961,48.35447788704187,95.52709681447595,0.000847229529172182,0.00485365379601717,0.018080969527363776,0,0.0008460492886602879
83,train,2,112.55298053473236,40.13486894592643,113.54952458196074,39.03478685678347,-2.7409634515689945,0.09237574261146639,726.5351379755884,34.30931906681508,18.22872543334961,48.35447788704187,95.52709681447595,0.000847229529172182,0.00485365379601717,0.018080969527363776,0,0.0008460492886602879
83,train,3,112.55298053473236,40.13486894592643,113.56273972729765,39.03131482562534,-2.7496143609884687,0.09224207707628475,726.5351379755884,34.30931906681508,18.22872543334961,48.35447788704187,95.52709681447595,0.000847229529172182,0.00485365379601717,0.018080969527363776,0,0.0008460492886602879
84,train,0,107.89955895580351,45.15989902243018,106.22275875415811,44.279029426910114,-1.950557053022977,0.0575543988617694,375.402766559273,25.194743843749166,8.161601200699806,9.94176831562072,57.344870041124516,0.13212484695017337,0.0196619257889688,0.030006945803761485,0,0.0005185714255087078
84,train,1,107.89955895580351,45.15989902243018,106.23417450322529,44.27457645775217,-1.9604175027899946,0.0575506175896358,375.402766559273,25.194743843749166,8.161601200699806,9.94176831562072,57.344870041124516,0.13212484695017337,0.0196619257889688,0.030006945803761485,0,0.0005185714255087078
84,train,2,107.89955895580351,45.15989902243018,106.22809261102486,44.27678803096143,-1.9555202969566654,0.05751794989010239,375.402766559273,25.194743843749166,8.161601200699806,9.94176831562072,57.344870041124516,0.13212484695017337,0.0196619257889688,0.030006945803761485,0,0.0005185714255087078
84,train,3,107.89955895580351,45.15989902243018,106.23918106035033,44.273680607675686,-1.96240123192996,0.057538299163123655,375.402766559273,25.194743843749166,8.161601200699806,9.94176831562072,57.344870041124516,0.13212484695017337,0.0196619257889688,0.030006945803761485,0,0.0005185714255087078
85,train,0,84.85028195567429,31.01101906783879,88.06842716042576,29.065174147294368,-6.274688736567323,0.08299916679616758,674.4571409188211,83.57274869922549,47.784180358052254,43.408003761433065,104.75204466842115,0.058927007708698506,0.0022414509393274785,0.010199631974101066,1,0.0009406267403624952
85,train,1,84.85028195567429,31.01101906783879,88.05807547974369,29.06531114897716,-6.274246952688855,0.08287344689776414,674.4571409188211,83.57274869922549,47.784180358052254,43.408003761433065,104.75204466842115,0.058927007708698506,0.0022414509393274785,0.010199631974101066,1,0.0009406267403624952
85,train,2,84.85028195567429,31.01101906783879,88.0615341511937,29.066828017214533,-6.26935556800376,0.08294982834253925,674.4571409188211,83.57274869922549,47.784180358052254,43.408003761433065,104.75204466842115,0.058927007708698506,0.0022414509393274785,0.010199631974101066,1,0.0009406267403624952
85,train,3,84.85028195567429,31.01101906783879,88.0789438118317,29.06010518922783,-6.291034404071663,0.08298425589387509,674.4571409188211,83.57274869922549,47.784180358052254,43.408003761433065,104.75204466842115,0.058927007708698506,0.0022414509393274785,0.010199631974101066,1,0.0009406267403624952
86,train,0,99.92971249297261,43.436470178887255,99.03671227324064,43.39954879356894,-0.08500088788582039,0.07361287336426972,216.22417881153524,72.0713945897296,32.42897380888462,26.104502305388447,72.13035325519739,0.03662092873826623,0.00909391263499856,0.004042100161314011,1,0.00030784315541386605
86,train,1,99.92971249297261,43.436470178887255,99.03525705284169,43.40017960013057,-0.08354863691092775,0.07359926873871099,216.22417881153524,72.0713945897296,32.42897380888462,26.104502305388447,72.13035325519739,0.03662092873826623,0.00909391263499856,0.004042100161314011,1,0.00030784315541386605
86,train,2,99.92971249297261,43.436470178887255,99.0374332842195,43.39864834166976,-0.08707391982296256,0.07358848631630321,216.22417881153524,72.0713945897296,32.42897380888462,26.104502305388447,72.13035325519739,0.03662092873826623,0.00909391263499856,0.004042100161314011,1,0.00030784315541386605
86,train,3,99.92971249297261,43.436470178887255,99.03585145546305,43.39876791067592,-0.08679864651999412,0.07360751975796485,216.22417881153524,72.0713945897296,32.42897380888462,26.104502305388447,72.13035325519739,0.03662092873826623,0.00909391263499856,0.004042100161314011,1,0.00030784315541386605
87,train,0,95.36205032095313,29.460579238832,95.32412751438676,28.133707513578933,-4.5038887881203475,0.1276918783373814,833.6652419995517,49.129444202408195,23.53149338066578,38.473211200907826,24.723188537172973,0.154827216938138,0.011521631833165884,0.023839648365974426,1,0.0007294794823974371
87,train,1,95.36205032095313,29.460579238832,95.32485122028348,28.13479737570941,-4.500189396734853,0.12770976619049274,833.6652419995517,49.129444202408195,23.53149338066578,38.473211200907826,24.723188537172973,0.154827216938138,0.011521631833165884,0.023839648365974426,1,0.0007294794823974371
87,train,2,95.36205032095313,29.460579238832,95.30988244415514,28.139130067421238,-4.485482653609741,0.12776360526200636,833.6652419995517,49.129444202408195,23.53149338066578,38.473211200907826,24.723188537172973,0.154827216938138,0.011521631833165884,0.023839648365974426,1,0.0007294794823974371
87,train,3,95.36205032095313,29.460579238832,95.32453223365656,28.134970008726317,-4.49960341702446,0.12774376208049681,833.6652419995517,49.129444202408195,23.53149338066578,38.473211200907826,24.723188537172973,0.154827216938138,0.011521631833165884,0.023839648365974426,1,0.0007294794823974371
88,train,0,86.99498590454459,42.58841056190431,88.18756228394527,40.72384638236621,-4.378102293411183,0.09510675171286971,497.4526227451861,44.57946512848139,21.675287753343582,6.351420786231756,51.782428827136755,0.015537895672023296,0.010367075558751822,0.033006351068615915,1,0.0007857189253903926
88,train,1,86.99498590454459,42.58841056190431,88.19146291261347,40.72503181740085,-4.3753188248125685,0.0950250777969241,497.4526227451861,44.57946512848139,21.675287753343582,6.351420786231756,51.782428827136755,0.015537895672023296,0.010367075558751822,0.033006351068615915,1,0.0007857189253903926
88,train,2,86.99498590454459,42.58841056190431,88.17842023018622,40.72707465745238,-4.37052212067505,0.09503676924676278,497.4526227451861,44.57946512848139,21.675287753343582,6.351420786231756,51.782428827136755,0.015537895672023296,0.010367075558751822,0.033006351068615915,1,0.0007857189253903926
88,train,3,86.99498590454459,42.58841056190431,88.17317657749167,40.73027254988154,-4.363013288138279,0.0950664400895352,497.4526227451861,44.57946512848139,21.675287753343582,6.351420786231756,51.782428827136755,0.015537895672023296,0.010367075558751822,0.033006351068615915,1,0.0007857189253903926
89,train,0,110.62988163903356,26.56544317305088,110.11220841310015,24.997788675029792,-5.901104257170394,0.17762539588171844,756.6259584389627,68.53604796808213,34.364248007535934,39.07095137052238,98.44737366307527,0.17876600934192538,0.007787531409412623,0.012882027551531791,1,0.00036410328494384885
89,train,1,110.62988163903356,26.56544317305088,110.11376476063671,24.998390622362685,-5.898838353571607,0.17762102550447906,756.6259584389627,68.53604796808213,34.364248007535934,39.07095137052238,98.44737366307527,0.17876600934192538,0.007787531409412623,0.012882027551531791,1,0.00036410328494384885
89,train,2,110.62988163903356,26.56544317305088,110.11447717050355,24.998246443247304,-5.899381085399729,0.17763467464010738,756.6259584389627,68.53604796808213,34.364248007535934,39.07095137052238,98.44737366307527,0.17876600934192538,0.007787531409412623,0.012882027551531791,1,0.00036410328494384885
89,train,3,110.62988163903356,26.56544317305088,110.11294614700117,24.99899647316513,-5.896557756186142,0.1776185663328197,756.6259584389627,68.53604796808213,34.364248007535934,39.07095137052238,98.44737366307527,0.17876600934192538,0.007787531409412623,0.012882027551531791,1,0.00036410328494384885
90,train,0,93.18243855424225,47.89714461937547,93.83825503434099,47.42886855294079,-0.97767010989053,0.034585852356901294,338.2999749388546,87.13884105440229,45.98413661122322,22.514584013260897,65.82577001769096,0.10820805234834552,0.000896007213741541,0.0017043541371822358,0,0.0009968872906640173
90,train,1,93.18243855424225,47.89714461937547,93.84659011619544,47.4279187731661,-0.9796530668752187,0.034499837058836684,338.2999749388546,87.13884105440229,45.98413661122322,22.514584013260897,65.82577001769096,0.10820805234834552,0.000896007213741541,0.0017043541371822358,0,0.0009968872906640173
90,train,2,93.18243855424225,47.89714461937547,93.84433703151886,47.42719832711076,-0.9811572192856871,0.03434462133532101,338.2999749388546,87.13884105440229,45.98413661122322,22.514584013260897,65.82577001769096,0.10820805234834552,0.000896007213741541,0.0017043541371822358,0,0.0009968872906640173
90,train,3,93.18243855424225,47.89714461937547,93.82883319935517,47.43251868146591,-0.9700493455336561,0.034479212446194556,338.2999749388546,87.13884105440229,45.98413661122322,22.514584013260897,65.82577001769096,0.10820805234834552,0.000896007213741541,0.0017043541371822358,0,0.0009968872906640173
91,train,0,97.15051161684096,32.04534066654742,96.60173993779384,30.862591241906035,-3.6908623844840873,0.08792474961397449,915.7562396954745,29.777453746646643,10.070079058408737,34.13590140175074,19.16084075346589,0.07998804431408643,0.01846830701455474,0.02181891202926636,1,0.0005748113026842475
91,train,1,97.15051161684096,32.04534066654742,96.59912867658768,30.864793464007196,-3.6839901776192123,0.08790353505217965,915.7562396954745,29.777453746646643,10.070079058408737,34.13590140175074,19.16084075346589,0.07998804431408643,0.01846830701455474,0.02181891202926636,1,0.0005748113026842475
91,train,2,97.15051161684096,32.04534066654742,96.59637908687621,30.864504764775774,-3.684891086223761,0.08789195255352597,915.7562396954745,29.777453746646643,10.070079058408737,34.13590140175074,19.16084075346589,0.07998804431408643,0.01846830701455474,0.02181891202926636,1,0.0005748113026842475
91,train,3,97.15051161684096,32.04534066654742,96.59322930903593,30.8663510676579,-3.6791295532092168,0.08789636409196384,915.7562396954745,29.777453746646643,10.070079058408737,34.13590140175074,19.16084075346589,0.07998804431408643,0.01846830701455474,0.02181891202926636,1,0.0005748113026842475
92,train,0,101.84800057858229,23.271571228280663,101.77471685997774,23.560666136599096,1.2422663922542037,0.09690276623165993,179.49274443089962,38.8999616028741,27.540506526827812,18.974125194363292,75.05078829824924,0.1428209545277059,0.0032741402462124827,0.008765044212341309,1,0.0006772818987257779
92,train,1,101.84800057858229,23.271571228280663,101.78756888933327,23.557526669536458,1.2287758245918803,0.09687552634951657,179.49274443089962,38.8999616028741,27.540506526827812,18.974125194363292,75.05078829824924,0.1428209545277059,0.0032741402462124827,0.008765044212341309,1,0.0006772818987257779
92,train,2,101.84800057858229,23.271571228280663,101.78871852933321,23.55895945098782,1.2349326132217002,0.09688851510996678,179.49274443089962,38.8999616028741,27.540506526827812,18.974125194363292,75.05078829824924,0.1428209545277059,0.0032741402462124827,0.008765044212341309,1,0.0006772818987257779
92,train,3,101.84800057858229,23.271571228280663,101.78627956022942,23.558832920008935,1.2343888984134304,0.0968796682302288,179.49274443089962,38.8999616028741,27.540506526827812,18.974125194363292,75.05078829824924,0.1428209545277059,0.0032741402462124827,0.008765044212341309,1,0.0006772818987257779
93,train,0,88.6704232096672,37.42321586981416,91.82452205758621,33.8116055016476,-9.650721575426427,0.1707474205358764,863.7568572536111,78.02420384250581,28.417006477713585,29.10127362702042,27.643499360419806,0.02476351249963045,0.01616829924285412,0.028958027213811875,0,0.00025611232975497844
93,train,1,88.6704232096672,37.42321586981416,91.82715949205064,33.81140833384301,-9.651248435024158,0.17078607609766427,863.7568572536111,78.02420384250581,28.417006477713585,29.10127362702042,27.643499360419806,0.02476351249963045,0.01616829924285412,0.028958027213811875,0,0.00025611232975497844
93,train,2,88.6704232096672,37.42321586981416,91.8279627063798,33.810123796029174,-9.654680897424775,0.17077311311528895,863.7568572536111,78.02420384250581,28.417006477713585,29.10127362702042,27.643499360419806,0.02476351249963045,0.01616829924285412,0.028958027213811875,0,0.00025611232975497844
93,train,3,88.6704232096672,37.42321586981416,91.82868006986524,33.81008871104749,-9.654774649340188,0.17077852673649843,863.7568572536111,78.02420384250581,28.417006477713585,29.10127362702042,27.643499360419806,0.02476351249963045,0.01616829924285412,0.028958027213811875,0,0.00025611232975497844
94,train,0,115.17900565080345,36.24787886440754,115.31959149850877,34.630225082434926,-4.462754325635911,0.17101801450180895,445.33652481622994,61.333644138649106,51.27516810595989,12.63282514177263,42.54510323051363,0.048438553400337696,0.01297925941646099,0.03528157465159893,1,0.000888895376585424
94,train,1,115.17900565080345,36.24787886440754,115.3470059830031,34.617776599575805,-4.497096977534763,0.17098140631436684,445.33652481622994,61.333644138649106,51.27516810595989,12.63282514177263,42.54510323051363,0.048438553400337696,0.01297925941646099,0.03528157465159893,1,0.000888895376585424
94,train,2,115.17900565080345,36.24787886440754,115.34911568292054,34.61732638074396,-4.49833903319692,0.1710893422796819,445.33652481622994,61.333644138649106,51.27516810595989,12.63282514177263,42.54510323051363,0.048438553400337696,0.01297925941646099,0.03528157465159893,1,0.000888895376585424
94,train,3,115.17900565080345,36.24787886440754,115.33780069697931,34.62171248551032,-4.486238725803012,0.1709825658122812,445.33652481622994,61.333644138649106,51.27516810595989,12.63282514177263,42.54510323051363,0.048438553400337696,0.01297925941646099,0.03528157465159893,1,0.000888895376585424
95,train,0,82.3346056099981,50.221005564555526,82.31133397283291,49.665246091573415,-1.10662752912767,0.04880058797625252,597.8835667017847,51.7738743359223,4.673570141196251,46.67068677023053,89.95237942785025,0.12147697856649756,0.005097222812473774,0.015078826025128365,0,0.0004663733037188649
95,train,1,82.3346056099981,50.221005564555526,82.32554220813783,49.65669431602807,-1.123655813307183,0.048809674893173095,597.8835667017847,51.7738743359223,4.673570141196251,46.67068677023053,89.95237942785025,0.12147697856649756,0.005097222812473774,0.015078826025128365,0,0.0004663733037188649
95,train,2,82.3346056099981,50.221005564555526,82.31730057212994,49.66127964299305,-1.1145255163060948,0.04876428799161004,597.8835667017847,51.7738743359223,4.673570141196251,46.67068677023053,89.95237942785025,0.12147697856649756,0.005097222812473774,0.015078826025128365,0,0.0004663733037188649
95,train,3,82.3346056099981,50.221005564555526,82.32229349582163,49.65781570725771,-1.1214229005707061,0.048823081328290746,597.8835667017847,51.7738743359223,4.673570141196251,46.67068677023053,89.95237942785025,0.12147697856649756,0.005097222812473774,0.015078826025128365,0,0.0004663733037188649
96,train,0,94.94290636852384,39.51443041488528,93.99861536995004,40.11415768226816,1.5177424072319574,0.07446775539251614,172.2158174496144,53.22875824291259,11.02456758916378,14.197023934684692,100.34600968006998,0.06068403901532292,9.569844231009483e-05,0.02720903854817152,1,0.0007928593572229147
96,train,1,94.94290636852384,39.51443041488528,93.99136155683556,40.119556409791656,1.531405080505523,0.07442999524984334,172.2158174496144,53.22875824291259,11.02456758916378,14.197023934684692,100.34600968006998,0.06068403901532292,9.569844231009483e-05,0.02720903854817152,1,0.0007928593572229147
96,train,2,94.94290636852384,39.51443041488528,94.00491329412384,40.11280807272983,1.5143269219923556,0.07440161733256373,172.2158174496144,53.22875824291259,11.02456758916378,14.197023934684692,100.34600968006998,0.06068403901532292,9.569844231009483e-05,0.02720903854817152,1,0.0007928593572229147
96,train,3,94.94290636852384,39.51443041488528,94.00413102775832,40.11285090414658,1.5144353163594468,0.07441711885784559,172.2158174496144,53.22875824291259,11.02456758916378,14.197023934684692,100.34600968006998,0.06068403901532292,9.569844231009483e-05,0.02720903854817152,1,0.0007928593572229147
97,train,0,100.18200695142149,25.303949059918526,100.60784056875266,24.147214565709564,-4.571359559212952,0.055599198576867334,869.3445262964815,59.85501511953771,45.01789490878582,47.573004220612354,52.938878051936626,0.13388481259346008,0.017980172876268626,0.007411639951169491,0,0.00031455744877457623
97,train,1,100.18200695142149,25.303949059918526,100.60882127167659,24.146766334049428,-4.573130949358708,0.055550899112396246,869.3445262964815,59.85501511953771,45.01789490878582,47.573004220612354,52.938878051936626,0.13388481259346008,0.017980172876268626,0.007411639951169491,0,0.00031455744877457623
97,train,2,100.18200695142149,25.303949059918526,100.60827867247482,24.147226184658685,-4.571313641680103,0.055560098624153335,869.3445262964815,59.85501511953771,45.01789490878582,47.573004220612354,52.938878051936626,0.13388481259346008,0.017980172876268626,0.007411639951169491,0,0.00031455744877457623
97,train,3,100.18200695142149,25.303949059918526,100.60814453503089,24.146798954416703,-4.573002035222831,0.05557754869937835,869.3445262964815,59.85501511953771,45.01789490878582,47.573004220612354,52.938878051936626,0.13388481259346008,0.017980172876268626,0.007411639951169491,0,0.00031455744877457623
98,train,0,84.07974275387824,48.97962905280293,83.56355100136258,47.83664593658504,-2.3335887558186337,0.11322334080772495,437.6736636273563,79.47317120619118,34.908294185996056,19.107440495863557,20.22442452609539,0.1530672714114189,0.011167995575815439,0.018744342513382434,1,0.0010317197888158262
98,train,1,84.07974275387824,48.97962905280293,83.54990646755435,47.84494716816056,-2.3166404208964413,0.11317563429697315,437.6736636273563,79.47317120619118,34.908294185996056,19.107440495863557,20.22442452609539,0.1530672714114189,0.011167995575815439,0.018744342513382434,1,0.0010317197888158262
98,train,2,84.07974275387824,48.97962905280293,83.55795098473682,47.844929254903555,-2.31667699376837,0.11315073403559643,437.6736636273563,79.47317120619118,34.908294185996056,19.107440495863557,20.22442452609539,0.1530672714114189,0.011167995575815439,0.018744342513382434,1,0.0010317197888158262
98,train,3,84.07974275387824,48.97962905280293,83.54867759922496,47.84489991470175,-2.316736896634874,0.11314340951027414,437.6736636273563,79.47317120619118,34.908294185996056,19.107440495863557,20.22442452609539,0.1530672714114189,0.011167995575815439,0.018744342513382434,1,0.0010317197888158262
99,train,0,108.83723756857216,35.06488174945116,110.3854421081217,33.54768476447474,-4.326827610077916,0.06955032155938679,603.9153796620667,37.41138676647097,21.142994567751884,31.390700750052925,67.63154341373593,0.03486387463286519,0.008276274409145117,0.03855150673538447,0,0.0005538231889717281
99,train,1,108.83723756857216,35.06488174945116,110.38515827483663,33.548787641803095,-4.323682362544378,0.06956508435606541,603.9153796620667,37.41138676647097,21.142994567751884,31.390700750052925,67.63154341373593,0.03486387463286519,0.008276274409145117,0.03855150673538447,0,0.0005538231889717281
99,train,2,108.83723756857216,35.06488174945116,110.38536879657441,33.54867418197718,-4.32400593365103,0.06954999631706917,603.9153796620667,37.41138676647097,21.142994567751884,31.390700750052925,67.63154341373593,0.03486387463286519,0.008276274409145117,0.03855150673538447,0,0.0005538231889717281
99,train,3,108.83723756857216,35.06488174945116,110.38473099622306,33.5487685032704,-4.323736942887283,0.06958067647850842,603.9153796620667,37.41138676647097,21.142994567751884,31.390700750052925,67.63154341373593,0.03486387463286519,0.008276274409145117,0.03855150673538447,0,0.0005538231889717281
100,train,0,113.3399023115635,27.638276822865013,111.98153301917472,27.173987909227094,-1.6798764865608953,0.07087696092763876,491.83902801014483,30.220915786921978,5.264835089445114,26.904888227581974,29.542859462089837,0.09793431155383586,0.013468002118170262,0.010785190798342227,1,0.0006850863046944142
100,train,1,113.3399023115635,27.638276822865013,111.99419563501807,27.170850215179907,-1.6912291988421149,0.07085142864313677,491.83902801014483,30.220915786921978,5.264835089445114,26.904888227581974,29.542859462089837,0.09793431155383586,0.013468002118170262,0.010785190798342227,1,0.0006850863046944142
100,train,2,113.3399023115635,27.638276822865013,111.98660382359348,27.172892264024046,-1.6838407177974155,0.070773433330298,491.83902801014483,30.220915786921978,5.264835089445114,26.904888227581974,29.542859462089837,0.09793431155383586,0.013468002118170262,0.010785190798342227,1,0.0006850863046944142
100,train,3,113.3399023115635,27.638276822865013,111.97165026743092,27.176237363196268,-1.671737578395265,0.07089449416101161,491.83902801014483,30.220915786921978,5.264835089445114,26.904888227581974,29.542859462089837,0.09793431155383586,0.013468002118170262,0.010785190798342227,1,0.0006850863046944142
101,train,0,79.39145787805317,43.7201095353812,81.97870508397139,40.53010422809254,-7.296425697897893,0.1451539376885029,763.876934396103,86.67151670437306,50.6956105530262,37.869728924706585,76.20796302333473,0.06991510475054383,0.005898142531514168,0.030670180507004263,1,0.0002063383247703314
101,train,1,79.39145787805317,43.7201095353812,81.9782484609163,40.53054433760286,-7.295419045547283,0.14516582303704567,763.876934396103,86.67151670437306,50.6956105530262,37.869728924706585,76.20796302333473,0.06991510475054383,0.005898142531514168,0.030670180507004263,1,0.0002063383247703314
101,train,2,79.39145787805317,43.7201095353812,81.97724130054145,40.5316295834752,-7.292936787648419,0.14516377097943708,763.876934396103,86.67151670437306,50.6956105530262,37.869728924706585,76.20796302333473,0.06991510475054383,0.005898142531514168,0.030670180507004263,1,0.0002063383247703314
101,train,3,79.39145787805317,43.7201095353812,81.97848599957882,40.52999665201279,-7.296671754188435,0.14517734514567868,763.876934396103,86.67151670437306,50.6956105530262,37.869728924706585,76.20796302333473,0.06991510475054383,0.005898142531514168,0.030670180507004263,1,0.0002063383247703314
102,train,0,104.83318174444139,29.888293983414766,107.41958036250968,28.43821235485554,-4.8516707891185975,0.11442057458117645,332.2941130027175,68.96559012588114,29.324277132749557,9.316334840841591,91.01668870076537,0.00330893212929368,0.002786005809903145,0.02450410392135382,0,0.0009234999070875347
102,train,1,104.83318174444139,29.888293983414766,107.42247876026718,28.437952735210402,-4.852539422320895,0.11438545654576208,332.2941130027175,68.96559012588114,29.324277132749557,9.316334840841591,91.01668870076537,0.00330893212929368,0.002786005809903145,0.02450410392135382,0,0.0009234999070875347
102,train,2,104.83318174444139,29.888293983414766,107.43180491387938,28.434643918660974,-4.863610032611538,0.11441091063566164,332.2941130027175,68.96559012588114,29.324277132749557,9.316334840841591,91.01668870076537,0.00330893212929368,0.002786005809903145,0.02450410392135382,0,0.0009234999070875347
102,train,3,104.83318174444139,29.888293983414766,107.424437911054,28.434649782674814,-4.863590412843878,0.11445672281470876,332.2941130027175,68.96559012588114,29.324277132749557,9.316334840841591,91.01668870076537,0.00330893212929368,0.002786005809903145,0.02450410392135382,0,0.0009234999070875347
103,train,0,90.40313154272735,45.68168992921711,88.95615028794064,45.489779759411014,-0.42010304369967894,0.0692503061127471,923.445026576519,44.110184740275145,26.621528655290604,44.18639556970447,44.351600711233914,0.16634165190160274,0.015367990173399449,0.004628879837691784,1,0.000446049392130226
103,train,1,90.40313154272735,45.68168992921711,88.95015863543412,45.48993135366362,-0.41977119465285323,0.06926866618038562,923.445026576519,44.110184740275145,26.621528655290604,44.18639556970447,44.351600711233914,0.16634165190160274,0.015367990173399449,0.004628879837691784,1,0.000446049392130226
103,train,2,90.40313154272735,45.68168992921711,88.9516938844706,45.49032975628357,-0.4188990670661253,0.06925860333849024,923.445026576519,44.110184740275145,26.621528655290604,44.18639556970447,44.351600711233914,0.16634165190160274,0.015367990173399449,0.004628879837691784,1,0.000446049392130226
103,train,3,90.40313154272735,45.68168992921711,88.95614467391462,45.48722944997194,-0.4256858263047478,0.0692398351380971,923.445026576519,44.110184740275145,26.621528655290604,44.18639556970447,44.351600711233914,0.16634165190160274,0.015367990173399449,0.004628879837691784,1,0.000446049392130226
104,train,0,82.13827419094741,32.552602494135506,81.92117999245352,31.46126229050214,-3.352543637117716,0.035582701493285795,407.9970842693001,47.68421505577862,18.77421446144581,23.13950250390917,35.116812242195,0.02722643818706274,0.01652254644781351,0.013467136956751348,0,0.0006148095132783056
104,train,1,82.13827419094741,32.552602494135506,81.92597184975575,31.45926588362234,-3.35867650124174,0.0355480468712038,407.9970842693001,47.68421505577862,18.77421446144581,23.13950250390917,35.116812242195,0.02722643818706274,0.01652254644781351,0.013467136956751348,0,0.0006148095132783056
104,train,2,82.13827419094741,32.552602494135506,81.9349006964948,31.455911042618865,-3.3689824084394244,0.03550235650181589,407.9970842693001,47.68421505577862,18.77421446144581,23.13950250390917,35.116812242195,0.02722643818706274,0.01652254644781351,0.013467136956751348,0,0.0006148095132783056
104,train,3,82.13827419094741,32.552602494135506,81.91907369016498,31.4612594126141,-3.3525524778487745,0.035475882671846565,407.9970842693001,47.68421505577862,18.77421446144581,23.13950250390917,35.116812242195,0.02722643818706274,0.01652254644781351,0.013467136956751348,0,0.0006148095132783056
105,train,0,115.50565702281892,46.76034821942449,116.5926583529839,45.62751134543672,-2.422644221278876,0.10677570827971979,640.2317718137056,73.55623798910528,37.27997697889805,33.35768125485629,82.5241459487006,0.14528127847239375,0.0040923870354890824,0.0336700351908803,1,0.001092239355109632
105,train,1,115.50565702281892,46.76034821942449,116.59417697068376,45.62625396051127,-2.4253332194863946,0.1067056160271642,640.2317718137056,73.55623798910528,37.27997697889805,33.35768125485629,82.5241459487006,0.14528127847239375,0.0040923870354890824,0.0336700351908803,1,0.001092239355109632
105,train,2,115.50565702281892,46.76034821942449,116.58444298599913,45.62762388058986,-2.422403557645215,0.10662348737496999,640.2317718137056,73.55623798910528,37.27997697889805,33.35768125485629,82.5241459487006,0.14528127847239375,0.0040923870354890824,0.0336700351908803,1,0.001092239355109632
105,train,3,115.50565702281892,46.76034821942449,116.58353487679713,45.630201959658805,-2.4168901704119867,0.10672170253022159,640.2317718137056,73.55623798910528,37.27997697889805,33.35768125485629,82.5241459487006,0.14528127847239375,0.0040923870354890824,0.0336700351908803,1,0.001092239355109632
106,train,0,87.67737951129675,26.83478233218193,85.9053299867147,27.35411658906149,1.935302662234542,0.08005798645223187,248.37434943765402,82.11359967011958,42.886674121022224,5.551206525415182,97.33296505641192,0.11901663450524211,0.007243586257100106,0.022483817003667354,1,0.0003750781969167293
106,train,1,87.67737951129675,26.83478233218193,85.90454125658437,27.354861673331992,1.9380792238674205,0.0800294301342624,248.37434943765402,82.11359967011958,42.886674121022224,5.551206525415182,97.33296505641192,0.11901663450524211,0.007243586257100106,0.022483817003667354,1,0.0003750781969167293
106,train,2,87.67737951129675,26.83478233218193,85.90440201489875,27.35487085187996,1.9381134277892227,0.08006632749922622,248.37434943765402,82.11359967011958,42.886674121022224,5.551206525415182,97.33296505641192,0.11901663450524211,0.007243586257100106,0.022483817003667354,1,0.0003750781969167293
106,train,3,87.67737951129675,26.83478233218193,85.90308628166247,27.35572104023038,1.941281660495193,0.08008883380904896,248.37434943765402,82.11359967011958,42.886674121022224,5.551206525415182,97.33296505641192,0.11901663450524211,0.007243586257100106,0.022483817003667354,1,0.0003750781969167293
107,train,0,102.71159407496452,40.7522657122463,106.73386192067804,35.70614924955588,-12.382419417662053,0.20021426123810873,799.8258039355278,26.67763120494783,13.152883186936378,39.673918662592776,49.92564125917852,0.04597565051168203,0.014661620892584324,0.0022906843945384027,1,0.0008538468633778394
107,train,1,102.71159407496452,40.7522657122463,106.74284316870661,35.701340411987026,-12.394219589958754,0.2003012935588666,799.8258039355278,26.67763120494783,13.152883186936378,39.673918662592776,49.92564125917852,0.04597565051168203,0.014661620892584324,0.0022906843945384027,1,0.0008538468633778394
107,train,2,102.71159407496452,40.7522657122463,106.76119985919945,35.69877958267369,-12.40050348428606,0.20026170591728892,799.8258039355278,26.67763120494783,13.152883186936378,39.673918662592776,49.92564125917852,0.04597565051168203,0.014661620892584324,0.0022906843945384027,1,0.0008538468633778394
107,train,3,102.71159407496452,40.7522657122463,106.72693459562504,35.707420203321334,-12.379300686118567,0.2002244341203988,799.8258039355278,26.67763120494783,13.152883186936378,39.673918662592776,49.92564125917852,0.04597565051168203,0.014661620892584324,0.0022906843945384027,1,0.0008538468633778394
108,train,0,98.1602232772857,51.92920502088964,98.20245959206267,50.65310591762682,-2.457382320313749,0.15953442457896574,302.61833476834,33.876038691960275,24.440205097198486,13.436807906255126,105.90913304127753,0.17700758730992674,0.009855787958949805,0.02954449575394392,1,0.0004975901564583183
108,train,1,98.1602232772857,51.92920502088964,98.19921502049104,50.65716149065355,-2.4495725088115265,0.1594861602204278,302.61833476834,33.876038691960275,24.440205097198486,13.436807906255126,105.90913304127753,0.17700758730992674,0.009855787958949805,0.02954449575394392,1,0.0004975901564583183
108,train,2,98.1602232772857,51.92920502088964,98.21080320680512,50.652078050623274,-2.4593616824147753,0.15953206819401378,302.61833476834,33.876038691960275,24.440205097198486,13.436807906255126,105.90913304127753,0.17700758730992674,0.009855787958949805,0.02954449575394392,1,0.0004975901564583183
108,train,3,98.1602232772857,51.92920502088964,98.20620823375313,50.652070551937875,-2.459376122623122,0.15948586891222089,302.61833476834,33.876038691960275,24.440205097198486,13.436807906255126,105.90913304127753,0.17700758730992674,0.009855787958949805,0.02954449575394392,1,0.0004975901564583183
109,train,0,92.3401516918093,35.842812329530716,93.32205595955436,34.41629023719854,-3.979939071792294,0.04227336347445392,959.7622451838106,74.92319067940116,31.50850874185562,46.065308172255754,59.24414662178605,0.013782064653933048,0.011971294526010753,0.009429782293736935,0,0.0009754523904994131
109,train,1,92.3401516918093,35.842812329530716,93.31279749676082,34.417687948899776,-3.97603951254905,0.042197845320366544,959.7622451838106,74.92319067940116,31.50850874185562,46.065308172255754,59.24414662178605,0.013782064653933048,0.011971294526010753,0.009429782293736935,0,0.0009754523904994131
109,train,2,92.3401516918093,35.842812329530716,93.30899304087944,34.4210021806301,-3.9667929397638146,0.04223019330731636,959.7622451838106,74.92319067940116,31.50850874185562,46.065308172255754,59.24414662178605,0.013782064653933048,0.011971294526010753,0.009429782293736935,0,0.0009754523904994131
109,train,3,92.3401516918093,35.842812329530716,93.30722162968111,34.419373272143076,-3.9713375287096984,0.04214862882506781,959.7622451838106,74.92319067940116,31.50850874185562,46.065308172255754,59.24414662178605,0.013782064653933048,0.011971294526010753,0.009429782293736935,0,0.0009754523904994131
110,train,0,110.80577617511153,38.42474265769125,109.43941873805448,37.152312188381,-3.311487289962502,0.0931378788478968,567.9983611218631,64.4377264752984,48.37693214416504,18.346795397810638,26.529780863784254,0.08174389544874429,0.01890065932646394,0.015742343254387378,1,0.0002582904879935086
110,train,1,110.80577617511153,38.42474265769125,109.44671898717144,37.14901961795456,-3.3200561708416045,0.0931479785327915,567.9983611218631,64.4377264752984,48.37693214416504,18.346795397810638,26.529780863784254,0.08174389544874429,0.01890065932646394,0.015742343254387378,1,0.0002582904879935086
110,train,2,110.80577617511153,38.42474265769125,109.4388248700308,37.15235300393446,-3.311381067901839,0.0931655723533073,567.9983611218631,64.4377264752984,48.37693214416504,18.346795397810638,26.529780863784254,0.08174389544874429,0.01890065932646394,0.015742343254387378,1,0.0002582904879935086
110,train,3,110.80577617511153,38.42474265769125,109.44179086416378,37.15206554451638,-3.3121291780990507,0.093121467665,567.9983611218631,64.4377264752984,48.37693214416504,18.346795397810638,26.529780863784254,0.08174389544874429,0.01890065932646394,0.015742343254387378,1,0.0002582904879935086
111,train,0,86.6525363214314,22.635906243696812,87.5015482429517,22.079621914002324,-2.4575306316679537,0.08419689124188857,694.359038490802,56.79485205095261,7.58060222864151,29.883262277580798,73.19476020522414,0.10996645158156752,0.0017923994921147824,0.035866822339594366,0,0.0007366267488338054
111,train,1,86.6525363214314,22.635906243696812,87.50299959168348,22.08139391711287,-2.449702347297673,0.08407115734363975,694.359038490802,56.79485205095261,7.58060222864151,29.883262277580798,73.19476020522414,0.10996645158156752,0.0017923994921147824,0.035866822339594366,0,0.0007366267488338054
111,train,2,86.6525363214314,22.635906243696812,87.50127094661661,22.081146800518503,-2.4507940490908666,0.08416167034553236,694.359038490802,56.79485205095261,7.58060222864151,29.883262277580798,73.19476020522414,0.10996645158156752,0.0017923994921147824,0.035866822339594366,0,0.0007366267488338054
111,train,3,86.6525363214314,22.635906243696812,87.50916348029541,22.079681409377567,-2.457267795382094,0.08419460663175087,694.359038490802,56.79485205095261,7.58060222864151,29.883262277580798,73.19476020522414,0.10996645158156752,0.0017923994921147824,0.035866822339594366,0,0.0007366267488338054
112,train,0,106.10121535509825,47.746094258502126,108.77727226804497,45.63947838155083,-4.412121891155891,0.13318346622400695,545.4341451171786,55.385484169237316,33.41685172915459,49.00482342578471,23.34729113616049,0.07691188652068376,0.0019579622149467468,0.03488760240375996,1,0.0010621955723501744
112,train,1,106.10121535509825,47.746094258502126,108.7505625427272,45.649018509093054,-4.392140932104931,0.13315510194493585,545.4341451171786,55.385484169237316,33.41685172915459,49.00482342578471,23.34729113616049,0.07691188652068376,0.0019579622149467468,0.03488760240375996,1,0.0010621955723501744
112,train,2,106.10121535509825,47.746094258502126,108.7605089659541,45.64046483734912,-4.410055846145056,0.1331522772158418,545.4341451171786,55.385484169237316,33.41685172915459,49.00482342578471,23.34729113616049,0.07691188652068376,0.0019579622149467468,0.03488760240375996,1,0.0010621955723501744
112,train,3,106.10121535509825,47.746094258502126,108.7717213669017,45.64156774254246,-4.407745908106217,0.13321557125094943,545.4341451171786,55.385484169237316,33.41685172915459,49.00482342578471,23.34729113616049,0.07691188652068376,0.0019579622149467468,0.03488760240375996,1,0.0010621955723501744
113,train,0,91.37543141841888,31.72221044823527,88.64827518062502,31.905628740922353,0.5782014875236601,0.08988915383116178,711.3258745986968,62.01468527317047,22.62564805150032,15.583884455263613,70.56903479155153,0.09370608380064369,0.01984958928078413,0.014694623872637749,1,0.0006395668883807957
113,train,1,91.37543141841888,31.72221044823527,88.6381791889138,31.90753110764945,0.584198442654524,0.08994557136997922,711.3258745986968,62.01468527317047,22.62564805150032,15.583884455263613,70.56903479155153,0.09370608380064369,0.01984958928078413,0.014694623872637749,1,0.0006395668883807957
113,train,2,91.37543141841888,31.72221044823527,88.64634535426745,31.907405122582237,0.5838012916822758,0.08979520359645081,711.3258745986968,62.01468527317047,22.62564805150032,15.583884455263613,70.56903479155153,0.09370608380064369,0.01984958928078413,0.014694623872637749,1,0.0006395668883807957
113,train,3,91.37543141841888,31.72221044823527,88.6537890674704,31.903099694305652,0.5702290083648487,0.08992747840248044,711.3258745986968,62.01468527317047,22.62564805150032,15.583884455263613,70.56903479155153,0.09370608380064369,0.01984958928078413,0.014694623872637749,1,0.0006395668883807957
114,train,0,112.3639603536576,41.80379734188318,112.73314303859539,40.68570021115135,-2.674630540349538,0.07531973241371132,279.6393061056733,77.31643753126264,9.494037836790085,32.8214900707826,109.10465770866722,0.15934217115864158,0.011778876595199108,0.0010267160832881927,0,0.0008224633323028684
114,train,1,112.3639603536576,41.80379734188318,112.75101108148098,40.677816057798324,-2.693490437905127,0.07523817634312534,279.6393061056733,77.31643753126264,9.494037836790085,32.8214900707826,109.10465770866722,0.15934217115864158,0.011778876595199108,0.0010267160832881927,0,0.0008224633323028684
114,train,2,112.3639603536576,41.80379734188318,112.72496157172814,40.68712344194393,-2.6712259912820264,0.07529068624801197,279.6393061056733,77.31643753126264,9.494037836790085,32.8214900707826,109.10465770866722,0.15934217115864158,0.011778876595199108,0.0010267160832881927,0,0.0008224633323028684
114,train,3,112.3639603536576,41.80379734188318,112.72372113570908,40.68995127652066,-2.664461451320273,0.07525654269044185,279.6393061056733,77.31643753126264,9.494037836790085,32.8214900707826,109.10465770866722,0.15934217115864158,0.011778876595199108,0.0010267160832881927,0,0.0008224633323028684
115,train,0,78.1174990888685,25.952909810468558,79.27939355034371,24.099863483620535,-7.140033007399278,0.14270208513351695,977.1439414471388,35.25170886423439,46.55721381306648,20.495331068523228,61.88292962498963,0.007539857514202594,0.008894651234149934,0.0212294602394104,1,0.00040117379482835537
115,train,1,78.1174990888685,25.952909810468558,79.27658380039773,24.102306956466975,-7.130617982786295,0.14265273565487607,977.1439414471388,35.25170886423439,46.55721381306648,20.495331068523228,61.88292962498963,0.007539857514202594,0.008894651234149934,0.0212294602394104,1,0.00040117379482835537
115,train,2,78.1174990888685,25.952909810468558,79.27398864537442,24.10178132237535,-7.132643320582583,0.14268777729305077,977.1439414471388,35.25170886423439,46.55721381306648,20.495331068523228,61.88292962498963,0.007539857514202594,0.008894651234149934,0.0212294602394104,1,0.00040117379482835537
115,train,3,78.1174990888685,25.952909810468558,79.27460300075737,24.101971677546018,-7.131909856889846,0.142667456108757,977.1439414471388,35.25170886423439,46.55721381306648,20.495331068523228,61.88292962498963,0.007539857514202594,0.008894651234149934,0.0212294602394104,1,0.00040117379482835537
116,train,0,82.95422139391303,36.86583392135799,82.81486567791916,36.71710677473374,-0.403428136039217,0.16620228964040984,227.56840358488262,28.06120495311916,39.84455870091915,36.39465038198978,93.93010373227298,0.12402580065652728,0.014088668096810579,0.008185358047485351,1,0.0009467330624349416
116,train,1,82.95422139391303,36.86583392135799,82.81044098757256,36.71954618597059,-0.39681113873474516,0.16615103682789634,227.56840358488262,28.06120495311916,39.84455870091915,36.39465038198978,93.93010373227298,0.12402580065652728,0.014088668096810579,0.008185358047485351,1,0.0009467330624349416
116,train,2,82.95422139391303,36.86583392135799,82.8228788489746,36.71352111496061,-0.41315437682024814,0.16616430144853087,227.56840358488262,28.06120495311916,39.84455870091915,36.39465038198978,93.93010373227298,0.12402580065652728,0.014088668096810579,0.008185358047485351,1,0.0009467330624349416
116,train,3,82.95422139391303,36.86583392135799,82.79529356956813,36.72534283714644,-0.38108749828158434,0.1661169128765488,227.56840358488262,28.06120495311916,39.84455870091915,36.39465038198978,93.93010373227298,0.12402580065652728,0.014088668096810579,0.008185358047485351,1,0.0009467330624349416
117,train,0,107.41598303988576,51.01839319616556,108.96372507918555,49.1389230171466,-3.683907040726279,0.0795590014096615,818.3433906640857,84.51481208670884,16.115895435214043,25.562660335563123,47.45070736389607,0.062061607651412484,0.006506735067814589,0.028309686034917833,0,0.0005245371998287738
117,train,1,107.41598303988576,51.01839319616556,108.94719329893414,49.14692366606593,-3.6682251495139053,0.0794826342273474,818.3433906640857,84.51481208670884,16.115895435214043,25.562660335563123,47.45070736389607,0.062061607651412484,0.006506735067814589,0.028309686034917833,0,0.0005245371998287738
117,train,2,107.41598303988576,51.01839319616556,108.95516030707334,49.14480774257893,-3.6723725233421365,0.07948874282084128,818.3433906640857,84.51481208670884,16.115895435214043,25.562660335563123,47.45070736389607,0.062061607651412484,0.006506735067814589,0.028309686034917833,0,0.0005245371998287738
117,train,3,107.41598303988576,51.01839319616556,108.94941119963754,49.14620590228721,-3.669632022082311,0.07948797286847074,818.3433906640857,84.51481208670884,16.115895435214043,25.562660335563123,47.45070736389607,0.062061607651412484,0.006506735067814589,0.028309686034917833,0,0.0005245371998287738
118,train,0,96.36051881499588,23.592941861599687,96.75735884342502,22.584829398187896,-4.272940904638146,0.12537478345143252,386.77627509459853,71.12529321108013,15.722580417990685,42.71234691143036,38.509537796489894,0.04471469711512327,0.004658016543835401,0.03714299909770489,1,0.0007074344014748931
118,train,1,96.36051881499588,23.592941861599687,96.75647467667424,22.584597175303337,-4.273925194286816,0.12545418565301006,386.77627509459853,71.12529321108013,15.722580417990685,42.71234691143036,38.509537796489894,0.04471469711512327,0.004658016543835401,0.03714299909770489,1,0.0007074344014748931
118,train,2,96.36051881499588,23.592941861599687,96.7637410657161,22.58386350538772,-4.277034895145332,0.125396926753577,386.77627509459853,71.12529321108013,15.722580417990685,42.71234691143036,38.509537796489894,0.04471469711512327,0.004658016543835401,0.03714299909770489,1,0.0007074344014748931
118,train,3,96.36051881499588,23.592941861599687,96.74962580101555,22.589722558474733,-4.252200971841546,0.1254170998225302,386.77627509459853,71.12529321108013,15.722580417990685,42.71234691143036,38.509537796489894,0.04471469711512327,0.004658016543835401,0.03714299909770489,1,0.0007074344014748931
119,train,0,101.30160313285889,37.56515392847359,100.9575250193091,36.29840329456804,-3.3721428010584544,0.04818472430016792,659.1641680337489,46.26688160933554,40.22321669757366,7.973076896741986,84.98892142437397,0.1516978962533176,0.0172276602871716,0.017028436735272406,0,0.0002857120292261243
119,train,1,101.30160313285889,37.56515392847359,100.95897804667962,36.298011560202944,-3.3731856142087606,0.0482122579883403,659.1641680337489,46.26688160933554,40.22321669757366,7.973076896741986,84.98892142437397,0.1516978962533176,0.0172276602871716,0.017028436735272406,0,0.0002857120292261243
119,train,2,101.30160313285889,37.56515392847359,100.96130018346656,36.29715994977092,-3.3754526365498445,0.04817516681607762,659.1641680337489,46.26688160933554,40.22321669757366,7.973076896741986,84.98892142437397,0.1516978962533176,0.0172276602871716,0.017028436735272406,0,0.0002857120292261243
119,train,3,101.30160313285889,37.56515392847359,100.95376601574122,36.29974407505069,-3.3685735877252534,0.048185078667979275,659.1641680337489,46.26688160933554,40.22321669757366,7.973076896741986,84.98892142437397,0.1516978962533176,0.0172276602871716,0.017028436735272406,0,0.0002857120292261243
120,train,0,109.55486606992781,24.436867523938417,109.2613586174486,23.408219739588805,-4.209409341610366,0.07870444393139323,349.57286487333477,41.716902051121,50.38177251815796,34.74349034950137,88.37209638673812,0.0207983953692019,0.01588236914947629,0.006145091652870178,1,0.00034194469293579463
120,train,1,109.55486606992781,24.436867523938417,109.2636296702706,23.40854867549307,-4.208063277496614,0.07870942781137874,349.57286487333477,41.716902051121,50.38177251815796,34.74349034950137,88.37209638673812,0.0207983953692019,0.01588236914947629,0.006145091652870178,1,0.00034194469293579463
120,train,2,109.55486606992781,24.436867523938417,109.26119257879525,23.40956352604407,-4.203910328883181,0.07869621667377015,349.57286487333477,41.716902051121,50.38177251815796,34.74349034950137,88.37209638673812,0.0207983953692019,0.01588236914947629,0.006145091652870178,1,0.00034194469293579463
120,train,3,109.55486606992781,24.436867523938417,109.25746561784128,23.40995834517206,-4.202294658922204,0.07874073952706644,349.57286487333477,41.716902051121,50.38177251815796,34.74349034950137,88.37209638673812,0.0207983953692019,0.01588236914947629,0.006145091652870178,1,0.00034194469293579463
121,train,0,85.69964248128235,40.46350842155516,85.75217813595398,40.19462319812302,-0.6645128757270794,0.03293493357833748,900.5705730523914,67.58994804229587,5.672432959079742,24.57099984399974,41.15046987310052,0.17275981195271015,0.003464245181530714,0.025952407568693162,0,0.000763701310288161
121,train,1,85.69964248128235,40.46350842155516,85.75201529242187,40.19443629390852,-0.6649747838062113,0.03290963189292511,900.5705730523914,67.58994804229587,5.672432959079742,24.57099984399974,41.15046987310052,0.17275981195271015,0.003464245181530714,0.025952407568693162,0,0.000763701310288161
121,train,2,85.69964248128235,40.46350842155516,85.75153238479969,40.194680348448436,-0.6643716365522038,0.033039944792316894,900.5705730523914,67.58994804229587,5.672432959079742,24.57099984399974,41.15046987310052,0.17275981195271015,0.003464245181530714,0.025952407568693162,0,0.000763701310288161
121,train,3,85.69964248128235,40.46350842155516,85.76241577486836,40.19090306847943,-0.6737066648687164,0.0329743209159827,900.5705730523914,67.58994804229587,5.672432959079742,24.57099984399974,41.15046987310052,0.17275981195271015,0.003464245181530714,0.025952407568693162,0,0.000763701310288161
122,train,0,99.1184624619782,34.131807198748,99.37093555243574,33.557604779192346,-1.6823088687103305,0.13295895120781825,508.70291655883193,88.08090492617339,26.301087379455566,41.061444454826415,32.209206875413656,0.10294193007051944,0.005352026205509901,0.039766799733042715,1,0.000580804542824626
122,train,1,99.1184624619782,34.131807198748,99.37598654758753,33.55522203619527,-1.6892898732120905,0.13290869137238762,508.70291655883193,88.08090492617339,26.301087379455566,41.061444454826415,32.209206875413656,0.10294193007051944,0.005352026205509901,0.039766799733042715,1,0.000580804542824626
122,train,2,99.1184624619782,34.131807198748,99.37149985800252,33.5539646770993,-1.6929737071463762,0.13294332412815654,508.70291655883193,88.08090492617339,26.301087379455566,41.061444454826415,32.209206875413656,0.10294193007051944,0.005352026205509901,0.039766799733042715,1,0.000580804542824626
122,train,3,99.1184624619782,34.131807198748,99.37316893088268,33.55730942639437,-1.6831741988004176,0.13291335624158124,508.70291655883193,88.08090492617339,26.301087379455566,41.061444454826415,32.209206875413656,0.10294193007051944,0.005352026205509901,0.039766799733042715,1,0.000580804542824626
123,train,0,93.594124045223,49.97993719577789,94.96940700785477,47.47701024603757,-5.007863335113921,0.11439778479322668,741.4172903634608,32.64391340315342,29.73845535516739,6.9809873355552545,79.43082631099969,0.08599986294284463,0.012782439459115266,0.019969249442219734,0,0.0010029661469161512
123,train,1,93.594124045223,49.97993719577789,94.9547916056385,47.48552896220413,-4.990819063663183,0.1143142041925202,741.4172903634608,32.64391340315342,29.73845535516739,6.9809873355552545,79.43082631099969,0.08599986294284463,0.012782439459115266,0.019969249442219734,0,0.0010029661469161512
123,train,2,93.594124045223,49.97993719577789,94.95244187067011,47.48512112314809,-4.991635069202437,0.11431637206854549,741.4172903634608,32.64391340315342,29.73845535516739,6.9809873355552545,79.43082631099969,0.08599986294284463,0.012782439459115266,0.019969249442219734,0,0.0010029661469161512
123,train,3,93.594124045223,49.97993719577789,94.95147162554613,47.48367904697655,-4.994520379293759,0.11439964338035048,741.4172903634608,32.64391340315342,29.73845535516739,6.9809873355552545,79.43082631099969,0.08599986294284463,0.012782439459115266,0.019969249442219734,0,0.0010029661469161512
124,train,0,88.78291443549097,42.816660821437836,87.37947771617503,43.21031531019511,0.9193955838802137,0.04530376309959126,456.70900740660727,39.84234994743019,43.86031885445118,44.72275841515512,17.77691985014826,0.13540340289473532,0.007974012196063996,0.03194405384361744,0,0.00023241329146549106
124,train,1,88.78291443549097,42.816660821437836,87.37756014593928,43.21128104388379,0.9216510929978156,0.04529101435462284,456.70900740660727,39.84234994743019,43.86031885445118,44.72275841515512,17.77691985014826,0.13540340289473532,0.007974012196063996,0.03194405384361744,0,0.00023241329146549106
124,train,2,88.78291443549097,42.816660821437836,87.37749704699411,43.21080671128372,0.9205432705031,0.04527542113667169,456.70900740660727,39.84234994743019,43.86031885445118,44.72275841515512,17.77691985014826,0.13540340289473532,0.007974012196063996,0.03194405384361744,0,0.00023241329146549106
124,train,3,88.78291443549097,42.816660821437836,87.37748991184907,43.21052754523191,0.9198912671790351,0.045288452971763704,456.70900740660727,39.84234994743019,43.86031885445118,44.72275841515512,17.77691985014826,0.13540340289473532,0.007974012196063996,0.03194405384361744,0,0.00023241329146549106
125,train,0,104.11514583043754,28.668697288259864,106.94705255107867,26.295978096748033,-8.276341152353249,0.13724114295688059,582.5899985153228,80.89046300388873,12.088426724076271,11.960677937604487,64.25651829689741,0.028622866440564394,0.010082328133285046,0.01206867627799511,1,0.000653723408188671
125,train,1,104.11514583043754,28.668697288259864,106.9467692405782,26.292563156787867,-8.288252889834126,0.13723380805374555,582.5899985153228,80.89046300388873,12.088426724076271,11.960677937604487,64.25651829689741,0.028622866440564394,0.010082328133285046,0.01206867627799511,1,0.000653723408188671
125,train,2,104.11514583043754,28.668697288259864,106.94404678741692,26.294107499734725,-8.282866028578008,0.13721551432086015,582.5899985153228,80.89046300388873,12.088426724076271,11.960677937604487,64.25651829689741,0.028622866440564394,0.010082328133285046,0.01206867627799511,1,0.000653723408188671
125,train,3,104.11514583043754,28.668697288259864,106.94039006584153,26.29504395450117,-8.27959955728693,0.13716117795460814,582.5899985153228,80.89046300388873,12.088426724076271,11.960677937604487,64.25651829689741,0.028622866440564394,0.010082328133285046,0.01206867627799511,1,0.000653723408188671
126,train,0,80.74006778001785,44.844034070149064,81.22530210446307,42.71522892597796,-4.747131225618632,0.1477442547833915,190.83634857088327,58.471407471224666,19.978792384266853,28.538995822891593,102.79205344617367,0.055850825775414704,0.01827022831887007,0.0033818475902080538,1,0.0004708273850381375
126,train,1,80.74006778001785,44.844034070149064,81.22088942828479,42.717735704951956,-4.741541231261572,0.14777179371996976,190.83634857088327,58.471407471224666,19.978792384266853,28.538995822891593,102.79205344617367,0.055850825775414704,0.01827022831887007,0.0033818475902080538,1,0.0004708273850381375
126,train,2,80.74006778001785,44.844034070149064,81.22269153241366,42.71776330904484,-4.741479675486201,0.14775775385226184,190.83634857088327,58.471407471224666,19.978792384266853,28.538995822891593,102.79205344617367,0.055850825775414704,0.01827022831887007,0.0033818475902080538,1,0.0004708273850381375
126,train,3,80.74006778001785,44.844034070149064,81.22398032706575,42.71613838258015,-4.745103181931115,0.14772673736436592,190.83634857088327,58.471407471224666,19.978792384266853,28.538995822891593,102.79205344617367,0.055850825775414704,0.01827022831887007,0.0033818475902080538,1,0.0004708273850381375
127,train,0,114.40318434685469,30.86722670868039,114.94731418430504,29.995111300357546,-2.825376625356469,0.11841112632251014,848.434005305171,50.827571977861226,35.978710785508156,16.8723819591105,56.312464908696704,0.11762290254235268,0.0011545106768608095,0.023266990780830384,1,0.0008934355031698942
127,train,1,114.40318434685469,30.86722670868039,114.93192400042834,30.000857251840362,-2.806761569533527,0.11840553765514332,848.434005305171,50.827571977861226,35.978710785508156,16.8723819591105,56.312464908696704,0.11762290254235268,0.0011545106768608095,0.023266990780830384,1,0.0008934355031698942
127,train,2,114.40318434685469,30.86722670868039,114.93405619985572,29.996937069822266,-2.819461712812009,0.11838482024908369,848.434005305171,50.827571977861226,35.978710785508156,16.8723819591105,56.312464908696704,0.11762290254235268,0.0011545106768608095,0.023266990780830384,1,0.0008934355031698942
127,train,3,114.40318434685469,30.86722670868039,114.94200438624323,29.99674697784996,-2.820077550360681,0.11852791606836903,848.434005305171,50.827571977861226,35.978710785508156,16.8723819591105,56.312464908696704,0.11762290254235268,0.0011545106768608095,0.023266990780830384,1,0.0008934355031698942
128,train,0,78.5638034362346,43.464206986129284,79.75606896378247,41.90672541768089,-3.5833658921821243,0.08758270601703595,555.1249052397907,50.47871203627437,7.0486767292022705,41.533667678013444,43.13020930159837,0.15360278399661184,0.0037226245366036893,0.03698278721421957,0,0.0010373878262005748
128,train,1,78.5638034362346,43.464206986129284,79.75704599675542,41.90932136226315,-3.5773932890627496,0.08755924809724352,555.1249052397907,50.47871203627437,7.0486767292022705,41.533667678013444,43.13020930159837,0.15360278399661184,0.0037226245366036893,0.03698278721421957,0,0.0010373878262005748
128,train,2,78.5638034362346,43.464206986129284,79.7493268378322,41.9152603575851,-3.563729183045945,0.0874847956505813,555.1249052397907,50.47871203627437,7.0486767292022705,41.533667678013444,43.13020930159837,0.15360278399661184,0.0037226245366036893,0.03698278721421957,0,0.0010373878262005748
128,train,3,78.5638034362346,43.464206986129284,79.76230365288158,41.90780376030835,-3.580884902185451,0.08756528185215576,555.1249052397907,50.47871203627437,7.0486767292022705,41.533667678013444,43.13020930159837,0.15360278399661184,0.0037226245366036893,0.03698278721421957,0,0.0010373878262005748
129,train,0,111.9225105587393,29.315084515139457,112.01799163141686,28.45123216445033,-2.9467844455403096,0.11911685578036425,694.8041212745011,58.05860484018922,48.993811428546906,6.706528328359127,89.23853209242225,0.03538295298814773,0.01568197289481759,0.01718562077730894,1,0.0005587016108445824
129,train,1,111.9225105587393,29.315084515139457,112.03184285456354,28.449232170115955,-2.9536068523914527,0.11911769720316993,694.8041212745011,58.05860484018922,48.993811428546906,6.706528328359127,89.23853209242225,0.03538295298814773,0.01568197289481759,0.01718562077730894,1,0.0005587016108445824
129,train,2,111.9225105587393,29.315084515139457,112.02021769889159,28.450826582355134,-2.948167972492072,0.11917034210649369,694.8041212745011,58.05860484018922,48.993811428546906,6.706528328359127,89.23853209242225,0.03538295298814773,0.01568197289481759,0.01718562077730894,1,0.0005587016108445824
129,train,3,111.9225105587393,29.315084515139457,112.02833082696326,28.449494102237427,-2.9527133461102784,0.11911790455687879,694.8041212745011,58.05860484018922,48.993811428546906,6.706528328359127,89.23853209242225,0.03538295298814773,0.01568197289481759,0.01718562077730894,1,0.0005587016108445824
130,train,0,91.22793367132545,45.01474784500897,89.19470400237893,45.250396149063604,0.5234913341423116,0.030229191306670206,289.67020022682846,81.36621408164501,31.36074709892273,35.194084323011346,74.42943269386886,0.060142984986305235,0.01253313997760415,0.008343152441084386,0,0.0007976832631975412
130,train,1,91.22793367132545,45.01474784500897,89.1846046922519,45.25404549356667,0.5315983316881712,0.030088980899250956,289.67020022682846,81.36621408164501,31.36074709892273,35.194084323011346,74.42943269386886,0.060142984986305235,0.01253313997760415,0.008343152441084386,0,0.0007976832631975412
130,train,2,91.22793367132545,45.01474784500897,89.18676339534504,45.25502189290847,0.5337673971356999,0.030163356255035176,289.67020022682846,81.36621408164501,31.36074709892273,35.194084323011346,74.42943269386886,0.060142984986305235,0.01253313997760415,0.008343152441084386,0,0.0007976832631975412
130,train,3,91.22793367132545,45.01474784500897,89.1925139257442,45.25253750564459,0.5282483453075429,0.03023201049802221,289.67020022682846,81.36621408164501,31.36074709892273,35.194084323011346,74.42943269386886,0.060142984986305235,0.01253313997760415,0.008343152441084386,0,0.0007976832631975412
131,train,0,106.25342722609639,31.03864121064544,109.48108582355644,28.56470184579406,-7.970514392243707,0.1570555779599118,960.2364090736955,40.128137464635074,24.6905158162117,24.27422494161874,28.321116981096566,0.1333712756820023,0.005581183787435293,0.028150084502995016,1,0.00032028083354234695
131,train,1,106.25342722609639,31.03864121064544,109.4768659304405,28.56700004986502,-7.963110060155313,0.1570228830821742,960.2364090736955,40.128137464635074,24.6905158162117,24.27422494161874,28.321116981096566,0.1333712756820023,0.005581183787435293,0.028150084502995016,1,0.00032028083354234695
131,train,2,106.25342722609639,31.03864121064544,109.47655944113194,28.56661035674512,-7.964365569754643,0.15705203352119743,960.2364090736955,40.128137464635074,24.6905158162117,24.27422494161874,28.321116981096566,0.1333712756820023,0.005581183787435293,0.028150084502995016,1,0.00032028083354234695
131,train,3,106.25342722609639,31.03864121064544,109.47940170520062,28.565647239442654,-7.967468531949177,0.15705444212706843,960.2364090736955,40.128137464635074,24.6905158162117,24.27422494161874,28.321116981096566,0.1333712756820023,0.005581183787435293,0.028150084502995016,1,0.00032028083354234695
132,train,0,101.74786373786628,24.138952668756247,101.17638215371383,23.579552219466624,-2.31741806268866,0.05997882633357696,237.2549807652831,33.11972574330866,13.663936093449593,28.747934666462243,65.84269611630589,0.005239708051085472,0.010233208425343037,0.0011850838735699655,1,0.0009291747841052711
132,train,1,101.74786373786628,24.138952668756247,101.20806025005481,23.574531294769034,-2.3382181560750195,0.05999088420204554,237.2549807652831,33.11972574330866,13.663936093449593,28.747934666462243,65.84269611630589,0.005239708051085472,0.010233208425343037,0.0011850838735699655,1,0.0009291747841052711
132,train,2,101.74786373786628,24.138952668756247,101.20326487062968,23.573283070005907,-2.343389154089116,0.059966771969510606,237.2549807652831,33.11972574330866,13.663936093449593,28.747934666462243,65.84269611630589,0.005239708051085472,0.010233208425343037,0.0011850838735699655,1,0.0009291747841052711
132,train,3,101.74786373786628,24.138952668756247,101.19127678326016,23.575361362306847,-2.33477945038964,0.060080201389648896,237.2549807652831,33.11972574330866,13.663936093449593,28.747934666462243,65.84269611630589,0.005239708051085472,0.010233208425343037,0.0011850838735699655,1,0.0009291747841052711
133,train,0,95.91911587677896,40.16672389395535,96.62896145202377,39.27678802978625,-2.2156048039133753,0.16169522388626967,801.8433943390846,88.36675128433853,42.29652966558933,16.509644999168813,18.991980031132698,0.1682779669202864,0.007959240600466728,0.021070458330214023,1,0.00045092097437009215
133,train,1,95.91911587677896,40.16672389395535,96.63727231331424,39.271553998685576,-2.2286355681711254,0.16168970675022493,801.8433943390846,88.36675128433853,42.29652966558933,16.509644999168813,18.991980031132698,0.1682779669202864,0.007959240600466728,0.021070458330214023,1,0.00045092097437009215
133,train,2,95.91911587677896,40.16672389395535,96.63625530280146,39.2726583456556,-2.2258861605447042,0.16169404785318464,801.8433943390846,88.36675128433853,42.29652966558933,16.509644999168813,18.991980031132698,0.1682779669202864,0.007959240600466728,0.021070458330214023,1,0.00045092097437009215
133,train,3,95.91911587677896,40.16672389395535,96.63317207326527,39.27252843818478,-2.226209581173086,0.16170456096445032,801.8433943390846,88.36675128433853,42.29652966558933,16.509644999168813,18.991980031132698,0.1682779669202864,0.007959240600466728,0.021070458330214023,1,0.00045092097437009215
134,train,0,107.26843702048063,33.37342500500381,109.78948375855087,31.55321024896143,-5.454084367335598,0.1320273125435371,396.7967546079308,67.2411508159712,37.401739075779915,44.909381195902824,51.70608248561621,0.09601996684446931,0.0010323923081159592,0.03472676943987608,1,0.0006899033710360528
134,train,1,107.26843702048063,33.37342500500381,109.78662993174072,31.551399132634312,-5.459511189206136,0.13211706589713884,396.7967546079308,67.2411508159712,37.401739075779915,44.909381195902824,51.70608248561621,0.09601996684446931,0.0010323923081159592,0.03472676943987608,1,0.0006899033710360528
134,train,2,107.26843702048063,33.37342500500381,109.78218718827753,31.552667742192153,-5.455709932494692,0.13205408071830604,396.7967546079308,67.2411508159712,37.401739075779915,44.909381195902824,51.70608248561621,0.09601996684446931,0.0010323923081159592,0.03472676943987608,1,0.0006899033710360528
134,train,3,107.26843702048063,33.37342500500381,109.78477460873833,31.551299698474253,-5.459809133333964,0.13210235220867578,396.7967546079308,67.2411508159712,37.401739075779915,44.909381195902824,51.70608248561621,0.09601996684446931,0.0010323923081159592,0.03472676943987608,1,0.0006899033710360528
135,train,0,83.10647559165955,49.22088288515807,82.03031960522151,48.20558764309438,-2.062732690985177,0.06577022763600207,642.272160993889,41.30416455678642,18.54404677450657,11.576311560347676,98.5567886615172,0.06796235851943493,0.018294080384075644,0.014851160608232022,0,0.00021206854917109013
135,train,1,83.10647559165955,49.22088288515807,82.03085072974977,48.20463037081852,-2.064677540853269,0.06578255168606587,642.272160993889,41.30416455678642,18.54404677450657,11.576311560347676,98.5567886615172,0.06796235851943493,0.018294080384075644,0.014851160608232022,0,0.00021206854917109013
135,train,2,83.10647559165955,49.22088288515807,82.03128042024383,48.204877745328865,-2.0641749604527444,0.0657817805672938,642.272160993889,41.30416455678642,18.54404677450657,11.576311560347676,98.5567886615172,0.06796235851943493,0.018294080384075644,0.014851160608232022,0,0.00021206854917109013
135,train,3,83.10647559165955,49.22088288515807,82.03194597701103,48.20376550448349,-2.066434653453311,0.06577930859853552,642.272160993889,41.30416455678642,18.54404677450657,11.576311560347676,98.5567886615172,0.06796235851943493,0.018294080384075644,0.014851160608232022,0,0.00021206854917109013
136,train,0,93.73952215909958,36.099634205922484,93.49077176090236,34.41849339211691,-4.656946949146002,0.11900673337579876,312.70373221486807,45.85414484143257,27.249403923749924,32.54663309082389,71.41238507814705,0.11989281948655843,0.01983483660966158,0.003224712498486042,1,0.0003808286719955504
136,train,1,93.73952215909958,36.099634205922484,93.48522142697458,34.420808274263315,-4.650534468251592,0.1190603402144843,312.70373221486807,45.85414484143257,27.249403923749924,32.54663309082389,71.41238507814705,0.11989281948655843,0.01983483660966158,0.003224712498486042,1,0.0003808286719955504
136,train,2,93.73952215909958,36.099634205922484,93.49074162253798,34.41933338847471,-4.654620065851258,0.11907695305267978,312.70373221486807,45.85414484143257,27.249403923749924,32.54663309082389,71.41238507814705,0.11989281948655843,0.01983483660966158,0.003224712498486042,1,0.0003808286719955504
136,train,3,93.73952215909958,36.099634205922484,93.488656578213,34.41942267852018,-4.654372722498811,0.11908640278751746,312.70373221486807,45.85414484143257,27.249403923749924,32.54663309082389,71.41238507814705,0.11989281948655843,0.01983483660966158,0.003224712498486042,1,0.0003808286719955504
137,train,0,98.9687896296382,50.25149230659008,99.5068116394605,49.57996647771883,-1.3363301228433213,0.06363472069255843,943.8426867127419,70.77649913262576,28.80481317639351,20.967931477352977,25.303899138234556,0.04685737458989024,0.0021088235825300217,0.023427230156958103,0,0.0008586428207345307
137,train,1,98.9687896296382,50.25149230659008,99.50098938574884,49.586395389533266,-1.3235366484222737,0.06371125541828855,943.8426867127419,70.77649913262576,28.80481317639351,20.967931477352977,25.303899138234556,0.04685737458989024,0.0021088235825300217,0.023427230156958103,0,0.0008586428207345307
137,train,2,98.9687896296382,50.25149230659008,99.49228141223557,49.58528814778717,-1.325740049147855,0.06360902247458779,943.8426867127419,70.77649913262576,28.80481317639351,20.967931477352977,25.303899138234556,0.04685737458989024,0.0021088235825300217,0.023427230156958103,0,0.0008586428207345307
137,train,3,98.9687896296382,50.25149230659008,99.50097806929627,49.58162199505972,-1.3330356588087142,0.06372670329036947,943.8426867127419,70.77649913262576,28.80481317639351,20.967931477352977,25.303899138234556,0.04685737458989024,0.0021088235825300217,0.023427230156958103,0,0.0008586428207345307
138,train,0,85.25137892924249,23.30194375291467,84.51183275084382,22.655806531127194,-2.772889801120804,0.1078383033907475,472.3233258817345,84.80065771844238,50.93492171168327,48.70833719614893,58.017913824878626,0.026366684418171644,0.00891848437488079,0.03210368286818266,1,0.0006196608448401094
138,train,1,85.25137892924249,23.30194375291467,84.5134232017848,22.65389917566684,-2.781075193209024,0.10793685752907282,472.3233258817345,84.80065771844238,50.93492171168327,48.70833719614893,58.017913824878626,0.026366684418171644,0.00891848437488079,0.03210368286818266,1,0.0006196608448401094
138,train,2,85.25137892924249,23.30194375291467,84.51863219960119,22.65280866732407,-2.7857550961147006,0.10786042855112626,472.3233258817345,84.80065771844238,50.93492171168327,48.70833719614893,58.017913824878626,0.026366684418171644,0.00891848437488079,0.03210368286818266,1,0.0006196608448401094
138,train,3,85.25137892924249,23.30194375291467,84.52092368272653,22.653594313898196,-2.782383503673923,0.10783956405090914,472.3233258817345,84.80065771844238,50.93492171168327,48.70833719614893,58.017913824878626,0.026366684418171644,0.00891848437488079,0.03210368286818266,1,0.0006196608448401094
139,train,0,109.99899533204734,37.27531431056559,111.30394706067591,35.53103125390782,-4.679459017099041,0.11279029370028451,784.24551342614,28.5370141454041,5.1046097576618195,16.03416896890849,104.12638419307768,0.1443831231817603,0.011656777150928974,0.011910930834710598,1,0.0010979353411123159
139,train,1,109.99899533204734,37.27531431056559,111.31409818961106,35.53092835077543,-4.679735079512711,0.11277767846225734,784.24551342614,28.5370141454041,5.1046097576618195,16.03416896890849,104.12638419307768,0.1443831231817603,0.011656777150928974,0.011910930834710598,1,0.0010979353411123159
139,train,2,109.99899533204734,37.27531431056559,111.29813535758262,35.53789306872944,-4.6610505477177995,0.11279825716767498,784.24551342614,28.5370141454041,5.1046097576618195,16.03416896890849,104.12638419307768,0.1443831231817603,0.011656777150928974,0.011910930834710598,1,0.0010979353411123159
139,train,3,109.99899533204734,37.27531431056559,111.30693207173212,35.52889154290175,-4.6851993067401905,0.1127381230819619,784.24551342614,28.5370141454041,5.1046097576618195,16.03416896890849,104.12638419307768,0.1443831231817603,0.011656777150928974,0.011910930834710598,1,0.0010979353411123159
140,train,0,114.54862620308995,47.92442528344691,114.94458885419238,47.05546126124268,-1.813196542399375,0.06415767465668575,419.8310877196491,35.537489359267056,20.54038642346859,42.3499871371314,48.68906884454191,0.08403731709346175,0.006306357737630606,0.0399257742986083,0,0.00026404780270531774
140,train,1,114.54862620308995,47.92442528344691,114.94383263989486,47.05742618794221,-1.8090964896853066,0.06413423645787657,419.8310877196491,35.537489359267056,20.54038642346859,42.3499871371314,48.68906884454191,0.08403731709346175,0.006306357737630606,0.0399257742986083,0,0.00026404780270531774
140,train,2,114.54862620308995,47.92442528344691,114.94781230797828,47.0551224200019,-1.8139035748546914,0.06416500430519795,419.8310877196491,35.537489359267056,20.54038642346859,42.3499871371314,48.68906884454191,0.08403731709346175,0.006306357737630606,0.0399257742986083,0,0.00026404780270531774
140,train,3,114.54862620308995,47.92442528344691,114.94179085683413,47.05693435202475,-1.81012276368766,0.06412965744647144,419.8310877196491,35.537489359267056,20.54038642346859,42.3499871371314,48.68906884454191,0.08403731709346175,0.006306357737630606,0.0399257742986083,0,0.00026404780270531774
141,train,0,80.59034809097648,31.901214037090543,80.05140388275046,30.99177839519773,-2.8507869350534403,0.08073545254078439,625.879265088588,77.7921840082854,35.40834753215313,8.181617767550051,95.53953684400767,0.11224343899637461,0.014347028527408838,0.019810832850635052,1,0.0007414158665575087
141,train,1,80.59034809097648,31.901214037090543,80.06430892898891,30.98715268576131,-2.865287039754925,0.08070647932407865,625.879265088588,77.7921840082854,35.40834753215313,8.181617767550051,95.53953684400767,0.11224343899637461,0.014347028527408838,0.019810832850635052,1,0.0007414158665575087
141,train,2,80.59034809097648,31.901214037090543,80.06592975665959,30.982287379114506,-2.880538204306679,0.08067207808651636,625.879265088588,77.7921840082854,35.40834753215313,8.181617767550051,95.53953684400767,0.11224343899637461,0.014347028527408838,0.019810832850635052,1,0.0007414158665575087
141,train,3,80.59034809097648,31.901214037090543,80.06413927932027,30.984274257262246,-2.8743099831943644,0.0807569024851858,625.879265088588,77.7921840082854,35.40834753215313,8.181617767550051,95.53953684400767,0.11224343899637461,0.014347028527408838,0.019810832850635052,1,0.0007414158665575087
142,train,0,103.66693055070937,42.44462703168392,108.31507637760652,38.223601128522795,-9.944782645893511,0.1792335735226106,154.4542025309056,61.60188966430724,44.80018876492977,36.00997454486787,80.73034401517361,0.17470862422138453,0.01745679894462228,0.005988506115972996,0,0.0005024346483871341
142,train,1,103.66693055070937,42.44462703168392,108.31788076758534,38.223570820815105,-9.944854051180373,0.17930695104411054,154.4542025309056,61.60188966430724,44.80018876492977,36.00997454486787,80.73034401517361,0.17470862422138453,0.01745679894462228,0.005988506115972996,0,0.0005024346483871341
142,train,2,103.66693055070937,42.44462703168392,108.3125414419017,38.22433443566957,-9.94305496633061,0.17921799974428101,154.4542025309056,61.60188966430724,44.80018876492977,36.00997454486787,80.73034401517361,0.17470862422138453,0.01745679894462228,0.005988506115972996,0,0.0005024346483871341
142,train,3,103.66693055070937,42.44462703168392,108.3213741890268,38.22180485124639,-9.949014694569694,0.17922725697682515,154.4542025309056,61.60188966430724,44.80018876492977,36.00997454486787,80.73034401517361,0.17470862422138453,0.01745679894462228,0.005988506115972996,0,0.0005024346483871341
143,train,0,89.22700137086213,26.592609619721774,88.90940388154912,27.487911385922686,3.3667315054966753,0.18634583880819586,891.2856129463762,55.03662882838398,11.1573256701231,25.749571789056063,33.87988875620067,0.011510618682950734,0.0044087359867990015,0.026113213188946247,1,0.0009811552161350847
143,train,1,89.22700137086213,26.592609619721774,88.9172344956432,27.481346914842007,3.342046184369669,0.1863590055260238,891.2856129463762,55.03662882838398,11.1573256701231,25.749571789056063,33.87988875620067,0.011510618682950734,0.0044087359867990015,0.026113213188946247,1,0.0009811552161350847
143,train,2,89.22700137086213,26.592609619721774,88.91665772156846,27.48520853552498,3.3565675898962324,0.18641929171568233,891.2856129463762,55.03662882838398,11.1573256701231,25.749571789056063,33.87988875620067,0.011510618682950734,0.0044087359867990015,0.026113213188946247,1,0.0009811552161350847
143,train,3,89.22700137086213,26.592609619721774,88.90405883931668,27.488633876820057,3.369448391532697,0.18635624584004223,891.2856129463762,55.03662882838398,11.1573256701231,25.749571789056063,33.87988875620067,0.011510618682950734,0.0044087359867990015,0.026113213188946247,1,0.0009811552161350847
144,train,0,108.38801479898393,51.288947312161326,113.56784267914063,45.980738008120305,-10.349616403186282,0.19353342548923602,188.74407950788736,56.69993104878813,35.84523244202137,5.320349088869989,83.39721201919019,0.15844946075230837,0.004340829402208328,0.02466066800057888,1,0.0008316744605079293
144,train,1,108.38801479898393,51.288947312161326,113.5508314566857,45.990445929382005,-10.33068850200981,0.19342241923228806,188.74407950788736,56.69993104878813,35.84523244202137,5.320349088869989,83.39721201919019,0.15844946075230837,0.004340829402208328,0.02466066800057888,1,0.0008316744605079293
144,train,2,108.38801479898393,51.288947312161326,113.57037963996481,45.98286112640664,-10.345476879180435,0.19358171073170294,188.74407950788736,56.69993104878813,35.84523244202137,5.320349088869989,83.39721201919019,0.15844946075230837,0.004340829402208328,0.02466066800057888,1,0.0008316744605079293
144,train,3,108.38801479898393,51.288947312161326,113.56693100313011,45.98439688880683,-10.342482545155919,0.19361546772349458,188.74407950788736,56.69993104878813,35.84523244202137,5.320349088869989,83.39721201919019,0.15844946075230837,0.004340829402208328,0.02466066800057888,1,0.0008316744605079293
145,train,0,84.52410644106567,35.20368494838476,83.46555547751882,34.50621248137721,-1.9812484631372485,0.049965874137516096,859.6862148493528,64.2788012791425,20.19724167883396,40.102540482766926,37.10313744377344,0.006674658861011267,0.01629302527755499,0.004468067064881325,1,0.00040954037588089706
145,train,1,84.52410644106567,35.20368494838476,83.46110837843688,34.50718433013645,-1.9784878181631282,0.04992272014425772,859.6862148493528,64.2788012791425,20.19724167883396,40.102540482766926,37.10313744377344,0.006674658861011267,0.01629302527755499,0.004468067064881325,1,0.00040954037588089706
145,train,2,84.52410644106567,35.20368494838476,83.46203543552483,34.50745331892987,-1.9777237254443794,0.049964440208785384,859.6862148493528,64.2788012791425,20.19724167883396,40.102540482766926,37.10313744377344,0.006674658861011267,0.01629302527755499,0.004468067064881325,1,0.00040954037588089706
145,train,3,84.52410644106567,35.20368494838476,83.46722472247109,34.505564375399445,-1.9830894805725416,0.050000015444141115,859.6862148493528,64.2788012791425,20.19724167883396,40.102540482766926,37.10313744377344,0.006674658861011267,0.01629302527755499,0.004468067064881325,1,0.00040954037588089706
146,train,0,100.32662704586981,38.24675473198295,99.55163225232137,37.52730312209706,-1.881078839047926,0.06926364850687329,454.53577735461295,75.14500281773508,11.589095070958138,22.887015650048852,46.0439559398219,0.0777990554831922,0.014402727745473385,0.01062620908021927,1,0.0010705076375044883
146,train,1,100.32662704586981,38.24675473198295,99.55427640017304,37.52712500392542,-1.881544546982861,0.06913459603305713,454.53577735461295,75.14500281773508,11.589095070958138,22.887015650048852,46.0439559398219,0.0777990554831922,0.014402727745473385,0.01062620908021927,1,0.0010705076375044883
146,train,2,100.32662704586981,38.24675473198295,99.5534302520193,37.527236668399,-1.8812525889478318,0.06923843450145416,454.53577735461295,75.14500281773508,11.589095070958138,22.887015650048852,46.0439559398219,0.0777990554831922,0.014402727745473385,0.01062620908021927,1,0.0010705076375044883
146,train,3,100.32662704586981,38.24675473198295,99.55186874289731,37.52816217909363,-1.8788327478368203,0.0691595318444628,454.53577735461295,75.14500281773508,11.589095070958138,22.887015650048852,46.0439559398219,0.0777990554831922,0.014402727745473385,0.01062620908021927,1,0.0010705076375044883
147,train,0,94.7935766801238,22.457246201112866,93.96481265197892,22.289658664593432,-0.7462514994876454,0.05201978768208657,593.8650068361312,33.907948774285614,44.46218241751194,33.76398701220751,92.33802060596645,0.09457682389765977,0.0074432756006717685,0.030828575640916824,0,0.000648833363968879
147,train,1,94.7935766801238,22.457246201112866,93.95770895799363,22.290563785179557,-0.7422210828549859,0.05199636610916024,593.8650068361312,33.907948774285614,44.46218241751194,33.76398701220751,92.33802060596645,0.09457682389765977,0.0074432756006717685,0.030828575640916824,0,0.000648833363968879
147,train,2,94.7935766801238,22.457246201112866,93.95232515864072,22.29255982279382,-0.7333329155508209,0.05198281143467465,593.8650068361312,33.907948774285614,44.46218241751194,33.76398701220751,92.33802060596645,0.09457682389765977,0.0074432756006717685,0.030828575640916824,0,0.000648833363968879
147,train,3,94.7935766801238,22.457246201112866,93.95539189747463,22.29250051805196,-0.7335969939749025,0.05194676294864808,593.8650068361312,33.907948774285614,44.46218241751194,33.76398701220751,92.33802060596645,0.09457682389765977,0.0074432756006717685,0.030828575640916824,0,0.000648833363968879
148,train,0,89.9539570454508,32.84325750358403,89.65108759513798,32.19655172456069,-1.9690671028985627,0.03126108893587233,508.3843923173845,26.899507995694876,29.89793610572815,17.85256490111351,60.46438899822532,0.04244869602844119,0.012093011159449815,0.018584720641374588,0,0.000716652369312942
148,train,1,89.9539570454508,32.84325750358403,89.6420287787999,32.19936646974497,-1.960496865357495,0.031352620837692274,508.3843923173845,26.899507995694876,29.89793610572815,17.85256490111351,60.46438899822532,0.04244869602844119,0.012093011159449815,0.018584720641374588,0,0.000716652369312942
148,train,2,89.9539570454508,32.84325750358403,89.65511031099514,32.19411269483128,-1.97649337518334,0.03134353095530015,508.3843923173845,26.899507995694876,29.89793610572815,17.85256490111351,60.46438899822532,0.04244869602844119,0.012093011159449815,0.018584720641374588,0,0.000716652369312942
148,train,3,89.9539570454508,32.84325750358403,89.64335636605337,32.19919437712964,-1.961020846924526,0.031239169013591188,508.3843923173845,26.899507995694876,29.89793610572815,17.85256490111351,60.46438899822532,0.04244869602844119,0.012093011159449815,0.018584720641374588,0,0.000716652369312942
149,train,0,105.27750310488045,47.04984429106116,106.1513395749181,44.91975446377043,-4.527304732643764,0.1268078013339884,754.2097852565348,82.14557295199484,26.062497913837433,30.223694490268823,107.50044563319534,0.14939348828047513,0.009831116925925016,0.03870927363634109,1,0.00029407177064567805
149,train,1,105.27750310488045,47.04984429106116,106.15714673673057,44.91682341598538,-4.53353439786204,0.12678930517680642,754.2097852565348,82.14557295199484,26.062497913837433,30.223694490268823,107.50044563319534,0.14939348828047513,0.009831116925925016,0.03870927363634109,1,0.00029407177064567805
149,train,2,105.27750310488045,47.04984429106116,106.15099531730786,44.9198925647027,-4.527011212156394,0.1267967231262865,754.2097852565348,82.14557295199484,26.062497913837433,30.223694490268823,107.50044563319534,0.14939348828047513,0.009831116925925016,0.03870927363634109,1,0.00029407177064567805
149,train,3,105.27750310488045,47.04984429106116,106.1547900434416,44.91965314342473,-4.527520079468449,0.1268251105311628,754.2097852565348,82.14557295199484,26.062497913837433,30.223694490268823,107.50044563319534,0.14939348828047513,0.009831116925925016,0.03870927363634109,1,0.00029407177064567805
150,train,0,79.5361217148602,27.60041006654501,80.27332620007051,27.067500197207938,-1.9308041730257628,0.04340669406872775,349.17966197244823,73.4613763121888,6.192640066146851,12.920261514373124,68.9644489949569,0.1263082329556346,0.0016408504359424114,0.027366195097565653,0,0.0009550382879562676
150,train,1,79.5361217148602,27.60041006654501,80.28707324842058,27.064728936614806,-1.9408448230974487,0.04345488395916667,349.17966197244823,73.4613763121888,6.192640066146851,12.920261514373124,68.9644489949569,0.1263082329556346,0.0016408504359424114,0.027366195097565653,0,0.0009550382879562676
150,train,2,79.5361217148602,27.60041006654501,80.27301738756117,27.067297164953086,-1.9315397862081856,0.04343452439068161,349.17966197244823,73.4613763121888,6.192640066146851,12.920261514373124,68.9644489949569,0.1263082329556346,0.0016408504359424114,0.027366195097565653,0,0.0009550382879562676
150,train,3,79.5361217148602,27.60041006654501,80.27564671163587,27.067258329168347,-1.9316804934826217,0.04348123703869958,349.17966197244823,73.4613763121888,6.192640066146851,12.920261514373124,68.9644489949569,0.1263082329556346,0.0016408504359424114,0.027366195097565653,0,0.0009550382879562676
151,train,0,113.1905257664621,41.51859417371452,111.95578891754721,39.82344885654167,-4.082858176941968,0.16503963628243412,913.3921490516514,47.525350637733936,49.75317698717117,46.38411113526672,21.92839943803847,0.06434958441182971,0.018914878983050585,0.007251407727599144,1,0.000533810515049845
151,train,1,113.1905257664621,41.51859417371452,111.94984178350165,39.826334860039836,-4.075907066106913,0.16503641122307405,913.3921490516514,47.525350637733936,49.75317698717117,46.38411113526672,21.92839943803847,0.06434958441182971,0.018914878983050585,0.007251407727599144,1,0.000533810515049845
151,train,2,113.1905257664621,41.51859417371452,111.95604108662953,39.8211981584729,-4.08827911691731,0.16504527750896084,913.3921490516514,47.525350637733936,49.75317698717117,46.38411113526672,21.92839943803847,0.06434958441182971,0.018914878983050585,0.007251407727599144,1,0.000533810515049845
151,train,3,113.1905257664621,41.51859417371452,111.96398173139909,39.817615991551065,-4.0969069787058086,0.16500001227293432,913.3921490516514,47.525350637733936,49.75317698717117,46.38411113526672,21.92839943803847,0.06434958441182971,0.018914878983050585,0.007251407727599144,1,0.000533810515049845
152,train,0,102.56443947181106,28.397230997681618,106.68816438755249,25.658440761096102,-9.644567939772411,0.117658591631341,364.6795487962663,43.951325407251716,40.45263980329037,19.53575285617262,54.90194796118885,0.1024338380433619,0.017955482620745897,0.015903202444314958,0,0.0005900431770831347
152,train,1,102.56443947181106,28.397230997681618,106.69304929515262,25.65536679749353,-9.65539281070022,0.1176312120584978,364.6795487962663,43.951325407251716,40.45263980329037,19.53575285617262,54.90194796118885,0.1024338380433619,0.017955482620745897,0.015903202444314958,0,0.0005900431770831347
152,train,2,102.56443947181106,28.397230997681618,106.68919501614228,25.657441531747608,-9.648086696050365,0.11758856440586647,364.6795487962663,43.951325407251716,40.45263980329037,19.53575285617262,54.90194796118885,0.1024338380433619,0.017955482620745897,0.015903202444314958,0,0.0005900431770831347
152,train,3,102.56443947181106,28.397230997681618,106.69418723050444,25.654614311058232,-9.658042669185932,0.11762570493050964,364.6795487962663,43.951325407251716,40.45263980329037,19.53575285617262,54.90194796118885,0.1024338380433619,0.017955482620745897,0.015903202444314958,0,0.0005900431770831347
153,train,0,87.82881336286664,44.4797362741083,87.0806247643435,45.55744884954796,2.4229293285333693,0.12141777008407922,677.0814226008952,68.87073498684913,15.601540014147758,31.160131986252967,101.19577445089817,0.0854533640295267,0.00021743429824709894,0.03571028798818588,1,0.001011305195093155
153,train,1,87.82881336286664,44.4797362741083,87.08358126109933,45.55285431694541,2.4125998324809643,0.12143547894551592,677.0814226008952,68.87073498684913,15.601540014147758,31.160131986252967,101.19577445089817,0.0854533640295267,0.00021743429824709894,0.03571028798818588,1,0.001011305195093155
153,train,2,87.82881336286664,44.4797362741083,87.07653234301249,45.55681089851322,2.4214950775953503,0.12127483892389271,677.0814226008952,68.87073498684913,15.601540014147758,31.160131986252967,101.19577445089817,0.0854533640295267,0.00021743429824709894,0.03571028798818588,1,0.001011305195093155
153,train,3,87.82881336286664,44.4797362741083,87.0970861392802,45.549934286248316,2.406034976342662,0.12137550230916681,677.0814226008952,68.87073498684913,15.601540014147758,31.160131986252967,101.19577445089817,0.0854533640295267,0.00021743429824709894,0.03571028798818588,1,0.001011305195093155
154,train,0,115.95219579525292,30.18655193783343,117.84135123158461,28.82244906055018,-4.518909215244254,0.11126651805537964,205.55263827554882,86.70348490122706,16.706783041357994,14.603706877678633,62.65986558049917,0.021322918608784675,0.008290513288229703,0.029386130347847938,0,0.0003503391153179109
154,train,1,115.95219579525292,30.18655193783343,117.8376231452523,28.824146751077517,-4.513285219065983,0.11128746430090676,205.55263827554882,86.70348490122706,16.706783041357994,14.603706877678633,62.65986558049917,0.021322918608784675,0.008290513288229703,0.029386130347847938,0,0.0003503391153179109
154,train,2,115.95219579525292,30.18655193783343,117.84093456564337,28.822752855116768,-4.51790282482506,0.11129309301866076,205.55263827554882,86.70348490122706,16.706783041357994,14.603706877678633,62.65986558049917,0.021322918608784675,0.008290513288229703,0.029386130347847938,0,0.0003503391153179109
154,train,3,115.95219579525292,30.18655193783343,117.84374344069734,28.823293202834243,-4.5161127968729255,0.11129722189361996,205.55263827554882,86.70348490122706,16.706783041357994,14.603706877678633,62.65986558049917,0.021322918608784675,0.008290513288229703,0.029386130347847938,0,0.0003503391153179109
155,train,0,81.69586517848074,45.978818003088236,80.33176268976568,45.753780085704925,-0.4894382395132311,0.05337067909109794,836.2378464546055,30.44278603978455,39.33278553187847,47.320119393989444,16.366051831282675,0.17328987965360282,0.011016427297145128,0.009588810428977013,1,0.0007728854554705322
155,train,1,81.69586517848074,45.978818003088236,80.32840971673517,45.75379464022574,-0.48940658467423637,0.053310478925383466,836.2378464546055,30.44278603978455,39.33278553187847,47.320119393989444,16.366051831282675,0.17328987965360282,0.011016427297145128,0.009588810428977013,1,0.0007728854554705322
155,train,2,81.69586517848074,45.978818003088236,80.3199633239575,45.76011196295566,-0.4756669475885331,0.053344334546572704,836.2378464546055,30.44278603978455,39.33278553187847,47.320119393989444,16.366051831282675,0.17328987965360282,0.011016427297145128,0.009588810428977013,1,0.0007728854554705322
155,train,3,81.69586517848074,45.978818003088236,80.31354467864136,45.7638539778197,-0.46752838503611654,0.0533537012602622,836.2378464546055,30.44278603978455,39.33278553187847,47.320119393989444,16.366051831282675,0.17328987965360282,0.011016427297145128,0.009588810428977013,1,0.0007728854554705322
156,train,0,86.50533344596624,39.34337354078889,86.61149958968346,38.829721179377536,-1.3055625768309451,0.06870569461273798,259.3226069584489,37.443294185213745,46.3061828315258,9.657055726274848,77.82240704167634,0.053903524428606034,0.005668602138757706,0.02232602022588253,1,0.00048007285892963413
156,train,1,86.50533344596624,39.34337354078889,86.60684591540415,38.83318566762473,-1.2967568036208776,0.06871607593836365,259.3226069584489,37.443294185213745,46.3061828315258,9.657055726274848,77.82240704167634,0.053903524428606034,0.005668602138757706,0.02232602022588253,1,0.00048007285892963413
156,train,2,86.50533344596624,39.34337354078889,86.60602968016379,38.83249013064342,-1.2985246667162715,0.06872814987281095,259.3226069584489,37.443294185213745,46.3061828315258,9.657055726274848,77.82240704167634,0.053903524428606034,0.005668602138757706,0.02232602022588253,1,0.00048007285892963413
156,train,3,86.50533344596624,39.34337354078889,86.602737252348,38.83398131970613,-1.294734475564591,0.06869030563726418,259.3226069584489,37.443294185213745,46.3061828315258,9.657055726274848,77.82240704167634,0.053903524428606034,0.005668602138757706,0.02232602022588253,1,0.00048007285892963413
157,train,0,110.9572523534298,25.132191011682156,111.98499265332805,24.01207362710928,-4.456903037431997,0.0625069430798626,996.6077636927366,79.69498213380575,9.642542630434036,43.69185561314226,30.786187257617712,0.11570311294868588,0.013716463707387447,0.0024502597004175185,0,0.0009017677117139102
157,train,1,110.9572523534298,25.132191011682156,111.97387654158865,24.015218751942573,-4.444388709366339,0.06249241654968192,996.6077636927366,79.69498213380575,9.642542630434036,43.69185561314226,30.786187257617712,0.11570311294868588,0.013716463707387447,0.0024502597004175185,0,0.0009017677117139102
157,train,2,110.9572523534298,25.132191011682156,111.99180186225362,24.008941318548395,-4.469366370053622,0.06268908479698093,996.6077636927366,79.69498213380575,9.642542630434036,43.69185561314226,30.786187257617712,0.11570311294868588,0.013716463707387447,0.0024502597004175185,0,0.0009017677117139102
157,train,3,110.9572523534298,25.132191011682156,111.98051619627073,24.01238805668032,-4.455651934530175,0.06257863873015969,996.6077636927366,79.69498213380575,9.642542630434036,43.69185561314226,30.786187257617712,0.11570311294868588,0.013716463707387447,0.0024502597004175185,0,0.0009017677117139102
158,train,0,92.78664672188461,48.331510907039046,93.07403068032916,46.19329070849777,-4.424070670279555,0.12298541903317213,525.1921246293932,59.69609258696437,22.009490460157394,27.22329321783036,39.72709918394685,0.13734516279771924,0.015567698739469052,0.013627322614192963,1,0.00024080087421461942
158,train,1,92.78664672188461,48.331510907039046,93.07625892767506,46.19176122538675,-4.427235237416641,0.12298679022848032,525.1921246293932,59.69609258696437,22.009490460157394,27.22329321783036,39.72709918394685,0.13734516279771924,0.015567698739469052,0.013627322614192963,1,0.00024080087421461942
158,train,2,92.78664672188461,48.331510907039046,93.07494971913191,46.19145797773968,-4.42786266999918,0.1229690399939816,525.1921246293932,59.69609258696437,22.009490460157394,27.22329321783036,39.72709918394685,0.13734516279771924,0.015567698739469052,0.013627322614192963,1,0.00024080087421461942
158,train,3,92.78664672188461,48.331510907039046,93.07596357825943,46.19186691996219,-4.427016550739034,0.12299181565814621,525.1921246293932,59.69609258696437,22.009490460157394,27.22329321783036,39.72709918394685,0.13734516279771924,0.015567698739469052,0.013627322614192963,1,0.00024080087421461942
159,train,0,97.7178611215204,34.4179220944643,97.13923158049562,34.25343478289783,-0.47791180163352587,0.09287323474488753,730.7606157381088,53.133838451467454,33.94803264737129,37.353559718467295,86.76330339629203,0.03054819747805595,0.0025270934402942657,0.033512848764657974,1,0.00066291439300403
159,train,1,97.7178611215204,34.4179220944643,97.14625231721331,34.25096358293795,-0.4850917817412474,0.09284133820171475,730.7606157381088,53.133838451467454,33.94803264737129,37.353559718467295,86.76330339629203,0.03054819747805595,0.0025270934402942657,0.033512848764657974,1,0.00066291439300403
159,train,2,97.7178611215204,34.4179220944643,97.14544695057505,34.25326066389132,-0.47841769796865674,0.09282293066856401,730.7606157381088,53.133838451467454,33.94803264737129,37.353559718467295,86.76330339629203,0.03054819747805595,0.0025270934402942657,0.033512848764657974,1,0.00066291439300403
159,train,3,97.7178611215204,34.4179220944643,97.15435688987107,34.24898203257568,-0.49084910304852847,0.09289108618916253,730.7606157381088,53.133838451467454,33.94803264737129,37.353559718467295,86.76330339629203,0.03054819747805595,0.0025270934402942657,0.033512848764657974,1,0.00066291439300403
160,train,0,112.99520905688405,23.443894328549508,115.2348702827996,22.17932146586241,-5.394039253739185,0.07633174456650288,305.19662625156343,51.55202853959054,38.75216367840767,22.107934514060616,103.0944118835032,0.1476350823417306,0.007529228199273348,0.0038825141265988353,1,0.0005402792253531516
160,train,1,112.99520905688405,23.443894328549508,115.23574870252584,22.178868304494493,-5.395972214882791,0.07636190802033055,305.19662625156343,51.55202853959054,38.75216367840767,22.107934514060616,103.0944118835032,0.1476350823417306,0.007529228199273348,0.0038825141265988353,1,0.0005402792253531516
160,train,2,112.99520905688405,23.443894328549508,115.23079770961502,22.17882931508821,-5.396138524309622,0.07639657117497545,305.19662625156343,51.55202853959054,38.75216367840767,22.107934514060616,103.0944118835032,0.1476350823417306,0.007529228199273348,0.0038825141265988353,1,0.0005402792253531516
160,train,3,112.99520905688405,23.443894328549508,115.22891265155066,22.1800229061374,-5.3910472581894755,0.0763789920853542,305.19662625156343,51.55202853959054,38.75216367840767,22.107934514060616,103.0944118835032,0.1476350823417306,0.007529228199273348,0.0038825141265988353,1,0.0005402792253531516
161,train,0,79.86146846041083,37.59666885063052,79.29918590724265,36.99660574774786,-1.596053909102127,0.055601835219080194,949.0963663440198,61.3017638400197,17.299089401960373,34.38873115926981,56.058395770378404,0.040692848917096854,0.010567395668476821,0.02399745587259531,0,0.0010190995511598887
161,train,1,79.86146846041083,37.59666885063052,79.30839713295933,36.99114022048199,-1.6105911737932685,0.055636350724773305,949.0963663440198,61.3017638400197,17.299089401960373,34.38873115926981,56.058395770378404,0.040692848917096854,0.010567395668476821,0.02399745587259531,0,0.0010190995511598887
161,train,2,79.86146846041083,37.59666885063052,79.30068799836455,36.995901754095215,-1.5979263985384617,0.055562772850025414,949.0963663440198,61.3017638400197,17.299089401960373,34.38873115926981,56.058395770378404,0.040692848917096854,0.010567395668476821,0.02399745587259531,0,0.0010190995511598887
161,train,3,79.86146846041083,37.59666885063052,79.30093809754202,36.99567043735656,-1.5985416571390905,0.05561877671225365,949.0963663440198,61.3017638400197,17.299089401960373,34.38873115926981,56.058395770378404,0.040692848917096854,0.010567395668476821,0.02399745587259531,0,0.0010190995511598887
162,train,0,104.28315478004515,36.89700574427843,102.36130009832446,35.99617890901817,-2.4414632490875063,0.17006185236126958,570.6283298321068,78.11915850266814,14.68069675564766,5.92314203735441,17.429637019522488,0.06610540872439742,0.01871737776324153,0.030164142958819865,1,0.000330012003518641
162,train,1,104.28315478004515,36.89700574427843,102.35077132803818,36.00317267341036,-2.422508419959461,0.17003265175151894,570.6283298321068,78.11915850266814,14.68069675564766,5.92314203735441,17.429637019522488,0.06610540872439742,0.01871737776324153,0.030164142958819865,1,0.000330012003518641
162,train,2,104.28315478004515,36.89700574427843,102.35499971809928,35.999925549412474,-2.4313089281101616,0.17002843215454255,570.6283298321068,78.11915850266814,14.68069675564766,5.92314203735441,17.429637019522488,0.06610540872439742,0.01871737776324153,0.030164142958819865,1,0.000330012003518641
162,train,3,104.28315478004515,36.89700574427843,102.35279402303165,36.001100696243924,-2.428123989907863,0.1700407241241567,570.6283298321068,78.11915850266814,14.68069675564766,5.92314203735441,17.429637019522488,0.06610540872439742,0.01871737776324153,0.030164142958819865,1,0.000330012003518641
163,train,0,90.8185652513057,50.86945988051593,93.24413794523247,48.761128921194484,-4.144590810033315,0.10191740433199076,683.641482423991,39.05885701533407,41.361798733472824,39.30146523285657,64.46563756093383,0.12806665901094674,0.0006670783646404744,0.010039435587823392,1,0.0008074931828305126
163,train,1,90.8185652513057,50.86945988051593,93.2529449157957,48.759242708321615,-4.148298757547015,0.10189231682017634,683.641482423991,39.05885701533407,41.361798733472824,39.30146523285657,64.46563756093383,0.12806665901094674,0.0006670783646404744,0.010039435587823392,1,0.0008074931828305126
163,train,2,90.8185652513057,50.86945988051593,93.25506374106332,48.756492816242925,-4.153704539493876,0.10187670386892306,683.641482423991,39.05885701533407,41.361798733472824,39.30146523285657,64.46563756093383,0.12806665901094674,0.0006670783646404744,0.010039435587823392,1,0.0008074931828305126
163,train,3,90.8185652513057,50.86945988051593,93.25456950400952,48.75418826485376,-4.158234863571583,0.10190360624335093,683.641482423991,39.05885701533407,41.361798733472824,39.30146523285657,64.46563756093383,0.12806665901094674,0.0006670783646404744,0.010039435587823392,1,0.0008074931828305126
164,train,0,95.8043030500412,41.83210976235569,95.50603061966868,40.72736883470321,-2.640892209186686,0.042496441544609284,412.2168750036508,29.872343754395843,32.980657979846,12.314365250058474,32.68554877489805,0.009137557726353407,0.0160173425078392,0.038122638426721096,0,0.0004305238393135369
164,train,1,95.8043030500412,41.83210976235569,95.50707558034107,40.72883858462519,-2.6373787599958134,0.04248524373850665,412.2168750036508,29.872343754395843,32.980657979846,12.314365250058474,32.68554877489805,0.009137557726353407,0.0160173425078392,0.038122638426721096,0,0.0004305238393135369
164,train,2,95.8043030500412,41.83210976235569,95.50805612642283,40.730133159687654,-2.634284067737113,0.04250074188369313,412.2168750036508,29.872343754395843,32.980657979846,12.314365250058474,32.68554877489805,0.009137557726353407,0.0160173425078392,0.038122638426721096,0,0.0004305238393135369
164,train,3,95.8043030500412,41.83210976235569,95.50545174593555,40.730064965206026,-2.634447087202337,0.042515003207287634,412.2168750036508,29.872343754395843,32.980657979846,12.314365250058474,32.68554877489805,0.009137557726353407,0.0160173425078392,0.038122638426721096,0,0.0004305238393135369
165,train,0,99.48303555697203,25.80798388272524,98.79452953170268,25.525091480883653,-1.0961429731477073,0.16785645995258133,631.2333574984223,87.29767326731235,22.965134844183922,47.18688958790153,78.97958035115153,0.16090981151908634,0.0032889882847666743,0.01792012106627226,1,0.0009089113303460181
165,train,1,99.48303555697203,25.80798388272524,98.77791747203516,25.531093184753356,-1.0728877514420025,0.16795153719435685,631.2333574984223,87.29767326731235,22.965134844183922,47.18688958790153,78.97958035115153,0.16090981151908634,0.0032889882847666743,0.01792012106627226,1,0.0009089113303460181
165,train,2,99.48303555697203,25.80798388272524,98.76842546844146,25.534628011581813,-1.0591911107260115,0.16792404646804274,631.2333574984223,87.29767326731235,22.965134844183922,47.18688958790153,78.97958035115153,0.16090981151908634,0.0032889882847666743,0.01792012106627226,1,0.0009089113303460181
165,train,3,99.48303555697203,25.80798388272524,98.78498083062463,25.53094167627311,-1.0734748119459716,0.16795525539579456,631.2333574984223,87.29767326731235,22.965134844183922,47.18688958790153,78.97958035115153,0.16090981151908634,0.0032889882847666743,0.01792012106627226,1,0.0009089113303460181
166,train,0,84.6986963506788,47.60128254815936,86.64920239839094,45.560725107633736,-4.286769875288853,0.10865507969133753,252.64581739902496,68.31414284650236,9.10845272243023,18.633349239826202,87.82761408481745,0.09211649592965841,0.005219570212066173,0.006588028706610203,0,0.00021982282381504775
166,train,1,84.6986963506788,47.60128254815936,86.64859166461324,45.56051218015869,-4.287217189864529,0.10864416744285037,252.64581739902496,68.31414284650236,9.10845272243023,18.633349239826202,87.82761408481745,0.09211649592965841,0.005219570212066173,0.006588028706610203,0,0.00021982282381504775
166,train,2,84.6986963506788,47.60128254815936,86.6496129823658,45.56027254718627,-4.287720606914635,0.10868240000417985,252.64581739902496,68.31414284650236,9.10845272243023,18.633349239826202,87.82761408481745,0.09211649592965841,0.005219570212066173,0.006588028706610203,0,0.00021982282381504775
166,train,3,84.6986963506788,47.60128254815936,86.64473668649266,45.56176754675554,-4.284579936140154,0.10864433941068705,252.64581739902496,68.31414284650236,9.10845272243023,18.633349239826202,87.82761408481745,0.09211649592965841,0.005219570212066173,0.006588028706610203,0,0.00021982282381504775
167,train,0,108.0465799253434,31.75017976947129,107.56575136560531,30.954565792627573,-2.50585660497181,0.0976801583131403,790.7757123932242,44.547524051740766,46.85200284421444,29.59584702737629,41.533595249056816,0.07533613650128244,0.012955178320407868,0.02678078044205904,1,0.0006977368244901299
167,train,1,108.0465799253434,31.75017976947129,107.56624198164327,30.955919267883463,-2.5015937149166447,0.0976942527015123,790.7757123932242,44.547524051740766,46.85200284421444,29.59584702737629,41.533595249056816,0.07533613650128244,0.012955178320407868,0.02678078044205904,1,0.0006977368244901299
167,train,2,108.0465799253434,31.75017976947129,107.5826134788781,30.949574476707184,-2.5215771960255493,0.09764846346948156,790.7757123932242,44.547524051740766,46.85200284421444,29.59584702737629,41.533595249056816,0.07533613650128244,0.012955178320407868,0.02678078044205904,1,0.0006977368244901299
167,train,3,108.0465799253434,31.75017976947129,107.58442946308662,30.94740128277845,-2.52842186255819,0.09766898147799007,790.7757123932242,44.547524051740766,46.85200284421444,29.59584702737629,41.533595249056816,0.07533613650128244,0.012955178320407868,0.02678078044205904,1,0.0006977368244901299
168,train,0,97.30002179555595,44.870968002825975,97.17650935875274,43.2855829703045,-3.5332088944941566,0.09742473049741375,487.8277510870248,49.097505789250135,43.54278165102005,13.82240755483508,38.259501731954515,0.11324430847540497,0.013914574682712556,0.03512381371110678,0,0.0008665037400089205
168,train,1,97.30002179555595,44.870968002825975,97.17152246563525,43.28750106430237,-3.5289342062419538,0.09739086684996731,487.8277510870248,49.097505789250135,43.54278165102005,13.82240755483508,38.259501731954515,0.11324430847540497,0.013914574682712556,0.03512381371110678,0,0.0008665037400089205
168,train,2,97.30002179555595,44.870968002825975,97.15695450778999,43.29392201886859,-3.514624386659236,0.09734869568703304,487.8277510870248,49.097505789250135,43.54278165102005,13.82240755483508,38.259501731954515,0.11324430847540497,0.013914574682712556,0.03512381371110678,0,0.0008665037400089205
168,train,3,97.30002179555595,44.870968002825975,97.15527997727364,43.29753083004802,-3.50658174496896,0.0973446175989903,487.8277510870248,49.097505789250135,43.54278165102005,13.82240755483508,38.259501731954515,0.11324430847540497,0.013914574682712556,0.03512381371110678,0,0.0008665037400089205
169,train,0,93.03792647086084,30.722760165110227,93.4527162192038,30.120341704943794,-1.960821413599937,0.06215170004299997,773.0834952089936,71.84949067886919,12.496765375137329,47.948138518258936,85.2957630995661,0.05144182853400707,0.006642986349761486,0.015238441936671733,1,0.0003885554808191955
169,train,1,93.03792647086084,30.722760165110227,93.45239730674287,30.12007789679471,-1.9616800869341868,0.06218419443750668,773.0834952089936,71.84949067886919,12.496765375137329,47.948138518258936,85.2957630995661,0.05144182853400707,0.006642986349761486,0.015238441936671733,1,0.0003885554808191955
169,train,2,93.03792647086084,30.722760165110227,93.45056731795134,30.12067693396733,-1.9597302713271196,0.062175036482481,773.0834952089936,71.84949067886919,12.496765375137329,47.948138518258936,85.2957630995661,0.05144182853400707,0.006642986349761486,0.015238441936671733,1,0.0003885554808191955
169,train,3,93.03792647086084,30.722760165110227,93.45261958471396,30.119605358637692,-1.9632181588863145,0.06216747648995179,773.0834952089936,71.84949067886919,12.496765375137329,47.948138518258936,85.2957630995661,0.05144182853400707,0.006642986349761486,0.015238441936671733,1,0.0003885554808191955
170,train,0,110.18569844216108,42.67230894230306,109.81809073756048,42.50206095395686,-0.39896596309423465,0.013104770346435314,328.23075354099274,83.73157824855298,19.618108093738556,20.141820781864226,94.14389026351273,0.03300991617143154,0.004829591922461986,0.008925270475447179,0,0.0010776444215327503
170,train,1,110.18569844216108,42.67230894230306,109.81509945455105,42.50230822625419,-0.3983864952766584,0.01298926305617767,328.23075354099274,83.73157824855298,19.618108093738556,20.141820781864226,94.14389026351273,0.03300991617143154,0.004829591922461986,0.008925270475447179,0,0.0010776444215327503
170,train,2,110.18569844216108,42.67230894230306,109.80351637734012,42.50793289538856,-0.38520542006939085,0.013029314097096104,328.23075354099274,83.73157824855298,19.618108093738556,20.141820781864226,94.14389026351273,0.03300991617143154,0.004829591922461986,0.008925270475447179,0,0.0010776444215327503
170,train,3,110.18569844216108,42.67230894230306,109.79876650475646,42.508457258864986,-0.38397660567094205,0.01305538225948159,328.23075354099274,83.73157824855298,19.618108093738556,20.141820781864226,94.14389026351273,0.03300991617143154,0.004829591922461986,0.008925270475447179,0,0.0010776444215327503
171,train,0,87.44431668519974,28.695287674665455,87.82728885391555,26.839223585119758,-6.4681842907063185,0.12565205938516052,932.7036699280143,25.28963264077902,36.43609595298767,30.356838549487296,47.10763597395271,0.13980394715443253,0.01709392637014389,0.028800876624882222,1,0.0005992911756038666
171,train,1,87.44431668519974,28.695287674665455,87.8266149324105,26.83783033287681,-6.473039625347821,0.12567684090634926,932.7036699280143,25.28963264077902,36.43609595298767,30.356838549487296,47.10763597395271,0.13980394715443253,0.01709392637014389,0.028800876624882222,1,0.0005992911756038666
171,train,2,87.44431668519974,28.695287674665455,87.83306612297109,26.838206486606406,-6.471728769942351,0.12562198844721342,932.7036699280143,25.28963264077902,36.43609595298767,30.356838549487296,47.10763597395271,0.13980394715443253,0.01709392637014389,0.028800876624882222,1,0.0005992911756038666
171,train,3,87.44431668519974,28.695287674665455,87.82518866604809,26.839051347106114,-6.468784521711479,0.1257350039610743,932.7036699280143,25.28963264077902,36.43609595298767,30.356838549487296,47.10763597395271,0.13980394715443253,0.01709392637014389,0.028800876624882222,1,0.0005992911756038666
172,train,0,82.48409158177674,33.9841380417347,82.81942342710168,32.80914474181847,-3.457475656652699,0.1266263803528413,169.84444386325777,34.46820939425379,49.22052849829197,26.621015253476795,108.65753542166203,0.08721041142940521,0.002441751826554537,0.0018651728704571725,1,0.0007512532520107926
172,train,1,82.48409158177674,33.9841380417347,82.82057817603068,32.809063779967296,-3.4577138908873746,0.1266118619432808,169.84444386325777,34.46820939425379,49.22052849829197,26.621015253476795,108.65753542166203,0.08721041142940521,0.002441751826554537,0.0018651728704571725,1,0.0007512532520107926
172,train,2,82.48409158177674,33.9841380417347,82.82596381441395,32.80387592774084,-3.472979401579697,0.12666862241127763,169.84444386325777,34.46820939425379,49.22052849829197,26.621015253476795,108.65753542166203,0.08721041142940521,0.002441751826554537,0.0018651728704571725,1,0.0007512532520107926
172,train,3,82.48409158177674,33.9841380417347,82.82773694753534,32.80715065883266,-3.4633433440525123,0.12671798837502607,169.84444386325777,34.46820939425379,49.22052849829197,26.621015253476795,108.65753542166203,0.08721041142940521,0.002441751826554537,0.0018651728704571725,1,0.0007512532520107926
173,train,0,115.03452371992171,50.01099284552038,115.19998902407458,48.222323807045235,-3.576551747333208,0.08874534312289246,880.2169050555676,74.54512697644532,6.736973240971565,38.154463307000704,62.363664163276546,0.10419378759339451,0.01940364180132747,0.021662341989576818,1,0.00027375150686129927
173,train,1,115.03452371992171,50.01099284552038,115.19840224536851,48.22286144730944,-3.575476703160687,0.08875057817511711,880.2169050555676,74.54512697644532,6.736973240971565,38.154463307000704,62.363664163276546,0.10419378759339451,0.01940364180132747,0.021662341989576818,1,0.00027375150686129927
173,train,2,115.03452371992171,50.01099284552038,115.19806245645786,48.2227193163247,-3.575760902646945,0.08875208763365146,880.2169050555676,74.54512697644532,6.736973240971565,38.154463307000704,62.363664163276546,0.10419378759339451,0.01940364180132747,0.021662341989576818,1,0.00027375150686129927
173,train,3,115.03452371992171,50.01099284552038,115.19817106250494,48.223150051529565,-3.574899621595806,0.08875284275987319,880.2169050555676,74.54512697644532,6.736973240971565,38.154463307000704,62.363664163276546,0.10419378759339451,0.01940364180132747,0.021662341989576818,1,0.00027375150686129927
174,train,0,88.22621127590537,24.467579627409577,90.35700901755571,22.507169897798953,-8.012274852942523,0.12111321961482434,435.2502075023949,64.84504817984998,25.096610441803932,10.435965200886129,23.734993180260062,0.1715299073047936,0.011292722206562758,0.03284794997423887,1,0.0009628394752740861
174,train,1,88.22621127590537,24.467579627409577,90.33944634394727,22.51145172307828,-7.994774857664974,0.12111584649919847,435.2502075023949,64.84504817984998,25.096610441803932,10.435965200886129,23.734993180260062,0.1715299073047936,0.011292722206562758,0.03284794997423887,1,0.0009628394752740861
174,train,2,88.22621127590537,24.467579627409577,90.34507178745913,22.50864388237391,-8.006250617618056,0.1210237410799165,435.2502075023949,64.84504817984998,25.096610441803932,10.435965200886129,23.734993180260062,0.1715299073047936,0.011292722206562758,0.03284794997423887,1,0.0009628394752740861
174,train,3,88.22621127590537,24.467579627409577,90.35330248190661,22.508061582972193,-8.008630499120777,0.12097149921641892,435.2502075023949,64.84504817984998,25.096610441803932,10.435965200886129,23.734993180260062,0.1715299073047936,0.011292722206562758,0.03284794997423887,1,0.0009628394752740861
175,train,0,102.29735698178412,40.31595392897725,101.33477431440818,40.256148569430955,-0.14834167052490124,0.04178496790907012,614.8398409597576,56.10994678456336,30.852139428257942,43.06762645021081,70.02885452937335,0.019565891325473785,0.009342964161187411,0.013041015230119229,0,0.0004840397287160158
175,train,1,102.29735698178412,40.31595392897725,101.33368742603488,40.25515151316255,-0.15081477650711925,0.04175269096665972,614.8398409597576,56.10994678456336,30.852139428257942,43.06762645021081,70.02885452937335,0.019565891325473785,0.009342964161187411,0.013041015230119229,0,0.0004840397287160158
175,train,2,102.29735698178412,40.31595392897725,101.3292076118871,40.25812485123285,-0.1434396860515273,0.041844533900739625,614.8398409597576,56.10994678456336,30.852139428257942,43.06762645021081,70.02885452937335,0.019565891325473785,0.009342964161187411,0.013041015230119229,0,0.0004840397287160158
175,train,3,102.29735698178412,40.31595392897725,101.33038665937346,40.257153258967286,-0.1458496309266362,0.04179428182127024,614.8398409597576,56.10994678456336,30.852139428257942,43.06762645021081,70.02885452937335,0.019565891325473785,0.009342964161187411,0.013041015230119229,0,0.0004840397287160158
176,train,0,83.44909080117941,29.80296115204692,84.17118160375102,28.754489342050967,-3.518012202367814,0.04329307391342164,465.70824501104653,53.45683403778821,4.150441572070122,35.82193983253092,26.466787266544998,0.165116036105901,0.009407208003103733,0.01652194157242775,0,0.00041566127575933936
176,train,1,83.44909080117941,29.80296115204692,84.17127768314289,28.75425538794968,-3.518797205240834,0.04331581874646533,465.70824501104653,53.45683403778821,4.150441572070122,35.82193983253092,26.466787266544998,0.165116036105901,0.009407208003103733,0.01652194157242775,0,0.00041566127575933936
176,train,2,83.44909080117941,29.80296115204692,84.18001933922996,28.750953395887308,-3.5298766145838365,0.04333077772932876,465.70824501104653,53.45683403778821,4.150441572070122,35.82193983253092,26.466787266544998,0.165116036105901,0.009407208003103733,0.01652194157242775,0,0.00041566127575933936
176,train,3,83.44909080117941,29.80296115204692,84.17417556398416,28.753260832478375,-3.522134308108673,0.04322705499386276,465.70824501104653,53.45683403778821,4.150441572070122,35.82193983253092,26.466787266544998,0.165116036105901,0.009407208003103733,0.01652194157242775,0,0.00041566127575933936
177,train,0,107.09267130494118,45.88455179519951,105.31335325768698,45.58074842298445,-0.6621038243351557,0.10068927125976739,578.371005738154,63.2055467646569,51.900842890143394,23.493405734188855,73.31745858304203,0.0020748858153820035,0.012457715943455697,0.03639770120382309,1,0.0008376548126339913
177,train,1,107.09267130494118,45.88455179519951,105.32835848629352,45.572355827368725,-0.6803945023245297,0.10063493895656099,578.371005738154,63.2055467646569,51.900842890143394,23.493405734188855,73.31745858304203,0.0020748858153820035,0.012457715943455697,0.03639770120382309,1,0.0008376548126339913
177,train,2,107.09267130494118,45.88455179519951,105.33136136080911,45.57380014812443,-0.6772467746052968,0.10063021513705638,578.371005738154,63.2055467646569,51.900842890143394,23.493405734188855,73.31745858304203,0.0020748858153820035,0.012457715943455697,0.03639770120382309,1,0.0008376548126339913
177,train,3,107.09267130494118,45.88455179519951,105.32143758134363,45.57871597757156,-0.6665333007784755,0.1006361717598448,578.371005738154,63.2055467646569,51.900842890143394,23.493405734188855,73.31745858304203,0.0020748858153820035,0.012457715943455697,0.03639770120382309,1,0.0008376548126339913
178,train,0,96.76152759604156,27.841481788083914,97.33993272716397,26.37420289142656,-5.270117832899782,0.06712690092225972,199.8872634023428,76.21434525586665,28.260446473956108,40.73089727200568,105.93877627514303,0.071127200871706,0.01934672124683857,0.027563777938485145,0,0.0006268011710606516
178,train,1,96.76152759604156,27.841481788083914,97.34480282087104,26.37599714423291,-5.263673302324831,0.06703927094008526,199.8872634023428,76.21434525586665,28.260446473956108,40.73089727200568,105.93877627514303,0.071127200871706,0.01934672124683857,0.027563777938485145,0,0.0006268011710606516
178,train,2,96.76152759604156,27.841481788083914,97.34944201740355,26.373531275977335,-5.272530116320381,0.06699164519953432,199.8872634023428,76.21434525586665,28.260446473956108,40.73089727200568,105.93877627514303,0.071127200871706,0.01934672124683857,0.027563777938485145,0,0.0006268011710606516
178,train,3,96.76152759604156,27.841481788083914,97.35641654734162,26.371723941341884,-5.27902163372311,0.06708125041998811,199.8872634023428,76.21434525586665,28.260446473956108,40.73089727200568,105.93877627514303,0.071127200871706,0.01934672124683857,0.027563777938485145,0,0.0006268011710606516
179,train,0,100.73831260763109,43.634662486612804,100.46594825417723,43.29213430031537,-0.7849910295571084,0.09051425397302043,844.163335300982,37.15506634209305,27.782017454504967,7.312389723956585,59.08811769913881,0.0991818748600781,0.0013084954395890236,0.007678252682089806,1,0.001048389399331063
179,train,1,100.73831260763109,43.634662486612804,100.46180444205612,43.29591609863832,-0.7763240705216969,0.09049855990342447,844.163335300982,37.15506634209305,27.782017454504967,7.312389723956585,59.08811769913881,0.0991818748600781,0.0013084954395890236,0.007678252682089806,1,0.001048389399331063
179,train,2,100.73831260763109,43.634662486612804,100.46556529864002,43.28990417457674,-0.7901019336217653,0.09037375957826774,844.163335300982,37.15506634209305,27.782017454504967,7.312389723956585,59.08811769913881,0.0991818748600781,0.0013084954395890236,0.007678252682089806,1,0.001048389399331063
179,train,3,100.73831260763109,43.634662486612804,100.45567368670959,43.29996966071001,-0.7670342952818121,0.09035445570806999,844.163335300982,37.15506634209305,27.782017454504967,7.312389723956585,59.08811769913881,0.0991818748600781,0.0013084954395890236,0.007678252682089806,1,0.001048389399331063
180,train,0,105.3899942599237,49.18569699674845,103.56373244089619,49.4011276119848,0.43799443413517347,0.11798489604842746,360.2379204239696,27.968524023890495,10.566472798585892,45.71042157709599,96.70169947203249,0.039249376729130744,0.016656471099704504,0.020405696853995323,1,0.00029865222424268724
180,train,1,105.3899942599237,49.18569699674845,103.56436305416979,49.40150374337851,0.43875915114983705,0.11801932655886706,360.2379204239696,27.968524023890495,10.566472798585892,45.71042157709599,96.70169947203249,0.039249376729130744,0.016656471099704504,0.020405696853995323,1,0.00029865222424268724
180,train,2,105.3899942599237,49.18569699674845,103.56758502310342,49.39854542218247,0.432744554678363,0.11801501241089726,360.2379204239696,27.968524023890495,10.566472798585892,45.71042157709599,96.70169947203249,0.039249376729130744,0.016656471099704504,0.020405696853995323,1,0.00029865222424268724
180,train,3,105.3899942599237,49.18569699674845,103.57082359685384,49.39786563556553,0.4313624727755873,0.1180117461670551,360.2379204239696,27.968524023890495,10.566472798585892,45.71042157709599,96.70169947203249,0.039249376729130744,0.016656471099704504,0.020405696853995323,1,0.00029865222424268724
181,train,0,92.22110222652555,34.97543088905513,93.52953789444632,33.93292258296151,-2.98068752719744,0.0994683247937164,897.991483611986,85.39289295207709,45.379334419965744,10.9735266584903,50.59341826476157,0.15747210988774896,0.003920620921999216,0.0005986104160547257,0,0.0007210918460041285
181,train,1,92.22110222652555,34.97543088905513,93.52268420611306,33.936603547007245,-2.9701630991856445,0.09929617851290039,897.991483611986,85.39289295207709,45.379334419965744,10.9735266584903,50.59341826476157,0.15747210988774896,0.003920620921999216,0.0005986104160547257,0,0.0007210918460041285
181,train,2,92.22110222652555,34.97543088905513,93.53452683281915,33.930685749359014,-2.9870829697856602,0.09936363069031681,897.991483611986,85.39289295207709,45.379334419965744,10.9735266584903,50.59341826476157,0.15747210988774896,0.003920620921999216,0.0005986104160547257,0,0.0007210918460041285
181,train,3,92.22110222652555,34.97543088905513,93.51654978947064,33.940276100730756,-2.9596627175458403,0.09942200313195168,897.991483611986,85.39289295207709,45.379334419965744,10.9735266584903,50.59341826476157,0.15747210988774896,0.003920620921999216,0.0005986104160547257,0,0.0007210918460041285
182,train,0,111.59598800726235,39.424865337088704,116.60927132225724,36.17929289430167,-8.232298106884796,0.12216892109726661,519.419649336487,70.21795482840389,34.50066497921944,28.123155650682747,35.691556753590696,0.12950192967429758,0.007107296828180552,0.01426590770483017,1,0.0005102391633205116
182,train,1,111.59598800726235,39.424865337088704,116.6145625087227,36.177978113004805,-8.235633010594979,0.1221822956778528,519.419649336487,70.21795482840389,34.50066497921944,28.123155650682747,35.691556753590696,0.12950192967429758,0.007107296828180552,0.01426590770483017,1,0.0005102391633205116
182,train,2,111.59598800726235,39.424865337088704,116.60920346588993,36.18013635028653,-8.230158705830021,0.12213442303809237,519.419649336487,70.21795482840389,34.50066497921944,28.123155650682747,35.691556753590696,0.12950192967429758,0.007107296828180552,0.01426590770483017,1,0.0005102391633205116
182,train,3,111.59598800726235,39.424865337088704,116.62304184104372,36.17372533789,-8.246420048365309,0.12219487710810255,519.419649336487,70.21795482840389,34.50066497921944,28.123155650682747,35.691556753590696,0.12950192967429758,0.007107296828180552,0.01426590770483017,1,0.0005102391633205116
183,train,0,78.76030048169194,25.51036010310054,77.91986399555125,24.653034622666485,-3.3606953291492565,0.15462795134091104,738.7865236960351,46.4522966183722,21.459776371717453,17.288734181784093,81.79982238914818,0.056276584044098854,0.014835752453655005,0.034063228517770765,1,0.0009313813201151788
183,train,1,78.76030048169194,25.51036010310054,77.92300972432366,24.651382180540395,-3.3671728626666635,0.1546359435878218,738.7865236960351,46.4522966183722,21.459776371717453,17.288734181784093,81.79982238914818,0.056276584044098854,0.014835752453655005,0.034063228517770765,1,0.0009313813201151788
183,train,2,78.76030048169194,25.51036010310054,77.91361930042713,24.65455282355535,-3.3547440180633736,0.15467685273289952,738.7865236960351,46.4522966183722,21.459776371717453,17.288734181784093,81.79982238914818,0.056276584044098854,0.014835752453655005,0.034063228517770765,1,0.0009313813201151788
183,train,3,78.76030048169194,25.51036010310054,77.92790196379951,24.651587203913287,-3.366369175960309,0.15459669011249358,738.7865236960351,46.4522966183722,21.459776371717453,17.288734181784093,81.79982238914818,0.056276584044098854,0.014835752453655005,0.034063228517770765,1,0.0009313813201151788
184,train,0,89.4952596668154,38.6321783605963,93.11834361251084,34.71137673525453,-10.149056542306889,0.16347621394008757,216.69520153664052,42.87827187217772,24.14470662176609,49.33260122779757,91.14369194954634,0.10837565939873457,0.013294996228069067,0.022762631997466087,1,0.0009876207614317538
184,train,1,89.4952596668154,38.6321783605963,93.10253828779318,34.71964792216446,-10.127646445178206,0.1635102447545475,216.69520153664052,42.87827187217772,24.14470662176609,49.33260122779757,91.14369194954634,0.10837565939873457,0.013294996228069067,0.022762631997466087,1,0.0009876207614317538
184,train,2,89.4952596668154,38.6321783605963,93.11089124828683,34.718749506051964,-10.129972009385618,0.16342771203859563,216.69520153664052,42.87827187217772,24.14470662176609,49.33260122779757,91.14369194954634,0.10837565939873457,0.013294996228069067,0.022762631997466087,1,0.0009876207614317538
184,train,3,89.4952596668154,38.6321783605963,93.11932180756003,34.71358777751144,-10.143333224723635,0.16354035510926254,216.69520153664052,42.87827187217772,24.14470662176609,49.33260122779757,91.14369194954634,0.10837565939873457,0.013294996228069067,0.022762631997466087,1,0.0009876207614317538
185,train,0,103.26835230179131,22.545999575406313,101.78457310082433,23.24920132523069,3.118964619299666,0.12668585379241856,820.7139662932605,65.627312050201,31.894849255681038,15.25525144767016,44.293180950917304,0.08017209632322192,0.006030865553766489,0.002638075724244118,1,0.0005664992911741138
185,train,1,103.26835230179131,22.545999575406313,101.78093554655473,23.24948206616797,3.1202098110967436,0.1266557367571512,820.7139662932605,65.627312050201,31.894849255681038,15.25525144767016,44.293180950917304,0.08017209632322192,0.006030865553766489,0.002638075724244118,1,0.0005664992911741138
185,train,2,103.26835230179131,22.545999575406313,101.77462592721943,23.250310903853332,3.1238860184105426,0.12662460156980257,820.7139662932605,65.627312050201,31.894849255681038,15.25525144767016,44.293180950917304,0.08017209632322192,0.006030865553766489,0.002638075724244118,1,0.0005664992911741138
185,train,3,103.26835230179131,22.545999575406313,101.76420147898746,23.254880201624445,3.144152575037712,0.12667904693455562,820.7139662932605,65.627312050201,31.894849255681038,15.25525144767016,44.293180950917304,0.08017209632322192,0.006030865553766489,0.002638075724244118,1,0.0005664992911741138
186,train,0,81.50684492662549,51.83918368816376,82.27311691525328,49.67380992964349,-4.177098488946074,0.17046400108564594,375.8509905077517,89.95080441702157,48.03815497457981,31.74576437100768,29.391226009465754,0.015375819336622952,0.0029613771475851536,0.011325514614582062,1,0.0007773523979820312
186,train,1,81.50684492662549,51.83918368816376,82.26771337010338,49.67661728781008,-4.171682975107198,0.17048136009439652,375.8509905077517,89.95080441702157,48.03815497457981,31.74576437100768,29.391226009465754,0.015375819336622952,0.0029613771475851536,0.011325514614582062,1,0.0007773523979820312
186,train,2,81.50684492662549,51.83918368816376,82.26687306500342,49.67339322059361,-4.177902338505879,0.1704443743786414,375.8509905077517,89.95080441702157,48.03815497457981,31.74576437100768,29.391226009465754,0.015375819336622952,0.0029613771475851536,0.011325514614582062,1,0.0007773523979820312
186,train,3,81.50684492662549,51.83918368816376,82.2809069099359,49.6678501093913,-4.188595236827058,0.17049880221574784,375.8509905077517,89.95080441702157,48.03815497457981,31.74576437100768,29.391226009465754,0.015375819336622952,0.0029613771475851536,0.011325514614582062,1,0.0007773523979820312
187,train,0,113.76157956942916,36.050591578707106,114.30743768150114,34.59400417643431,-4.040398058635764,0.07607144974044859,661.5868262015283,31.511803520843387,8.01604075729847,21.570201395079494,76.2417270988226,0.17857642661780118,0.015232902374118567,0.03144030526280403,0,0.0003548921030946076
187,train,1,113.76157956942916,36.050591578707106,114.30268184869688,34.59337313613079,-4.042148488450877,0.07610327016665036,661.5868262015283,31.511803520843387,8.01604075729847,21.570201395079494,76.2417270988226,0.17857642661780118,0.015232902374118567,0.03144030526280403,0,0.0003548921030946076
187,train,2,113.76157956942916,36.050591578707106,114.30930426480289,34.592451831665805,-4.0447040760976956,0.07612581158295785,661.5868262015283,31.511803520843387,8.01604075729847,21.570201395079494,76.2417270988226,0.17857642661780118,0.015232902374118567,0.03144030526280403,0,0.0003548921030946076
187,train,3,113.76157956942916,36.050591578707106,114.30754298086313,34.591986438721015,-4.045995020086165,0.07614406965079537,661.5868262015283,31.511803520843387,8.01604075729847,21.570201395079494,76.2417270988226,0.17857642661780118,0.015232902374118567,0.03144030526280403,0,0.0003548921030946076
188,train,0,109.06119186244905,26.748081853613257,109.24973762803079,26.561626415656203,-0.6970796596835842,0.07372286283799549,536.228407593444,40.6904132058844,17.634922802448273,36.8132599350065,20.896415803581476,0.05002339711412787,0.0005833214893937111,0.019147622138261794,1,0.0008796220077201724
188,train,1,109.06119186244905,26.748081853613257,109.24551430239435,26.560946412206476,-0.6996219109502385,0.07372298885984113,536.228407593444,40.6904132058844,17.634922802448273,36.8132599350065,20.896415803581476,0.05002339711412787,0.0005833214893937111,0.019147622138261794,1,0.0008796220077201724
188,train,2,109.06119186244905,26.748081853613257,109.23708850241663,26.56465800626025,-0.6857457979860024,0.07360426615957986,536.228407593444,40.6904132058844,17.634922802448273,36.8132599350065,20.896415803581476,0.05002339711412787,0.0005833214893937111,0.019147622138261794,1,0.0008796220077201724
188,train,3,109.06119186244905,26.748081853613257,109.2493155081804,26.559381592738134,-0.7054721228529255,0.07379743594001857,536.228407593444,40.6904132058844,17.634922802448273,36.8132599350065,20.896415803581476,0.05002339711412787,0.0005833214893937111,0.019147622138261794,1,0.0008796220077201724
189,train,0,86.021757600829,40.95558327436447,85.33515358895345,39.86756994013612,-2.6565690126781267,0.1414484746441838,715.3379494789988,80.76432408764958,38.3226158618927,25.14353873208165,67.0049422653392,0.12305629391223191,0.017532832697033884,0.03934021979570389,1,0.00045806813184171913
189,train,1,86.021757600829,40.95558327436447,85.32841015226201,39.87386699343944,-2.6411936894623955,0.14143984784628408,715.3379494789988,80.76432408764958,38.3226158618927,25.14353873208165,67.0049422653392,0.12305629391223191,0.017532832697033884,0.03934021979570389,1,0.00045806813184171913
189,train,2,86.021757600829,40.95558327436447,85.3350787826214,39.869341523288114,-2.6522433920658517,0.1414544662390198,715.3379494789988,80.76432408764958,38.3226158618927,25.14353873208165,67.0049422653392,0.12305629391223191,0.017532832697033884,0.03934021979570389,1,0.00045806813184171913
189,train,3,86.021757600829,40.95558327436447,85.33517939307875,39.87048707250222,-2.649446339448051,0.1414030674463166,715.3379494789988,80.76432408764958,38.3226158618927,25.14353873208165,67.0049422653392,0.12305629391223191,0.017532832697033884,0.03934021979570389,1,0.00045806813184171913
190,train,0,98.71632954478264,32.756263602524996,99.62235855927206,31.438914708978466,-4.021670204916116,0.07679570945195952,270.381486043334,58.622836619615555,41.70418959856033,41.72195996623486,99.62617218960077,0.14121966887265444,0.010682889893651008,0.025526438131928446,0,0.0006689222109504045
190,train,1,98.71632954478264,32.756263602524996,99.63294583585049,31.435334915715554,-4.032598781222463,0.07673575886538649,270.381486043334,58.622836619615555,41.70418959856033,41.72195996623486,99.62617218960077,0.14121966887265444,0.010682889893651008,0.025526438131928446,0,0.0006689222109504045
190,train,2,98.71632954478264,32.756263602524996,99.62827663756099,31.43586093795587,-4.030992913573156,0.07679878676552991,270.381486043334,58.622836619615555,41.70418959856033,41.72195996623486,99.62617218960077,0.14121966887265444,0.010682889893651008,0.025526438131928446,0,0.0006689222109504045
190,train,3,98.71632954478264,32.756263602524996,99.62749856086863,31.436784338461603,-4.028173909192991,0.07681690353067439,270.381486043334,58.622836619615555,41.70418959856033,41.72195996623486,99.62617218960077,0.14121966887265444,0.010682889893651008,0.025526438131928446,0,0.0006689222109504045
191,train,0,94.15853729099035,46.673533076420426,94.97868277057403,44.92911610133428,-3.7374864513255215,0.10652107004651212,981.2080988660455,49.890741924755275,14.2445228099823,8.962951959110796,53.51765280589461,0.023200639095157384,0.008721096552908422,0.005324074849486351,1,0.0002468943082727492
191,train,1,94.15853729099035,46.673533076420426,94.98151606788622,44.92650780788164,-3.7430748293220306,0.10653981794584143,981.2080988660455,49.890741924755275,14.2445228099823,8.962951959110796,53.51765280589461,0.023200639095157384,0.008721096552908422,0.005324074849486351,1,0.0002468943082727492
191,train,2,94.15853729099035,46.673533076420426,94.9845621426268,44.926434820693906,-3.743231207429552,0.10650850664027658,981.2080988660455,49.890741924755275,14.2445228099823,8.962951959110796,53.51765280589461,0.023200639095157384,0.008721096552908422,0.005324074849486351,1,0.0002468943082727492
191,train,3,94.15853729099035,46.673533076420426,94.97863434945296,44.92776620610181,-3.740378658414845,0.10650400090743525,981.2080988660455,49.890741924755275,14.2445228099823,8.962951959110796,53.51765280589461,0.023200639095157384,0.008721096552908422,0.005324074849486351,1,0.0002468943082727492
192,train,0,103.01756575144827,32.25601142086089,103.98652499949435,30.499204147982365,-5.4464491903743095,0.16905551279080616,243.33881214261055,49.87669540103525,20.95869082212448,13.202006071805954,58.252135310322046,0.13815711189061403,0.011819092631340027,0.010355714447796345,1,0.0003666173538193107
192,train,1,103.01756575144827,32.25601142086089,103.99307573752377,30.497009865392084,-5.45325189936908,0.16907883182891276,243.33881214261055,49.87669540103525,20.95869082212448,13.202006071805954,58.252135310322046,0.13815711189061403,0.011819092631340027,0.010355714447796345,1,0.0003666173538193107
192,train,2,103.01756575144827,32.25601142086089,103.99698512734984,30.496830836355937,-5.45380692470625,0.16909482326451436,243.33881214261055,49.87669540103525,20.95869082212448,13.202006071805954,58.252135310322046,0.13815711189061403,0.011819092631340027,0.010355714447796345,1,0.0003666173538193107
192,train,3,103.01756575144827,32.25601142086089,103.99761184048461,30.494432584228583,-5.461241979512197,0.1690721061509666,243.33881214261055,49.87669540103525,20.95869082212448,13.202006071805954,58.252135310322046,0.13815711189061403,0.011819092631340027,0.010355714447796345,1,0.0003666173538193107
193,train,0,89.83881965465844,48.10435264185071,88.59067080080457,48.30107083373799,0.40894052426377564,0.08125401211686213,794.2716894671321,59.422347974032164,35.08379304409027,45.92013721354306,106.77257862407714,0.031187131013721225,0.008775699250400067,0.030475310124456884,1,0.0007882607014849782
193,train,1,89.83881965465844,48.10435264185071,88.61689369478505,48.289133379821294,0.3841247783674079,0.08138530978430805,794.2716894671321,59.422347974032164,35.08379304409027,45.92013721354306,106.77257862407714,0.031187131013721225,0.008775699250400067,0.030475310124456884,1,0.0007882607014849782
193,train,2,89.83881965465844,48.10435264185071,88.61018077162724,48.29558123195805,0.39752866342695803,0.08139359987824793,794.2716894671321,59.422347974032164,35.08379304409027,45.92013721354306,106.77257862407714,0.031187131013721225,0.008775699250400067,0.030475310124456884,1,0.0007882607014849782
193,train,3,89.83881965465844,48.10435264185071,88.60426617020399,48.296470700498794,0.3993777030499762,0.08129830310989367,794.2716894671321,59.422347974032164,35.08379304409027,45.92013721354306,106.77257862407714,0.031187131013721225,0.008775699250400067,0.030475310124456884,1,0.0007882607014849782
194,train,0,113.97464208677411,26.31105375289917,115.81214742011836,25.171721775708175,-4.330240772152485,0.10358713468912341,402.54719187505543,79.93698846548796,45.22416943311691,18.135768664069474,74.15126234758645,0.053088829424232244,0.0019146938249468804,0.02430862318724394,1,0.0005773526613600552
194,train,1,113.97464208677411,26.31105375289917,115.81683476740325,25.1695001432138,-4.338684495141458,0.1036640461784676,402.54719187505543,79.93698846548796,45.22416943311691,18.135768664069474,74.15126234758645,0.053088829424232244,0.0019146938249468804,0.02430862318724394,1,0.0005773526613600552
194,train,2,113.97464208677411,26.31105375289917,115.8248155781026,25.166687705687824,-4.3493736813382196,0.10366459751656414,402.54719187505543,79.93698846548796,45.22416943311691,18.135768664069474,74.15126234758645,0.053088829424232244,0.0019146938249468804,0.02430862318724394,1,0.0005773526613600552
194,train,3,113.97464208677411,26.31105375289917,115.8215993918411,25.16838920378644,-4.342906824804846,0.10359250161079905,402.54719187505543,79.93698846548796,45.22416943311691,18.135768664069474,74.15126234758645,0.053088829424232244,0.0019146938249468804,0.02430862318724394,1,0.0005773526613600552
195,train,0,81.12679022178052,42.3379416372627,80.41626357631566,41.07465186143337,-2.9838242648940674,0.07506854436741589,635.0929750595242,40.79565207939595,10.827094912528992,29.758433192037046,25.630803462117907,0.11506692666560411,0.01997037172317505,0.0041987931355834006,0,0.0009994009421207012
195,train,1,81.12679022178052,42.3379416372627,80.42069063524957,41.06715336247486,-3.0015353265766485,0.07502101790435221,635.0929750595242,40.79565207939595,10.827094912528992,29.758433192037046,25.630803462117907,0.11506692666560411,0.01997037172317505,0.0041987931355834006,0,0.0009994009421207012
195,train,2,81.12679022178052,42.3379416372627,80.42163168918131,41.065561114496326,-3.0052961328817207,0.07508515291173734,635.0929750595242,40.79565207939595,10.827094912528992,29.758433192037046,25.630803462117907,0.11506692666560411,0.01997037172317505,0.0041987931355834006,0,0.0009994009421207012
195,train,3,81.12679022178052,42.3379416372627,80.42222178926605,41.064000331228655,-3.0089826211882205,0.07507712591913851,635.0929750595242,40.79565207939595,10.827094912528992,29.758433192037046,25.630803462117907,0.11506692666560411,0.01997037172317505,0.0041987931355834006,0,0.0009994009421207012
196,train,0,85.82667106948793,50.46798448823393,88.9426242806789,46.87773817607746,-7.113908646368671,0.14426754696383237,562.8652323968709,31.692482801154256,26.823958411812782,22.999995700083673,82.6345319673419,0.017918199431151152,0.004536947179585696,0.026467248164117337,1,0.00025005558747798206
196,train,1,85.82667106948793,50.46798448823393,88.9392135713523,46.87954263253964,-7.110333198526867,0.14424233343239168,562.8652323968709,31.692482801154256,26.823958411812782,22.999995700083673,82.6345319673419,0.017918199431151152,0.004536947179585696,0.026467248164117337,1,0.00025005558747798206
196,train,2,85.82667106948793,50.46798448823393,88.93613164581593,46.88057464547783,-7.108288312152563,0.14423945816709607,562.8652323968709,31.692482801154256,26.823958411812782,22.999995700083673,82.6345319673419,0.017918199431151152,0.004536947179585696,0.026467248164117337,1,0.00025005558747798206
196,train,3,85.82667106948793,50.46798448823393,88.94224817390035,46.876685985093445,-7.115993514616688,0.14427267633782254,562.8652323968709,31.692482801154256,26.823958411812782,22.999995700083673,82.6345319673419,0.017918199431151152,0.004536947179585696,0.026467248164117337,1,0.00025005558747798206
197,train,0,109.46037995629011,36.49099451303483,107.79079751558749,36.08402701031278,-1.1152546214564591,0.07088067674344652,688.9148267917335,89.03228322509676,29.136508777737617,33.12854491639882,34.856116720475256,0.1697066081687808,0.01726999370381236,0.006278997771441937,1,0.0006712523808702827
197,train,1,109.46037995629011,36.49099451303483,107.78536225323927,36.086063128989224,-1.1096748374477925,0.07094434842559431,688.9148267917335,89.03228322509676,29.136508777737617,33.12854491639882,34.856116720475256,0.1697066081687808,0.01726999370381236,0.006278997771441937,1,0.0006712523808702827
197,train,2,109.46037995629011,36.49099451303483,107.79002841385513,36.084860225727574,-1.1129712761382224,0.0709492662181502,688.9148267917335,89.03228322509676,29.136508777737617,33.12854491639882,34.856116720475256,0.1697066081687808,0.01726999370381236,0.006278997771441937,1,0.0006712523808702827
197,train,3,109.46037995629011,36.49099451303483,107.78645981795813,36.08704118946186,-1.106994558420918,0.07087310203130429,688.9148267917335,89.03228322509676,29.136508777737617,33.12854491639882,34.856116720475256,0.1697066081687808,0.01726999370381236,0.006278997771441937,1,0.0006712523808702827
198,train,0,94.39019045233727,37.190657842904336,92.70520398399115,36.99332261326236,-0.5306042998097299,0.023857813647665208,297.0698883291334,66.63715150672942,50.51515246927738,5.43204159475863,49.75797964725643,0.10584130447357892,0.014206685107201338,0.01761108998209238,0,0.0004603433684445918
198,train,1,94.39019045233727,37.190657842904336,92.70549327911664,36.99288973249318,-0.5317682500980115,0.023820143728559975,297.0698883291334,66.63715150672942,50.51515246927738,5.43204159475863,49.75797964725643,0.10584130447357892,0.014206685107201338,0.01761108998209238,0,0.0004603433684445918
198,train,2,94.39019045233727,37.190657842904336,92.70243556628866,36.99526587289142,-0.5253791713990642,0.023857873185778783,297.0698883291334,66.63715150672942,50.51515246927738,5.43204159475863,49.75797964725643,0.10584130447357892,0.014206685107201338,0.01761108998209238,0,0.0004603433684445918
198,train,3,94.39019045233727,37.190657842904336,92.7036708496731,36.99424821264495,-0.5281155044071453,0.023857757150780107,297.0698883291334,66.63715150672942,50.51515246927738,5.43204159475863,49.75797964725643,0.10584130447357892,0.014206685107201338,0.01761108998209238,0,0.0004603433684445918
199,train,0,98.35479357093573,23.04241871275008,100.58435279774967,20.1751171883598,-12.443578775884822,0.19094705296163042,954.7323885839432,42.66989036463201,5.430629089474678,39.46855742484331,97.5364076346159,0.08903388960286975,0.006466232109814883,0.03780910599976778,1,0.0008828382168896496
199,train,1,98.35479357093573,23.04241871275008,100.58022762599691,20.1735860120873,-12.450223808646305,0.19100403611421501,954.7323885839432,42.66989036463201,5.430629089474678,39.46855742484331,97.5364076346159,0.08903388960286975,0.006466232109814883,0.03780910599976778,1,0.0008828382168896496
199,train,2,98.35479357093573,23.04241871275008,100.57268719442027,20.173255219440524,-12.451659389914482,0.19101928404989318,954.7323885839432,42.66989036463201,5.430629089474678,39.46855742484331,97.5364076346159,0.08903388960286975,0.006466232109814883,0.03780910599976778,1,0.0008828382168896496
199,train,3,98.35479357093573,23.04241871275008,100.58691946607856,20.1760238581585,-12.43964399017502,0.1909974098972276,954.7323885839432,42.66989036463201,5.430629089474678,39.46855742484331,97.5364076346159,0.08903388960286975,0.006466232109814883,0.03780910599976778,1,0.0008828382168896496
200,train,0,106.69406219571827,39.92820183560253,107.58408310643172,38.961558847547366,-2.4209529696206884,0.06332620374661717,439.27843468263745,47.21987161785364,13.339198499917984,27.111858120188117,77.07132366951555,0.1269464818574488,0.00539437847211957,0.029114404283463957,0,0.0010515986867249013
200,train,1,106.69406219571827,39.92820183560253,107.57736005107823,38.96387268651469,-2.4151579704447843,0.06327284349111614,439.27843468263745,47.21987161785364,13.339198499917984,27.111858120188117,77.07132366951555,0.1269464818574488,0.00539437847211957,0.029114404283463957,0,0.0010515986867249013
200,train,2,106.69406219571827,39.92820183560253,107.56528192517821,38.96413743429631,-2.414494910829143,0.06334360092613318,439.27843468263745,47.21987161785364,13.339198499917984,27.111858120188117,77.07132366951555,0.1269464818574488,0.00539437847211957,0.029114404283463957,0,0.0010515986867249013
200,train,3,106.69406219571827,39.92820183560253,107.56357208012689,38.969398444290405,-2.4013187352133363,0.063350487571254,439.27843468263745,47.21987161785364,13.339198499917984,27.111858120188117,77.07132366951555,0.1269464818574488,0.00539437847211957,0.029114404283463957,0,0.0010515986867249013
201,train,0,83.6435983479023,24.07712498493493,83.27929554162614,23.321863474032668,-3.1368425896980145,0.0909940225607348,605.0015482120216,70.17249885480851,42.715017169713974,37.98780018463731,28.55076321400702,0.06516084350645542,0.012661351244896651,0.009234296791255474,1,0.000629083326086402
201,train,1,83.6435983479023,24.07712498493493,83.26688661898743,23.325831524567434,-3.1203620068325355,0.09101526197146201,605.0015482120216,70.17249885480851,42.715017169713974,37.98780018463731,28.55076321400702,0.06516084350645542,0.012661351244896651,0.009234296791255474,1,0.000629083326086402
201,train,2,83.6435983479023,24.07712498493493,83.28066764192542,23.322732558804486,-3.133233002704705,0.09098799192752001,605.0015482120216,70.17249885480851,42.715017169713974,37.98780018463731,28.55076321400702,0.06516084350645542,0.012661351244896651,0.009234296791255474,1,0.000629083326086402
201,train,3,83.6435983479023,24.07712498493493,83.28189712279475,23.321061451719252,-3.140173644854792,0.09096950013777418,605.0015482120216,70.17249885480851,42.715017169713974,37.98780018463731,28.55076321400702,0.06516084350645542,0.012661351244896651,0.009234296791255474,1,0.000629083326086402
202,train,0,101.10042756609619,49.62053797952831,105.40857865334739,42.41266894296919,-14.525979221613504,0.22368091534083512,173.40527079068124,85.46618869062513,37.071691423654556,9.544161590747533,43.45271957106888,0.04181319303810596,0.015841847341507672,0.015547468103468418,1,0.0008399919043295086
202,train,1,101.10042756609619,49.62053797952831,105.42696667664394,42.402271600351376,-14.54693292957633,0.22362417050393504,173.40527079068124,85.46618869062513,37.071691423654556,9.544161590747533,43.45271957106888,0.04181319303810596,0.015841847341507672,0.015547468103468418,1,0.0008399919043295086
202,train,2,101.10042756609619,49.62053797952831,105.40370934495289,42.421081777964275,-14.509024881056863,0.22366604297248982,173.40527079068124,85.46618869062513,37.071691423654556,9.544161590747533,43.45271957106888,0.04181319303810596,0.015841847341507672,0.015547468103468418,1,0.0008399919043295086
202,train,3,101.10042756609619,49.62053797952831,105.4177438590818,42.406503607395,-14.53840418882512,0.22373144972891976,173.40527079068124,85.46618869062513,37.071691423654556,9.544161590747533,43.45271957106888,0.04181319303810596,0.015841847341507672,0.015547468103468418,1,0.0008399919043295086
203,train,0,96.52929545007646,33.596386171877384,94.59672937302068,34.655855990442895,3.15352315914372,0.09912711530421414,870.8450499456376,27.10977217182517,18.96784433722496,44.327383623458445,91.97328710462898,0.14857948193326592,0.0035822810418903827,0.0354373412206769,1,0.00041881563654169447
203,train,1,96.52929545007646,33.596386171877384,94.59680817417018,34.65483202849105,3.15047532552671,0.09910973207273709,870.8450499456376,27.10977217182517,18.96784433722496,44.327383623458445,91.97328710462898,0.14857948193326592,0.0035822810418903827,0.0354373412206769,1,0.00041881563654169447
203,train,2,96.52929545007646,33.596386171877384,94.60144363590956,34.65343419103315,3.1463146474979897,0.09916893642536281,870.8450499456376,27.10977217182517,18.96784433722496,44.327383623458445,91.97328710462898,0.14857948193326592,0.0035822810418903827,0.0354373412206769,1,0.00041881563654169447
203,train,3,96.52929545007646,33.596386171877384,94.59266723211488,34.65500331953192,3.1509851751277766,0.09910203617560694,870.8450499456376,27.10977217182517,18.96784433722496,44.327383623458445,91.97328710462898,0.14857948193326592,0.0035822810418903827,0.0354373412206769,1,0.00041881563654169447
204,train,0,91.87812065705657,29.2166920080781,92.24754727909222,27.71497423033075,-5.139930890643396,0.07573488900395697,333.8019259274006,36.20500494260341,7.380189225077629,14.320417367853226,52.67809759359807,0.07421647265553474,0.018151295185089112,0.012724740989506244,1,0.0009431683119386435
204,train,1,91.87812065705657,29.2166920080781,92.24911848701635,27.7135260266183,-5.144887658890978,0.07568558362066853,333.8019259274006,36.20500494260341,7.380189225077629,14.320417367853226,52.67809759359807,0.07421647265553474,0.018151295185089112,0.012724740989506244,1,0.0009431683119386435
204,train,2,91.87812065705657,29.2166920080781,92.24669970509674,27.71667719675476,-5.134102145816517,0.0757919411152446,333.8019259274006,36.20500494260341,7.380189225077629,14.320417367853226,52.67809759359807,0.07421647265553474,0.018151295185089112,0.012724740989506244,1,0.0009431683119386435
204,train,3,91.87812065705657,29.2166920080781,92.2550199356665,27.711351684056456,-5.1523297832808375,0.07577886925968827,333.8019259274006,36.20500494260341,7.380189225077629,14.320417367853226,52.67809759359807,0.07421647265553474,0.018151295185089112,0.012724740989506244,1,0.0009431683119386435
205,train,0,105.64020239189267,43.189122004434466,106.42862565922874,42.51556412985816,-1.5595544510192794,0.06991506890883407,924.6417818590999,76.36295742355287,48.568549022078514,47.78529494535178,100.45631076209247,0.0911727880127728,0.0011947078630328179,0.03253678742796183,0,0.0005210857190191746
205,train,1,105.64020239189267,43.189122004434466,106.42513386672125,42.516661904350535,-1.5570126663257602,0.06997628465299509,924.6417818590999,76.36295742355287,48.568549022078514,47.78529494535178,100.45631076209247,0.0911727880127728,0.0011947078630328179,0.03253678742796183,0,0.0005210857190191746
205,train,2,105.64020239189267,43.189122004434466,106.43536174056189,42.512797390940946,-1.5659605523448237,0.07001292428779327,924.6417818590999,76.36295742355287,48.568549022078514,47.78529494535178,100.45631076209247,0.0911727880127728,0.0011947078630328179,0.03253678742796183,0,0.0005210857190191746
205,train,3,105.64020239189267,43.189122004434466,106.43880054912698,42.512921699238696,-1.5656727291801456,0.06996518133608844,924.6417818590999,76.36295742355287,48.568549022078514,47.78529494535178,100.45631076209247,0.0911727880127728,0.0011947078630328179,0.03253678742796183,0,0.0005210857190191746
206,train,0,79.14093360491097,31.239573450759053,79.37749434259436,30.205990914798825,-3.3085680173879406,0.12242089769170082,492.9324858356267,62.965631829574704,31.686949536204338,19.25375072285533,67.83508225344121,0.16202929632738233,0.008094775788486004,0.021351179592311382,1,0.0007319933383725584
206,train,1,79.14093360491097,31.239573450759053,79.38349990335345,30.206982486482424,-3.305393928967161,0.12242111787710507,492.9324858356267,62.965631829574704,31.686949536204338,19.25375072285533,67.83508225344121,0.16202929632738233,0.008094775788486004,0.021351179592311382,1,0.0007319933383725584
206,train,2,79.14093360491097,31.239573450759053,79.37467708602755,30.21092573445392,-3.292771323931564,0.12239596511602176,492.9324858356267,62.965631829574704,31.686949536204338,19.25375072285533,67.83508225344121,0.16202929632738233,0.008094775788486004,0.021351179592311382,1,0.0007319933383725584
206,train,3,79.14093360491097,31.239573450759053,79.36841047822259,30.210719729988966,-3.2934307582393982,0.12246005033981075,492.9324858356267,62.965631829574704,31.686949536204338,19.25375072285533,67.83508225344121,0.16202929632738233,0.008094775788486004,0.021351179592311382,1,0.0007319933383725584
207,train,0,111.38234707154334,45.392372112721205,110.99882233283198,44.581318581809825,-1.786761724849549,0.02902551024276362,765.4890073928982,54.434613161720335,24.27056346833706,31.623848332092162,20.056859175674617,0.010081440657377243,0.01003907859325409,0.0015488987788558008,0,0.0003103842894546688
207,train,1,111.38234707154334,45.392372112721205,110.9960453649583,44.583173333339644,-1.7826756825400196,0.029062914311647425,765.4890073928982,54.434613161720335,24.27056346833706,31.623848332092162,20.056859175674617,0.010081440657377243,0.01003907859325409,0.0015488987788558008,0,0.0003103842894546688
207,train,2,111.38234707154334,45.392372112721205,110.99889291373593,44.58198094999214,-1.7853025189268459,0.029024936881268913,765.4890073928982,54.434613161720335,24.27056346833706,31.623848332092162,20.056859175674617,0.010081440657377243,0.01003907859325409,0.0015488987788558008,0,0.0003103842894546688
207,train,3,111.38234707154334,45.392372112721205,110.99544736712645,44.5836213273249,-1.7816887458270831,0.029052930488219993,765.4890073928982,54.434613161720335,24.27056346833706,31.623848332092162,20.056859175674617,0.010081440657377243,0.01003907859325409,0.0015488987788558008,0,0.0003103842894546688
208,train,0,93.43659022264183,24.960560340434313,90.94689216764792,25.32566463395253,1.4627247487179693,0.08002846174100532,514.2505713738501,55.84198577795178,46.73199464380741,44.49413773138076,65.12060444336383,0.17952167781069875,0.011210482027381658,0.007989725023508072,1,0.0006042031879536808
208,train,1,93.43659022264183,24.960560340434313,90.94789878391444,25.32439982675955,1.4576575259644293,0.0800928148391061,514.2505713738501,55.84198577795178,46.73199464380741,44.49413773138076,65.12060444336383,0.17952167781069875,0.011210482027381658,0.007989725023508072,1,0.0006042031879536808
208,train,2,93.43659022264183,24.960560340434313,90.94765487209007,25.326211005813803,1.464913689406081,0.08005911341541365,514.2505713738501,55.84198577795178,46.73199464380741,44.49413773138076,65.12060444336383,0.17952167781069875,0.011210482027381658,0.007989725023508072,1,0.0006042031879536808
208,train,3,93.43659022264183,24.960560340434313,90.94964390548334,25.324465671323452,1.4579213203785273,0.08009171061426423,514.2505713738501,55.84198577795178,46.73199464380741,44.49413773138076,65.12060444336383,0.17952167781069875,0.011210482027381658,0.007989725023508072,1,0.0006042031879536808
209,train,0,97.10545960627496,38.87785395421088,98.89684323972753,37.03080465047897,-4.75090344726153,0.11249124211979744,746.4463680051267,65.39064505137503,9.310480907559395,11.821685447357593,16.785547686740756,0.016496682465076445,0.008155053202062845,0.02787975162267685,1,0.0010817394866608084
209,train,1,97.10545960627496,38.87785395421088,98.90906575594306,37.031706795480446,-4.748582987385998,0.11255824548243959,746.4463680051267,65.39064505137503,9.310480907559395,11.821685447357593,16.785547686740756,0.016496682465076445,0.008155053202062845,0.02787975162267685,1,0.0010817394866608084
209,train,2,97.10545960627496,38.87785395421088,98.91283495914169,37.031191672042205,-4.74990796648295,0.1125383160731265,746.4463680051267,65.39064505137503,9.310480907559395,11.821685447357593,16.785547686740756,0.016496682465076445,0.008155053202062845,0.02787975162267685,1,0.0010817394866608084
209,train,3,97.10545960627496,38.87785395421088,98.91005771253677,37.02976466799624,-4.753578446977193,0.11264397375559723,746.4463680051267,65.39064505137503,9.310480907559395,11.821685447357593,16.785547686740756,0.016496682465076445,0.008155053202062845,0.02787975162267685,1,0.0010817394866608084
210,train,0,87.08222012966871,34.428419729694724,89.76780411076899,32.71504548150194,-4.976627628119074,0.096210362609524,354.70515131019056,73.97169033996761,22.428893581032753,28.334150239825245,55.414307853206985,0.07922700941562652,5.504364147782326e-05,0.036713675037026404,0,0.00039259560927748684
210,train,1,87.08222012966871,34.428419729694724,89.76668828328923,32.71655876133221,-4.972232190157783,0.09622046099256303,354.70515131019056,73.97169033996761,22.428893581032753,28.334150239825245,55.414307853206985,0.07922700941562652,5.504364147782326e-05,0.036713675037026404,0,0.00039259560927748684
210,train,2,87.08222012966871,34.428419729694724,89.76589844523423,32.71537386470031,-4.975673813796626,0.09620360670755011,354.70515131019056,73.97169033996761,22.428893581032753,28.334150239825245,55.414307853206985,0.07922700941562652,5.504364147782326e-05,0.036713675037026404,0,0.00039259560927748684
210,train,3,87.08222012966871,34.428419729694724,89.76425170137439,32.71667947357854,-4.971881572129786,0.09617946595526862,354.70515131019056,73.97169033996761,22.428893581032753,28.334150239825245,55.414307853206985,0.07922700941562652,5.504364147782326e-05,0.036713675037026404,0,0.00039259560927748684
211,train,0,110.41791218519211,48.635897010564804,110.0498537824456,46.854250736883756,-3.6632330915867235,0.10129420506294742,906.0139551293105,34.82734725344926,33.6223796159029,16.75373134203255,103.74937735032289,0.10725462796166539,0.018098342921584847,0.016833414062857627,1,0.0008714706789702178
211,train,1,110.41791218519211,48.635897010564804,110.04287036878077,46.85561608586985,-3.660425805055554,0.10119580224692007,906.0139551293105,34.82734725344926,33.6223796159029,16.75373134203255,103.74937735032289,0.10725462796166539,0.018098342921584847,0.016833414062857627,1,0.0008714706789702178
211,train,2,110.41791218519211,48.635897010564804,110.0441917588762,46.855101438133524,-3.6614839694319943,0.10125784562600752,906.0139551293105,34.82734725344926,33.6223796159029,16.75373134203255,103.74937735032289,0.10725462796166539,0.018098342921584847,0.016833414062857627,1,0.0008714706789702178
211,train,3,110.41791218519211,48.635897010564804,110.04675594807844,46.853900418622594,-3.6639533790342544,0.1013189164299278,906.0139551293105,34.82734725344926,33.6223796159029,16.75373134203255,103.74937735032289,0.10725462796166539,0.018098342921584847,0.016833414062857627,1,0.0008714706789702178
212,train,0,115.37748688645661,44.05078139901161,117.25368869106208,42.25230807745418,-4.082727398787502,0.11652328581111591,196.28701992332935,25.724210906773806,40.03470152616501,34.59917568601668,40.888963914476335,0.024146406278014183,0.0026675120368599894,0.03375450275838375,1,0.0004940142496488989
212,train,1,115.37748688645661,44.05078139901161,117.25509218535547,42.25380774100769,-4.079323001621581,0.11649408523581112,196.28701992332935,25.724210906773806,40.03470152616501,34.59917568601668,40.888963914476335,0.024146406278014183,0.0026675120368599894,0.03375450275838375,1,0.0004940142496488989
212,train,2,115.37748688645661,44.05078139901161,117.25400502020027,42.25205537155181,-4.083301068298782,0.11653334759195055,196.28701992332935,25.724210906773806,40.03470152616501,34.59917568601668,40.888963914476335,0.024146406278014183,0.0026675120368599894,0.03375450275838375,1,0.0004940142496488989
212,train,3,115.37748688645661,44.05078139901161,117.24007384520418,42.255416583553455,-4.075670756429404,0.1164489652120501,196.28701992332935,25.724210906773806,40.03470152616501,34.59917568601668,40.888963914476335,0.024146406278014183,0.0026675120368599894,0.03375450275838375,1,0.0004940142496488989
213,train,0,82.23390185274184,28.26216336153448,81.54790893102663,27.702986304394944,-1.9785359315436897,0.021238893495825053,853.5735936835408,83.06695604231209,15.92572820186615,24.337058328092095,88.4816733840853,0.14234139198437332,0.015407749190926552,0.013952070251107215,0,0.0009719828869216144
213,train,1,82.23390185274184,28.26216336153448,81.54470334075053,27.702175004981523,-1.9814065518958568,0.02125337857047717,853.5735936835408,83.06695604231209,15.92572820186615,24.337058328092095,88.4816733840853,0.14234139198437332,0.015407749190926552,0.013952070251107215,0,0.0009719828869216144
213,train,2,82.23390185274184,28.26216336153448,81.53448155963073,27.708182483021243,-1.9601502950309082,0.021194518881294536,853.5735936835408,83.06695604231209,15.92572820186615,24.337058328092095,88.4816733840853,0.14234139198437332,0.015407749190926552,0.013952070251107215,0,0.0009719828869216144
213,train,3,82.23390185274184,28.26216336153448,81.53719994985379,27.705762506833207,-1.9687128956962574,0.021177343599258974,853.5735936835408,83.06695604231209,15.92572820186615,24.337058328092095,88.4816733840853,0.14234139198437332,0.015407749190926552,0.013952070251107215,0,0.0009719828869216144
214,train,0,101.916669216007,46.30523314513267,101.67251243244245,45.06291484173549,-2.682889641227866,0.09895823833054339,461.7453743238002,72.60541565250605,16.282436072826385,40.93747166451067,79.63364106602967,0.12211035037413238,0.013588327541947364,0.0002847728133201599,1,0.0002828399818390608
214,train,1,101.916669216007,46.30523314513267,101.67067481523505,45.064444322412335,-2.679586600571415,0.09890968583573348,461.7453743238002,72.60541565250605,16.282436072826385,40.93747166451067,79.63364106602967,0.12211035037413238,0.013588327541947364,0.0002847728133201599,1,0.0002828399818390608
214,train,2,101.916669216007,46.30523314513267,101.6709011556018,45.0633838899464,-2.6818766926277817,0.09897474145885263,461.7453743238002,72.60541565250605,16.282436072826385,40.93747166451067,79.63364106602967,0.12211035037413238,0.013588327541947364,0.0002847728133201599,1,0.0002828399818390608
214,train,3,101.916669216007,46.30523314513267,101.67186986581923,45.0626656903731,-2.683427704305118,0.09894469567049125,461.7453743238002,72.60541565250605,16.282436072826385,40.93747166451067,79.63364106602967,0.12211035037413238,0.013588327541947364,0.0002847728133201599,1,0.0002828399818390608
215,train,0,88.43990685418248,30.219080287963155,88.97693593694667,29.441008509381096,-2.574769884350121,0.07943744598400392,588.144955271855,48.635209798812866,39.66338241100311,6.770820920355618,32.04091602470726,0.048901851698756216,0.005855332352221012,0.020096970945596697,0,0.0007612826995551587
215,train,1,88.43990685418248,30.219080287963155,88.97418361796164,29.44043780854332,-2.576658429045516,0.07942860244711213,588.144955271855,48.635209798812866,39.66338241100311,6.770820920355618,32.04091602470726,0.048901851698756216,0.005855332352221012,0.020096970945596697,0,0.0007612826995551587
215,train,2,88.43990685418248,30.219080287963155,88.97292253410683,29.44171915117679,-2.5724182515773073,0.07945689454189125,588.144955271855,48.635209798812866,39.66338241100311,6.770820920355618,32.04091602470726,0.048901851698756216,0.005855332352221012,0.020096970945596697,0,0.0007612826995551587
215,train,3,88.43990685418248,30.219080287963155,88.97594338552622,29.4402851047845,-2.577163751369572,0.07936320874792316,588.144955271855,48.635209798812866,39.66338241100311,6.770820920355618,32.04091602470726,0.048901851698756216,0.005855332352221012,0.020096970945596697,0,0.0007612826995551587
216,train,0,80.11223717406392,47.10520678944886,80.43564338820156,46.876297986084914,-0.4859522311134737,0.17136094629825052,278.54662723839283,45.06118553690612,29.566057488322258,36.60642813425511,46.45942013710737,0.1010067206248641,0.0072833261266350745,0.03174902640283108,1,0.0008175157119520009
216,train,1,80.11223717406392,47.10520678944886,80.43700504815367,46.8764206624522,-0.48569180052491223,0.1713498920592543,278.54662723839283,45.06118553690612,29.566057488322258,36.60642813425511,46.45942013710737,0.1010067206248641,0.0072833261266350745,0.03174902640283108,1,0.0008175157119520009
216,train,2,80.11223717406392,47.10520678944886,80.42682374273475,46.890217376583735,-0.4564026516773074,0.17131955189603806,278.54662723839283,45.06118553690612,29.566057488322258,36.60642813425511,46.45942013710737,0.1010067206248641,0.0072833261266350745,0.03174902640283108,1,0.0008175157119520009
216,train,3,80.11223717406392,47.10520678944886,80.43256277321028,46.87947673720143,-0.47920403631046055,0.17126186810027233,278.54662723839283,45.06118553690612,29.566057488322258,36.60642813425511,46.45942013710737,0.1010067206248641,0.0072833261266350745,0.03174902640283108,1,0.0008175157119520009
217,train,0,112.65166690573096,33.19067026302219,112.7744285752396,32.08378406359966,-3.3349317463339028,0.050977019385865206,975.532660074532,68.0147733585909,26.48812662065029,25.685536772944033,94.79427481535821,0.0727760967426002,0.014543146267533303,0.011639347448945046,0,0.0003391074002720416
217,train,1,112.65166690573096,33.19067026302219,112.76909142987708,32.08505802348574,-3.331093439134944,0.05097478700770395,975.532660074532,68.0147733585909,26.48812662065029,25.685536772944033,94.79427481535821,0.0727760967426002,0.014543146267533303,0.011639347448945046,0,0.0003391074002720416
217,train,2,112.65166690573096,33.19067026302219,112.77497191896003,32.083793803393135,-3.3349024013601487,0.050951998583301586,975.532660074532,68.0147733585909,26.48812662065029,25.685536772944033,94.79427481535821,0.0727760967426002,0.014543146267533303,0.011639347448945046,0,0.0003391074002720416
217,train,3,112.65166690573096,33.19067026302219,112.7680442670648,32.085023903700595,-3.3311962384604135,0.050937597729148486,975.532660074532,68.0147733585909,26.48812662065029,25.685536772944033,94.79427481535821,0.0727760967426002,0.014543146267533303,0.011639347448945046,0,0.0003391074002720416
218,train,0,90.60544865764678,41.38999015837908,91.13795640737418,39.13355501812036,-5.451644544065966,0.11742963005173099,543.9271618146449,87.62486702296883,5.866803929209709,42.9449815209955,85.9461490670219,0.00025020835921168327,0.01647975541651249,0.0029519084095954895,1,0.0010282498812302949
218,train,1,90.60544865764678,41.38999015837908,91.15173223855557,39.12893979974154,-5.462795110570485,0.11749463311776208,543.9271618146449,87.62486702296883,5.866803929209709,42.9449815209955,85.9461490670219,0.00025020835921168327,0.01647975541651249,0.0029519084095954895,1,0.0010282498812302949
218,train,2,90.60544865764678,41.38999015837908,91.14936797837774,39.12875095678269,-5.463251363297597,0.1174982232598053,543.9271618146449,87.62486702296883,5.866803929209709,42.9449815209955,85.9461490670219,0.00025020835921168327,0.01647975541651249,0.0029519084095954895,1,0.0010282498812302949
218,train,3,90.60544865764678,41.38999015837908,91.13571634748529,39.13957818296545,-5.437092318220921,0.11735884222014979,543.9271618146449,87.62486702296883,5.866803929209709,42.9449815209955,85.9461490670219,0.00025020835921168327,0.01647975541651249,0.0029519084095954895,1,0.0010282498812302949
219,train,0,104.66326356120406,27.179755343124274,105.36704332252127,26.665659552195873,-1.8914658518383312,0.03763603809908574,710.1299616042525,29.267489919438958,50.17276321351528,8.118870127946138,37.61128447949886,0.16346697594970463,0.004212693311274052,0.023071352988481522,0,0.0005502468245103956
219,train,1,104.66326356120406,27.179755343124274,105.38095631117112,26.65904487279308,-1.9158026397133117,0.03767373777687553,710.1299616042525,29.267489919438958,50.17276321351528,8.118870127946138,37.61128447949886,0.16346697594970463,0.004212693311274052,0.023071352988481522,0,0.0005502468245103956
219,train,2,104.66326356120406,27.179755343124274,105.38177923858724,26.662161135273543,-1.9043372588034302,0.03770553110473859,710.1299616042525,29.267489919438958,50.17276321351528,8.118870127946138,37.61128447949886,0.16346697594970463,0.004212693311274052,0.023071352988481522,0,0.0005502468245103956
219,train,3,104.66326356120406,27.179755343124274,105.37549393334236,26.660854343348227,-1.909145219393285,0.03769844211988764,710.1299616042525,29.267489919438958,50.17276321351528,8.118870127946138,37.61128447949886,0.16346697594970463,0.004212693311274052,0.023071352988481522,0,0.0005502468245103956
220,train,0,99.67817616462708,35.514532996341586,101.44976525743911,33.23352504614376,-6.422745163037327,0.08124805158208762,385.58603012934327,38.36269363295287,36.16960373520851,49.12203570827842,70.67869672551751,0.05810057049617171,0.018779418971389534,0.005012607127428055,0,0.0007027105779387057
220,train,1,99.67817616462708,35.514532996341586,101.43464141324638,33.240969202749575,-6.401784288776131,0.08119974961140464,385.58603012934327,38.36269363295287,36.16960373520851,49.12203570827842,70.67869672551751,0.05810057049617171,0.018779418971389534,0.005012607127428055,0,0.0007027105779387057
220,train,2,99.67817616462708,35.514532996341586,101.44466600111792,33.23855581748187,-6.408579775198433,0.08123931509552436,385.58603012934327,38.36269363295287,36.16960373520851,49.12203570827842,70.67869672551751,0.05810057049617171,0.018779418971389534,0.005012607127428055,0,0.0007027105779387057
220,train,3,99.67817616462708,35.514532996341586,101.45352097496269,33.2351385710017,-6.418201882521438,0.08123435607236035,385.58603012934327,38.36269363295287,36.16960373520851,49.12203570827842,70.67869672551751,0.05810057049617171,0.018779418971389534,0.005012607127428055,0,0.0007027105779387057
221,train,0,95.40506087988615,51.30774677544832,94.49326803311087,52.42951576788308,2.1863540360566884,0.1056746288567643,657.6628654263914,78.5216686874628,19.779120296239853,15.789996711537244,23.085870114155114,0.13115030888468027,0.0018349050916731358,0.02521046906709671,1,0.00022385614113882185
221,train,1,95.40506087988615,51.30774677544832,94.48955257187299,52.43173125018266,2.1906720629411556,0.10567059157610817,657.6628654263914,78.5216686874628,19.779120296239853,15.789996711537244,23.085870114155114,0.13115030888468027,0.0018349050916731358,0.02521046906709671,1,0.00022385614113882185
221,train,2,95.40506087988615,51.30774677544832,94.49141641038113,52.43002180622978,2.187340316644907,0.1056632541569405,657.6628654263914,78.5216686874628,19.779120296239853,15.789996711537244,23.085870114155114,0.13115030888468027,0.0018349050916731358,0.02521046906709671,1,0.00022385614113882185
221,train,3,95.40506087988615,51.30774677544832,94.4952216051391,52.42926721919506,2.18586960884317,0.10568056194511259,657.6628654263914,78.5216686874628,19.779120296239853,15.789996711537244,23.085870114155114,0.13115030888468027,0.0018349050916731358,0.02521046906709671,1,0.00022385614113882185
222,train,0,107.81494460068643,22.01456243917346,108.34244825819088,20.51381482570072,-6.817067646106204,0.1431196320815289,225.96279024146497,60.807935390621424,11.919508844614029,32.961619147099555,61.71454251278191,0.15564794573932886,0.009973977152258158,0.039024250879883766,1,0.0009129995809867979
222,train,1,107.81494460068643,22.01456243917346,108.34583745888324,20.516653396052373,-6.804173588550001,0.14308363413313208,225.96279024146497,60.807935390621424,11.919508844614029,32.961619147099555,61.71454251278191,0.15564794573932886,0.009973977152258158,0.039024250879883766,1,0.0009129995809867979
222,train,2,107.81494460068643,22.01456243917346,108.33918796542909,20.51794467596966,-6.798308016972752,0.14311244286833633,225.96279024146497,60.807935390621424,11.919508844614029,32.961619147099555,61.71454251278191,0.15564794573932886,0.009973977152258158,0.039024250879883766,1,0.0009129995809867979
222,train,3,107.81494460068643,22.01456243917346,108.35880084587613,20.50994550450459,-6.834643835534544,0.1431535867651363,225.96279024146497,60.807935390621424,11.919508844614029,32.961619147099555,61.71454251278191,0.15564794573932886,0.009973977152258158,0.039024250879883766,1,0.0009129995809867979
223,train,0,85.06021448783576,38.096120001748204,85.36738738878526,36.696248010788395,-3.6745789095991275,0.12402879671165104,817.2563924919814,52.27589414920658,44.03801855444908,20.722300182096657,109.30737620219588,0.03760117387399077,0.011930620577186347,0.01883615456521511,1,0.0004354426627978683
223,train,1,85.06021448783576,38.096120001748204,85.36618741470225,36.69641358082467,-3.6741442983151655,0.12406308385392406,817.2563924919814,52.27589414920658,44.03801855444908,20.722300182096657,109.30737620219588,0.03760117387399077,0.011930620577186347,0.01883615456521511,1,0.0004354426627978683
223,train,2,85.06021448783576,38.096120001748204,85.36563517007625,36.69576840065627,-3.6758378570512544,0.12407491055558428,817.2563924919814,52.27589414920658,44.03801855444908,20.722300182096657,109.30737620219588,0.03760117387399077,0.011930620577186347,0.01883615456521511,1,0.0004354426627978683
223,train,3,85.06021448783576,38.096120001748204,85.3664195674083,36.695201579683115,-3.677325727661515,0.1240400420742036,817.2563924919814,52.27589414920658,44.03801855444908,20.722300182096657,109.30737620219588,0.03760117387399077,0.011930620577186347,0.01883615456521511,1,0.0004354426627978683
224,train,0,87.57862335070968,49.77338720858097,86.93425764287024,48.59825361058526,-2.3609677056359013,0.034010379416292084,391.1736010108143,52.72734887432307,49.63901600241661,27.530360594391823,92.98188910353927,0.14620641963556408,0.01692909259349108,0.028466358743608,0,0.0007681912384927273
224,train,1,87.57862335070968,49.77338720858097,86.92934094530334,48.59902685370068,-2.359414178422293,0.0340104128781668,391.1736010108143,52.72734887432307,49.63901600241661,27.530360594391823,92.98188910353927,0.14620641963556408,0.01692909259349108,0.028466358743608,0,0.0007681912384927273
224,train,2,87.57862335070968,49.77338720858097,86.93645005785471,48.59462348578428,-2.3682610103607082,0.033991590502598416,391.1736010108143,52.72734887432307,49.63901600241661,27.530360594391823,92.98188910353927,0.14620641963556408,0.01692909259349108,0.028466358743608,0,0.0007681912384927273
224,train,3,87.57862335070968,49.77338720858097,86.93474108966473,48.599862797252904,-2.357734679398607,0.03401777760753159,391.1736010108143,52.72734887432307,49.63901600241661,27.530360594391823,92.98188910353927,0.14620641963556408,0.01692909259349108,0.028466358743608,0,0.0007681912384927273
225,train,0,102.90740292146802,33.92139393649995,102.32850438777307,33.64915551796885,-0.8025566963454607,0.06738412334766883,650.3858276177198,60.38034200668335,6.412235647439957,17.359260143712163,45.38922121748328,0.02801437899470329,0.0049748941510915756,0.008654314987361432,1,0.0003464622747153044
225,train,1,102.90740292146802,33.92139393649995,102.3246420134844,33.65162725747586,-0.7952700279036081,0.06736764596463042,650.3858276177198,60.38034200668335,6.412235647439957,17.359260143712163,45.38922121748328,0.02801437899470329,0.0049748941510915756,0.008654314987361432,1,0.0003464622747153044
225,train,2,102.90740292146802,33.92139393649995,102.32253762146672,33.651583248999664,-0.7953997645420234,0.06737409053599758,650.3858276177198,60.38034200668335,6.412235647439957,17.359260143712163,45.38922121748328,0.02801437899470329,0.0049748941510915756,0.008654314987361432,1,0.0003464622747153044
225,train,3,102.90740292146802,33.92139393649995,102.32240571864361,33.65096392348952,-0.7972255312286899,0.06736057129163375,650.3858276177198,60.38034200668335,6.412235647439957,17.359260143712163,45.38922121748328,0.02801437899470329,0.0049748941510915756,0.008654314987361432,1,0.0003464622747153044
226,train,0,81.90956047363579,40.714692601934075,85.04994084359508,37.513887436549446,-7.861548155794208,0.137758995425944,231.9947076961398,78.97508041933179,25.520408004522324,45.12166064698249,36.448404137045145,0.04503389909863472,0.006834597811102868,0.017496783174574374,1,0.0010074832911603155
226,train,1,81.90956047363579,40.714692601934075,85.05247285847616,37.51234072845789,-7.865347049983762,0.13776615829057093,231.9947076961398,78.97508041933179,25.520408004522324,45.12166064698249,36.448404137045145,0.04503389909863472,0.006834597811102868,0.017496783174574374,1,0.0010074832911603155
226,train,2,81.90956047363579,40.714692601934075,85.02713046054578,37.5225437201935,-7.840287320722495,0.1377241024009514,231.9947076961398,78.97508041933179,25.520408004522324,45.12166064698249,36.448404137045145,0.04503389909863472,0.006834597811102868,0.017496783174574374,1,0.0010074832911603155
226,train,3,81.90956047363579,40.714692601934075,85.02454266320957,37.522339304825564,-7.8407893885384805,0.13752878467719878,231.9947076961398,78.97508041933179,25.520408004522324,45.12166064698249,36.448404137045145,0.04503389909863472,0.006834597811102868,0.017496783174574374,1,0.0010074832911603155
227,train,0,115.57150831259787,24.691457215696573,113.52233638759574,24.210409454678018,-1.9482356056035048,0.1496358765107494,809.5936231315136,37.9490211000666,30.522091776132584,11.03984700050205,84.0410791011527,0.118245299924165,0.01378155667334795,0.03729906130582094,1,0.0005852940334938467
227,train,1,115.57150831259787,24.691457215696573,113.52204568630995,24.21160057773008,-1.943411576621913,0.1496282013862571,809.5936231315136,37.9490211000666,30.522091776132584,11.03984700050205,84.0410791011527,0.118245299924165,0.01378155667334795,0.03729906130582094,1,0.0005852940334938467
227,train,2,115.57150831259787,24.691457215696573,113.53229511152229,24.207996200761475,-1.9580092447024957,0.14967179245402912,809.5936231315136,37.9490211000666,30.522091776132584,11.03984700050205,84.0410791011527,0.118245299924165,0.01378155667334795,0.03729906130582094,1,0.0005852940334938467
227,train,3,115.57150831259787,24.691457215696573,113.52960603769382,24.21018366462227,-1.9491500516557425,0.14964970021928145,809.5936231315136,37.9490211000666,30.522091776132584,11.03984700050205,84.0410791011527,0.118245299924165,0.01378155667334795,0.03729906130582094,1,0.0005852940334938467
228,train,0,110.76269044727087,30.623453024774793,112.68243711337689,29.007535927427703,-5.276730537342701,0.09624718245190544,285.79771402291954,30.730250282213092,43.11751924455166,40.31236005481333,21.274209902621806,0.013333401158452033,0.009212387260049582,0.014537632949650287,1,0.0006527220766991377
228,train,1,110.76269044727087,30.623453024774793,112.68685967562048,29.006215479634,-5.281042421416111,0.09616458383979799,285.79771402291954,30.730250282213092,43.11751924455166,40.31236005481333,21.274209902621806,0.013333401158452033,0.009212387260049582,0.014537632949650287,1,0.0006527220766991377
228,train,2,110.76269044727087,30.623453024774793,112.67280761173991,29.008812073273827,-5.2725633199975785,0.09626344125284134,285.79771402291954,30.730250282213092,43.11751924455166,40.31236005481333,21.274209902621806,0.013333401158452033,0.009212387260049582,0.014537632949650287,1,0.0006527220766991377
228,train,3,110.76269044727087,30.623453024774793,112.70001905795633,29.00122110551705,-5.297351405621486,0.09625115631266566,285.79771402291954,30.730250282213092,43.11751924455166,40.31236005481333,21.274209902621806,0.013333401158452033,0.009212387260049582,0.014537632949650287,1,0.0006527220766991377
229,train,0,86.90399691462517,44.596797654405236,86.20627383797375,43.861547395426065,-1.6486615578922537,0.06520571225445171,969.9191635008901,86.18585274089128,12.828277871012688,7.548890863545238,69.60922189056873,0.17635546216741205,0.011481891963630916,0.034417743124067784,0,0.00023143923804163936
229,train,1,86.90399691462517,44.596797654405236,86.20453378041236,43.86248224384809,-1.6465653346852203,0.06518750066867035,969.9191635008901,86.18585274089128,12.828277871012688,7.548890863545238,69.60922189056873,0.17635546216741205,0.011481891963630916,0.034417743124067784,0,0.00023143923804163936
229,train,2,86.90399691462517,44.596797654405236,86.20217334061842,43.86434559841521,-1.64238710964413,0.06517795894656232,969.9191635008901,86.18585274089128,12.828277871012688,7.548890863545238,69.60922189056873,0.17635546216741205,0.011481891963630916,0.034417743124067784,0,0.00023143923804163936
229,train,3,86.90399691462517,44.596797654405236,86.20260853910024,43.864310838210955,-1.642465052918279,0.06518192776526027,969.9191635008901,86.18585274089128,12.828277871012688,7.548890863545238,69.60922189056873,0.17635546216741205,0.011481891963630916,0.034417743124067784,0,0.00023143923804163936
230,train,0,97.95007514767347,28.897134548053145,96.96742379075918,28.205448276288585,-2.3936154313651907,0.07813767823842699,551.6158568672836,69.4874785700813,19.198155745863914,35.39919682778418,108.14521994441748,0.11042082348838449,0.019541619513183832,0.02076143216341734,1,0.000892461012210697
230,train,1,97.95007514767347,28.897134548053145,96.96859683973712,28.20464017787275,-2.396411896926474,0.07823377684636842,551.6158568672836,69.4874785700813,19.198155745863914,35.39919682778418,108.14521994441748,0.11042082348838449,0.019541619513183832,0.02076143216341734,1,0.000892461012210697
230,train,2,97.95007514767347,28.897134548053145,96.97336253522035,28.201829943249344,-2.4061368563986174,0.07833352996972814,551.6158568672836,69.4874785700813,19.198155745863914,35.39919682778418,108.14521994441748,0.11042082348838449,0.019541619513183832,0.02076143216341734,1,0.000892461012210697
230,train,3,97.95007514767347,28.897134548053145,96.96867437276681,28.207163898691036,-2.3876784330112635,0.07820884622470801,551.6158568672836,69.4874785700813,19.198155745863914,35.39919682778418,108.14521994441748,0.11042082348838449,0.019541619513183832,0.02076143216341734,1,0.000892461012210697
231,train,0,92.42454988323152,43.049018576741226,93.68227952090338,41.9424180192489,-2.570559316049554,0.08446020961780036,704.1239951737225,43.628086829558015,36.76229839026928,23.733940832316875,59.810198047198355,0.08239031352102756,0.0022842419706285,0.0008715563639998436,0,0.00046982561601325874
231,train,1,92.42454988323152,43.049018576741226,93.68091612347585,41.942549959751005,-2.5702528270598677,0.084422152069738,704.1239951737225,43.628086829558015,36.76229839026928,23.733940832316875,59.810198047198355,0.08239031352102756,0.0022842419706285,0.0008715563639998436,0,0.00046982561601325874
231,train,2,92.42454988323152,43.049018576741226,93.68455143138834,41.942242516475964,-2.5709669972900073,0.08446839201812664,704.1239951737225,43.628086829558015,36.76229839026928,23.733940832316875,59.810198047198355,0.08239031352102756,0.0022842419706285,0.0008715563639998436,0,0.00046982561601325874
231,train,3,92.42454988323152,43.049018576741226,93.67985539756776,41.944238207643956,-2.566331139763004,0.08444331435898546,704.1239951737225,43.628086829558015,36.76229839026928,23.733940832316875,59.810198047198355,0.08239031352102756,0.0022842419706285,0.0008715563639998436,0,0.00046982561601325874
232,train,0,84.12486398778856,26.163695899769664,85.67214763190832,24.895016375600736,-4.849007300150193,0.12109226395947312,162.0617616456002,48.17806759849191,32.65610349178314,42.14444539509714,15.715435119345784,0.1343149809166789,0.0008562481962144375,0.012224463112652302,1,0.0006385930394753814
232,train,1,84.12486398778856,26.163695899769664,85.66904404719699,24.894839347341208,-4.849683918087534,0.12108126381896347,162.0617616456002,48.17806759849191,32.65610349178314,42.14444539509714,15.715435119345784,0.1343149809166789,0.0008562481962144375,0.012224463112652302,1,0.0006385930394753814
232,train,2,84.12486398778856,26.163695899769664,85.66445667098616,24.89703075491481,-4.841308161153201,0.12105675777334789,162.0617616456002,48.17806759849191,32.65610349178314,42.14444539509714,15.715435119345784,0.1343149809166789,0.0008562481962144375,0.012224463112652302,1,0.0006385930394753814
232,train,3,84.12486398778856,26.163695899769664,85.66786951795511,24.894483818192757,-4.851042782484264,0.12108009630287711,162.0617616456002,48.17806759849191,32.65610349178314,42.14444539509714,15.715435119345784,0.1343149809166789,0.0008562481962144375,0.012224463112652302,1,0.0006385930394753814
233,train,0,108.58315568976104,42.01112248748541,106.7956546479644,41.34378722979003,-1.5884728095379246,0.03484637643584231,886.1680095549673,73.0228273710236,23.383439242839813,8.722159285098314,63.3083022525534,0.06126265151426196,0.018586800787597894,0.03241271380335092,0,0.0010611940162256362
233,train,1,108.58315568976104,42.01112248748541,106.77962918472478,41.35008224171249,-1.5734886540340063,0.034818073375479625,886.1680095549673,73.0228273710236,23.383439242839813,8.722159285098314,63.3083022525534,0.06126265151426196,0.018586800787597894,0.03241271380335092,0,0.0010611940162256362
233,train,2,108.58315568976104,42.01112248748541,106.79179707811853,41.34632154322807,-1.5824403274522714,0.03489579018864134,886.1680095549673,73.0228273710236,23.383439242839813,8.722159285098314,63.3083022525534,0.06126265151426196,0.018586800787597894,0.03241271380335092,0,0.0010611940162256362
233,train,3,108.58315568976104,42.01112248748541,106.77671353567165,41.35121458985611,-1.570793300811886,0.0348445053427996,886.1680095549673,73.0228273710236,23.383439242839813,8.722159285098314,63.3083022525534,0.06126265151426196,0.018586800787597894,0.03241271380335092,0,0.0010611940162256362
234,train,0,95.1550945341587,31.46770926937461,99.01009067593459,27.754737944341556,-11.799306054497704,0.1745646522684972,427.9058444313705,82.61975869070739,8.77822196483612,37.23171140532941,101.84421253856272,0.034439072739332915,0.010409885738044978,0.023736261241137983,1,0.0004001718212850392
234,train,1,95.1550945341587,31.46770926937461,99.01104037527845,27.755462642298944,-11.797003065261388,0.17450334606429055,427.9058444313705,82.61975869070739,8.77822196483612,37.23171140532941,101.84421253856272,0.034439072739332915,0.010409885738044978,0.023736261241137983,1,0.0004001718212850392
234,train,2,95.1550945341587,31.46770926937461,99.01374739966346,27.754343699760927,-11.800558908899191,0.1745393868032694,427.9058444313705,82.61975869070739,8.77822196483612,37.23171140532941,101.84421253856272,0.034439072739332915,0.010409885738044978,0.023736261241137983,1,0.0004001718212850392
234,train,3,95.1550945341587,31.46770926937461,99.0082805862901,27.755296738643477,-11.797530283985978,0.17453731212242699,427.9058444313705,82.61975869070739,8.77822196483612,37.23171140532941,101.84421253856272,0.034439072739332915,0.010409885738044978,0.023736261241137983,1,0.0004001718212850392
235,train,0,100.09499200433493,47.49551178701222,98.83543495743127,47.71753454825572,0.4674605091932293,0.043235476853207604,620.2950214035809,26.14753820002079,47.27598351240158,24.906951845623553,54.25132983364165,0.15248329650610684,0.007667205985635519,0.003538244925439358,0,0.0008214890659786761
235,train,1,100.09499200433493,47.49551178701222,98.83688664875065,47.71745506725008,0.46729316494815765,0.04334480891634578,620.2950214035809,26.14753820002079,47.27598351240158,24.906951845623553,54.25132983364165,0.15248329650610684,0.007667205985635519,0.003538244925439358,0,0.0008214890659786761
235,train,2,100.09499200433493,47.49551178701222,98.85336987917908,47.71062274811267,0.45290797594746,0.04339433351840723,620.2950214035809,26.14753820002079,47.27598351240158,24.906951845623553,54.25132983364165,0.15248329650610684,0.007667205985635519,0.003538244925439358,0,0.0008214890659786761
235,train,3,100.09499200433493,47.49551178701222,98.83927139082921,47.71518644934164,0.4625166759219694,0.04329679919133389,620.2950214035809,26.14753820002079,47.27598351240158,24.906951845623553,54.25132983364165,0.15248329650610684,0.007667205985635519,0.003538244925439358,0,0.0008214890659786761
236,train,0,104.93396123684943,37.812244610860944,105.38516416793956,36.159600775592416,-4.370657844506364,0.11041905940911008,481.6821096930653,33.358372510410845,39.08385927975178,32.334611215628684,87.41228490136564,0.06890692105516791,0.013100480623543263,0.025796934328973294,1,0.0005290545569732785
236,train,1,104.93396123684943,37.812244610860944,105.38266794444189,36.161757636990046,-4.364953709721919,0.11044306363370324,481.6821096930653,33.358372510410845,39.08385927975178,32.334611215628684,87.41228490136564,0.06890692105516791,0.013100480623543263,0.025796934328973294,1,0.0005290545569732785
236,train,2,104.93396123684943,37.812244610860944,105.38269597678628,36.15874025446259,-4.372933618237007,0.11051546625385913,481.6821096930653,33.358372510410845,39.08385927975178,32.334611215628684,87.41228490136564,0.06890692105516791,0.013100480623543263,0.025796934328973294,1,0.0005290545569732785
236,train,3,104.93396123684943,37.812244610860944,105.38932086877817,36.15851437724591,-4.3735309835058915,0.11045932277796396,481.6821096930653,33.358372510410845,39.08385927975178,32.334611215628684,87.41228490136564,0.06890692105516791,0.013100480623543263,0.025796934328973294,1,0.0005290545569732785
237,train,0,90.20472547598183,23.836171057075262,89.84166986140826,23.072154799125418,-3.2052809829247413,0.19268240342580287,780.6975551415235,75.40104986168444,16.87364389002323,21.50396696757525,39.07738722395152,0.09714014668017626,0.0050547363609075545,0.00567733895033598,1,0.0009512231951579452
237,train,1,90.20472547598183,23.836171057075262,89.82668178597856,23.076906068521314,-3.1853479601900077,0.19273392070715262,780.6975551415235,75.40104986168444,16.87364389002323,21.50396696757525,39.07738722395152,0.09714014668017626,0.0050547363609075545,0.00567733895033598,1,0.0009512231951579452
237,train,2,90.20472547598183,23.836171057075262,89.83573308794189,23.07066098684347,-3.211547980582928,0.19267965010681196,780.6975551415235,75.40104986168444,16.87364389002323,21.50396696757525,39.07738722395152,0.09714014668017626,0.0050547363609075545,0.00567733895033598,1,0.0009512231951579452
237,train,3,90.20472547598183,23.836171057075262,89.83331628647497,23.075660519788496,-3.1905734166185518,0.19272922162192296,780.6975551415235,75.40104986168444,16.87364389002323,21.50396696757525,39.07738722395152,0.09714014668017626,0.0050547363609075545,0.00567733895033598,1,0.0009512231951579452
238,train,0,113.57063483074307,50.78571983426809,113.17446694477543,50.710815417240234,-0.14749110039653238,0.026244126688629937,322.52915631979704,63.92362731508911,15.006716087460518,49.92565369233489,30.136476713232696,0.1673335700109601,0.0031559702008962633,0.019499665535986425,0,0.00029020174453035
238,train,1,113.57063483074307,50.78571983426809,113.17316542849986,50.71154792880952,-0.14604874303371354,0.02622486560491822,322.52915631979704,63.92362731508911,15.006716087460518,49.92565369233489,30.136476713232696,0.1673335700109601,0.0031559702008962633,0.019499665535986425,0,0.00029020174453035
238,train,2,113.57063483074307,50.78571983426809,113.1731096596501,50.71133612006735,-0.1464658066154819,0.026219335393645668,322.52915631979704,63.92362731508911,15.006716087460518,49.92565369233489,30.136476713232696,0.1673335700109601,0.0031559702008962633,0.019499665535986425,0,0.00029020174453035
238,train,3,113.57063483074307,50.78571983426809,113.17642642874586,50.70943085471557,-0.1502173835508967,0.026227205142169373,322.52915631979704,63.92362731508911,15.006716087460518,49.92565369233489,30.136476713232696,0.1673335700109601,0.0031559702008962633,0.019499665535986425,0,0.00029020174453035
239,train,0,79.32300483807921,36.63656428270042,80.47673335726198,34.04379588341528,-7.076996574456177,0.12750557625714792,939.8275308310986,57.28526615072042,40.94202949106693,15.184982893988492,78.47138713113964,0.004119361247867346,0.01620895404368639,0.039609495289623736,1,0.00071195134120062
239,train,1,79.32300483807921,36.63656428270042,80.46721933507675,34.04464438732378,-7.0746805715090835,0.12753635986359554,939.8275308310986,57.28526615072042,40.94202949106693,15.184982893988492,78.47138713113964,0.004119361247867346,0.01620895404368639,0.039609495289623736,1,0.00071195134120062
239,train,2,79.32300483807921,36.63656428270042,80.47331336993975,34.04148732393327,-7.083297818929304,0.12746898752355948,939.8275308310986,57.28526615072042,40.94202949106693,15.184982893988492,78.47138713113964,0.004119361247867346,0.01620895404368639,0.039609495289623736,1,0.00071195134120062
239,train,3,79.32300483807921,36.63656428270042,80.47061458787604,34.044610999086196,-7.074771705157218,0.12745598208008538,939.8275308310986,57.28526615072042,40.94202949106693,15.184982893988492,78.47138713113964,0.004119361247867346,0.01620895404368639,0.039609495289623736,1,0.00071195134120062
240,train,0,99.36797744035721,41.01003113947809,98.21227552527101,40.53127877638816,-1.1674030713647956,0.09268839294208255,339.3928437959403,54.88405373413116,18.06055150926113,18.738915664143857,27.48717307113111,0.17216815385967493,0.015041213352233173,0.03114004336297512,1,0.001085991865862161
240,train,1,99.36797744035721,41.01003113947809,98.18487583234237,40.54001283769113,-1.1461056934787397,0.09264111565113753,339.3928437959403,54.88405373413116,18.06055150926113,18.738915664143857,27.48717307113111,0.17216815385967493,0.015041213352233173,0.03114004336297512,1,0.001085991865862161
240,train,2,99.36797744035721,41.01003113947809,98.20507237791448,40.53719665398915,-1.1529727541069112,0.09268244003411284,339.3928437959403,54.88405373413116,18.06055150926113,18.738915664143857,27.48717307113111,0.17216815385967493,0.015041213352233173,0.03114004336297512,1,0.001085991865862161
240,train,3,99.36797744035721,41.01003113947809,98.19869075601719,40.541697863812324,-1.1419968789414707,0.09268945625297063,339.3928437959403,54.88405373413116,18.06055150926113,18.738915664143857,27.48717307113111,0.17216815385967493,0.015041213352233173,0.03114004336297512,1,0.001085991865862161
241,train,0,93.54443591088057,27.096409246325493,96.05310325337473,25.734035260110744,-5.027876475549983,0.1285377724064032,917.3680910374969,62.54005356691778,37.99073724448681,28.958398639224466,75.26554531883447,0.020377154108136893,0.0030944727174937727,0.010942178145051003,0,0.000608534745965153
241,train,1,93.54443591088057,27.096409246325493,96.05240688671533,25.73602039741388,-5.020550274926535,0.12848164085063776,917.3680910374969,62.54005356691778,37.99073724448681,28.958398639224466,75.26554531883447,0.020377154108136893,0.0030944727174937727,0.010942178145051003,0,0.000608534745965153
241,train,2,93.54443591088057,27.096409246325493,96.05809771796882,25.73217895010795,-5.034727235685463,0.12853856309858736,917.3680910374969,62.54005356691778,37.99073724448681,28.958398639224466,75.26554531883447,0.020377154108136893,0.0030944727174937727,0.010942178145051003,0,0.000608534745965153
241,train,3,93.54443591088057,27.096409246325493,96.05723640019806,25.7342039073279,-5.027254078627867,0.1285012608914915,917.3680910374969,62.54005356691778,37.99073724448681,28.958398639224466,75.26554531883447,0.020377154108136893,0.0030944727174937727,0.010942178145051003,0,0.000608534745965153
242,train,0,109.63745907507837,46.545843694359064,110.70087991096784,44.617572614438885,-4.142735262426608,0.14504628292482288,498.9610626362264,76.81838330812752,42.12377582490444,12.423965632915497,90.07464613299817,0.08657491212710738,0.0061956219188869,0.004784035980701447,1,0.00084757165517658
242,train,1,109.63745907507837,46.545843694359064,110.69015138479513,44.62399802369367,-4.128930787644744,0.14503953675579698,498.9610626362264,76.81838330812752,42.12377582490444,12.423965632915497,90.07464613299817,0.08657491212710738,0.0061956219188869,0.004784035980701447,1,0.00084757165517658
242,train,2,109.63745907507837,46.545843694359064,110.70774327951638,44.61650517489735,-4.145028570393148,0.14505003863890878,498.9610626362264,76.81838330812752,42.12377582490444,12.423965632915497,90.07464613299817,0.08657491212710738,0.0061956219188869,0.004784035980701447,1,0.00084757165517658
242,train,3,109.63745907507837,46.545843694359064,110.70436937791024,44.616850009408466,-4.144287721192114,0.14506599265826192,498.9610626362264,76.81838330812752,42.12377582490444,12.423965632915497,90.07464613299817,0.08657491212710738,0.0061956219188869,0.004784035980701447,1,0.00084757165517658
243,train,0,85.48303237371147,32.334694245830185,85.24635243579935,31.648638577986635,-2.121732349245952,0.02746875514179775,757.8228973783553,35.789317288435996,13.918686673045158,46.545235412195325,42.2962639760226,0.10337977889925241,0.01314977141097188,0.024972135573625567,0,0.0003688302667811513
243,train,1,85.48303237371147,32.334694245830185,85.25274468789301,31.646345080876802,-2.128825340731805,0.027473102398767518,757.8228973783553,35.789317288435996,13.918686673045158,46.545235412195325,42.2962639760226,0.10337977889925241,0.01314977141097188,0.024972135573625567,0,0.0003688302667811513
243,train,2,85.48303237371147,32.334694245830185,85.25098707213583,31.64760511809774,-2.124928482418067,0.027485546367527158,757.8228973783553,35.789317288435996,13.918686673045158,46.545235412195325,42.2962639760226,0.10337977889925241,0.01314977141097188,0.024972135573625567,0,0.0003688302667811513
243,train,3,85.48303237371147,32.334694245830185,85.24879274702259,31.64724594893152,-2.1260392681378644,0.027470657294778916,757.8228973783553,35.789317288435996,13.918686673045158,46.545235412195325,42.2962639760226,0.10337977889925241,0.01314977141097188,0.024972135573625567,0,0.0003688302667811513
244,train,0,80.93390836194158,22.85776404477656,82.96860054614173,21.63836637418034,-5.33471982739658,0.06604432682771445,446.5261744800955,28.570579402148724,23.726585239171982,6.2138666305690995,99.39199653454125,0.029427331667393444,0.008583196252584458,0.006942686587572098,0,0.0009782121614553036
244,train,1,80.93390836194158,22.85776404477656,82.96107429377543,21.638627459313295,-5.333577610981868,0.06599054785274855,446.5261744800955,28.570579402148724,23.726585239171982,6.2138666305690995,99.39199653454125,0.029427331667393444,0.008583196252584458,0.006942686587572098,0,0.0009782121614553036
244,train,2,80.93390836194158,22.85776404477656,82.98025579148727,21.635772968600346,-5.346065668463595,0.06598713307519809,446.5261744800955,28.570579402148724,23.726585239171982,6.2138666305690995,99.39199653454125,0.029427331667393444,0.008583196252584458,0.006942686587572098,0,0.0009782121614553036
244,train,3,80.93390836194158,22.85776404477656,82.95870019530601,21.641576160973575,-5.32067739180687,0.06600754689767795,446.5261744800955,28.570579402148724,23.726585239171982,6.2138666305690995,99.39199653454125,0.029427331667393444,0.008583196252584458,0.006942686587572098,0,0.0009782121614553036
245,train,0,114.29783936962485,38.65006140246988,113.6908752518966,36.83502035366866,-4.696088396602734,0.19062811887845074,599.384704651311,84.02912657242268,32.21922054886818,38.841064013540745,50.871593742631376,0.1363999142870307,0.010840322338044644,0.027052362263202668,1,0.0005003222738392652
245,train,1,114.29783936962485,38.65006140246988,113.69161956848517,36.833806557207296,-4.699228874049131,0.1906438235067581,599.384704651311,84.02912657242268,32.21922054886818,38.841064013540745,50.871593742631376,0.1363999142870307,0.010840322338044644,0.027052362263202668,1,0.0005003222738392652
245,train,2,114.29783936962485,38.65006140246988,113.67837230727798,36.83660287159897,-4.691993919458608,0.19065279642183824,599.384704651311,84.02912657242268,32.21922054886818,38.841064013540745,50.871593742631376,0.1363999142870307,0.010840322338044644,0.027052362263202668,1,0.0005003222738392652
245,train,3,114.29783936962485,38.65006140246988,113.6894256827832,36.834275122033475,-4.69801654783495,0.19064784405227564,599.384704651311,84.02912657242268,32.21922054886818,38.841064013540745,50.871593742631376,0.1363999142870307,0.010840322338044644,0.027052362263202668,1,0.0005003222738392652
246,train,0,88.84694694913922,35.60699139535427,88.09538592165083,34.26561324821933,-3.767176317260972,0.12004813650125933,181.09730649739504,71.64715719874948,47.61399111151695,22.394453487358987,18.15749270375818,0.11682414706796407,0.017663487158715727,0.03839544095098973,1,0.0007393584253266454
246,train,1,88.84694694913922,35.60699139535427,88.09953956344884,34.26569296359626,-3.766952441629251,0.12000858121711308,181.09730649739504,71.64715719874948,47.61399111151695,22.394453487358987,18.15749270375818,0.11682414706796407,0.017663487158715727,0.03839544095098973,1,0.0007393584253266454
246,train,2,88.84694694913922,35.60699139535427,88.10315306024688,34.26330405153843,-3.7736615511726708,0.12010102403057037,181.09730649739504,71.64715719874948,47.61399111151695,22.394453487358987,18.15749270375818,0.11682414706796407,0.017663487158715727,0.03839544095098973,1,0.0007393584253266454
246,train,3,88.84694694913922,35.60699139535427,88.10054279542327,34.263123731054904,-3.7741679699304944,0.12000871101154707,181.09730649739504,71.64715719874948,47.61399111151695,22.394453487358987,18.15749270375818,0.11682414706796407,0.017663487158715727,0.03839544095098973,1,0.0007393584253266454
247,train,0,103.87999278493226,51.68946537934244,103.63851072674873,52.03407946136459,0.6667008054602122,0.0728160338786518,864.8424241691828,45.78482074663043,8.346454530954361,33.93236406613141,66.6779025737196,0.054848608653992416,0.0003940741717815399,0.018275999650359153,1,0.00026104981806129217
247,train,1,103.87999278493226,51.68946537934244,103.64637209187296,52.02874235946572,0.6563754870230724,0.07282378166365111,864.8424241691828,45.78482074663043,8.346454530954361,33.93236406613141,66.6779025737196,0.054848608653992416,0.0003940741717815399,0.018275999650359153,1,0.00026104981806129217
247,train,2,103.87999278493226,51.68946537934244,103.64223878292884,52.03022661498793,0.6592469725594808,0.07283455828639375,864.8424241691828,45.78482074663043,8.346454530954361,33.93236406613141,66.6779025737196,0.054848608653992416,0.0003940741717815399,0.018275999650359153,1,0.00026104981806129217
247,train,3,103.87999278493226,51.68946537934244,103.64433102820165,52.02996310591709,0.6587371799568497,0.07282349873761089,864.8424241691828,45.78482074663043,8.346454530954361,33.93236406613141,66.6779025737196,0.054848608653992416,0.0003940741717815399,0.018275999650359153,1,0.00026104981806129217
248,train,0,112.17271840758622,34.80288379639387,111.52994137033177,34.545312758531914,-0.7400853313444274,0.14208789838231362,528.636627132073,42.21079503186047,10.23441107571125,10.149188819341362,104.96671675238758,0.09292844200506806,0.0014659278094768524,0.00989753618836403,1,0.00031728977067396047
248,train,1,112.17271840758622,34.80288379639387,111.53788484676971,34.54161773009358,-0.7507023493477374,0.1421146231690728,528.636627132073,42.21079503186047,10.23441107571125,10.149188819341362,104.96671675238758,0.09292844200506806,0.0014659278094768524,0.00989753618836403,1,0.00031728977067396047
248,train,2,112.17271840758622,34.80288379639387,111.53374139218177,34.54450995316258,-0.7423920521725851,0.14211762225592067,528.636627132073,42.21079503186047,10.23441107571125,10.149188819341362,104.96671675238758,0.09292844200506806,0.0014659278094768524,0.00989753618836403,1,0.00031728977067396047
248,train,3,112.17271840758622,34.80288379639387,111.53227380367511,34.54446004656025,-0.7425354500663376,0.1420836650751823,528.636627132073,42.21079503186047,10.23441107571125,10.149188819341362,104.96671675238758,0.09292844200506806,0.0014659278094768524,0.00989753618836403,1,0.00031728977067396047
249,train,0,78.22082214988768,48.72109383158386,78.78211262143272,46.31637819288795,-4.9356766229600275,0.07819170925177432,721.5058956760913,67.05651538912207,45.80514623224735,43.52373613510281,57.18845881521702,0.07597507171332836,0.019208821021020412,0.029699967801570894,1,0.0007956189035438001
249,train,1,78.22082214988768,48.72109383158386,78.78490902284403,46.31532086233778,-4.937846792935738,0.0781967656380252,721.5058956760913,67.05651538912207,45.80514623224735,43.52373613510281,57.18845881521702,0.07597507171332836,0.019208821021020412,0.029699967801570894,1,0.0007956189035438001
249,train,2,78.22082214988768,48.72109383158386,78.77792974033888,46.31899916434383,-4.930297081472436,0.07817179780242192,721.5058956760913,67.05651538912207,45.80514623224735,43.52373613510281,57.18845881521702,0.07597507171332836,0.019208821021020412,0.029699967801570894,1,0.0007956189035438001
249,train,3,78.22082214988768,48.72109383158386,78.78101786186434,46.31649543910281,-4.935435975212529,0.0781992531556392,721.5058956760913,67.05651538912207,45.80514623224735,43.52373613510281,57.18845881521702,0.07597507171332836,0.019208821021020412,0.029699967801570894,1,0.0007956189035438001
250,train,0,106.03978600725532,25.521774159744382,105.33314055660495,24.97147743971925,-2.1561852110309707,0.0560797832524936,263.2336990907788,88.58703900594264,34.175011947751045,26.330204745754596,24.474445544183254,0.008322864398360252,0.012268468700349332,0.03602412559092045,0,0.0005565823145210744
250,train,1,106.03978600725532,25.521774159744382,105.32872739455684,24.97291794729501,-2.15054098125782,0.05608345888596732,263.2336990907788,88.58703900594264,34.175011947751045,26.330204745754596,24.474445544183254,0.008322864398360252,0.012268468700349332,0.03602412559092045,0,0.0005565823145210744
250,train,2,106.03978600725532,25.521774159744382,105.32211411150911,24.972826126731185,-2.150900754693839,0.05609818437773018,263.2336990907788,88.58703900594264,34.175011947751045,26.330204745754596,24.474445544183254,0.008322864398360252,0.012268468700349332,0.03602412559092045,0,0.0005565823145210744
250,train,3,106.03978600725532,25.521774159744382,105.32644337212616,24.97317118463708,-2.149548740904598,0.05613518623206174,263.2336990907788,88.58703900594264,34.175011947751045,26.330204745754596,24.474445544183254,0.008322864398360252,0.012268468700349332,0.03602412559092045,0,0.0005565823145210744
251,train,0,91.60856707766652,39.72833501920104,91.8459455500755,38.23919087943368,-3.7483175145589436,0.12257055046890464,986.8857953697443,32.11385793052614,21.87917949259281,38.61477861180902,72.25271622184664,0.16027362221851946,0.00953786239027977,0.016211928352713584,1,0.0010344516899436712
251,train,1,91.60856707766652,39.72833501920104,91.83365310374697,38.24425905946917,-3.735560423095012,0.12256470251279915,986.8857953697443,32.11385793052614,21.87917949259281,38.61477861180902,72.25271622184664,0.16027362221851946,0.00953786239027977,0.016211928352713584,1,0.0010344516899436712
251,train,2,91.60856707766652,39.72833501920104,91.84041522299133,38.241290849722276,-3.743031689498353,0.12259359699988198,986.8857953697443,32.11385793052614,21.87917949259281,38.61477861180902,72.25271622184664,0.16027362221851946,0.00953786239027977,0.016211928352713584,1,0.0010344516899436712
251,train,3,91.60856707766652,39.72833501920104,91.84972506024035,38.240301967328044,-3.7455208005918763,0.12254470803093051,986.8857953697443,32.11385793052614,21.87917949259281,38.61477861180902,72.25271622184664,0.16027362221851946,0.00953786239027977,0.016211928352713584,1,0.0010344516899436712
252,train,0,96.11362370662391,45.45651155337691,100.56241335320568,39.708242385433955,-12.645645192533317,0.20182218746211947,210.77369744889438,39.324663183651865,4.474629759788513,20.032306145876646,33.049529348500066,0.0627006858587265,0.014968847949057817,0.03320137642323971,1,0.00020006333282217385
252,train,1,96.11362370662391,45.45651155337691,100.56147180159934,39.70862226085109,-12.644809502762698,0.20182982724170648,210.77369744889438,39.324663183651865,4.474629759788513,20.032306145876646,33.049529348500066,0.0627006858587265,0.014968847949057817,0.03320137642323971,1,0.00020006333282217385
252,train,2,96.11362370662391,45.45651155337691,100.55892210149557,39.71005919679262,-12.641648380423062,0.20179784082062266,210.77369744889438,39.324663183651865,4.474629759788513,20.032306145876646,33.049529348500066,0.0627006858587265,0.014968847949057817,0.03320137642323971,1,0.00020006333282217385
252,train,3,96.11362370662391,45.45651155337691,100.56008734177715,39.70877923717432,-12.644464169788675,0.20182438730788324,210.77369744889438,39.324663183651865,4.474629759788513,20.032306145876646,33.049529348500066,0.0627006858587265,0.014968847949057817,0.03320137642323971,1,0.00020006333282217385
253,train,0,101.34925434552133,29.666978882625703,101.29721215376337,29.45078590128796,-0.728732717251338,0.0751959073862931,828.5262235905975,81.36836310848594,51.482904613018036,30.998578472062945,81.57013138756156,0.1244833898730576,0.006915607880800962,0.013311348930001259,0,0.0006788390199653805
253,train,1,101.34925434552133,29.666978882625703,101.30317035847443,29.449824744323642,-0.7319725380909365,0.07523688061107327,828.5262235905975,81.36836310848594,51.482904613018036,30.998578472062945,81.57013138756156,0.1244833898730576,0.006915607880800962,0.013311348930001259,0,0.0006788390199653805
253,train,2,101.34925434552133,29.666978882625703,101.29423905101987,29.45283745937597,-0.7218174256871916,0.07515760768212844,828.5262235905975,81.36836310848594,51.482904613018036,30.998578472062945,81.57013138756156,0.1244833898730576,0.006915607880800962,0.013311348930001259,0,0.0006788390199653805
253,train,3,101.34925434552133,29.666978882625703,101.29473163101677,29.45404271555021,-0.7177548071812467,0.07522187098758883,828.5262235905975,81.36836310848594,51.482904613018036,30.998578472062945,81.57013138756156,0.1244833898730576,0.006915607880800962,0.013311348930001259,0,0.0006788390199653805
254,train,0,82.87424372881651,43.96016299538315,83.15770934260676,43.243237326830766,-1.6308530717406007,0.06817651738077558,370.36785623058677,57.95734439045191,28.59104335308075,13.717098706401885,96.37932563200593,0.1510425511188805,0.0037753961794078352,0.002134285867214203,1,0.000439801686629653
254,train,1,82.87424372881651,43.96016299538315,83.15334080631217,43.24530564608936,-1.6261480863227524,0.06816097889726962,370.36785623058677,57.95734439045191,28.59104335308075,13.717098706401885,96.37932563200593,0.1510425511188805,0.0037753961794078352,0.002134285867214203,1,0.000439801686629653
254,train,2,82.87424372881651,43.96016299538315,83.15361572319225,43.246821447062,-1.6226999622273288,0.06812740049130062,370.36785623058677,57.95734439045191,28.59104335308075,13.717098706401885,96.37932563200593,0.1510425511188805,0.0037753961794078352,0.002134285867214203,1,0.000439801686629653
254,train,3,82.87424372881651,43.96016299538315,83.15331405527611,43.24529479246083,-1.6261727760140314,0.06815581216603729,370.36785623058677,57.95734439045191,28.59104335308075,13.717098706401885,96.37932563200593,0.1510425511188805,0.0037753961794078352,0.002134285867214203,1,0.000439801686629653
255,train,0,107.63055169582367,27.874924771487713,107.3427777933176,26.963923859593272,-3.268173526431447,0.04540315940761969,668.9032101072371,51.31796065252274,27.357670485973358,48.58584448229522,47.858708021230996,0.0442733708024025,0.016821227390319108,0.022014547735452653,0,0.0009172244943678379
255,train,1,107.63055169582367,27.874924771487713,107.36067741798922,26.958533393474585,-3.287511573665207,0.04535718327406894,668.9032101072371,51.31796065252274,27.357670485973358,48.58584448229522,47.858708021230996,0.0442733708024025,0.016821227390319108,0.022014547735452653,0,0.0009172244943678379
255,train,2,107.63055169582367,27.874924771487713,107.35192288563732,26.960268321088087,-3.281287601303938,0.045384833902997745,668.9032101072371,51.31796065252274,27.357670485973358,48.58584448229522,47.858708021230996,0.0442733708024025,0.016821227390319108,0.022014547735452653,0,0.0009172244943678379
255,train,3,107.63055169582367,27.874924771487713,107.34945755422167,26.964398637920436,-3.266470281199188,0.04533443273466147,668.9032101072371,51.31796065252274,27.357670485973358,48.58584448229522,47.858708021230996,0.0442733708024025,0.016821227390319108,0.022014547735452653,0,0.0009172244943678379
256,train,0,92.49334836751223,33.88392864540219,92.76655322271374,32.67328971977754,-3.572900115255457,0.07778264769911171,372.1054776571691,51.2372528295964,45.68924252688885,6.640388742089271,20.684167155995965,0.02240473547950387,0.013639857620000839,0.025930539630353452,1,0.0010754149216227235
256,train,1,92.49334836751223,33.88392864540219,92.77891234001912,32.667823202814745,-3.5890331824095205,0.0776629286833056,372.1054776571691,51.2372528295964,45.68924252688885,6.640388742089271,20.684167155995965,0.02240473547950387,0.013639857620000839,0.025930539630353452,1,0.0010754149216227235
256,train,2,92.49334836751223,33.88392864540219,92.78469786587443,32.66802105888316,-3.5884492593630224,0.07774446159167862,372.1054776571691,51.2372528295964,45.68924252688885,6.640388742089271,20.684167155995965,0.02240473547950387,0.013639857620000839,0.025930539630353452,1,0.0010754149216227235
256,train,3,92.49334836751223,33.88392864540219,92.76800436667178,32.67071237365541,-3.580506512226424,0.07775004543241988,372.1054776571691,51.2372528295964,45.68924252688885,6.640388742089271,20.684167155995965,0.02240473547950387,0.013639857620000839,0.025930539630353452,1,0.0010754149216227235
257,train,0,98.02522094547749,49.67712795175613,98.04733667821337,47.888856663364784,-3.599787995248074,0.1763505250336929,671.1077504791319,57.815886666066945,10.353254303336143,41.42495674081147,67.16356193181127,0.17436070717871188,0.005745828710496426,0.005737863592803478,1,0.0005980161196552218
257,train,1,98.02522094547749,49.67712795175613,98.05566345770167,47.8855401810808,-3.6064640701757575,0.17634723458873974,671.1077504791319,57.815886666066945,10.353254303336143,41.42495674081147,67.16356193181127,0.17436070717871188,0.005745828710496426,0.005737863592803478,1,0.0005980161196552218
257,train,2,98.02522094547749,49.67712795175613,98.04531298189566,47.88908356160127,-3.599331249365525,0.17636193555731366,671.1077504791319,57.815886666066945,10.353254303336143,41.42495674081147,67.16356193181127,0.17436070717871188,0.005745828710496426,0.005737863592803478,1,0.0005980161196552218
257,train,3,98.02522094547749,49.67712795175613,98.05035518659962,47.88345104940757,-3.6106694897709883,0.1763635474948465,671.1077504791319,57.815886666066945,10.353254303336143,41.42495674081147,67.16356193181127,0.17436070717871188,0.005745828710496426,0.005737863592803478,1,0.0005980161196552218
258,train,0,86.82433531992137,24.595483949407935,86.66075967442113,24.11425743974992,-1.9565645085409995,0.11188890970963511,212.9781364928931,81.60751438234001,21.995084449648857,24.209372815676033,99.87756387796253,0.1013410348445177,0.0026067471131682395,0.019395395256578924,1,0.0008651197612285614
258,train,1,86.82433531992137,24.595483949407935,86.65111529969357,24.11573060969706,-1.950574913255269,0.11196719874844423,212.9781364928931,81.60751438234001,21.995084449648857,24.209372815676033,99.87756387796253,0.1013410348445177,0.0026067471131682395,0.019395395256578924,1,0.0008651197612285614
258,train,2,86.82433531992137,24.595483949407935,86.66209354091953,24.114301092600098,-1.956387025348295,0.11179071312629414,212.9781364928931,81.60751438234001,21.995084449648857,24.209372815676033,99.87756387796253,0.1013410348445177,0.0026067471131682395,0.019395395256578924,1,0.0008651197612285614
258,train,3,86.82433531992137,24.595483949407935,86.6552727121662,24.115713202067262,-1.950645688970981,0.11192965580236762,212.9781364928931,81.60751438234001,21.995084449648857,24.209372815676033,99.87756387796253,0.1013410348445177,0.0026067471131682395,0.019395395256578924,1,0.0008651197612285614
259,train,0,110.6894214656204,40.67705553770065,112.20537577987902,38.52711989718438,-5.285376761166147,0.07911701104588731,830.2637436892837,39.371154019609094,34.05616997182369,35.08391426410527,53.398179011419415,0.08439352283254266,0.01548864647746086,0.039597836919128895,0,0.00038643679805099967
259,train,1,110.6894214656204,40.67705553770065,112.20709317065011,38.52536940971746,-5.289680139185462,0.07910855919002563,830.2637436892837,39.371154019609094,34.05616997182369,35.08391426410527,53.398179011419415,0.08439352283254266,0.01548864647746086,0.039597836919128895,0,0.00038643679805099967
259,train,2,110.6894214656204,40.67705553770065,112.20680855069241,38.52679834711912,-5.286167256104894,0.0791236186273132,830.2637436892837,39.371154019609094,34.05616997182369,35.08391426410527,53.398179011419415,0.08439352283254266,0.01548864647746086,0.039597836919128895,0,0.00038643679805099967
259,train,3,110.6894214656204,40.67705553770065,112.20662595729942,38.52636013996751,-5.287244539467266,0.0791268961574814,830.2637436892837,39.371154019609094,34.05616997182369,35.08391426410527,53.398179011419415,0.08439352283254266,0.01548864647746086,0.039597836919128895,0,0.00038643679805099967
260,train,0,115.64029688760637,44.500481009483345,115.13160412906996,44.919771761851344,0.9422162252103468,0.07524728260087815,264.972029812634,32.35524370800704,51.554498225450516,16.53259766753763,91.30249175243078,0.1370104296505451,0.00029707344248890876,0.012315458245575428,0,0.0009606057978235185
260,train,1,115.64029688760637,44.500481009483345,115.13023632092055,44.921075672231886,0.9451463292248707,0.07532719320289563,264.972029812634,32.35524370800704,51.554498225450516,16.53259766753763,91.30249175243078,0.1370104296505451,0.00029707344248890876,0.012315458245575428,0,0.0009606057978235185
260,train,2,115.64029688760637,44.500481009483345,115.11470191638857,44.93113322619054,0.9677473297769957,0.07535660914410279,264.972029812634,32.35524370800704,51.554498225450516,16.53259766753763,91.30249175243078,0.1370104296505451,0.00029707344248890876,0.012315458245575428,0,0.0009606057978235185
260,train,3,115.64029688760637,44.500481009483345,115.11680373800775,44.925983488213994,0.9561750099734271,0.07531074308445149,264.972029812634,32.35524370800704,51.554498225450516,16.53259766753763,91.30249175243078,0.1370104296505451,0.00029707344248890876,0.012315458245575428,0,0.0009606057978235185
261,train,0,81.98471504822373,30.58593045733869,83.92836564536314,27.194453663452855,-11.088355800116249,0.1676676702315149,989.091045036912,88.63129921257496,4.405958861112595,28.901350651867688,44.08075216691941,0.030224448312073944,0.01787644488736987,0.03244008872658014,1,0.0004827742147259415
261,train,1,81.98471504822373,30.58593045733869,83.93227613689602,27.195662590975207,-11.084403239235224,0.16761731977350003,989.091045036912,88.63129921257496,4.405958861112595,28.901350651867688,44.08075216691941,0.030224448312073944,0.01787644488736987,0.03244008872658014,1,0.0004827742147259415
261,train,2,81.98471504822373,30.58593045733869,83.93025771295925,27.19526535911776,-11.085701979706771,0.1676293620507648,989.091045036912,88.63129921257496,4.405958861112595,28.901350651867688,44.08075216691941,0.030224448312073944,0.01787644488736987,0.03244008872658014,1,0.0004827742147259415
261,train,3,81.98471504822373,30.58593045733869,83.92859180081375,27.19538252804151,-11.085318898590717,0.1676364364242051,989.091045036912,88.63129921257496,4.405958861112595,28.901350651867688,44.08075216691941,0.030224448312073944,0.01787644488736987,0.03244008872658014,1,0.0004827742147259415
262,train,0,102.82773141749203,43.011438900604844,102.68331733655405,41.91859056495109,-2.5408318428481826,0.06643628517849029,530.8419781271368,66.97406897321343,27.286078482866287,11.597805107012391,29.271569247357544,0.054249243903905155,0.010939845275133848,0.0235963998362422,0,0.0007498768974095584
262,train,1,102.82773141749203,43.011438900604844,102.67975999457899,41.91971451459078,-2.538218701627107,0.06637928242730486,530.8419781271368,66.97406897321343,27.286078482866287,11.597805107012391,29.271569247357544,0.054249243903905155,0.010939845275133848,0.0235963998362422,0,0.0007498768974095584
262,train,2,102.82773141749203,43.011438900604844,102.68073404155297,41.92178677838822,-2.5334007651655264,0.06641095461964146,530.8419781271368,66.97406897321343,27.286078482866287,11.597805107012391,29.271569247357544,0.054249243903905155,0.010939845275133848,0.0235963998362422,0,0.0007498768974095584
262,train,3,102.82773141749203,43.011438900604844,102.68150750061943,41.922465803881146,-2.531822056081885,0.06645173828250142,530.8419781271368,66.97406897321343,27.286078482866287,11.597805107012391,29.271569247357544,0.054249243903905155,0.010939845275133848,0.0235963998362422,0,0.0007498768974095584
263,train,0,87.50536314584315,28.80121855810285,88.0225438921219,27.849813116016787,-3.3033513501059706,0.0723323747384031,723.2443277258426,42.07107202615589,28.659715861082077,45.064084641635425,76.49330175481737,0.11601587578654289,0.008367715794593096,0.003481534980237484,1,0.00027162670195102695
263,train,1,87.50536314584315,28.80121855810285,88.01991488533918,27.850125725814934,-3.302265945342568,0.07231376793525167,723.2443277258426,42.07107202615589,28.659715861082077,45.064084641635425,76.49330175481737,0.11601587578654289,0.008367715794593096,0.003481534980237484,1,0.00027162670195102695
263,train,2,87.50536314584315,28.80121855810285,88.02362981480935,27.84856450454972,-3.307686623158905,0.07235202664241276,723.2443277258426,42.07107202615589,28.659715861082077,45.064084641635425,76.49330175481737,0.11601587578654289,0.008367715794593096,0.003481534980237484,1,0.00027162670195102695
263,train,3,87.50536314584315,28.80121855810285,88.0216969102619,27.84928672536463,-3.30517901809541,0.0723337031142713,723.2443277258426,42.07107202615589,28.659715861082077,45.064084641635425,76.49330175481737,0.11601587578654289,0.008367715794593096,0.003481534980237484,1,0.00027162670195102695
264,train,0,79.24727127887309,41.929454894736416,80.284171053842,40.02713307966813,-4.536958135621,0.12785736949891802,182.8875171020627,45.61335994396359,38.109562054276466,20.858289813622832,96.86198849696666,0.07816743660718202,0.009752069432288409,0.014672469682991504,0,0.0003278666076250374
264,train,1,79.24727127887309,41.929454894736416,80.286713255611,40.0266791886457,-4.538040646766369,0.1278324164236315,182.8875171020627,45.61335994396359,38.109562054276466,20.858289813622832,96.86198849696666,0.07816743660718202,0.009752069432288409,0.014672469682991504,0,0.0003278666076250374
264,train,2,79.24727127887309,41.929454894736416,80.28909251856192,40.02526274451893,-4.541418806893492,0.1278476571428083,182.8875171020627,45.61335994396359,38.109562054276466,20.858289813622832,96.86198849696666,0.07816743660718202,0.009752069432288409,0.014672469682991504,0,0.0003278666076250374
264,train,3,79.24727127887309,41.929454894736416,80.28662646161517,40.02694562601366,-4.537405204763551,0.1278257532887227,182.8875171020627,45.61335994396359,38.109562054276466,20.858289813622832,96.86198849696666,0.07816743660718202,0.009752069432288409,0.014672469682991504,0,0.0003278666076250374
265,train,0,113.5024241078645,26.140822272747755,112.47008683877765,26.36061953093398,0.8408199860467616,0.10847490195055705,866.9957939535379,71.53297492302954,17.944640830159187,32.479562778025866,50.38238810375333,0.09495618900284171,0.012172679137438537,0.03447947774082422,1,0.0008061374225653709
265,train,1,113.5024241078645,26.140822272747755,112.45184881326348,26.365762102031507,0.8604925542769043,0.10849053906627477,866.9957939535379,71.53297492302954,17.944640830159187,32.479562778025866,50.38238810375333,0.09495618900284171,0.012172679137438537,0.03447947774082422,1,0.0008061374225653709
265,train,2,113.5024241078645,26.140822272747755,112.46232618885564,26.364081228963336,0.8540624846691648,0.1085469580924201,866.9957939535379,71.53297492302954,17.944640830159187,32.479562778025866,50.38238810375333,0.09495618900284171,0.012172679137438537,0.03447947774082422,1,0.0008061374225653709
265,train,3,113.5024241078645,26.140822272747755,112.46481303181842,26.362744058297523,0.8489472260446984,0.10846606280561379,866.9957939535379,71.53297492302954,17.944640830159187,32.479562778025866,50.38238810375333,0.09495618900284171,0.012172679137438537,0.03447947774082422,1,0.0008061374225653709
266,train,0,90.27740669623017,47.472580827772624,88.99855247436584,46.521157336045206,-2.0041537138651004,0.026488775858958917,448.6796455923468,84.04164801351726,13.79986061155796,15.923239844851194,35.57329861447215,0.15809206595644354,0.018992091249674558,0.02065593045204878,0,0.0005390343157574535
266,train,1,90.27740669623017,47.472580827772624,88.98912192772306,46.524318156803126,-1.997495510955539,0.026479748659042925,448.6796455923468,84.04164801351726,13.79986061155796,15.923239844851194,35.57329861447215,0.15809206595644354,0.018992091249674558,0.02065593045204878,0,0.0005390343157574535
266,train,2,90.27740669623017,47.472580827772624,88.99147767798308,46.524672914049724,-1.9967482222250477,0.02649185320123764,448.6796455923468,84.04164801351726,13.79986061155796,15.923239844851194,35.57329861447215,0.15809206595644354,0.018992091249674558,0.02065593045204878,0,0.0005390343157574535
266,train,3,90.27740669623017,47.472580827772624,88.99666778342055,46.52211342916938,-2.002139723668011,0.026477638894342743,448.6796455923468,84.04164801351726,13.79986061155796,15.923239844851194,35.57329861447215,0.15809206595644354,0.018992091249674558,0.02065593045204878,0,0.0005390343157574535
267,train,0,105.01421059295535,31.386442108079788,107.94757298310911,28.898095172345023,-7.928094962678783,0.17176315843053613,601.1750165838748,28.78022447694093,42.239685252308846,48.64272600505501,82.05288626719265,0.006284307427704334,0.0015642395801842212,0.0008586880192160606,1,0.0010168452659621836
267,train,1,105.01421059295535,31.386442108079788,107.92150494165783,28.903624887884128,-7.910476796465286,0.17183413219875782,601.1750165838748,28.78022447694093,42.239685252308846,48.64272600505501,82.05288626719265,0.006284307427704334,0.0015642395801842212,0.0008586880192160606,1,0.0010168452659621836
267,train,2,105.01421059295535,31.386442108079788,107.92886127793257,28.899829116659987,-7.9225704616569965,0.1718524226975164,601.1750165838748,28.78022447694093,42.239685252308846,48.64272600505501,82.05288626719265,0.006284307427704334,0.0015642395801842212,0.0008586880192160606,1,0.0010168452659621836
267,train,3,105.01421059295535,31.386442108079788,107.93437428650849,28.90033976282954,-7.920943497479938,0.17186424385491367,601.1750165838748,28.78022447694093,42.239685252308846,48.64272600505501,82.05288626719265,0.006284307427704334,0.0015642395801842212,0.0008586880192160606,1,0.0010168452659621836
268,train,0,100.01926778815687,23.813354594632983,98.44402613773637,22.468282104099206,-5.648395673060403,0.1749032079698572,500.75056394562125,35.80407129600644,32.15056520700455,8.334446349181235,26.25593724194914,0.12528066409751773,0.0163702230155468,0.028556143902242183,1,0.00021766980374231937
268,train,1,100.01926778815687,23.813354594632983,98.44350702656175,22.46906132267777,-5.645123481503065,0.17489258254403123,500.75056394562125,35.80407129600644,32.15056520700455,8.334446349181235,26.25593724194914,0.12528066409751773,0.0163702230155468,0.028556143902242183,1,0.00021766980374231937
268,train,2,100.01926778815687,23.813354594632983,98.44627004025712,22.468415760442106,-5.647834406724034,0.17489789219762986,500.75056394562125,35.80407129600644,32.15056520700455,8.334446349181235,26.25593724194914,0.12528066409751773,0.0163702230155468,0.028556143902242183,1,0.00021766980374231937
268,train,3,100.01926778815687,23.813354594632983,98.44381157130623,22.4689902471021,-5.6454219508992605,0.1748830780909008,500.75056394562125,35.80407129600644,32.15056520700455,8.334446349181235,26.25593724194914,0.12528066409751773,0.0163702230155468,0.028556143902242183,1,0.00021766980374231937
269,train,0,95.08687560074031,37.73063407093287,98.03981790101392,35.9036866996962,-4.842079695247208,0.06998328604716952,759.9755578674376,77.02579969074577,23.79818296432495,42.37235240172595,73.47756747156382,0.0633110262081027,0.0042642330750823024,0.00868045847862959,0,0.0006963871863670647
269,train,1,95.08687560074031,37.73063407093287,98.04959835338524,35.899279746914466,-4.853759734266568,0.06990353077185643,759.9755578674376,77.02579969074577,23.79818296432495,42.37235240172595,73.47756747156382,0.0633110262081027,0.0042642330750823024,0.00868045847862959,0,0.0006963871863670647
269,train,2,95.08687560074031,37.73063407093287,98.04613744173695,35.899507818453245,-4.853155261152368,0.06994732053782153,759.9755578674376,77.02579969074577,23.79818296432495,42.37235240172595,73.47756747156382,0.0633110262081027,0.0042642330750823024,0.00868045847862959,0,0.0006963871863670647
269,train,3,95.08687560074031,37.73063407093287,98.04042719109611,35.90447958036878,-4.839978271054121,0.06993396274109535,759.9755578674376,77.02579969074577,23.79818296432495,42.37235240172595,73.47756747156382,0.0633110262081027,0.0042642330750823024,0.00868045847862959,0,0.0006963871863670647
270,train,0,108.65584625303747,36.55523995682597,108.14955632946022,36.221495552538634,-0.9129864957295091,0.07939034955918774,341.5454029571265,62.3668561084196,8.415108263492584,25.903859492391348,106.1916571855545,0.04346527855843305,0.007364252172410489,0.017358131743967532,1,0.0004292831072583795
270,train,1,108.65584625303747,36.55523995682597,108.1584411608554,36.220473269063014,-0.9157830400192633,0.079416976933155,341.5454029571265,62.3668561084196,8.415108263492584,25.903859492391348,106.1916571855545,0.04346527855843305,0.007364252172410489,0.017358131743967532,1,0.0004292831072583795
270,train,2,108.65584625303747,36.55523995682597,108.15301913714318,36.22158212132152,-0.9127496793853057,0.07939050275399435,341.5454029571265,62.3668561084196,8.415108263492584,25.903859492391348,106.1916571855545,0.04346527855843305,0.007364252172410489,0.017358131743967532,1,0.0004292831072583795
270,train,3,108.65584625303747,36.55523995682597,108.15003351030485,36.22169347600343,-0.9124450590845058,0.07939934833932032,341.5454029571265,62.3668561084196,8.415108263492584,25.903859492391348,106.1916571855545,0.04346527855843305,0.007364252172410489,0.017358131743967532,1,0.0004292831072583795
271,train,0,84.20510513335466,50.76273182220757,84.65858882465069,48.43889611789035,-4.577838151926638,0.14056220469487754,919.1574910189956,54.77160423994064,47.542391777038574,36.03105234913528,58.970042527653284,0.15044303281232715,0.014482371658086777,0.03724358279258013,1,0.0009066475031897426
271,train,1,84.20510513335466,50.76273182220757,84.65326364926227,48.44309426319787,-4.569568019179989,0.14049824548796983,919.1574910189956,54.77160423994064,47.542391777038574,36.03105234913528,58.970042527653284,0.15044303281232715,0.014482371658086777,0.03724358279258013,1,0.0009066475031897426
271,train,2,84.20510513335466,50.76273182220757,84.65482130597599,48.438190706247354,-4.579227776987528,0.14056815348161789,919.1574910189956,54.77160423994064,47.542391777038574,36.03105234913528,58.970042527653284,0.15044303281232715,0.014482371658086777,0.03724358279258013,1,0.0009066475031897426
271,train,3,84.20510513335466,50.76273182220757,84.65145860544632,48.44256232745293,-4.570615905544339,0.14056246443645823,919.1574910189956,54.77160423994064,47.542391777038574,36.03105234913528,58.970042527653284,0.15044303281232715,0.014482371658086777,0.03724358279258013,1,0.0009066475031897426
272,train,0,103.95327082648873,27.11928298510611,104.17655555856042,26.155964482070562,-3.5521532909428384,0.042304427314181096,320.3246159479022,57.456478513777256,23.455027133226395,40.03571425098926,108.82212790194899,0.025977019630372522,0.014267990048974753,0.033212910816073415,0,0.0007787098748609424
272,train,1,103.95327082648873,27.11928298510611,104.170698175715,26.158289117108865,-3.5435814011934714,0.042333181721156264,320.3246159479022,57.456478513777256,23.455027133226395,40.03571425098926,108.82212790194899,0.025977019630372522,0.014267990048974753,0.033212910816073415,0,0.0007787098748609424
272,train,2,103.95327082648873,27.11928298510611,104.19031182754716,26.15204485358252,-3.5666065804719005,0.04230668198202983,320.3246159479022,57.456478513777256,23.455027133226395,40.03571425098926,108.82212790194899,0.025977019630372522,0.014267990048974753,0.033212910816073415,0,0.0007787098748609424
272,train,3,103.95327082648873,27.11928298510611,104.18196235768568,26.153506265377693,-3.5612177514384222,0.04230058228957552,320.3246159479022,57.456478513777256,23.455027133226395,40.03571425098926,108.82212790194899,0.025977019630372522,0.014267990048974753,0.033212910816073415,0,0.0007787098748609424
273,train,0,88.92659948393703,41.091698843985796,89.73148561931247,39.43201305999633,-4.038980696054566,0.1264878504936898,938.0899094045162,64.03805706184357,32.58743831515312,5.2109515061602,62.157028056681156,0.1440264150314033,0.00638599643483758,0.013415819481015206,1,0.0003570392156019807
273,train,1,88.92659948393703,41.091698843985796,89.73867339970383,39.42795111416557,-4.048865772469101,0.12643713668805812,938.0899094045162,64.03805706184357,32.58743831515312,5.2109515061602,62.157028056681156,0.1440264150314033,0.00638599643483758,0.013415819481015206,1,0.0003570392156019807
273,train,2,88.92659948393703,41.091698843985796,89.73335574029943,39.430488665967026,-4.042690433233104,0.12645482565293384,938.0899094045162,64.03805706184357,32.58743831515312,5.2109515061602,62.157028056681156,0.1440264150314033,0.00638599643483758,0.013415819481015206,1,0.0003570392156019807
273,train,3,88.92659948393703,41.091698843985796,89.7351659159024,39.42863232205445,-4.0472079975217605,0.12648241403049504,938.0899094045162,64.03805706184357,32.58743831515312,5.2109515061602,62.157028056681156,0.1440264150314033,0.00638599643483758,0.013415819481015206,1,0.0003570392156019807
274,train,0,114.22266639210284,32.41596129536629,113.67321636827434,32.492577832700285,0.23635435838499746,0.04605537843622281,479.94458959437907,75.38828094955534,47.20439723134041,33.69844824075699,23.621129095554352,0.12027149794623256,0.004485938046127558,0.0020739614963531496,0,0.0009898767632432284
274,train,1,114.22266639210284,32.41596129536629,113.68416910798649,32.48842339971106,0.22353834792839103,0.046109989191856604,479.94458959437907,75.38828094955534,47.20439723134041,33.69844824075699,23.621129095554352,0.12027149794623256,0.004485938046127558,0.0020739614963531496,0,0.0009898767632432284
274,train,2,114.22266639210284,32.41596129536629,113.66635068014706,32.492929865063196,0.2374403430322112,0.04599319259780241,479.94458959437907,75.38828094955534,47.20439723134041,33.69844824075699,23.621129095554352,0.12027149794623256,0.004485938046127558,0.0020739614963531496,0,0.0009898767632432284
274,train,3,114.22266639210284,32.41596129536629,113.67273362220462,32.48831708799198,0.22321038690291775,0.04620161775205986,479.94458959437907,75.38828094955534,47.20439723134041,33.69844824075699,23.621129095554352,0.12027149794623256,0.004485938046127558,0.0020739614963531496,0,0.0009898767632432284
275,train,0,80.86513705737889,46.56877454183996,81.17190917897595,42.85347333335819,-7.9780952903189215,0.1806446752147412,778.4931160975248,33.14897587522864,8.84688875079155,22.77615894563496,70.2862218627706,0.04722506906837225,0.017380216177552938,0.021880818456411363,1,0.0005677459173835815
275,train,1,80.86513705737889,46.56877454183996,81.17313441185115,42.85486595606034,-7.975104825751515,0.18062683485512868,778.4931160975248,33.14897587522864,8.84688875079155,22.77615894563496,70.2862218627706,0.04722506906837225,0.017380216177552938,0.021880818456411363,1,0.0005677459173835815
275,train,2,80.86513705737889,46.56877454183996,81.16326145227623,42.85659227244241,-7.971397800176843,0.18063091139284843,778.4931160975248,33.14897587522864,8.84688875079155,22.77615894563496,70.2862218627706,0.04722506906837225,0.017380216177552938,0.021880818456411363,1,0.0005677459173835815
275,train,3,80.86513705737889,46.56877454183996,81.16568258523232,42.85496765216389,-7.9748864474399594,0.18065394676747623,778.4931160975248,33.14897587522864,8.84688875079155,22.77615894563496,70.2862218627706,0.04722506906837225,0.017380216177552938,0.021880818456411363,1,0.0005677459173835815
276,train,0,85.55631975829601,38.73167183063924,86.23739434423295,37.916780347763606,-2.1039408947769775,0.12525819591205858,425.70059476420283,26.13303263206035,16.757745906710625,30.245960513129827,38.0530457617715,0.1757574821077287,0.002186049409210682,0.009954351037740708,1,0.0006702701324597002
276,train,1,85.55631975829601,38.73167183063924,86.23504516694214,37.91563356927598,-2.1069017235597913,0.1253078542179695,425.70059476420283,26.13303263206035,16.757745906710625,30.245960513129827,38.0530457617715,0.1757574821077287,0.002186049409210682,0.009954351037740708,1,0.0006702701324597002
276,train,2,85.55631975829601,38.73167183063924,86.24216524114476,37.91169190575659,-2.1170785719453433,0.1252913964181978,425.70059476420283,26.13303263206035,16.757745906710625,30.245960513129827,38.0530457617715,0.1757574821077287,0.002186049409210682,0.009954351037740708,1,0.0006702701324597002
276,train,3,85.55631975829601,38.73167183063924,86.2444652518436,37.91324518672185,-2.113068208096202,0.12532601540789787,425.70059476420283,26.13303263206035,16.757745906710625,30.245960513129827,38.0530457617715,0.1757574821077287,0.002186049409210682,0.009954351037740708,1,0.0006702701324597002
277,train,0,109.71710339933634,22.880580395460132,111.11218157489733,20.86427368223872,-8.812305799819121,0.13194513919282844,618.5566906817257,82.41209483705461,39.20269678533077,18.005294241011143,85.46017544344068,0.012526514567434787,0.019758230075240135,0.02983964800834656,1,0.0002490456117317081
277,train,1,109.71710339933634,22.880580395460132,111.11321481676984,20.864264274459856,-8.812346916690725,0.1319572326339897,618.5566906817257,82.41209483705461,39.20269678533077,18.005294241011143,85.46017544344068,0.012526514567434787,0.019758230075240135,0.02983964800834656,1,0.0002490456117317081
277,train,2,109.71710339933634,22.880580395460132,111.10880100532955,20.8651411850961,-8.808514362528696,0.13196830393915043,618.5566906817257,82.41209483705461,39.20269678533077,18.005294241011143,85.46017544344068,0.012526514567434787,0.019758230075240135,0.02983964800834656,1,0.0002490456117317081
277,train,3,109.71710339933634,22.880580395460132,111.1120675792528,20.864428739997177,-8.811628117016612,0.1319513370437827,618.5566906817257,82.41209483705461,39.20269678533077,18.005294241011143,85.46017544344068,0.012526514567434787,0.019758230075240135,0.02983964800834656,1,0.0002490456117317081
278,train,0,93.46927227638662,51.71245350316167,94.23143599249337,49.811853103305,-3.675324358262113,0.10760854165368797,160.32332959584892,73.1962723005563,41.05792872607708,46.404918036423624,94.40107462927698,0.08299944553524255,0.011577724441885949,0.03599656946957112,1,0.0008818841182626784
278,train,1,93.46927227638662,51.71245350316167,94.22576049465536,49.814896230948996,-3.669439648800763,0.10754224948994097,160.32332959584892,73.1962723005563,41.05792872607708,46.404918036423624,94.40107462927698,0.08299944553524255,0.011577724441885949,0.03599656946957112,1,0.0008818841182626784
278,train,2,93.46927227638662,51.71245350316167,94.21960053477223,49.81945192965827,-3.660629974533436,0.10755192836979557,160.32332959584892,73.1962723005563,41.05792872607708,46.404918036423624,94.40107462927698,0.08299944553524255,0.011577724441885949,0.03599656946957112,1,0.0008818841182626784
278,train,3,93.46927227638662,51.71245350316167,94.21690856950657,49.822069062982905,-3.6555690401794436,0.10760861457566745,160.32332959584892,73.1962723005563,41.05792872607708,46.404918036423624,94.40107462927698,0.08299944553524255,0.011577724441885949,0.03599656946957112,1,0.0008818841182626784
279,train,0,99.2991979252547,35.688315832987435,98.12621387079292,35.55006706263561,-0.38737824165979334,0.021464277803067533,883.9626585599035,48.29026865307242,14.887879833579063,13.074278314597903,46.99395485688001,0.11121655678376555,0.008998137302696704,0.016121038123965262,0,0.0004593071472831071
279,train,1,99.2991979252547,35.688315832987435,98.12723564745916,35.549148371898816,-0.38995244757383807,0.021497573244901803,883.9626585599035,48.29026865307242,14.887879833579063,13.074278314597903,46.99395485688001,0.11121655678376555,0.008998137302696704,0.016121038123965262,0,0.0004593071472831071
279,train,2,99.2991979252547,35.688315832987435,98.12934654492513,35.54859793908331,-0.39149478097529516,0.02144517271107909,883.9626585599035,48.29026865307242,14.887879833579063,13.074278314597903,46.99395485688001,0.11121655678376555,0.008998137302696704,0.016121038123965262,0,0.0004593071472831071
279,train,3,99.2991979252547,35.688315832987435,98.12464730021337,35.55132652148166,-0.38384919071789403,0.021466475856191214,883.9626585599035,48.29026865307242,14.887879833579063,13.074278314597903,46.99395485688001,0.11121655678376555,0.008998137302696704,0.016121038123965262,0,0.0004593071472831071
280,train,0,107.55032951943576,48.81735320016742,107.23546744282524,48.24599980811372,-1.1703899425086683,0.0760526796665427,549.4624870829284,43.70854718144983,6.343574583530426,31.05117696803063,32.480502752587206,0.05908245714381337,0.007882643528282643,0.006955450028181077,1,0.0006280745103955269
280,train,1,107.55032951943576,48.81735320016742,107.23537474056575,48.24496982993774,-1.1724998032619955,0.07600494068315237,549.4624870829284,43.70854718144983,6.343574583530426,31.05117696803063,32.480502752587206,0.05908245714381337,0.007882643528282643,0.006955450028181077,1,0.0006280745103955269
280,train,2,107.55032951943576,48.81735320016742,107.23170250631205,48.2452454664355,-1.171935175153977,0.0759720363162893,549.4624870829284,43.70854718144983,6.343574583530426,31.05117696803063,32.480502752587206,0.05908245714381337,0.007882643528282643,0.006955450028181077,1,0.0006280745103955269
280,train,3,107.55032951943576,48.81735320016742,107.24087003476936,48.240933234530694,-1.1807685748000452,0.07604443204660079,549.4624870829284,43.70854718144983,6.343574583530426,31.05117696803063,32.480502752587206,0.05908245714381337,0.007882643528282643,0.006955450028181077,1,0.0006280745103955269
281,train,0,82.80153532885015,34.84034919925034,82.78214435766915,34.009281468740866,-2.3853599335547346,0.038093412958955776,702.3337845690548,69.62918473407626,49.71061944961548,19.46936918888241,79.1454932419583,0.1322777858376503,0.01031040571630001,0.027158045172691346,0,0.0010506171826273204
281,train,1,82.80153532885015,34.84034919925034,82.76495688216737,34.01419460820538,-2.3712580672490513,0.03801408883328435,702.3337845690548,69.62918473407626,49.71061944961548,19.46936918888241,79.1454932419583,0.1322777858376503,0.01031040571630001,0.027158045172691346,0,0.0010506171826273204
281,train,2,82.80153532885015,34.84034919925034,82.76677926752731,34.01179632753187,-2.3781416970881084,0.038130673947687065,702.3337845690548,69.62918473407626,49.71061944961548,19.46936918888241,79.1454932419583,0.1322777858376503,0.01031040571630001,0.027158045172691346,0,0.0010506171826273204
281,train,3,82.80153532885015,34.84034919925034,82.78801694021185,34.00377325997333,-2.4011697887775925,0.03803339490117145,702.3337845690548,69.62918473407626,49.71061944961548,19.46936918888241,79.1454932419583,0.1322777858376503,0.01031040571630001,0.027158045172691346,0,0.0010506171826273204
282,train,0,101.4174560084939,39.765971971675754,99.49443169860659,39.292450988071096,-1.1907692937618601,0.11338481797766693,284.00740209035575,85.9464530274272,30.590751230716705,47.20987691543997,88.08629899751394,0.1546742981672287,0.0183737238496542,0.0383338875323534,1,0.0004177782419137657
282,train,1,101.4174560084939,39.765971971675754,99.4886796618015,39.29317461198222,-1.1889495874269171,0.11341484851598727,284.00740209035575,85.9464530274272,30.590751230716705,47.20987691543997,88.08629899751394,0.1546742981672287,0.0183737238496542,0.0383338875323534,1,0.0004177782419137657
282,train,2,101.4174560084939,39.765971971675754,99.49083805421219,39.293469830336754,-1.188207198042472,0.11342970821720574,284.00740209035575,85.9464530274272,30.590751230716705,47.20987691543997,88.08629899751394,0.1546742981672287,0.0183737238496542,0.0383338875323534,1,0.0004177782419137657
282,train,3,101.4174560084939,39.765971971675754,99.49080501262739,39.29304944085729,-1.1892643568609742,0.1134189422053738,284.00740209035575,85.9464530274272,30.590751230716705,47.20987691543997,88.08629899751394,0.1546742981672287,0.0183737238496542,0.0383338875323534,1,0.0004177782419137657
283,train,0,96.18936632573605,25.617747314274315,99.5489308713444,23.827533047514752,-6.988179892624856,0.11898242091491101,967.7656923886389,30.68400691729039,25.448802947998047,14.538782332092524,41.42132407985628,0.036465456504374744,0.0009533681347966194,0.01814105801284313,1,0.0008390370748005808
283,train,1,96.18936632573605,25.617747314274315,99.52120989100584,23.83196269571532,-6.970888566630317,0.11902260324568618,967.7656923886389,30.68400691729039,25.448802947998047,14.538782332092524,41.42132407985628,0.036465456504374744,0.0009533681347966194,0.01814105801284313,1,0.0008390370748005808
283,train,2,96.18936632573605,25.617747314274315,99.54285673414377,23.83040232958672,-6.976979524236616,0.1191240677797972,967.7656923886389,30.68400691729039,25.448802947998047,14.538782332092524,41.42132407985628,0.036465456504374744,0.0009533681347966194,0.01814105801284313,1,0.0008390370748005808
283,train,3,96.18936632573605,25.617747314274315,99.52220662606865,23.83322158191042,-6.965974449164584,0.11903267618501115,967.7656923886389,30.68400691729039,25.448802947998047,14.538782332092524,41.42132407985628,0.036465456504374744,0.0009533681347966194,0.01814105801284313,1,0.0008390370748005808
284,train,0,91.52833499200642,29.704501338303093,91.49638237148586,28.653213917215886,-3.5391518918770735,0.06356453778834212,229.84204720705748,37.70788279362023,12.947108402848244,43.845370840281255,103.26050491072237,0.09633341632783413,0.01576164012774825,0.031195645853877067,0,0.0005115063939243556
284,train,1,91.52833499200642,29.704501338303093,91.48715540477308,28.655644025292187,-3.530970949707328,0.06350551509623807,229.84204720705748,37.70788279362023,12.947108402848244,43.845370840281255,103.26050491072237,0.09633341632783413,0.01576164012774825,0.031195645853877067,0,0.0005115063939243556
284,train,2,91.52833499200642,29.704501338303093,91.49037064579933,28.656878904285175,-3.5268137380479665,0.06347659882704218,229.84204720705748,37.70788279362023,12.947108402848244,43.845370840281255,103.26050491072237,0.09633341632783413,0.01576164012774825,0.031195645853877067,0,0.0005115063939243556
284,train,3,91.52833499200642,29.704501338303093,91.49174289024563,28.655581303643768,-3.531182101706486,0.06351275201771607,229.84204720705748,37.70788279362023,12.947108402848244,43.845370840281255,103.26050491072237,0.09633341632783413,0.01576164012774825,0.031195645853877067,0,0.0005115063939243556
285,train,0,105.9670863840729,45.5528280865401,107.2267019786228,44.15561232344452,-3.0672426318760846,0.1129799393737194,807.8041218221188,78.93057177308947,43.001602843403816,9.680107636377215,55.853169611655176,0.06830876464024185,0.0036435765959322453,0.0110806293040514,1,0.0009336167141795159
285,train,1,105.9670863840729,45.5528280865401,107.24533938855821,44.150214060743224,-3.079093186337916,0.11293336438802913,807.8041218221188,78.93057177308947,43.001602843403816,9.680107636377215,55.853169611655176,0.06830876464024185,0.0036435765959322453,0.0110806293040514,1,0.0009336167141795159
285,train,2,105.9670863840729,45.5528280865401,107.23741882661052,44.15295709002554,-3.073071542023966,0.11289439727212604,807.8041218221188,78.93057177308947,43.001602843403816,9.680107636377215,55.853169611655176,0.06830876464024185,0.0036435765959322453,0.0110806293040514,1,0.0009336167141795159
285,train,3,105.9670863840729,45.5528280865401,107.24462880542163,44.148767256304446,-3.082269288677892,0.11293805754287409,807.8041218221188,78.93057177308947,43.001602843403816,9.680107636377215,55.853169611655176,0.06830876464024185,0.0036435765959322453,0.0110806293040514,1,0.0009336167141795159
286,train,0,78.28901390358806,27.970840873196725,79.19890354685121,27.133416489536106,-2.9939192298758734,0.07048643605457136,389.3842010293156,60.46303686220199,36.64346660673618,37.50853406731039,17.31718288268894,0.0049152722395956515,0.005504572484642267,0.004757692217826843,0,0.0003007787457667291
286,train,1,78.28901390358806,27.970840873196725,79.19667725667767,27.135236196276328,-2.987413502184419,0.07051248748500284,389.3842010293156,60.46303686220199,36.64346660673618,37.50853406731039,17.31718288268894,0.0049152722395956515,0.005504572484642267,0.004757692217826843,0,0.0003007787457667291
286,train,2,78.28901390358806,27.970840873196725,79.19815686116657,27.134482190835854,-2.9901091860356512,0.07049412813048213,389.3842010293156,60.46303686220199,36.64346660673618,37.50853406731039,17.31718288268894,0.0049152722395956515,0.005504572484642267,0.004757692217826843,0,0.0003007787457667291
286,train,3,78.28901390358806,27.970840873196725,79.20003825444066,27.13380922628914,-2.9925151363957574,0.07050723471087474,389.3842010293156,60.46303686220199,36.64346660673618,37.50853406731039,17.31718288268894,0.0049152722395956515,0.005504572484642267,0.004757692217826843,0,0.0003007787457667291
287,train,0,112.2484698034823,43.99774278327823,110.61524214297715,43.797390893060104,-0.45536856562165723,0.07166771459876074,648.2332684565336,52.866824408993125,19.314070895314217,27.24505766760558,64.72450544126332,0.16794254712760448,0.012610351499170065,0.024882474392652513,1,0.0007224699172191322
287,train,1,112.2484698034823,43.99774278327823,110.60428622910679,43.80192072749911,-0.44507295918267215,0.07164001132085353,648.2332684565336,52.866824408993125,19.314070895314217,27.24505766760558,64.72450544126332,0.16794254712760448,0.012610351499170065,0.024882474392652513,1,0.0007224699172191322
287,train,2,112.2484698034823,43.99774278327823,110.60773551542835,43.79585340340125,-0.45886303956870766,0.07173965105143394,648.2332684565336,52.866824408993125,19.314070895314217,27.24505766760558,64.72450544126332,0.16794254712760448,0.012610351499170065,0.024882474392652513,1,0.0007224699172191322
287,train,3,112.2484698034823,43.99774278327823,110.61280552987137,43.79797760299931,-0.4540350655325929,0.07165816701369461,648.2332684565336,52.866824408993125,19.314070895314217,27.24505766760558,64.72450544126332,0.16794254712760448,0.012610351499170065,0.024882474392652513,1,0.0007224699172191322
288,train,0,98.43690650723875,48.02463043294847,98.16239087218922,46.316035329604624,-3.5577475306746384,0.07878669816421989,224.22527014277875,52.326353238895535,26.369291976094246,34.499502032995224,78.07528795208782,0.014282340221107005,0.017611875869333743,0.012752146311104297,0,0.0006218078416772187
288,train,1,98.43690650723875,48.02463043294847,98.16200229799205,46.314211856649116,-3.5615444843191915,0.07874734059332184,224.22527014277875,52.326353238895535,26.369291976094246,34.499502032995224,78.07528795208782,0.014282340221107005,0.017611875869333743,0.012752146311104297,0,0.0006218078416772187
288,train,2,98.43690650723875,48.02463043294847,98.18059455945463,46.30511295658991,-3.580490804107979,0.07878310330409455,224.22527014277875,52.326353238895535,26.369291976094246,34.499502032995224,78.07528795208782,0.014282340221107005,0.017611875869333743,0.012752146311104297,0,0.0006218078416772187
288,train,3,98.43690650723875,48.02463043294847,98.1701340153301,46.30985511469726,-3.5706163749565203,0.07877590495919039,224.22527014277875,52.326353238895535,26.369291976094246,34.499502032995224,78.07528795208782,0.014282340221107005,0.017611875869333743,0.012752146311104297,0,0.0006218078416772187
289,train,0,94.46129928342998,32.23508317768574,95.16686619971952,31.70023138931584,-1.6592226097934866,0.14610670963412073,815.0519534479827,61.04312228504568,29.68196977674961,22.17338745482266,30.66811208613216,0.17751590950414536,0.0005036590248346329,0.03262782845646143,1,0.0010992926889099182
289,train,1,94.46129928342998,32.23508317768574,95.18427184128748,31.69147414941675,-1.6863894076913524,0.14621010459327935,815.0519534479827,61.04312228504568,29.68196977674961,22.17338745482266,30.66811208613216,0.17751590950414536,0.0005036590248346329,0.03262782845646143,1,0.0010992926889099182
289,train,2,94.46129928342998,32.23508317768574,95.16346021024684,31.69954358222471,-1.6613563318854696,0.14623816772243128,815.0519534479827,61.04312228504568,29.68196977674961,22.17338745482266,30.66811208613216,0.17751590950414536,0.0005036590248346329,0.03262782845646143,1,0.0010992926889099182
289,train,3,94.46129928342998,32.23508317768574,95.15948529045062,31.69836005934024,-1.665027868508925,0.1462674588900493,815.0519534479827,61.04312228504568,29.68196977674961,22.17338745482266,30.66811208613216,0.17751590950414536,0.0005036590248346329,0.03262782845646143,1,0.0010992926889099182
290,train,0,109.39407797157764,42.31672740355134,109.09345548270085,41.7874630103971,-1.2507214655493941,0.024846983829535516,383.38148975744843,78.37624270934612,50.29159660637379,39.410948646254845,39.51624915935099,0.1094581521861255,0.008643880262970924,0.021294515542685986,0,0.00038207542728632693
290,train,1,109.39407797157764,42.31672740355134,109.0902089238455,41.78909841220745,-1.2468567956878662,0.02484924838275772,383.38148975744843,78.37624270934612,50.29159660637379,39.410948646254845,39.51624915935099,0.1094581521861255,0.008643880262970924,0.021294515542685986,0,0.00038207542728632693
290,train,2,109.39407797157764,42.31672740355134,109.07724372290656,41.795027517227716,-1.2328455396573117,0.02490261758042792,383.38148975744843,78.37624270934612,50.29159660637379,39.410948646254845,39.51624915935099,0.1094581521861255,0.008643880262970924,0.021294515542685986,0,0.00038207542728632693
290,train,3,109.39407797157764,42.31672740355134,109.09069949541028,41.79073602445007,-1.2429869022837594,0.024855849531523668,383.38148975744843,78.37624270934612,50.29159660637379,39.410948646254845,39.51624915935099,0.1094581521861255,0.008643880262970924,0.021294515542685986,0,0.00038207542728632693
291,train,0,85.74931968003511,26.231503317132592,86.19160350318656,24.975055582238504,-4.789842654856404,0.10263364475257059,655.925243999809,38.285950189456344,5.750890389084816,5.990054099820554,86.92341228481382,0.08124359976500273,0.010759505964815617,0.0014090677723288536,1,0.000860898938216269
291,train,1,85.74931968003511,26.231503317132592,86.19541380103202,24.9732814102666,-4.796606171039419,0.10263586450839908,655.925243999809,38.285950189456344,5.750890389084816,5.990054099820554,86.92341228481382,0.08124359976500273,0.010759505964815617,0.0014090677723288536,1,0.000860898938216269
291,train,2,85.74931968003511,26.231503317132592,86.20637644289337,24.96815677617924,-4.8161423524980504,0.10259855561902285,655.925243999809,38.285950189456344,5.750890389084816,5.990054099820554,86.92341228481382,0.08124359976500273,0.010759505964815617,0.0014090677723288536,1,0.000860898938216269
291,train,3,85.74931968003511,26.231503317132592,86.20598392323832,24.967923830597677,-4.817030389980096,0.1026861830497825,655.925243999809,38.285950189456344,5.750890389084816,5.990054099820554,86.92341228481382,0.08124359976500273,0.010759505964815617,0.0014090677723288536,1,0.000860898938216269
292,train,0,81.20889381505549,36.47012365795672,79.47348297101291,37.069336437315286,1.6430237116233017,0.08460645079093557,542.1887297648937,29.123800597153604,19.847782611846924,47.03278695698828,54.7836898220703,0.14156608572229742,0.005953673031181097,0.029174883030354978,1,0.0005045860373415053
292,train,1,81.20889381505549,36.47012365795672,79.46823075706925,37.07243062064766,1.651507870770638,0.08461934177990836,542.1887297648937,29.123800597153604,19.847782611846924,47.03278695698828,54.7836898220703,0.14156608572229742,0.005953673031181097,0.029174883030354978,1,0.0005045860373415053
292,train,2,81.20889381505549,36.47012365795672,79.46638946987318,37.07158127553649,1.6491789916060504,0.08459324141947566,542.1887297648937,29.123800597153604,19.847782611846924,47.03278695698828,54.7836898220703,0.14156608572229742,0.005953673031181097,0.029174883030354978,1,0.0005045860373415053
292,train,3,81.20889381505549,36.47012365795672,79.4788788431551,37.065814585584924,1.6333668983824388,0.08459645626800942,542.1887297648937,29.123800597153604,19.847782611846924,47.03278695698828,54.7836898220703,0.14156608572229742,0.005953673031181097,0.029174883030354978,1,0.0005045860373415053
293,train,0,114.04575912840664,50.38831955567003,119.13020473339591,46.264379683042606,-8.184317137369922,0.1278633447329888,707.9246106091887,87.54639079794288,36.098001539707184,12.293472518213093,101.44883832894266,0.023514099307358264,0.01337158853188157,0.009367871694266797,0,0.000982503236550838
293,train,1,114.04575912840664,50.38831955567003,119.12217536436064,46.26713635361467,-8.178846285004992,0.12786895004986307,707.9246106091887,87.54639079794288,36.098001539707184,12.293472518213093,101.44883832894266,0.023514099307358264,0.01337158853188157,0.009367871694266797,0,0.000982503236550838
293,train,2,114.04575912840664,50.38831955567003,119.13547062063586,46.259535890226424,-8.193930065244661,0.1278844467953194,707.9246106091887,87.54639079794288,36.098001539707184,12.293472518213093,101.44883832894266,0.023514099307358264,0.01337158853188157,0.009367871694266797,0,0.000982503236550838
293,train,3,114.04575912840664,50.38831955567003,119.13466365732359,46.26401590937028,-8.1850390778425,0.12796458882823022,707.9246106091887,87.54639079794288,36.098001539707184,12.293472518213093,101.44883832894266,0.023514099307358264,0.01337158853188157,0.009367871694266797,0,0.000982503236550838
294,train,0,89.77250832691789,22.962810888886455,89.52296769995039,22.067263785709095,-3.8999890192484483,0.18762069327956502,276.34137757122517,68.06299988180399,43.9693546295166,29.443203518167138,62.82015460543334,0.04968796659260988,0.015311931315809489,0.015535779334604741,1,0.0002652867192402482
294,train,1,89.77250832691789,22.962810888886455,89.52015183127105,22.065925968494035,-3.905815036026331,0.1876370914140638,276.34137757122517,68.06299988180399,43.9693546295166,29.443203518167138,62.82015460543334,0.04968796659260988,0.015311931315809489,0.015535779334604741,1,0.0002652867192402482
294,train,2,89.77250832691789,22.962810888886455,89.52413816840897,22.065214961741013,-3.9089113762629957,0.1876456992339705,276.34137757122517,68.06299988180399,43.9693546295166,29.443203518167138,62.82015460543334,0.04968796659260988,0.015311931315809489,0.015535779334604741,1,0.0002652867192402482
294,train,3,89.77250832691789,22.962810888886455,89.52151908818405,22.067310783889354,-3.8997843483983234,0.18761208064272686,276.34137757122517,68.06299988180399,43.9693546295166,29.443203518167138,62.82015460543334,0.04968796659260988,0.015311931315809489,0.015535779334604741,1,0.0002652867192402482
295,train,0,102.94022257253528,37.16938633285463,104.24787338703244,35.82981440937437,-3.603965670792335,0.12147481741206863,973.7943293526769,45.29860112350434,11.991109430789948,18.611169047653675,16.155021670274436,0.12273184737190604,0.0028817289136350154,0.03533302504569292,1,0.0007436778916046024
295,train,1,102.94022257253528,37.16938633285463,104.27071295585156,35.82537357429686,-3.615913231717182,0.12146921644930722,973.7943293526769,45.29860112350434,11.991109430789948,18.611169047653675,16.155021670274436,0.12273184737190604,0.0028817289136350154,0.03533302504569292,1,0.0007436778916046024
295,train,2,102.94022257253528,37.16938633285463,104.25942520521379,35.8251063690694,-3.616632116944569,0.12151378373144615,973.7943293526769,45.29860112350434,11.991109430789948,18.611169047653675,16.155021670274436,0.12273184737190604,0.0028817289136350154,0.03533302504569292,1,0.0007436778916046024
295,train,3,102.94022257253528,37.16938633285463,104.27106922825331,35.82571611649049,-3.6149916609638657,0.12154076406425447,973.7943293526769,45.29860112350434,11.991109430789948,18.611169047653675,16.155021670274436,0.12273184737190604,0.0028817289136350154,0.03533302504569292,1,0.0007436778916046024
296,train,0,111.31180788204072,24.04160507768393,114.19826700264733,21.882955147893735,-8.978809537945166,0.16140649784531472,459.9550623912364,48.840890494175255,9.426377281546593,48.013148894533515,60.34473223611712,0.07077048199251294,0.003997222688049078,0.02649344112724066,1,0.0007999109509401024
296,train,1,111.31180788204072,24.04160507768393,114.19603150764294,21.88566394847603,-8.967542400940197,0.16129663684982196,459.9550623912364,48.840890494175255,9.426377281546593,48.013148894533515,60.34473223611712,0.07077048199251294,0.003997222688049078,0.02649344112724066,1,0.0007999109509401024
296,train,2,111.31180788204072,24.04160507768393,114.20948078570835,21.884681838563232,-8.971627443971329,0.16131305748115418,459.9550623912364,48.840890494175255,9.426377281546593,48.013148894533515,60.34473223611712,0.07077048199251294,0.003997222688049078,0.02649344112724066,1,0.0007999109509401024
296,train,3,111.31180788204072,24.04160507768393,114.18719694159714,21.88887875616102,-8.954170549624102,0.16130057907512693,459.9550623912364,48.840890494175255,9.426377281546593,48.013148894533515,60.34473223611712,0.07077048199251294,0.003997222688049078,0.02649344112724066,1,0.0007999109509401024
297,train,0,79.05825102701783,39.83388796262443,77.8164072942912,39.096944958876826,-1.8500403586992682,0.07456631436983098,585.9914841596037,72.62190534733236,46.61315552890301,13.932735864073038,107.7520202891901,0.09879219934344291,0.016579250041395426,0.0063688097521662716,1,0.00032155409073457127
297,train,1,79.05825102701783,39.83388796262443,77.81017088788184,39.10041327956494,-1.8413333987073974,0.07456076677162538,585.9914841596037,72.62190534733236,46.61315552890301,13.932735864073038,107.7520202891901,0.09879219934344291,0.016579250041395426,0.0063688097521662716,1,0.00032155409073457127
297,train,2,79.05825102701783,39.83388796262443,77.81073396413043,39.10101825374128,-1.839814656231376,0.07453256634205518,585.9914841596037,72.62190534733236,46.61315552890301,13.932735864073038,107.7520202891901,0.09879219934344291,0.016579250041395426,0.0063688097521662716,1,0.00032155409073457127
297,train,3,79.05825102701783,39.83388796262443,77.8114840236068,39.09966967062702,-1.8432001733958567,0.07454415602805732,585.9914841596037,72.62190534733236,46.61315552890301,13.932735864073038,107.7520202891901,0.09879219934344291,0.016579250041395426,0.0063688097521662716,1,0.00032155409073457127
298,train,0,105.7181234229356,33.502129631116986,104.295955089471,32.95858012469524,-1.6224327002689884,0.07037153965678898,194.1336501389742,82.95673814602196,33.50648449361324,30.42313638608903,69.12324879784137,0.16548374131321905,0.014756094757467508,0.017555638290941717,1,0.0010387701705098153
298,train,1,105.7181234229356,33.502129631116986,104.2946062525832,32.960735297995,-1.6159997560845634,0.07036967156275453,194.1336501389742,82.95673814602196,33.50648449361324,30.42313638608903,69.12324879784137,0.16548374131321905,0.014756094757467508,0.017555638290941717,1,0.0010387701705098153
298,train,2,105.7181234229356,33.502129631116986,104.31515864056611,32.955415734000425,-1.6318780421909878,0.07037328517112122,194.1336501389742,82.95673814602196,33.50648449361324,30.42313638608903,69.12324879784137,0.16548374131321905,0.014756094757467508,0.017555638290941717,1,0.0010387701705098153
298,train,3,105.7181234229356,33.502129631116986,104.30630510954128,32.954786204397436,-1.633757115581011,0.07045859775235529,194.1336501389742,82.95673814602196,33.50648449361324,30.42313638608903,69.12324879784137,0.16548374131321905,0.014756094757467508,0.017555638290941717,1,0.0010387701705098153
299,train,0,91.94385300017893,49.584617640823126,93.22424521756373,48.14265865371362,-2.9080772540279454,0.044854450997310315,851.7833830788732,25.548781850375235,22.547733947634697,20.25068996939808,21.71597065404057,0.0024535750038921834,0.007186354305595159,0.0376705040410161,0,0.0005608186725527049
299,train,1,91.94385300017893,49.584617640823126,93.22591850203044,48.14438228321022,-2.9046011165106878,0.044925187543947594,851.7833830788732,25.548781850375235,22.547733947634697,20.25068996939808,21.71597065404057,0.0024535750038921834,0.007186354305595159,0.0376705040410161,0,0.0005608186725527049
299,train,2,91.94385300017893,49.584617640823126,93.22254998840106,48.14409308329633,-2.9051843617340007,0.044904896285053376,851.7833830788732,25.548781850375235,22.547733947634697,20.25068996939808,21.71597065404057,0.0024535750038921834,0.007186354305595159,0.0376705040410161,0,0.0005608186725527049
299,train,3,91.94385300017893,49.584617640823126,93.22307804207678,48.141750479622246,-2.9099088181996233,0.04488205845332188,851.7833830788732,25.548781850375235,22.547733947634697,20.25068996939808,21.71597065404057,0.0024535750038921834,0.007186354305595159,0.0376705040410161,0,0.0005608186725527049
300,train,0,96.45876616984604,43.094750966876745,95.70785238160249,42.4753272513963,-1.437353045517178,0.0370497789040613,352.91575132869184,34.71886795014143,15.854144781827927,38.132784687913954,83.64860370755194,0.13051781482994557,0.012378082014620304,0.010417422242462636,0,0.0006921388975344599
300,train,1,96.45876616984604,43.094750966876745,95.69921532484653,42.47815044704009,-1.430801909751339,0.03701404234633077,352.91575132869184,34.71886795014143,15.854144781827927,38.132784687913954,83.64860370755194,0.13051781482994557,0.012378082014620304,0.010417422242462636,0,0.0006921388975344599
300,train,2,96.45876616984604,43.094750966876745,95.70598042747196,42.47560261170177,-1.436714080679722,0.03693656622779668,352.91575132869184,34.71886795014143,15.854144781827927,38.132784687913954,83.64860370755194,0.13051781482994557,0.012378082014620304,0.010417422242462636,0,0.0006921388975344599
300,train,3,96.45876616984604,43.094750966876745,95.69512944204355,42.48047900653626,-1.4253985614457552,0.03695023468802163,352.91575132869184,34.71886795014143,15.854144781827927,38.132784687913954,83.64860370755194,0.13051781482994557,0.012378082014620304,0.010417422242462636,0,0.0006921388975344599
301,train,0,101.01773621141909,29.181115048006177,104.64712093972246,26.319543318147385,-9.806245323906186,0.15257696318160624,903.8613959681243,73.79452656488866,40.10337117314339,26.466126735322177,36.98366364929825,0.057325431201606984,0.009486241713166237,0.030610097385942937,1,0.0002133358987979591
301,train,1,101.01773621141909,29.181115048006177,104.65033353315535,26.318611535610923,-9.809438425111987,0.15258346505394926,903.8613959681243,73.79452656488866,40.10337117314339,26.466126735322177,36.98366364929825,0.057325431201606984,0.009486241713166237,0.030610097385942937,1,0.0002133358987979591
301,train,2,101.01773621141909,29.181115048006177,104.65288410781024,26.317555458347307,-9.81305746866765,0.15258907708450714,903.8613959681243,73.79452656488866,40.10337117314339,26.466126735322177,36.98366364929825,0.057325431201606984,0.009486241713166237,0.030610097385942937,1,0.0002133358987979591
301,train,3,101.01773621141909,29.181115048006177,104.6545639367349,26.31748306815922,-9.81330554071002,0.15259485392301614,903.8613959681243,73.79452656488866,40.10337117314339,26.466126735322177,36.98366364929825,0.057325431201606984,0.009486241713166237,0.030610097385942937,1,0.0002133358987979591
302,train,0,83.72152928821743,45.35650893859565,82.56408128450366,46.047862989062324,1.5242664540223811,0.03973193661960483,512.0979108847678,65.5940912431106,39.734967440366745,43.044488709419966,45.83170729223639,0.03822250524535775,0.0013850829750299454,0.024295705370604992,0,0.0009305527362972498
302,train,1,83.72152928821743,45.35650893859565,82.58116913205728,46.04090796516625,1.5089323287582526,0.039722733280547914,512.0979108847678,65.5940912431106,39.734967440366745,43.044488709419966,45.83170729223639,0.03822250524535775,0.0013850829750299454,0.024295705370604992,0,0.0009305527362972498
302,train,2,83.72152928821743,45.35650893859565,82.57006487732424,46.04665440826996,1.5216018292074411,0.03966820103350081,512.0979108847678,65.5940912431106,39.734967440366745,43.044488709419966,45.83170729223639,0.03822250524535775,0.0013850829750299454,0.024295705370604992,0,0.0009305527362972498
302,train,3,83.72152928821743,45.35650893859565,82.55774561978515,46.05180078836441,1.532948337602564,0.03972365608908981,512.0979108847678,65.5940912431106,39.734967440366745,43.044488709419966,45.83170729223639,0.03822250524535775,0.0013850829750299454,0.024295705370604992,0,0.0009305527362972498
303,train,0,106.75978576205671,31.145373962819576,106.48648401888273,30.029162389864155,-3.5838759691500988,0.07793709575323891,744.6568666957319,55.860706102102995,16.213768035173416,10.282364143058658,92.49664027243851,0.1564342490583658,0.01926951441913843,0.004093264602124691,1,0.00045304736346006395
303,train,1,106.75978576205671,31.145373962819576,106.4873907389666,30.028362915574384,-3.586442880983382,0.07789659663573933,744.6568666957319,55.860706102102995,16.213768035173416,10.282364143058658,92.49664027243851,0.1564342490583658,0.01926951441913843,0.004093264602124691,1,0.00045304736346006395
303,train,2,106.75978576205671,31.145373962819576,106.49193951094047,30.027795730011267,-3.5882639718580487,0.07788751503108593,744.6568666957319,55.860706102102995,16.213768035173416,10.282364143058658,92.49664027243851,0.1564342490583658,0.01926951441913843,0.004093264602124691,1,0.00045304736346006395
303,train,3,106.75978576205671,31.145373962819576,106.47990854857926,30.02950586062942,-3.5827731704947445,0.07789016912891326,744.6568666957319,55.860706102102995,16.213768035173416,10.282364143058658,92.49664027243851,0.1564342490583658,0.01926951441913843,0.004093264602124691,1,0.00045304736346006395
304,train,0,88.51723106391728,38.97216771543026,88.62405669327767,36.917573367124234,-5.2719529570651895,0.10654875676470732,495.13692487962544,54.22918090596795,42.78367376327515,23.603489962406456,48.57661470770836,0.03338929200544953,0.019480233360081912,0.005152314156293869,1,0.00034906414151191715
304,train,1,88.51723106391728,38.97216771543026,88.61906713603213,36.91959979579056,-5.266753275381767,0.10652916123228583,495.13692487962544,54.22918090596795,42.78367376327515,23.603489962406456,48.57661470770836,0.03338929200544953,0.019480233360081912,0.005152314156293869,1,0.00034906414151191715
304,train,2,88.51723106391728,38.97216771543026,88.62032094736524,36.921213562389134,-5.262612457220575,0.1065189185247256,495.13692487962544,54.22918090596795,42.78367376327515,23.603489962406456,48.57661470770836,0.03338929200544953,0.019480233360081912,0.005152314156293869,1,0.00034906414151191715
304,train,3,88.51723106391728,38.97216771543026,88.62425669421494,36.91840739023067,-5.26981290903776,0.10656883908857305,495.13692487962544,54.22918090596795,42.78367376327515,23.603489962406456,48.57661470770836,0.03338929200544953,0.019480233360081912,0.005152314156293869,1,0.00034906414151191715
305,train,0,101.9829983804375,24.996080135926604,101.9681213653668,24.69360729190159,-1.2100811102388576,0.06769791184774071,767.2265274915844,62.94889466371387,13.267602026462555,35.886706127785146,95.79840472433716,0.14017233900725842,0.002364558856934309,0.025267333388328553,0,0.0007706560511142016
305,train,1,101.9829983804375,24.996080135926604,101.9598714481871,24.695236461286136,-1.2035634107608306,0.06760335116838312,767.2265274915844,62.94889466371387,13.267602026462555,35.886706127785146,95.79840472433716,0.14017233900725842,0.002364558856934309,0.025267333388328553,0,0.0007706560511142016
305,train,2,101.9829983804375,24.996080135926604,101.9717956743735,24.69433172405416,-1.2071829272092494,0.06754728287259819,767.2265274915844,62.94889466371387,13.267602026462555,35.886706127785146,95.79840472433716,0.14017233900725842,0.002364558856934309,0.025267333388328553,0,0.0007706560511142016
305,train,3,101.9829983804375,24.996080135926604,101.95942976731226,24.69651339376468,-1.1984548798567891,0.06764229092511494,767.2265274915844,62.94889466371387,13.267602026462555,35.886706127785146,95.79840472433716,0.14017233900725842,0.002364558856934309,0.025267333388328553,0,0.0007706560511142016
306,train,0,82.16280208155513,48.671817461028695,81.44164278126321,49.1595290399577,1.0020410257322132,0.1123016063013051,335.5395473539829,76.47342279087752,18.89918613433838,7.421186491847038,80.89643704239279,0.11285394631326198,0.009263315480202436,0.03893341012299061,1,0.0005879243987612426
306,train,1,82.16280208155513,48.671817461028695,81.44684680616074,49.15475106204053,0.9922243018735021,0.11228790000061357,335.5395473539829,76.47342279087752,18.89918613433838,7.421186491847038,80.89643704239279,0.11285394631326198,0.009263315480202436,0.03893341012299061,1,0.0005879243987612426
306,train,2,82.16280208155513,48.671817461028695,81.44889483005579,49.15426863754775,0.9912331235737273,0.1122837707035571,335.5395473539829,76.47342279087752,18.89918613433838,7.421186491847038,80.89643704239279,0.11285394631326198,0.009263315480202436,0.03893341012299061,1,0.0005879243987612426
306,train,3,82.16280208155513,48.671817461028695,81.44404315746475,49.157375719996125,0.997616863919687,0.11222130666803107,335.5395473539829,76.47342279087752,18.89918613433838,7.421186491847038,80.89643704239279,0.11285394631326198,0.009263315480202436,0.03893341012299061,1,0.0005879243987612426
307,train,0,115.29536489024758,34.52267638221383,120.72421136708111,30.064113065556217,-12.914883154756453,0.19403385697606762,926.8463222309947,36.380185559391975,37.143286287784576,40.79712268896401,33.67466259747743,0.05108442300930619,0.01137175040319562,0.018808625265955926,1,0.0010099211341701448
307,train,1,115.29536489024758,34.52267638221383,120.71349837207933,30.068155487139446,-12.903173687221331,0.1938246189169109,926.8463222309947,36.380185559391975,37.143286287784576,40.79712268896401,33.67466259747743,0.05108442300930619,0.01137175040319562,0.018808625265955926,1,0.0010099211341701448
307,train,2,115.29536489024758,34.52267638221383,120.73974258335711,30.062273724043905,-12.920211077458463,0.19398069878834703,926.8463222309947,36.380185559391975,37.143286287784576,40.79712268896401,33.67466259747743,0.05108442300930619,0.01137175040319562,0.018808625265955926,1,0.0010099211341701448
307,train,3,115.29536489024758,34.52267638221383,120.74121240991826,30.062269073331585,-12.920224548929413,0.19408354985390897,926.8463222309947,36.380185559391975,37.143286287784576,40.79712268896401,33.67466259747743,0.05108442300930619,0.01137175040319562,0.018808625265955926,1,0.0010099211341701448
308,train,0,110.4952463041991,28.297740433365107,110.73518312113839,27.706958843214395,-2.08773414803868,0.0653967296511056,175.61062178574502,27.218003035522997,48.44972009956837,10.81873738206923,71.67106999084353,0.17049135982990266,0.006563323140144349,0.03185344748198986,0,0.00023953524120152
308,train,1,110.4952463041991,28.297740433365107,110.73401050755974,27.7072534770307,-2.0866929560148884,0.06538738050176987,175.61062178574502,27.218003035522997,48.44972009956837,10.81873738206923,71.67106999084353,0.17049135982990266,0.006563323140144349,0.03185344748198986,0,0.00023953524120152
308,train,2,110.4952463041991,28.297740433365107,110.73554160614064,27.70657649603251,-2.089085306032322,0.06538122879969772,175.61062178574502,27.218003035522997,48.44972009956837,10.81873738206923,71.67106999084353,0.17049135982990266,0.006563323140144349,0.03185344748198986,0,0.00023953524120152
308,train,3,110.4952463041991,28.297740433365107,110.73154533610129,27.708016062587564,-2.0839980922371337,0.06537082335605707,175.61062178574502,27.218003035522997,48.44972009956837,10.81873738206923,71.67106999084353,0.17049135982990266,0.006563323140144349,0.03185344748198986,0,0.00023953524120152
309,train,0,87.14854051731527,44.14515254832804,86.5345780993781,42.947189116033286,-2.71369190758437,0.07716875023392232,872.5834819953889,85.64359993673861,7.496095791459084,45.688842199742794,25.191627969034016,0.01853833319619298,0.013993617407977582,0.011650855019688607,1,0.0006606805831193925
309,train,1,87.14854051731527,44.14515254832804,86.52896772212291,42.949907776276746,-2.7075334505703563,0.07708446243538489,872.5834819953889,85.64359993673861,7.496095791459084,45.688842199742794,25.191627969034016,0.01853833319619298,0.013993617407977582,0.011650855019688607,1,0.0006606805831193925
309,train,2,87.14854051731527,44.14515254832804,86.52615454446146,42.95150404780257,-2.703917489510806,0.07704446636054463,872.5834819953889,85.64359993673861,7.496095791459084,45.688842199742794,25.191627969034016,0.01853833319619298,0.013993617407977582,0.011650855019688607,1,0.0006606805831193925
309,train,3,87.14854051731527,44.14515254832804,86.5284747414361,42.94829364944835,-2.7111898584321836,0.07706427351804332,872.5834819953889,85.64359993673861,7.496095791459084,45.688842199742794,25.191627969034016,0.01853833319619298,0.013993617407977582,0.011650855019688607,1,0.0006606805831193925
310,train,0,97.03436974436045,30.313279664143923,96.7249108294902,29.209058666575956,-3.64269722643735,0.05597782814651083,441.0167654044926,69.96880519203842,24.389391139149666,17.135404027067125,57.81286780256777,0.08825994523242116,0.017170541994273664,0.0028181523084640503,1,0.00047794818645343186
310,train,1,97.03436974436045,30.313279664143923,96.72046089062378,29.212855899264145,-3.6301705954351617,0.05592217886770533,441.0167654044926,69.96880519203842,24.389391139149666,17.135404027067125,57.81286780256777,0.08825994523242116,0.017170541994273664,0.0028181523084640503,1,0.00047794818645343186
310,train,2,97.03436974436045,30.313279664143923,96.72326089562772,29.21072589431461,-3.6371972351558823,0.05594079782401495,441.0167654044926,69.96880519203842,24.389391139149666,17.135404027067125,57.81286780256777,0.08825994523242116,0.017170541994273664,0.0028181523084640503,1,0.00047794818645343186
310,train,3,97.03436974436045,30.313279664143923,96.73097959918856,29.20887315376203,-3.6433092117321837,0.05597186347272885,441.0167654044926,69.96880519203842,24.389391139149666,17.135404027067125,57.81286780256777,0.08825994523242116,0.017170541994273664,0.0028181523084640503,1,0.00047794818645343186
311,train,0,93.35445944964886,46.341096207499504,93.64160536718985,45.32848776431212,-2.18511974480118,0.11355304088797913,607.2067978791893,47.20139973331243,31.571041718125343,28.100288813002408,104.29229708388448,0.10521035939455033,0.00475237488746643,0.023010979145765303,1,0.000900391476135701
311,train,1,93.35445944964886,46.341096207499504,93.64032012015711,45.327344033388,-2.1875878152995516,0.1136486094902818,607.2067978791893,47.20139973331243,31.571041718125343,28.100288813002408,104.29229708388448,0.10521035939455033,0.00475237488746643,0.023010979145765303,1,0.000900391476135701
311,train,2,93.35445944964886,46.341096207499504,93.6522561997813,45.325036525855054,-2.192567213116581,0.11356405990373317,607.2067978791893,47.20139973331243,31.571041718125343,28.100288813002408,104.29229708388448,0.10521035939455033,0.00475237488746643,0.023010979145765303,1,0.000900391476135701
311,train,3,93.35445944964886,46.341096207499504,93.6453804535258,45.32876684180386,-2.18451752017859,0.11352479165184806,607.2067978791893,47.20139973331243,31.571041718125343,28.100288813002408,104.29229708388448,0.10521035939455033,0.00475237488746643,0.023010979145765303,1,0.000900391476135701
312,train,0,84.9944730848074,33.211598394438624,84.58088966582073,33.197157828226544,-0.04348049148546904,0.03809177473805389,299.2233594413847,42.61967874597758,35.01220390200615,15.32094846945256,66.09988048207015,0.06717622552067042,0.0033680212497711184,0.03389299981296062,0,0.0010691520063206555
312,train,1,84.9944730848074,33.211598394438624,84.58704456588242,33.19451037366152,-0.05145196739452155,0.037976258523221666,299.2233594413847,42.61967874597758,35.01220390200615,15.32094846945256,66.09988048207015,0.06717622552067042,0.0033680212497711184,0.03389299981296062,0,0.0010691520063206555
312,train,2,84.9944730848074,33.211598394438624,84.58620747983224,33.19088506071603,-0.06236777127252974,0.03798527691572185,299.2233594413847,42.61967874597758,35.01220390200615,15.32094846945256,66.09988048207015,0.06717622552067042,0.0033680212497711184,0.03389299981296062,0,0.0010691520063206555
312,train,3,84.9944730848074,33.211598394438624,84.57535222284676,33.193508009878464,-0.05447008104009962,0.03803986587400849,299.2233594413847,42.61967874597758,35.01220390200615,15.32094846945256,66.09988048207015,0.06717622552067042,0.0033680212497711184,0.03389299981296062,0,0.0010691520063206555
313,train,0,107.7370326295495,47.18492888659239,107.4303457493738,45.12963303866268,-4.355831186838381,0.15699838746939376,956.522700516507,66.40171617269516,21.027366191148758,49.443616182543344,18.878298914059997,0.12914846515282988,0.015937708131968976,0.014007703140377999,1,0.0006466880837455392
313,train,1,107.7370326295495,47.18492888659239,107.41317309129776,45.13367818497819,-4.347258224218845,0.15694750917387493,956.522700516507,66.40171617269516,21.027366191148758,49.443616182543344,18.878298914059997,0.12914846515282988,0.015937708131968976,0.014007703140377999,1,0.0006466880837455392
313,train,2,107.7370326295495,47.18492888659239,107.41384000137457,45.133900560523266,-4.346786939106578,0.15695852231396246,956.522700516507,66.40171617269516,21.027366191148758,49.443616182543344,18.878298914059997,0.12914846515282988,0.015937708131968976,0.014007703140377999,1,0.0006466880837455392
313,train,3,107.7370326295495,47.18492888659239,107.40661164397793,45.1402886795309,-4.333248465788139,0.1569655946223074,956.522700516507,66.40171617269516,21.027366191148758,49.443616182543344,18.878298914059997,0.12914846515282988,0.015937708131968976,0.014007703140377999,1,0.0006466880837455392
314,train,0,95.48777063749732,27.259305890649557,95.22315265066918,26.695045819619466,-2.0699722630268584,0.04807142774509454,564.6554430015385,89.17795764282346,10.898685663938522,21.63718587718904,51.49962651543319,0.14657525187358258,0.012877971045672894,0.00019514203071594239,0,0.0008294200596399606
314,train,1,95.48777063749732,27.259305890649557,95.22162633713884,26.69612346681291,-2.066018944487615,0.048120124615733964,564.6554430015385,89.17795764282346,10.898685663938522,21.63718587718904,51.49962651543319,0.14657525187358258,0.012877971045672894,0.00019514203071594239,0,0.0008294200596399606
314,train,2,95.48777063749732,27.259305890649557,95.22788949538493,26.693119409110157,-2.0770392460125415,0.0481045545921002,564.6554430015385,89.17795764282346,10.898685663938522,21.63718587718904,51.49962651543319,0.14657525187358258,0.012877971045672894,0.00019514203071594239,0,0.0008294200596399606
314,train,3,95.48777063749732,27.259305890649557,95.20255390152663,26.70222839291274,-2.0436231941177354,0.04814475870176422,564.6554430015385,89.17795764282346,10.898685663938522,21.63718587718904,51.49962651543319,0.14657525187358258,0.012877971045672894,0.00019514203071594239,0,0.0008294200596399606
315,train,0,99.74868817441165,41.41120450384915,102.58542344839188,38.777480041565276,-6.35993203732838,0.11627564025637956,691.0681965760887,31.768978773616254,45.155495673418045,31.855320204049345,98.72120100539176,0.039600056447088715,0.005296157002449036,0.02007067307829857,1,0.0004082953372038901
315,train,1,99.74868817441165,41.41120450384915,102.57973447389462,38.77822829520875,-6.358125150394194,0.1163176237884715,691.0681965760887,31.768978773616254,45.155495673418045,31.855320204049345,98.72120100539176,0.039600056447088715,0.005296157002449036,0.02007067307829857,1,0.0004082953372038901
315,train,2,99.74868817441165,41.41120450384915,102.57891881612838,38.779818918169724,-6.354284105488511,0.11629472837621824,691.0681965760887,31.768978773616254,45.155495673418045,31.855320204049345,98.72120100539176,0.039600056447088715,0.005296157002449036,0.02007067307829857,1,0.0004082953372038901
315,train,3,99.74868817441165,41.41120450384915,102.5740774076643,38.78089390074566,-6.351688231765886,0.11630235868936838,691.0681965760887,31.768978773616254,45.155495673418045,31.855320204049345,98.72120100539176,0.039600056447088715,0.005296157002449036,0.02007067307829857,1,0.0004082953372038901
316,train,0,104.59751281514764,51.38741181977094,104.21327231540445,50.5712123443057,-1.5883257135577542,0.06626376973659433,404.69975103624165,40.93909393064678,29.252410873770714,25.12254675850272,43.01634521689266,0.09179273603484034,0.010490173865109682,0.008095377534627914,1,0.000953688550926745
316,train,1,104.59751281514764,51.38741181977094,104.20199032300616,50.57817250213009,-1.5747812333476925,0.06625434339724331,404.69975103624165,40.93909393064678,29.252410873770714,25.12254675850272,43.01634521689266,0.09179273603484034,0.010490173865109682,0.008095377534627914,1,0.000953688550926745
316,train,2,104.59751281514764,51.38741181977094,104.18543938853878,50.58606877323974,-1.5594150749248006,0.06622656951681158,404.69975103624165,40.93909393064678,29.252410873770714,25.12254675850272,43.01634521689266,0.09179273603484034,0.010490173865109682,0.008095377534627914,1,0.000953688550926745
316,train,3,104.59751281514764,51.38741181977094,104.21688165492343,50.57504598840793,-1.5808654349282816,0.06630169526415682,404.69975103624165,40.93909393064678,29.252410873770714,25.12254675850272,43.01634521689266,0.09179273603484034,0.010490173865109682,0.008095377534627914,1,0.000953688550926745
317,train,0,90.52754489704967,35.5354039631784,91.5104931441543,33.75106317142886,-5.021304369013134,0.12628315243816549,636.8823750410229,80.01571313012391,26.70511357486248,36.65905806235969,89.49589942581952,0.07500139262527226,0.007605829518288374,0.02789246916770935,1,0.0005316574094817042
317,train,1,90.52754489704967,35.5354039631784,91.50606362150685,33.751377247560974,-5.020420528963251,0.12634322038600088,636.8823750410229,80.01571313012391,26.70511357486248,36.65905806235969,89.49589942581952,0.07500139262527226,0.007605829518288374,0.02789246916770935,1,0.0005316574094817042
317,train,2,90.52754489704967,35.5354039631784,91.50682284577009,33.752467788444726,-5.0173516433952505,0.12634305996234665,636.8823750410229,80.01571313012391,26.70511357486248,36.65905806235969,89.49589942581952,0.07500139262527226,0.007605829518288374,0.02789246916770935,1,0.0005316574094817042
317,train,3,90.52754489704967,35.5354039631784,91.50407776906303,33.75384646380249,-5.013471920065846,0.12631483392796425,636.8823750410229,80.01571313012391,26.70511357486248,36.65905806235969,89.49589942581952,0.07500139262527226,0.007605829518288374,0.02789246916770935,1,0.0005316574094817042
318,train,0,112.73436732031405,38.117391400039196,117.32990295416965,34.13867250223094,-10.43806711758392,0.20920166980974728,245.1283134520054,59.37387301120907,5.314728245139122,8.940500863827765,74.59402517415582,0.009450331293046474,0.0007461353950202465,0.03657868750393391,1,0.0007143886276520789
318,train,1,112.73436732031405,38.117391400039196,117.31518835769513,34.14547873116434,-10.420211150311752,0.2092100402427876,245.1283134520054,59.37387301120907,5.314728245139122,8.940500863827765,74.59402517415582,0.009450331293046474,0.0007461353950202465,0.03657868750393391,1,0.0007143886276520789
318,train,2,112.73436732031405,38.117391400039196,117.31754401285862,34.143823785888614,-10.42455285685289,0.20925808342051327,245.1283134520054,59.37387301120907,5.314728245139122,8.940500863827765,74.59402517415582,0.009450331293046474,0.0007461353950202465,0.03657868750393391,1,0.0007143886276520789
318,train,3,112.73436732031405,38.117391400039196,117.31319291308826,34.14496057368241,-10.421570523193504,0.20917649934767557,245.1283134520054,59.37387301120907,5.314728245139122,8.940500863827765,74.59402517415582,0.009450331293046474,0.0007461353950202465,0.03657868750393391,1,0.0007143886276520789
319,train,0,80.18275739438832,22.09417015127838,78.01027858183606,21.93174022215411,-0.7351709886006659,0.06017399589394136,796.4243499562144,49.63952728547156,50.633998557925224,41.5690455539152,28.11448087450117,0.16125554172322154,0.018637719321995976,0.016771830245852472,0,0.00029283113749697807
319,train,1,80.18275739438832,22.09417015127838,78.00748645030858,21.932470472924408,-0.7318658145873599,0.0601744444556179,796.4243499562144,49.63952728547156,50.633998557925224,41.5690455539152,28.11448087450117,0.16125554172322154,0.018637719321995976,0.016771830245852472,0,0.00029283113749697807
319,train,2,80.18275739438832,22.09417015127838,78.00645256190678,21.932437530331594,-0.732014915425227,0.06019749920916254,796.4243499562144,49.63952728547156,50.633998557925224,41.5690455539152,28.11448087450117,0.16125554172322154,0.018637719321995976,0.016771830245852472,0,0.00029283113749697807
319,train,3,80.18275739438832,22.09417015127838,78.0050679837987,21.933686048310346,-0.7263640221343451,0.06016531256381838,796.4243499562144,49.63952728547156,50.633998557925224,41.5690455539152,28.11448087450117,0.16125554172322154,0.018637719321995976,0.016771830245852472,0,0.00029283113749697807
320,val,0,111.93565131537616,22.018145004287366,112.28077978573491,20.717715531914145,-5.90617180566302,0.07450356107327855,739.1660900786519,86.90308633260429,46.8320699185133,41.09950793441385,43.22249470744282,0.12437229746952652,0.019734514113515615,0.00693886585533619,1,0.0004708841590210796
320,val,1,111.93565131537616,22.018145004287366,112.26876381990142,20.72220879972495,-5.8857646923029705,0.07445124410398093,739.1660900786519,86.90308633260429,46.8320699185133,41.09950793441385,43.22249470744282,0.12437229746952652,0.019734514113515615,0.00693886585533619,1,0.0004708841590210796
320,val,2,111.93565131537616,22.018145004287366,112.2714277037294,20.720096890522623,-5.895356368631362,0.07451764571310261,739.1660900786519,86.90308633260429,46.8320699185133,41.09950793441385,43.22249470744282,0.12437229746952652,0.019734514113515615,0.00693886585533619,1,0.0004708841590210796
320,val,3,111.93565131537616,22.018145004287366,112.27653888873111,20.7192332035488,-5.899278983246055,0.07449363696396762,739.1660900786519,86.90308633260429,46.8320699185133,41.09950793441385,43.22249470744282,0.12437229746952652,0.019734514113515615,0.00693886585533619,1,0.0004708841590210796
321,val,0,83.79791625775397,50.31604897044599,82.2620279723891,51.2189008804048,1.7943616965813847,0.036554098867769724,530.2361212205142,43.68283961433917,6.7858186811208725,27.136794072575867,67.94804335571826,0.05803984511643648,0.0028471650183200838,0.020567744821310043,0,0.0006806849505752325
321,val,1,83.79791625775397,50.31604897044599,82.26680610368204,51.21505863496758,1.7867254741119363,0.03651245751211747,530.2361212205142,43.68283961433917,6.7858186811208725,27.136794072575867,67.94804335571826,0.05803984511643648,0.0028471650183200838,0.020567744821310043,0,0.0006806849505752325
321,val,2,83.79791625775397,50.31604897044599,82.26084349304718,51.21802059036471,1.7926121751898885,0.036576461644977444,530.2361212205142,43.68283961433917,6.7858186811208725,27.136794072575867,67.94804335571826,0.05803984511643648,0.0028471650183200838,0.020567744821310043,0,0.0006806849505752325
321,val,3,83.79791625775397,50.31604897044599,82.26655090709481,51.212410443774566,1.7814623597633246,0.036637188914091595,530.2361212205142,43.68283961433917,6.7858186811208725,27.136794072575867,67.94804335571826,0.05803984511643648,0.0028471650183200838,0.020567744821310043,0,0.0006806849505752325
322,val,0,97.59898609481752,32.077476911246784,98.19921213788939,31.106898843039335,-3.02573070473367,0.12172521596917212,998.853407567367,40.21570086479187,23.284302607178688,31.29949562717229,92.3733492847532,0.034385382626205684,0.009221499189734458,0.03915349148213863,1,0.00028070267699658875
322,val,1,97.59898609481752,32.077476911246784,98.19192881482991,31.10854601422397,-3.0205957273500315,0.1217359230582627,998.853407567367,40.21570086479187,23.284302607178688,31.29949562717229,92.3733492847532,0.034385382626205684,0.009221499189734458,0.03915349148213863,1,0.00028070267699658875
322,val,2,97.59898609481752,32.077476911246784,98.1968026326312,31.108439175695555,-3.0209287913522633,0.12172311762621107,998.853407567367,40.21570086479187,23.284302607178688,31.29949562717229,92.3733492847532,0.034385382626205684,0.009221499189734458,0.03915349148213863,1,0.00028070267699658875
322,val,3,97.59898609481752,32.077476911246784,98.19931995861751,31.10630492281081,-3.027582222638796,0.12171725570409786,998.853407567367,40.21570086479187,23.284302607178688,31.29949562717229,92.3733492847532,0.034385382626205684,0.009221499189734458,0.03915349148213863,1,0.00028070267699658875
323,val,0,88.62733723409474,41.27387593314052,88.48328853257743,40.07477380866106,-2.905232661991535,0.03701660263565591,350.28675869107246,57.93270837049931,30.33358760178089,11.536762430332601,21.730700698681176,0.14804744515568016,0.013662904929369689,0.013339554369449615,0,0.0009427281765267253
323,val,1,88.62733723409474,41.27387593314052,88.46357368542994,40.080119016072494,-2.89228207935157,0.036971207480113254,350.28675869107246,57.93270837049931,30.33358760178089,11.536762430332601,21.730700698681176,0.14804744515568016,0.013662904929369689,0.013339554369449615,0,0.0009427281765267253
323,val,2,88.62733723409474,41.27387593314052,88.4830243671171,40.07932258662659,-2.894211700517257,0.03699766199449727,350.28675869107246,57.93270837049931,30.33358760178089,11.536762430332601,21.730700698681176,0.14804744515568016,0.013662904929369689,0.013339554369449615,0,0.0009427281765267253
323,val,3,88.62733723409474,41.27387593314052,88.47789713962601,40.082034248177145,-2.887641778286202,0.037077085858775734,350.28675869107246,57.93270837049931,30.33358760178089,11.536762430332601,21.730700698681176,0.14804744515568016,0.013662904929369689,0.013339554369449615,0,0.0009427281765267253
324,val,0,92.85285163111985,47.45253296382725,92.06069279878382,47.36492369566498,-0.1846250614884083,0.036330457329818676,819.0501764882356,66.74175075720996,44.36319442093372,36.83515904005617,108.76606893725693,0.08035593844950199,0.007382456641644239,0.030586558133363726,0,0.0006138578680343926
324,val,1,92.85285163111985,47.45253296382725,92.06775345724367,47.36217834462416,-0.1904105293430091,0.036319270630366704,819.0501764882356,66.74175075720996,44.36319442093372,36.83515904005617,108.76606893725693,0.08035593844950199,0.007382456641644239,0.030586558133363726,0,0.0006138578680343926
324,val,2,92.85285163111985,47.45253296382725,92.06031293350482,47.366451873900346,-0.18140462595015344,0.03630612508851448,819.0501764882356,66.74175075720996,44.36319442093372,36.83515904005617,108.76606893725693,0.08035593844950199,0.007382456641644239,0.030586558133363726,0,0.0006138578680343926
324,val,3,92.85285163111985,47.45253296382725,92.05590003202106,47.36915735574184,-0.1757031772128319,0.036290341025212405,819.0501764882356,66.74175075720996,44.36319442093372,36.83515904005617,108.76606893725693,0.08035593844950199,0.007382456641644239,0.030586558133363726,0,0.0006138578680343926
325,val,0,102.8809851910919,26.771301401779056,106.65247566931092,23.43752137205245,-12.452812732910555,0.18132650606665987,184.72459660843015,32.67731424421072,15.612300768494606,5.995626640506089,38.030646913684905,0.10134217863902449,0.010514311864972115,0.01688207246363163,1,0.0008189621954225005
325,val,1,102.8809851910919,26.771301401779056,106.6491357654132,23.439874719100242,-12.444022173899356,0.1813072318683668,184.72459660843015,32.67731424421072,15.612300768494606,5.995626640506089,38.030646913684905,0.10134217863902449,0.010514311864972115,0.01688207246363163,1,0.0008189621954225005
325,val,2,102.8809851910919,26.771301401779056,106.64284224039079,23.441318630553486,-12.438628668998058,0.18125904403891777,184.72459660843015,32.67731424421072,15.612300768494606,5.995626640506089,38.030646913684905,0.10134217863902449,0.010514311864972115,0.01688207246363163,1,0.0008189621954225005
325,val,3,102.8809851910919,26.771301401779056,106.65016943214465,23.43734137350919,-12.453485089254237,0.18136713985056058,184.72459660843015,32.67731424421072,15.612300768494606,5.995626640506089,38.030646913684905,0.10134217863902449,0.010514311864972115,0.01688207246363163,1,0.0008189621954225005
326,val,0,78.68234536983073,38.51284970343113,78.67361794042331,36.6397486433956,-4.8635742991219235,0.1457449502499147,599.363328423351,52.490643193013966,20.11088715493679,46.81095310021192,50.67381687927991,0.1703689806908369,0.016635085344314574,0.0033182990550994873,1,0.00036261898567900065
326,val,1,78.68234536983073,38.51284970343113,78.6735434121415,36.640866782559534,-4.86067101055059,0.14574310257155576,599.363328423351,52.490643193013966,20.11088715493679,46.81095310021192,50.67381687927991,0.1703689806908369,0.016635085344314574,0.0033182990550994873,1,0.00036261898567900065
326,val,2,78.68234536983073,38.51284970343113,78.67137503628348,36.64244907414029,-4.856562533528144,0.1457340649352654,599.363328423351,52.490643193013966,20.11088715493679,46.81095310021192,50.67381687927991,0.1703689806908369,0.016635085344314574,0.0033182990550994873,1,0.00036261898567900065
326,val,3,78.68234536983073,38.51284970343113,78.67281720074317,36.64029642026937,-4.862151976759407,0.14573962196085463,599.363328423351,52.490643193013966,20.11088715493679,46.81095310021192,50.67381687927991,0.1703689806908369,0.016635085344314574,0.0033182990550994873,1,0.00036261898567900065
327,val,0,107.54482760839164,36.69886275008321,107.70617401584337,36.22192564835942,-1.2995964070377408,0.09365219795881426,377.9042760375887,79.36395294032991,39.86460642516613,21.419877870939672,75.30659209005535,0.01134964993223548,0.0009394078515470028,0.02921272687613964,1,0.0010295611050911248
327,val,1,107.54482760839164,36.69886275008321,107.7106580008131,36.21796549913701,-1.3103873387605394,0.09361829994600585,377.9042760375887,79.36395294032991,39.86460642516613,21.419877870939672,75.30659209005535,0.01134964993223548,0.0009394078515470028,0.02921272687613964,1,0.0010295611050911248
327,val,2,107.54482760839164,36.69886275008321,107.70722819579171,36.22146078453868,-1.300863105201936,0.09358239079587444,377.9042760375887,79.36395294032991,39.86460642516613,21.419877870939672,75.30659209005535,0.01134964993223548,0.0009394078515470028,0.02921272687613964,1,0.0010295611050911248
327,val,3,107.54482760839164,36.69886275008321,107.72415335975435,36.21587496973577,-1.3160837806788477,0.09375766856778124,377.9042760375887,79.36395294032991,39.86460642516613,21.419877870939672,75.30659209005535,0.01134964993223548,0.0009394078515470028,0.02921272687613964,1,0.0010295611050911248
328,val,0,104.88470125384629,39.11271261796355,108.79356046318269,35.7735478858649,-8.537287517524563,0.18094088048302923,915.7624341547489,74.60080214776099,31.882726967334747,33.86393466964364,102.90779719594866,0.14541997315362096,0.0017438250221312047,0.03376838970929384,1,0.0008971091815270484
328,val,1,104.88470125384629,39.11271261796355,108.7919825295849,35.77320655622411,-8.538160199621872,0.18092461906962035,915.7624341547489,74.60080214776099,31.882726967334747,33.86393466964364,102.90779719594866,0.14541997315362096,0.0017438250221312047,0.03376838970929384,1,0.0008971091815270484
328,val,2,104.88470125384629,39.11271261796355,108.78140765318742,35.77625857280186,-8.53035706766434,0.18094223651884947,915.7624341547489,74.60080214776099,31.882726967334747,33.86393466964364,102.90779719594866,0.14541997315362096,0.0017438250221312047,0.03376838970929384,1,0.0008971091815270484
328,val,3,104.88470125384629,39.11271261796355,108.77843831724606,35.776469644407044,-8.529817418043901,0.18091236325901164,915.7624341547489,74.60080214776099,31.882726967334747,33.86393466964364,102.90779719594866,0.14541997315362096,0.0017438250221312047,0.03376838970929384,1,0.0008971091815270484
329,val,0,95.59857385419309,33.66093531996012,94.37307967142189,33.01860117777343,-1.9082480509856916,0.07364206205206901,273.9531827624887,55.723383226431906,27.64745545387268,8.60803741030395,32.16367890127003,0.03144544702023268,0.016150421015918254,0.0187235714122653,1,0.00021404486699029803
329,val,1,95.59857385419309,33.66093531996012,94.37257441726256,33.01827503464648,-1.909216957891711,0.07365883020000222,273.9531827624887,55.723383226431906,27.64745545387268,8.60803741030395,32.16367890127003,0.03144544702023268,0.016150421015918254,0.0187235714122653,1,0.00021404486699029803
329,val,2,95.59857385419309,33.66093531996012,94.37415119625588,33.017691871482654,-1.9109494206360833,0.07364956814841765,273.9531827624887,55.723383226431906,27.64745545387268,8.60803741030395,32.16367890127003,0.03144544702023268,0.016150421015918254,0.0187235714122653,1,0.00021404486699029803
329,val,3,95.59857385419309,33.66093531996012,94.37599561921732,33.01664216382756,-1.9140678950489751,0.07367859292006781,273.9531827624887,55.723383226431906,27.64745545387268,8.60803741030395,32.16367890127003,0.03144544702023268,0.016150421015918254,0.0187235714122653,1,0.00021404486699029803
330,val,0,109.69679997302592,45.422158574685454,109.30622370367222,44.609430706015274,-1.7892761906809123,0.039671798278870976,709.3665651511401,27.913417164236307,8.1460420191288,49.46507222019136,56.72198283486068,0.05542615698650479,0.012246444262564183,0.0023264095559716227,0,0.0007543740491382778
330,val,1,109.69679997302592,45.422158574685454,109.30370082186664,44.61026249691689,-1.7874449459146775,0.03975028670631121,709.3665651511401,27.913417164236307,8.1460420191288,49.46507222019136,56.72198283486068,0.05542615698650479,0.012246444262564183,0.0023264095559716227,0,0.0007543740491382778
330,val,2,109.69679997302592,45.422158574685454,109.30294829887467,44.612579007485465,-1.7823449888865006,0.03970757463506768,709.3665651511401,27.913417164236307,8.1460420191288,49.46507222019136,56.72198283486068,0.05542615698650479,0.012246444262564183,0.0023264095559716227,0,0.0007543740491382778
330,val,3,109.69679997302592,45.422158574685454,109.29569145277951,44.61385498815062,-1.7795358298654491,0.039665322987676464,709.3665651511401,27.913417164236307,8.1460420191288,49.46507222019136,56.72198283486068,0.05542615698650479,0.012246444262564183,0.0023264095559716227,0,0.0007543740491382778
331,val,0,81.27981129102409,28.368646556511525,81.79370954456668,27.40323707981768,-3.4030861316231933,0.15052943877503508,506.96039814502,69.97325246687979,51.38413915038109,18.407631795853376,81.35186046827585,0.12145720180124044,0.00532554553821683,0.02518128599971533,1,0.0005094719358719886
331,val,1,81.27981129102409,28.368646556511525,81.79094598943594,27.404765348217175,-3.3976989574538177,0.1505985209580448,506.96039814502,69.97325246687979,51.38413915038109,18.407631795853376,81.35186046827585,0.12145720180124044,0.00532554553821683,0.02518128599971533,1,0.0005094719358719886
331,val,2,81.27981129102409,28.368646556511525,81.7975934860895,27.402634382224637,-3.405210651705044,0.15057186751246063,506.96039814502,69.97325246687979,51.38413915038109,18.407631795853376,81.35186046827585,0.12145720180124044,0.00532554553821683,0.02518128599971533,1,0.0005094719358719886
331,val,3,81.27981129102409,28.368646556511525,81.79315338697035,27.405395664208655,-3.3954770820103586,0.15050858059422248,506.96039814502,69.97325246687979,51.38413915038109,18.407631795853376,81.35186046827585,0.12145720180124044,0.00532554553821683,0.02518128599971533,1,0.0005094719358719886
332,val,0,85.95066763274372,30.796848002821207,85.07443227453093,30.09596620303588,-2.275823161257027,0.17911049349175268,675.6570587400347,62.817807658575475,35.40628442168236,43.750714007765055,49.23768260516226,0.00877788171172142,0.014118329603224993,0.008705764226615429,1,0.001096442017890513
332,val,1,85.95066763274372,30.796848002821207,85.05885782467566,30.10735608290329,-2.238839246973433,0.17901948496197204,675.6570587400347,62.817807658575475,35.40628442168236,43.750714007765055,49.23768260516226,0.00877788171172142,0.014118329603224993,0.008705764226615429,1,0.001096442017890513
332,val,2,85.95066763274372,30.796848002821207,85.08313654136836,30.099090731314046,-2.2656775506481686,0.17910707987994992,675.6570587400347,62.817807658575475,35.40628442168236,43.750714007765055,49.23768260516226,0.00877788171172142,0.014118329603224993,0.008705764226615429,1,0.001096442017890513
332,val,3,85.95066763274372,30.796848002821207,85.08276927971468,30.091063018493937,-2.291744220910568,0.17909767492113554,675.6570587400347,62.817807658575475,35.40628442168236,43.750714007765055,49.23768260516226,0.00877788171172142,0.014118329603224993,0.008705764226615429,1,0.001096442017890513
333,val,0,114.53346165455879,43.86644211411476,117.90716212066889,40.72224590594544,-7.167657226428269,0.12279119130332748,460.9295113943517,36.8470667861402,18.46941676735878,24.11647471599281,73.96033367607743,0.1673954856209457,0.008466005511581899,0.023826341815292834,1,0.0004084610767662526
333,val,1,114.53346165455879,43.86644211411476,117.91328262745651,40.719980551668336,-7.172821434346499,0.12273570620568117,460.9295113943517,36.8470667861402,18.46941676735878,24.11647471599281,73.96033367607743,0.1673954856209457,0.008466005511581899,0.023826341815292834,1,0.0004084610767662526
333,val,2,114.53346165455879,43.86644211411476,117.92031861787675,40.717805297740746,-7.177780245279779,0.12278299293518187,460.9295113943517,36.8470667861402,18.46941676735878,24.11647471599281,73.96033367607743,0.1673954856209457,0.008466005511581899,0.023826341815292834,1,0.0004084610767662526
333,val,3,114.53346165455879,43.86644211411476,117.91957509000613,40.71691843410241,-7.179801981248307,0.12277490524131521,460.9295113943517,36.8470667861402,18.46941676735878,24.11647471599281,73.96033367607743,0.1673954856209457,0.008466005511581899,0.023826341815292834,1,0.0004084610767662526
334,val,0,90.63139743171632,25.607276109978557,90.42218229909547,25.273986610994015,-1.301542177126236,0.10077954587398594,842.365897167474,48.566699610091746,10.967900514602661,28.325358545407653,86.55095477122813,0.09878402262926102,0.004855343364179135,0.03520153518766165,1,0.0007801511950790883
334,val,1,90.63139743171632,25.607276109978557,90.44145477175485,25.271633387347723,-1.310731845079153,0.10079218348899648,842.365897167474,48.566699610091746,10.967900514602661,28.325358545407653,86.55095477122813,0.09878402262926102,0.004855343364179135,0.03520153518766165,1,0.0007801511950790883
334,val,2,90.63139743171632,25.607276109978557,90.44086844377918,25.271771346528674,-1.310193095153715,0.10076086283275808,842.365897167474,48.566699610091746,10.967900514602661,28.325358545407653,86.55095477122813,0.09878402262926102,0.004855343364179135,0.03520153518766165,1,0.0007801511950790883
334,val,3,90.63139743171632,25.607276109978557,90.4464047308384,25.26832241106425,-1.323661671231897,0.10076873230900285,842.365897167474,48.566699610091746,10.967900514602661,28.325358545407653,86.55095477122813,0.09878402262926102,0.004855343364179135,0.03520153518766165,1,0.0007801511950790883
335,val,0,100.3454876113683,50.04388684220613,99.86555436796077,48.731051078478345,-2.6233688999163842,0.016405173288564494,214.5901129115373,83.53370499797165,42.90780192613602,14.141099583357573,15.899609914049506,0.07740711165592074,0.018031735811382534,0.012266015447676182,0,0.0005399455526843667
335,val,1,100.3454876113683,50.04388684220613,99.86216501790211,48.73400035548771,-2.617475518735448,0.016435775473490212,214.5901129115373,83.53370499797165,42.90780192613602,14.141099583357573,15.899609914049506,0.07740711165592074,0.018031735811382534,0.012266015447676182,0,0.0005399455526843667
335,val,2,100.3454876113683,50.04388684220613,99.86320167208484,48.731458681552155,-2.622554408677729,0.016345368490095515,214.5901129115373,83.53370499797165,42.90780192613602,14.141099583357573,15.899609914049506,0.07740711165592074,0.018031735811382534,0.012266015447676182,0,0.0005399455526843667
335,val,3,100.3454876113683,50.04388684220613,99.86522236676221,48.732694482719594,-2.620084973856778,0.016421491775912823,214.5901129115373,83.53370499797165,42.90780192613602,14.141099583357573,15.899609914049506,0.07740711165592074,0.018031735811382534,0.012266015447676182,0,0.0005399455526843667
336,val,0,79.5097336769104,35.087752358987935,78.04070320719168,34.633458199597754,-1.2947371343203318,0.04924720263960611,891.7795175686479,84.95326513890177,17.04843160510063,25.163687570020553,91.35496400296687,0.11013633213937282,0.018670787177979948,0.018953424990177156,0,0.0002356208521872759
336,val,1,79.5097336769104,35.087752358987935,78.03908063692981,34.633247309353074,-1.2953381709513725,0.04924161967335841,891.7795175686479,84.95326513890177,17.04843160510063,25.163687570020553,91.35496400296687,0.11013633213937282,0.018670787177979948,0.018953424990177156,0,0.0002356208521872759
336,val,2,79.5097336769104,35.087752358987935,78.03989865762836,34.63397595190593,-1.2932615416323876,0.049240497970281336,891.7795175686479,84.95326513890177,17.04843160510063,25.163687570020553,91.35496400296687,0.11013633213937282,0.018670787177979948,0.018953424990177156,0,0.0002356208521872759
336,val,3,79.5097336769104,35.087752358987935,78.03795618743533,34.63428455715538,-1.2923820175001606,0.049257959962914745,891.7795175686479,84.95326513890177,17.04843160510063,25.163687570020553,91.35496400296687,0.11013633213937282,0.018670787177979948,0.018953424990177156,0,0.0002356208521872759
337,val,0,107.94409019872546,40.53409404866398,109.72958930132724,38.38046027062527,-5.31314151354443,0.1533185417522987,245.01568670384586,46.9061588589102,36.85711720585823,39.1069176979363,20.70941766258329,0.08914943715557455,0.004226062390953303,0.03352041386067867,1,0.0009298021754249931
337,val,1,107.94409019872546,40.53409404866398,109.70175520442112,38.39133884654859,-5.286303425316127,0.15317521850111213,245.01568670384586,46.9061588589102,36.85711720585823,39.1069176979363,20.70941766258329,0.08914943715557455,0.004226062390953303,0.03352041386067867,1,0.0009298021754249931
337,val,2,107.94409019872546,40.53409404866398,109.71436682996561,38.38994623261448,-5.289739086003268,0.15319089163351005,245.01568670384586,46.9061588589102,36.85711720585823,39.1069176979363,20.70941766258329,0.08914943715557455,0.004226062390953303,0.03352041386067867,1,0.0009298021754249931
337,val,3,107.94409019872546,40.53409404866398,109.72009292581258,38.38753279942763,-5.2956931679767,0.15327421379869924,245.01568670384586,46.9061588589102,36.85711720585823,39.1069176979363,20.70941766258329,0.08914943715557455,0.004226062390953303,0.03352041386067867,1,0.0009298021754249931
338,val,0,93.84383041411638,28.85161955654621,92.4837143999623,29.105664761683375,0.8805232047346903,0.07672061792624156,633.9215849991888,34.20313437934965,41.35862147808075,12.46361454948783,45.16988098155707,0.02014529474079609,0.007846492547541857,0.02745177611708641,1,0.0004877377590164542
338,val,1,93.84383041411638,28.85161955654621,92.48302721119103,29.1049689686763,0.878111579260042,0.07673873003873279,633.9215849991888,34.20313437934965,41.35862147808075,12.46361454948783,45.16988098155707,0.02014529474079609,0.007846492547541857,0.02745177611708641,1,0.0004877377590164542
338,val,2,93.84383041411638,28.85161955654621,92.47787805148162,29.10902177837495,0.8921586579368717,0.07669617972982154,633.9215849991888,34.20313437934965,41.35862147808075,12.46361454948783,45.16988098155707,0.02014529474079609,0.007846492547541857,0.02745177611708641,1,0.0004877377590164542
338,val,3,93.84383041411638,28.85161955654621,92.47620583287902,29.107421278045358,0.8866113078948664,0.07672635828165383,633.9215849991888,34.20313437934965,41.35862147808075,12.46361454948783,45.16988098155707,0.02014529474079609,0.007846492547541857,0.02745177611708641,1,0.0004877377590164542
339,val,0,103.11260809376836,45.89958085492254,106.55554579540087,41.60617841133746,-9.353903376929477,0.1576218376726565,423.240627348423,65.21877387538552,12.546925723552704,32.207036009058356,69.89833021536468,0.17916390633210538,0.014728081710636616,7.472820580005646e-05,1,0.0007218391496688128
339,val,1,103.11260809376836,45.89958085492254,106.56056675028672,41.60285180306783,-9.361150955682213,0.15770058583096447,423.240627348423,65.21877387538552,12.546925723552704,32.207036009058356,69.89833021536468,0.17916390633210538,0.014728081710636616,7.472820580005646e-05,1,0.0007218391496688128
339,val,2,103.11260809376836,45.89958085492254,106.56532109580218,41.60145266463743,-9.36419921539252,0.15763339840494434,423.240627348423,65.21877387538552,12.546925723552704,32.207036009058356,69.89833021536468,0.17916390633210538,0.014728081710636616,7.472820580005646e-05,1,0.0007218391496688128
339,val,3,103.11260809376836,45.89958085492254,106.57177538156547,41.597830172371594,-9.372091427474542,0.1576272487294746,423.240627348423,65.21877387538552,12.546925723552704,32.207036009058356,69.89833021536468,0.17916390633210538,0.014728081710636616,7.472820580005646e-05,1,0.0007218391496688128
340,val,0,98.59247914329171,43.41277358867229,98.44162165124409,43.20326461879898,-0.48259752269771317,0.1580448762815608,706.4892851281911,72.6628396473825,26.243875682353973,6.925032390281557,61.52617344167084,0.0661192868091166,0.005945039130747318,0.02357722692191601,1,0.00037782486444339156
340,val,1,98.59247914329171,43.41277358867229,98.43531735182954,43.203544767954064,-0.4819522076627193,0.15801954590945902,706.4892851281911,72.6628396473825,26.243875682353973,6.925032390281557,61.52617344167084,0.0661192868091166,0.005945039130747318,0.02357722692191601,1,0.00037782486444339156
340,val,2,98.59247914329171,43.41277358867229,98.44427601932566,43.20186429891291,-0.48582311684966983,0.1580284525765736,706.4892851281911,72.6628396473825,26.243875682353973,6.925032390281557,61.52617344167084,0.0661192868091166,0.005945039130747318,0.02357722692191601,1,0.00037782486444339156
340,val,3,98.59247914329171,43.41277358867229,98.43889968500248,43.20253133766878,-0.4842866134182346,0.15801723922568783,706.4892851281911,72.6628396473825,26.243875682353973,6.925032390281557,61.52617344167084,0.0661192868091166,0.005945039130747318,0.02357722692191601,1,0.00037782486444339156
341,val,0,88.86103924363852,30.34872930310667,90.99058282495821,28.41986961383385,-6.355652225199986,0.13331788447326762,483.4349659271538,25.490661873482168,33.25719153881073,37.74010287597776,86.16184923797846,0.13245245698839425,0.01163671152666211,0.008934630155563355,0,0.001068847427237779
341,val,1,88.86103924363852,30.34872930310667,90.99121584373223,28.418948289466513,-6.358688017434093,0.13330356090713158,483.4349659271538,25.490661873482168,33.25719153881073,37.74010287597776,86.16184923797846,0.13245245698839425,0.01163671152666211,0.008934630155563355,0,0.001068847427237779
341,val,2,88.86103924363852,30.34872930310667,90.98678881844101,28.417926900518065,-6.362053525552233,0.13327084623740923,483.4349659271538,25.490661873482168,33.25719153881073,37.74010287597776,86.16184923797846,0.13245245698839425,0.01163671152666211,0.008934630155563355,0,0.001068847427237779
341,val,3,88.86103924363852,30.34872930310667,90.99177790611192,28.4181593833546,-6.361287487428489,0.133293929296445,483.4349659271538,25.490661873482168,33.25719153881073,37.74010287597776,86.16184923797846,0.13245245698839425,0.01163671152666211,0.008934630155563355,0,0.001068847427237779
342,val,0,112.76048940047622,48.64635907858611,113.56977714822013,46.3092868658752,-4.804207872855331,0.10463461727279562,924.6576539240777,54.34947785921395,49.75861695408821,19.449324663728476,98.8401765935123,0.15612820649519563,0.015511389020830393,0.010015474334359169,1,0.0005706439469940961
342,val,1,112.76048940047622,48.64635907858611,113.56640056557988,46.309957050528205,-4.802830206230941,0.10462483562080714,924.6576539240777,54.34947785921395,49.75861695408821,19.449324663728476,98.8401765935123,0.15612820649519563,0.015511389020830393,0.010015474334359169,1,0.0005706439469940961
342,val,2,112.76048940047622,48.64635907858611,113.57254951595496,46.307551746281284,-4.807774675441959,0.10460303773219859,924.6576539240777,54.34947785921395,49.75861695408821,19.449324663728476,98.8401765935123,0.15612820649519563,0.015511389020830393,0.010015474334359169,1,0.0005706439469940961
342,val,3,112.76048940047622,48.64635907858611,113.56283120595812,46.31057508614012,-4.801559739902888,0.10463001165397573,924.6576539240777,54.34947785921395,49.75861695408821,19.449324663728476,98.8401765935123,0.15612820649519563,0.015511389020830393,0.010015474334359169,1,0.0005706439469940961
343,val,0,84.19506321847439,24.215184848755598,84.05365042268157,24.22053593062291,0.022098042615537408,0.03956251127647946,291.8755116406828,76.23955382499844,9.742451876401901,44.81576665304601,28.101856815628707,0.04246679741889238,0.0023730866238474845,0.03747301176190376,0,0.0008076839423738421
343,val,1,84.19506321847439,24.215184848755598,84.05529458870835,24.21761601594942,0.010039845696019364,0.039486090663326104,291.8755116406828,76.23955382499844,9.742451876401901,44.81576665304601,28.101856815628707,0.04246679741889238,0.0023730866238474845,0.03747301176190376,0,0.0008076839423738421
343,val,2,84.19506321847439,24.215184848755598,84.05802191464528,24.216922902415256,0.007177536205123827,0.039585315408738,291.8755116406828,76.23955382499844,9.742451876401901,44.81576665304601,28.101856815628707,0.04246679741889238,0.0023730866238474845,0.03747301176190376,0,0.0008076839423738421
343,val,3,84.19506321847439,24.215184848755598,84.05915080168386,24.21605455976853,0.003591593532587548,0.03953483573466439,291.8755116406828,76.23955382499844,9.742451876401901,44.81576665304601,28.101856815628707,0.04246679741889238,0.0023730866238474845,0.03747301176190376,0,0.0008076839423738421
344,val,0,91.60752264037728,51.71356952562928,91.82976885460887,50.85298197035025,-1.6641426286625385,0.11144494084890877,603.9536103606224,80.99821139592677,13.997786357998848,9.897759971208869,55.51823329180479,0.15930231034755707,0.00032845884561538696,0.022067739628255367,1,0.0006549032616429032
344,val,1,91.60752264037728,51.71356952562928,91.83625108156912,50.848082155553904,-1.6736175398730633,0.11145819414851406,603.9536103606224,80.99821139592677,13.997786357998848,9.897759971208869,55.51823329180479,0.15930231034755707,0.00032845884561538696,0.022067739628255367,1,0.0006549032616429032
344,val,2,91.60752264037728,51.71356952562928,91.831350651908,50.85218252694677,-1.6656885351060662,0.1115072033525543,603.9536103606224,80.99821139592677,13.997786357998848,9.897759971208869,55.51823329180479,0.15930231034755707,0.00032845884561538696,0.022067739628255367,1,0.0006549032616429032
344,val,3,91.60752264037728,51.71356952562928,91.83746936206299,50.84969980056409,-1.670489453714965,0.11145507229518421,603.9536103606224,80.99821139592677,13.997786357998848,9.897759971208869,55.51823329180479,0.15930231034755707,0.00032845884561538696,0.022067739628255367,1,0.0006549032616429032
345,val,0,100.59659370034932,23.410229057073593,100.30435483687772,22.66666110967055,-3.176252336490362,0.008088014784401984,400.02999952994287,51.10728549771011,45.99546863138676,35.1343454932794,80.14521033968776,0.0006839899532496929,0.017255804743617775,0.005459811426699161,0,0.00044195054927840833
345,val,1,100.59659370034932,23.410229057073593,100.31416100807559,22.664109119186733,-3.1871535133972255,0.008107281464825191,400.02999952994287,51.10728549771011,45.99546863138676,35.1343454932794,80.14521033968776,0.0006839899532496929,0.017255804743617775,0.005459811426699161,0,0.00044195054927840833
345,val,2,100.59659370034932,23.410229057073593,100.3095506190209,22.664565835187474,-3.1852025884420505,0.00807914384512867,400.02999952994287,51.10728549771011,45.99546863138676,35.1343454932794,80.14521033968776,0.0006839899532496929,0.017255804743617775,0.005459811426699161,0,0.00044195054927840833
345,val,3,100.59659370034932,23.410229057073593,100.30497428784813,22.666122854498152,-3.1785515671859943,0.00808752946825509,400.02999952994287,51.10728549771011,45.99546863138676,35.1343454932794,80.14521033968776,0.0006839899532496929,0.017255804743617775,0.005459811426699161,0,0.00044195054927840833
346,val,0,86.79292791709304,41.727551667019725,85.72061174983027,41.734070108586046,0.015621433096135064,0.08703382118957154,808.8569432031363,30.248080152086914,38.496893867850304,16.796709089539945,104.66981920879334,0.06931810989975928,0.011144799273461103,0.014339902512729168,1,0.0009685581938363612
346,val,1,86.79292791709304,41.727551667019725,85.72618107641352,41.728658328728706,0.0026521127283218827,0.08708278619611509,808.8569432031363,30.248080152086914,38.496893867850304,16.796709089539945,104.66981920879334,0.06931810989975928,0.011144799273461103,0.014339902512729168,1,0.0009685581938363612
346,val,2,86.79292791709304,41.727551667019725,85.73578497298195,41.72741722465632,-0.00032219087397037576,0.08713009026772317,808.8569432031363,30.248080152086914,38.496893867850304,16.796709089539945,104.66981920879334,0.06931810989975928,0.011144799273461103,0.014339902512729168,1,0.0009685581938363612
346,val,3,86.79292791709304,41.727551667019725,85.72673880482441,41.734026090943715,0.015515944898124719,0.08702105569268787,808.8569432031363,30.248080152086914,38.496893867850304,16.796709089539945,104.66981920879334,0.06931810989975928,0.011144799273461103,0.014339902512729168,1,0.0009685581938363612
347,val,0,114.91322265565395,32.525602819398046,121.20969891136633,29.251571216826964,-10.06601359781247,0.15298266194117083,168.61706618219614,69.41990002989769,21.49636237323284,47.834665779955685,33.928598668426275,0.09069436876103282,0.006742208376526833,0.03813288975507021,0,0.0003095880555920303
347,val,1,114.91322265565395,32.525602819398046,121.21332543634738,29.25016581264508,-10.070334514444484,0.15294979241099035,168.61706618219614,69.41990002989769,21.49636237323284,47.834665779955685,33.928598668426275,0.09069436876103282,0.006742208376526833,0.03813288975507021,0,0.0003095880555920303
347,val,2,114.91322265565395,32.525602819398046,121.20746784033577,29.25104162530795,-10.067641827493429,0.15298311704873363,168.61706618219614,69.41990002989769,21.49636237323284,47.834665779955685,33.928598668426275,0.09069436876103282,0.006742208376526833,0.03813288975507021,0,0.0003095880555920303
347,val,3,114.91322265565395,32.525602819398046,121.20358305801996,29.252424352966244,-10.06339062985699,0.15295230430613085,168.61706618219614,69.41990002989769,21.49636237323284,47.834665779955685,33.928598668426275,0.09069436876103282,0.006742208376526833,0.03813288975507021,0,0.0003095880555920303
348,val,0,110.54157423973083,26.288335498422384,109.35073241548616,25.3519464785815,-3.5619943297554144,0.11359700587222074,947.8309186641127,60.32818954437971,5.2007738798856735,22.50814822036773,97.21758467610924,0.022659532595425844,0.013032398745417595,0.01540187779814005,1,0.0008532479286193848
348,val,1,110.54157423973083,26.288335498422384,109.36418274635184,25.348805625370144,-3.573942036416206,0.11362287073780487,947.8309186641127,60.32818954437971,5.2007738798856735,22.50814822036773,97.21758467610924,0.022659532595425844,0.013032398745417595,0.01540187779814005,1,0.0008532479286193848
348,val,2,110.54157423973083,26.288335498422384,109.36134751235183,25.349715583034385,-3.570480586130406,0.11358119471570643,947.8309186641127,60.32818954437971,5.2007738798856735,22.50814822036773,97.21758467610924,0.022659532595425844,0.013032398745417595,0.01540187779814005,1,0.0008532479286193848
348,val,3,110.54157423973083,26.288335498422384,109.37250877026726,25.346786841842693,-3.5816214253511616,0.11362574758560653,947.8309186641127,60.32818954437971,5.2007738798856735,22.50814822036773,97.21758467610924,0.022659532595425844,0.013032398745417595,0.01540187779814005,1,0.0008532479286193848
349,val,0,81.66165168210864,46.9751177802682,81.60625030945059,46.22819041759,-1.590048940743558,0.11593350042364034,321.78012942895293,37.56330795120448,48.40008734166622,42.117754272185266,26.569137573242184,0.1366347148641944,0.00986176623031497,0.032085566483438015,1,0.0006373566182330252
349,val,1,81.66165168210864,46.9751177802682,81.60705476853538,46.22696612004254,-1.5926552089240595,0.11599318522986886,321.78012942895293,37.56330795120448,48.40008734166622,42.117754272185266,26.569137573242184,0.1366347148641944,0.00986176623031497,0.032085566483438015,1,0.0006373566182330252
349,val,2,81.66165168210864,46.9751177802682,81.60578955400705,46.226461347275595,-1.5937297624127975,0.1159553348548777,321.78012942895293,37.56330795120448,48.40008734166622,42.117754272185266,26.569137573242184,0.1366347148641944,0.00986176623031497,0.032085566483438015,1,0.0006373566182330252
349,val,3,81.66165168210864,46.9751177802682,81.60658599672449,46.22878622004269,-1.5887806044820592,0.11595610982115309,321.78012942895293,37.56330795120448,48.40008734166622,42.117754272185266,26.569137573242184,0.1366347148641944,0.00986176623031497,0.032085566483438015,1,0.0006373566182330252
350,val,0,105.85827595740557,35.27203861437738,107.47064416124753,34.14151035090527,-3.2051684787260646,0.06149578656656205,782.9255220480263,42.0148282404989,28.901591792702675,15.433418690226972,39.126063603907824,0.11267528923228383,0.003458132799714804,0.028193264193832876,0,0.0009951033266261222
350,val,1,105.85827595740557,35.27203861437738,107.45944740101645,34.143944274243296,-3.198268045879986,0.06147815321497671,782.9255220480263,42.0148282404989,28.901591792702675,15.433418690226972,39.126063603907824,0.11267528923228383,0.003458132799714804,0.028193264193832876,0,0.0009951033266261222
350,val,2,105.85827595740557,35.27203861437738,107.46353898463319,34.14302960838752,-3.200861221357524,0.06154990319128826,782.9255220480263,42.0148282404989,28.901591792702675,15.433418690226972,39.126063603907824,0.11267528923228383,0.003458132799714804,0.028193264193832876,0,0.0009951033266261222
350,val,3,105.85827595740557,35.27203861437738,107.48315287126397,34.13925679913388,-3.2115575388992776,0.06147391054299682,782.9255220480263,42.0148282404989,28.901591792702675,15.433418690226972,39.126063603907824,0.11267528923228383,0.003458132799714804,0.028193264193832876,0,0.0009951033266261222
351,val,0,95.84756459668279,37.09146117605269,95.15419572117835,35.92166444749027,-3.153816785513089,0.0613482154339909,566.4210491348058,88.31220038700849,24.69926817715168,29.59321573842317,63.845814089290805,0.046644964925944804,0.019113775938749314,0.0043196348473429685,1,0.0003392919421195984
351,val,1,95.84756459668279,37.09146117605269,95.14985212765353,35.92380027213606,-3.148058520462123,0.06132964361275783,566.4210491348058,88.31220038700849,24.69926817715168,29.59321573842317,63.845814089290805,0.046644964925944804,0.019113775938749314,0.0043196348473429685,1,0.0003392919421195984
351,val,2,95.84756459668279,37.09146117605269,95.15229990525026,35.921900899148326,-3.153179302786446,0.061318369287885297,566.4210491348058,88.31220038700849,24.69926817715168,29.59321573842317,63.845814089290805,0.046644964925944804,0.019113775938749314,0.0043196348473429685,1,0.0003392919421195984
351,val,3,95.84756459668279,37.09146117605269,95.14506997873694,35.924410824595974,-3.1464124476449506,0.06133783923564332,566.4210491348058,88.31220038700849,24.69926817715168,29.59321573842317,63.845814089290805,0.046644964925944804,0.019113775938749314,0.0043196348473429685,1,0.0003392919421195984
352,val,0,84.9746525939554,44.88453537039459,86.46954338888267,42.48337614535081,-5.349635916310639,0.11865409564991164,978.6594679579139,89.76403521839529,20.576226860284805,13.37443271651864,78.0575989279896,0.1296991892158985,0.010238148756325244,0.03252678230404854,1,0.0006970736625604332
352,val,1,84.9746525939554,44.88453537039459,86.47387029510186,42.48175438925627,-5.353249089714711,0.11859884057560724,978.6594679579139,89.76403521839529,20.576226860284805,13.37443271651864,78.0575989279896,0.1296991892158985,0.010238148756325244,0.03252678230404854,1,0.0006970736625604332
352,val,2,84.9746525939554,44.88453537039459,86.47236499420765,42.48428655502684,-5.347607579226343,0.1185776157289024,978.6594679579139,89.76403521839529,20.576226860284805,13.37443271651864,78.0575989279896,0.1296991892158985,0.010238148756325244,0.03252678230404854,1,0.0006970736625604332
352,val,3,84.9746525939554,44.88453537039459,86.47586188270834,42.484987854267445,-5.346045127404537,0.11858491372920443,978.6594679579139,89.76403521839529,20.576226860284805,13.37443271651864,78.0575989279896,0.1296991892158985,0.010238148756325244,0.03252678230404854,1,0.0006970736625604332
353,val,0,113.24321283586323,27.954130263999108,111.69585762426235,27.77620148570035,-0.6365026442189162,0.18336125623928065,343.91881260089576,42.59439886547625,37.51822432875633,32.96472686342895,54.82222361955791,0.06336694506928324,0.007180105168372392,0.019981354251503946,1,0.00045604382762685425
353,val,1,113.24321283586323,27.954130263999108,111.70117686473446,27.77427389252724,-0.6433982018875233,0.1833497085549127,343.91881260089576,42.59439886547625,37.51822432875633,32.96472686342895,54.82222361955791,0.06336694506928324,0.007180105168372392,0.019981354251503946,1,0.00045604382762685425
353,val,2,113.24321283586323,27.954130263999108,111.69386417872308,27.776389667001013,-0.6358294653402211,0.18332221029799806,343.91881260089576,42.59439886547625,37.51822432875633,32.96472686342895,54.82222361955791,0.06336694506928324,0.007180105168372392,0.019981354251503946,1,0.00045604382762685425
353,val,3,113.24321283586323,27.954130263999108,111.69883567723146,27.77349760577757,-0.6461752038630431,0.1833240631890765,343.91881260089576,42.59439886547625,37.51822432875633,32.96472686342895,54.82222361955791,0.06336694506928324,0.007180105168372392,0.019981354251503946,1,0.00045604382762685425
354,val,0,89.64063371531665,39.644588742405176,89.68474639832488,39.5501624921889,-0.23818193910351101,0.014524563454509259,758.5040116216987,39.015142298303545,45.01681214570999,25.98728901706636,34.80872881133109,0.03969307780265808,0.0007517454959452153,0.0010683214664459228,0,0.0009544648886658252
354,val,1,89.64063371531665,39.644588742405176,89.6835653843853,39.55097462680419,-0.23613340072526529,0.014614826407094633,758.5040116216987,39.015142298303545,45.01681214570999,25.98728901706636,34.80872881133109,0.03969307780265808,0.0007517454959452153,0.0010683214664459228,0,0.0009544648886658252
354,val,2,89.64063371531665,39.644588742405176,89.68282406785421,39.54812270404123,-0.24332712590548947,0.014630900379747864,758.5040116216987,39.015142298303545,45.01681214570999,25.98728901706636,34.80872881133109,0.03969307780265808,0.0007517454959452153,0.0010683214664459228,0,0.0009544648886658252
354,val,3,89.64063371531665,39.644588742405176,89.68896277479145,39.544567896061054,-0.2522938174337444,0.014618097173798115,758.5040116216987,39.015142298303545,45.01681214570999,25.98728901706636,34.80872881133109,0.03969307780265808,0.0007517454959452153,0.0010683214664459228,0,0.0009544648886658252
355,val,0,99.07520767487586,34.08119869232178,103.0271110457744,30.001086885739113,-11.971737976170076,0.17610976198412623,537.4600853770971,60.90775968506932,13.077640295028687,40.127602498978376,106.94155073724687,0.15335528953000901,0.01636376466602087,0.026423808857798575,1,0.0002674175742082298
355,val,1,99.07520767487586,34.08119869232178,103.02921615734299,30.000942765250517,-11.972160850053985,0.17612805590023833,537.4600853770971,60.90775968506932,13.077640295028687,40.127602498978376,106.94155073724687,0.15335528953000901,0.01636376466602087,0.026423808857798575,1,0.0002674175742082298
355,val,2,99.07520767487586,34.08119869232178,103.02782930166975,30.001008088668044,-11.971969180100961,0.17615585199723102,537.4600853770971,60.90775968506932,13.077640295028687,40.127602498978376,106.94155073724687,0.15335528953000901,0.01636376466602087,0.026423808857798575,1,0.0002674175742082298
355,val,3,99.07520767487586,34.08119869232178,103.03093177530819,29.99938612555948,-11.976728294130979,0.17616963113872552,537.4600853770971,60.90775968506932,13.077640295028687,40.127602498978376,106.94155073724687,0.15335528953000901,0.01636376466602087,0.026423808857798575,1,0.0002674175742082298
356,val,0,103.89159951545298,25.090041941031814,103.67858446059068,25.217865055473737,0.5094575558794976,0.07211274158511426,579.6103630680591,67.84115953370929,24.130730390548706,20.44871205464005,24.39029308501631,0.08638599844649433,0.002649086229503155,0.009923263266682626,1,0.0008392785415053368
356,val,1,103.89159951545298,25.090041941031814,103.66470666233653,25.219577448719352,0.5162825474424413,0.07210516079870563,579.6103630680591,67.84115953370929,24.130730390548706,20.44871205464005,24.39029308501631,0.08638599844649433,0.002649086229503155,0.009923263266682626,1,0.0008392785415053368
356,val,2,103.89159951545298,25.090041941031814,103.69193376412494,25.21147068511385,0.4839718656805109,0.07210261481457915,579.6103630680591,67.84115953370929,24.130730390548706,20.44871205464005,24.39029308501631,0.08638599844649433,0.002649086229503155,0.009923263266682626,1,0.0008392785415053368
356,val,3,103.89159951545298,25.090041941031814,103.6796055783596,25.214698604192673,0.4968372051901432,0.07208030596712241,579.6103630680591,67.84115953370929,24.130730390548706,20.44871205464005,24.39029308501631,0.08638599844649433,0.002649086229503155,0.009923263266682626,1,0.0008392785415053368
357,val,0,94.32595589570701,49.638264084234834,95.57161838510314,46.635235695734046,-6.049825560790615,0.11023692621687073,371.0953430272639,29.795479117892683,28.368202030658722,45.66066416911781,96.61588844843209,0.10737236034125089,0.01945407861843705,0.02254445180296898,0,0.0005950898991897703
357,val,1,94.32595589570701,49.638264084234834,95.58708112398543,46.62564877491458,-6.069139130667274,0.1101993312693188,371.0953430272639,29.795479117892683,28.368202030658722,45.66066416911781,96.61588844843209,0.10737236034125089,0.01945407861843705,0.02254445180296898,0,0.0005950898991897703
357,val,2,94.32595589570701,49.638264084234834,95.57215657826691,46.63539858176404,-6.049497414685997,0.11021801608743727,371.0953430272639,29.795479117892683,28.368202030658722,45.66066416911781,96.61588844843209,0.10737236034125089,0.01945407861843705,0.02254445180296898,0,0.0005950898991897703
357,val,3,94.32595589570701,49.638264084234834,95.57480308526418,46.633431578240405,-6.05346009057711,0.11021164223214373,371.0953430272639,29.795479117892683,28.368202030658722,45.66066416911781,96.61588844843209,0.10737236034125089,0.01945407861843705,0.02254445180296898,0,0.0005950898991897703
358,val,0,108.72308671660721,31.319829251617193,107.359464962032,31.665610946422056,1.1040344186646784,0.15523524580956435,839.6591599099338,49.52854354865849,47.86668452620506,7.660075342282653,64.63452960364519,0.1763797582872212,0.013397077191621065,0.03648434065282345,1,0.0010373701797798277
358,val,1,108.72308671660721,31.319829251617193,107.34789511359172,31.668573034822664,1.1134919683109796,0.15524431628109164,839.6591599099338,49.52854354865849,47.86668452620506,7.660075342282653,64.63452960364519,0.1763797582872212,0.013397077191621065,0.03648434065282345,1,0.0010373701797798277
358,val,2,108.72308671660721,31.319829251617193,107.34021670977764,31.671261332075332,1.1220753396667704,0.15529566006601045,839.6591599099338,49.52854354865849,47.86668452620506,7.660075342282653,64.63452960364519,0.1763797582872212,0.013397077191621065,0.03648434065282345,1,0.0010373701797798277
358,val,3,108.72308671660721,31.319829251617193,107.36941520190567,31.661946943266845,1.0923357496656383,0.15526545940012115,839.6591599099338,49.52854354865849,47.86668452620506,7.660075342282653,64.63452960364519,0.1763797582872212,0.013397077191621065,0.03648434065282345,1,0.0010373701797798277
359,val,0,79.99186425469814,44.266317792236805,81.16639462413379,42.51585495726287,-3.9543899792833663,0.09812456834468529,190.67751155234873,80.54560890886933,4.632246643304825,38.67357028648257,41.49192773271352,0.01736066188663244,0.009028343595564366,0.01104821115732193,0,0.0003532615169882775
359,val,1,79.99186425469814,44.266317792236805,81.16746882026452,42.51722860793527,-3.9512868283078153,0.09811096586876102,190.67751155234873,80.54560890886933,4.632246643304825,38.67357028648257,41.49192773271352,0.01736066188663244,0.009028343595564366,0.01104821115732193,0,0.0003532615169882775
359,val,2,79.99186425469814,44.266317792236805,81.16445012498981,42.51658894236047,-3.9527318673503764,0.09813680833993312,190.67751155234873,80.54560890886933,4.632246643304825,38.67357028648257,41.49192773271352,0.01736066188663244,0.009028343595564366,0.01104821115732193,0,0.0003532615169882775
359,val,3,79.99186425469814,44.266317792236805,81.16256925650931,42.51796034538875,-3.9496337939241752,0.09807655323948332,190.67751155234873,80.54560890886933,4.632246643304825,38.67357028648257,41.49192773271352,0.01736066188663244,0.009028343595564366,0.01104821115732193,0,0.0003532615169882775
360,val,0,96.9240380320698,31.540220722556114,97.8915497270266,30.248357782267096,-4.095922319798909,0.10160522235830344,728.6013301461935,77.69179206807166,11.62682856619358,17.44594348128885,18.343123542144895,0.13940913386642934,0.00826308436691761,0.0056819991394877435,1,0.0002216303560882807
360,val,1,96.9240380320698,31.540220722556114,97.88867455693612,30.2492432584717,-4.093114868917725,0.10160962075253406,728.6013301461935,77.69179206807166,11.62682856619358,17.44594348128885,18.343123542144895,0.13940913386642934,0.00826308436691761,0.0056819991394877435,1,0.0002216303560882807
360,val,2,96.9240380320698,31.540220722556114,97.88594942579562,30.250475796014825,-4.089207041024035,0.10158844331401812,728.6013301461935,77.69179206807166,11.62682856619358,17.44594348128885,18.343123542144895,0.13940913386642934,0.00826308436691761,0.0056819991394877435,1,0.0002216303560882807
360,val,3,96.9240380320698,31.540220722556114,97.88358339558079,30.250191362651833,-4.090108852604547,0.10160874310631716,728.6013301461935,77.69179206807166,11.62682856619358,17.44594348128885,18.343123542144895,0.13940913386642934,0.00826308436691761,0.0056819991394877435,1,0.0002216303560882807
361,val,0,106.04411533288656,40.85898904874921,104.85060072756463,40.30278888694292,-1.3612675564309358,0.04521288519705424,514.2887347843498,54.928336096927524,40.37991662323475,48.32942102570087,90.56581849697977,0.025434496756643055,0.013842736463993787,0.02181148786097765,0,0.0008875289922580124
361,val,1,106.04411533288656,40.85898904874921,104.87183315096549,40.29136739097188,-1.3892210037309012,0.045227237592517545,514.2887347843498,54.928336096927524,40.37991662323475,48.32942102570087,90.56581849697977,0.025434496756643055,0.013842736463993787,0.02181148786097765,0,0.0008875289922580124
361,val,2,106.04411533288656,40.85898904874921,104.86601531372982,40.29251986904682,-1.3864003806519356,0.045293086690860095,514.2887347843498,54.928336096927524,40.37991662323475,48.32942102570087,90.56581849697977,0.025434496756643055,0.013842736463993787,0.02181148786097765,0,0.0008875289922580124
361,val,3,106.04411533288656,40.85898904874921,104.84782187772427,40.303177358993636,-1.3603167936740421,0.04520574745676692,514.2887347843498,54.928336096927524,40.37991662323475,48.32942102570087,90.56581849697977,0.025434496756643055,0.013842736463993787,0.02181148786097765,0,0.0008875289922580124
362,val,0,82.73813021369278,22.55016194470227,82.80639981198449,21.34526930348285,-5.343166244987809,0.09131715226468501,895.6716510932893,26.942898663692176,35.878398939967155,10.282649924047291,70.50050244200975,0.049396147951483727,0.017761065866798164,0.037910664044320586,1,0.0005300110226497054
362,val,1,82.73813021369278,22.55016194470227,82.80245592153315,21.346375308294572,-5.338261602553606,0.09128672408175569,895.6716510932893,26.942898663692176,35.878398939967155,10.282649924047291,70.50050244200975,0.049396147951483727,0.017761065866798164,0.037910664044320586,1,0.0005300110226497054
362,val,2,82.73813021369278,22.55016194470227,82.79475917861127,21.349059246648398,-5.326359522380501,0.09132839146669186,895.6716510932893,26.942898663692176,35.878398939967155,10.282649924047291,70.50050244200975,0.049396147951483727,0.017761065866798164,0.037910664044320586,1,0.0005300110226497054
362,val,3,82.73813021369278,22.55016194470227,82.80578115735331,21.346281182820473,-5.33867900742338,0.0912775868662187,895.6716510932893,26.942898663692176,35.878398939967155,10.282649924047291,70.50050244200975,0.049396147951483727,0.017761065866798164,0.037910664044320586,1,0.0005300110226497054
363,val,0,110.72741871140897,50.736175103113055,110.31428810408008,50.38118362953166,-0.6996811897229798,0.0191392944566213,267.4808641895652,73.24169643223286,16.128344640135765,35.7176706334576,47.349201468750834,0.11542696913704276,0.004667029976844788,0.014596115984022618,0,0.0007358296725898982
363,val,1,110.72741871140897,50.736175103113055,110.30388707186904,50.382035663366075,-0.6980018478477137,0.019130489909056993,267.4808641895652,73.24169643223286,16.128344640135765,35.7176706334576,47.349201468750834,0.11542696913704276,0.004667029976844788,0.014596115984022618,0,0.0007358296725898982
363,val,2,110.72741871140897,50.736175103113055,110.30301201955035,50.383920208797925,-0.6942874459874687,0.01922474683587275,267.4808641895652,73.24169643223286,16.128344640135765,35.7176706334576,47.349201468750834,0.11542696913704276,0.004667029976844788,0.014596115984022618,0,0.0007358296725898982
363,val,3,110.72741871140897,50.736175103113055,110.29635784534008,50.38674359988963,-0.6887225978569956,0.019104553057137583,267.4808641895652,73.24169643223286,16.128344640135765,35.7176706334576,47.349201468750834,0.11542696913704276,0.004667029976844788,0.014596115984022618,0,0.0007358296725898982
364,val,0,115.98909813724458,37.99547382444143,114.1326601778196,37.78336708936385,-0.5582421107777756,0.03764313135100725,862.8717272076756,63.639567978680134,9.173881635069847,15.994094586931169,83.88986891601235,0.003470210675150156,0.015869334489107132,0.03186814356595278,0,0.00041997421002015474
364,val,1,115.98909813724458,37.99547382444143,114.14442306710748,37.778880753178214,-0.5700496650311245,0.03761035869007729,862.8717272076756,63.639567978680134,9.173881635069847,15.994094586931169,83.88986891601235,0.003470210675150156,0.015869334489107132,0.03186814356595278,0,0.00041997421002015474
364,val,2,115.98909813724458,37.99547382444143,114.13329679500517,37.78286269873687,-0.5595696126515902,0.037642380634876654,862.8717272076756,63.639567978680134,9.173881635069847,15.994094586931169,83.88986891601235,0.003470210675150156,0.015869334489107132,0.03186814356595278,0,0.00041997421002015474
364,val,3,115.98909813724458,37.99547382444143,114.1377688463476,37.781230021457766,-0.5638666436259793,0.03763251045031962,862.8717272076756,63.639567978680134,9.173881635069847,15.994094586931169,83.88986891601235,0.003470210675150156,0.015869334489107132,0.03186814356595278,0,0.00041997421002015474
365,val,0,86.97816933877765,36.293378125876195,91.0116417123802,33.317837965728316,-8.198575921557428,0.1532834086677495,220.64739717170596,33.751183743588626,49.22525696456432,30.000753593631085,60.64579450525343,0.1620876171067357,0.0015463969670236112,0.015663046948611738,1,0.0010829341878183186
365,val,1,86.97816933877765,36.293378125876195,91.02485285138773,33.31035701249044,-8.21918836830164,0.15343518946313303,220.64739717170596,33.751183743588626,49.22525696456432,30.000753593631085,60.64579450525343,0.1620876171067357,0.0015463969670236112,0.015663046948611738,1,0.0010829341878183186
365,val,2,86.97816933877765,36.293378125876195,90.99703632679584,33.321986073370034,-8.187146542822475,0.15333501067439,220.64739717170596,33.751183743588626,49.22525696456432,30.000753593631085,60.64579450525343,0.1620876171067357,0.0015463969670236112,0.015663046948611738,1,0.0010829341878183186
365,val,3,86.97816933877765,36.293378125876195,90.99489462664256,33.32196001891402,-8.187218331279107,0.15336004172389234,220.64739717170596,33.751183743588626,49.22525696456432,30.000753593631085,60.64579450525343,0.1620876171067357,0.0015463969670236112,0.015663046948611738,1,0.0010829341878183186
366,val,0,101.67247427813707,47.97514809109271,103.59123823785555,45.952962844580576,-4.215068273833189,0.10832547920291953,656.0072467662394,45.326952477917075,32.72384496033192,22.98160739708692,28.79816128872335,0.09345709601417183,0.005132959913462401,0.004537019468843937,1,0.0005565569986589253
366,val,1,101.67247427813707,47.97514809109271,103.59255458728212,45.95054948841656,-4.220098703670384,0.10837250195849661,656.0072467662394,45.326952477917075,32.72384496033192,22.98160739708692,28.79816128872335,0.09345709601417183,0.005132959913462401,0.004537019468843937,1,0.0005565569986589253
366,val,2,101.67247427813707,47.97514809109271,103.594635921547,45.94923202933151,-4.222844831900252,0.10831827613572033,656.0072467662394,45.326952477917075,32.72384496033192,22.98160739708692,28.79816128872335,0.09345709601417183,0.005132959913462401,0.004537019468843937,1,0.0005565569986589253
366,val,3,101.67247427813707,47.97514809109271,103.59719867932073,45.948223072117365,-4.224947914963659,0.10839525153562479,656.0072467662394,45.326952477917075,32.72384496033192,22.98160739708692,28.79816128872335,0.09345709601417183,0.005132959913462401,0.004537019468843937,1,0.0005565569986589253
367,val,0,91.79276915825903,27.17154677771032,90.53315797907715,26.803863631037878,-1.3531918137765528,0.09867785610572674,454.0162090677768,84.50131401885301,25.675295248627663,42.78828607406467,100.92808280605821,0.07208004657179116,0.011980046853423118,0.02793205704540014,1,0.0007655344626866282
367,val,1,91.79276915825903,27.17154677771032,90.53533621226875,26.804934755932646,-1.3492497308928157,0.09865600906827654,454.0162090677768,84.50131401885301,25.675295248627663,42.78828607406467,100.92808280605821,0.07208004657179116,0.011980046853423118,0.02793205704540014,1,0.0007655344626866282
367,val,2,91.79276915825903,27.17154677771032,90.52982971181346,26.807122085165503,-1.3411996583270152,0.09868581004369875,454.0162090677768,84.50131401885301,25.675295248627663,42.78828607406467,100.92808280605821,0.07208004657179116,0.011980046853423118,0.02793205704540014,1,0.0007655344626866282
367,val,3,91.79276915825903,27.17154677771032,90.5348209295815,26.805834085772076,-1.345939908869118,0.09872192782328226,454.0162090677768,84.50131401885301,25.675295248627663,42.78828607406467,100.92808280605821,0.07208004657179116,0.011980046853423118,0.02793205704540014,1,0.0007655344626866282
368,val,0,106.54259557276964,42.244607692584395,105.70101037107655,40.9149816248149,-3.147445651395886,0.14268700784835717,653.1818909570575,82.06566493026912,50.792544826865196,30.365289268083867,29.89088212605566,0.10421614514663816,0.011360545884817838,0.020789815708994866,1,0.0009112440877594054
368,val,1,106.54259557276964,42.244607692584395,105.72358851475884,40.90086393368229,-3.180864570173268,0.1427564062647084,653.1818909570575,82.06566493026912,50.792544826865196,30.365289268083867,29.89088212605566,0.10421614514663816,0.011360545884817838,0.020789815708994866,1,0.0009112440877594054
368,val,2,106.54259557276964,42.244607692584395,105.69920807771658,40.91159449564815,-3.15546354847613,0.14264179700146848,653.1818909570575,82.06566493026912,50.792544826865196,30.365289268083867,29.89088212605566,0.10421614514663816,0.011360545884817838,0.020789815708994866,1,0.0009112440877594054
368,val,3,106.54259557276964,42.244607692584395,105.69448536218466,40.914918726781465,-3.1475945414835587,0.14275174609609123,653.1818909570575,82.06566493026912,50.792544826865196,30.365289268083867,29.89088212605566,0.10421614514663816,0.011360545884817838,0.020789815708994866,1,0.0009112440877594054
369,val,0,78.57072927430272,32.931389415636666,80.13302365582227,31.753790932657285,-3.575914967074619,0.052820743219800126,430.5426250677556,48.00364610273391,7.589566394686699,10.799628696404397,102.026601806283,0.08322910901159047,0.005742690488696098,0.006682497262954712,0,0.00025614617420360446
369,val,1,78.57072927430272,32.931389415636666,80.13352687299832,31.753444883227143,-3.5769657864790902,0.05284854181448866,430.5426250677556,48.00364610273391,7.589566394686699,10.799628696404397,102.026601806283,0.08322910901159047,0.005742690488696098,0.006682497262954712,0,0.00025614617420360446
369,val,2,78.57072927430272,32.931389415636666,80.13058399523084,31.754148572363597,-3.5748289524464583,0.05281312124232063,430.5426250677556,48.00364610273391,7.589566394686699,10.799628696404397,102.026601806283,0.08322910901159047,0.005742690488696098,0.006682497262954712,0,0.00025614617420360446
369,val,3,78.57072927430272,32.931389415636666,80.13451169104682,31.752966855180173,-3.578417374327203,0.052830860742950264,430.5426250677556,48.00364610273391,7.589566394686699,10.799628696404397,102.026601806283,0.08322910901159047,0.005742690488696098,0.006682497262954712,0,0.00025614617420360446
370,val,0,101.87875711917877,51.190766420215375,101.0973998725208,51.674958805400045,0.9458588316690396,0.06591169766858021,871.7150734271854,35.379025265574455,27.090990379452705,40.25251963641495,82.0489806868136,0.014200423378497362,0.002185422033071518,0.013117521777749061,1,0.000712272661458701
370,val,1,101.87875711917877,51.190766420215375,101.0934288205494,51.67787315751707,0.9515519523640769,0.0658596153376245,871.7150734271854,35.379025265574455,27.090990379452705,40.25251963641495,82.0489806868136,0.014200423378497362,0.002185422033071518,0.013117521777749061,1,0.000712272661458701
370,val,2,101.87875711917877,51.190766420215375,101.08644528326415,51.677362565414036,0.9505545222829649,0.06587945950205483,871.7150734271854,35.379025265574455,27.090990379452705,40.25251963641495,82.0489806868136,0.014200423378497362,0.002185422033071518,0.013117521777749061,1,0.000712272661458701
370,val,3,101.87875711917877,51.190766420215375,101.08084091663318,51.68520609888618,0.9658766868462959,0.06596140871554955,871.7150734271854,35.379025265574455,27.090990379452705,40.25251963641495,82.0489806868136,0.014200423378497362,0.002185422033071518,0.013117521777749061,1,0.000712272661458701
371,val,0,92.74123949930072,23.010189540684227,94.48630516240445,21.34688896451105,-7.228539222731303,0.11176961017806972,238.51782716810703,62.25475269835442,31.29111959040165,26.13666773308068,58.81070479284972,0.17321882408112288,0.015240070279687644,0.03940989807248116,0,0.0004953370028175414
371,val,1,92.74123949930072,23.010189540684227,94.48866036467857,21.34632099875102,-7.231007545554236,0.11179928991334655,238.51782716810703,62.25475269835442,31.29111959040165,26.13666773308068,58.81070479284972,0.17321882408112288,0.015240070279687644,0.03940989807248116,0,0.0004953370028175414
371,val,2,92.74123949930072,23.010189540684227,94.47985078566374,21.348613841876393,-7.221043076894286,0.11176659072533028,238.51782716810703,62.25475269835442,31.29111959040165,26.13666773308068,58.81070479284972,0.17321882408112288,0.015240070279687644,0.03940989807248116,0,0.0004953370028175414
371,val,3,92.74123949930072,23.010189540684227,94.48397392538914,21.347106628045502,-7.22759327861351,0.11181468727809825,238.51782716810703,62.25475269835442,31.29111959040165,26.13666773308068,58.81070479284972,0.17321882408112288,0.015240070279687644,0.03940989807248116,0,0.0004953370028175414
372,val,0,87.6256669126451,35.80949663929641,87.69453692696813,34.754012075298746,-2.947499024153848,0.13740798430097434,945.1371323782951,71.56826212536544,42.01146127283573,45.78817751724273,71.59340430051087,0.06090226739645004,0.004027986135333776,0.016664847433567047,1,0.0010542169267311694
372,val,1,87.6256669126451,35.80949663929641,87.67128052996367,34.762341445227655,-2.9242387979272424,0.13732433048147874,945.1371323782951,71.56826212536544,42.01146127283573,45.78817751724273,71.59340430051087,0.06090226739645004,0.004027986135333776,0.016664847433567047,1,0.0010542169267311694
372,val,2,87.6256669126451,35.80949663929641,87.70209291122853,34.74687160472591,-2.9674391831702214,0.13718116591957039,945.1371323782951,71.56826212536544,42.01146127283573,45.78817751724273,71.59340430051087,0.06090226739645004,0.004027986135333776,0.016664847433567047,1,0.0010542169267311694
372,val,3,87.6256669126451,35.80949663929641,87.68753705131138,34.75639421082558,-2.9408467789384822,0.13739191063235554,945.1371323782951,71.56826212536544,42.01146127283573,45.78817751724273,71.59340430051087,0.06090226739645004,0.004027986135333776,0.016664847433567047,1,0.0010542169267311694
373,val,0,97.48793171346188,37.50615695305169,99.86404424769191,34.47591394218538,-8.07932152222211,0.11562524500930785,297.95832419767976,28.349565006792545,10.013043716549873,20.595537475310266,48.44790184404701,0.12723521126434206,0.018390348851680755,0.030847925171256067,1,0.0003944225959479809
373,val,1,97.48793171346188,37.50615695305169,99.86846901146335,34.474609158955566,-8.082800372991727,0.11564907676103407,297.95832419767976,28.349565006792545,10.013043716549873,20.595537475310266,48.44790184404701,0.12723521126434206,0.018390348851680755,0.030847925171256067,1,0.0003944225959479809
373,val,2,97.48793171346188,37.50615695305169,99.8586378523509,34.47846769487148,-8.072512632979471,0.11560251390644041,297.95832419767976,28.349565006792545,10.013043716549873,20.595537475310266,48.44790184404701,0.12723521126434206,0.018390348851680755,0.030847925171256067,1,0.0003944225959479809
373,val,3,97.48793171346188,37.50615695305169,99.86431077620684,34.47702391618143,-8.07636207746365,0.11561355012412605,297.95832419767976,28.349565006792545,10.013043716549873,20.595537475310266,48.44790184404701,0.12723521126434206,0.018390348851680755,0.030847925171256067,1,0.0003944225959479809
374,val,0,82.79624990001321,25.756624553352598,82.72830509038965,24.83632602973006,-3.5730556296933176,0.04256010909293468,686.8139448575675,57.31839240062982,17.514549419283867,36.07672923710198,16.502416688017547,0.15088641688227653,0.014462256208062171,0.029429989904165267,0,0.0007941898636519909
374,val,1,82.79624990001321,25.756624553352598,82.73836738322471,24.833110484758016,-3.585539971208578,0.042530580321946294,686.8139448575675,57.31839240062982,17.514549419283867,36.07672923710198,16.502416688017547,0.15088641688227653,0.014462256208062171,0.029429989904165267,0,0.0007941898636519909
374,val,2,82.79624990001321,25.756624553352598,82.72869147877411,24.835498118143917,-3.5762699933783924,0.0425578873041305,686.8139448575675,57.31839240062982,17.514549419283867,36.07672923710198,16.502416688017547,0.15088641688227653,0.014462256208062171,0.029429989904165267,0,0.0007941898636519909
374,val,3,82.79624990001321,25.756624553352598,82.73322134162396,24.83475315875918,-3.5791622954469,0.04263858628662703,686.8139448575675,57.31839240062982,17.514549419283867,36.07672923710198,16.502416688017547,0.15088641688227653,0.014462256208062171,0.029429989904165267,0,0.0007941898636519909
375,val,0,111.8246008977294,46.55467492341995,109.68042396206957,47.3616980243548,1.7334952982968095,0.08838785632098019,476.54801518656313,75.03694950602949,34.50995682179928,5.082717691548169,88.73090980574489,0.037224883418530225,0.007653335016220808,0.0030569703131914138,1,0.0005821707779541612
375,val,1,111.8246008977294,46.55467492341995,109.68501402817392,47.35821462998627,1.7260129254217629,0.08832606617889578,476.54801518656313,75.03694950602949,34.50995682179928,5.082717691548169,88.73090980574489,0.037224883418530225,0.007653335016220808,0.0030569703131914138,1,0.0005821707779541612
375,val,2,111.8246008977294,46.55467492341995,109.69003279408305,47.359923931598686,1.7296845257824722,0.08833828898281676,476.54801518656313,75.03694950602949,34.50995682179928,5.082717691548169,88.73090980574489,0.037224883418530225,0.007653335016220808,0.0030569703131914138,1,0.0005821707779541612
375,val,3,111.8246008977294,46.55467492341995,109.68481955992928,47.362354402671606,1.7349052067923187,0.0883661325792579,476.54801518656313,75.03694950602949,34.50995682179928,5.082717691548169,88.73090980574489,0.037224883418530225,0.007653335016220808,0.0030569703131914138,1,0.0005821707779541612
376,val,0,99.64012151584029,29.3690452799201,100.00844236687597,28.558855040294105,-2.7586536501407144,0.05832254934652104,788.6885318905115,77.89619133807719,29.741931319236755,48.79527936689556,65.76838241424412,0.1645440543629229,0.009658842850476504,0.017729823030531406,0,0.0004286792112514377
376,val,1,99.64012151584029,29.3690452799201,100.00631772508257,28.55806180109639,-2.7613545864161466,0.05832297864939622,788.6885318905115,77.89619133807719,29.741931319236755,48.79527936689556,65.76838241424412,0.1645440543629229,0.009658842850476504,0.017729823030531406,0,0.0004286792112514377
376,val,2,99.64012151584029,29.3690452799201,100.00682420632145,28.55849757214782,-2.7598708097142564,0.058296640882076096,788.6885318905115,77.89619133807719,29.741931319236755,48.79527936689556,65.76838241424412,0.1645440543629229,0.009658842850476504,0.017729823030531406,0,0.0004286792112514377
376,val,3,99.64012151584029,29.3690452799201,100.00441665088645,28.55851999872166,-2.759794448451485,0.05838127518731309,788.6885318905115,77.89619133807719,29.741931319236755,48.79527936689556,65.76838241424412,0.1645440543629229,0.009658842850476504,0.017729823030531406,0,0.0004286792112514377
377,val,0,90.22291539609432,46.30500132963062,90.31242134856797,43.87072640892677,-5.257045353211451,0.17739611909324426,162.2227685060352,51.92700030747801,22.727885901927948,17.936263401061296,42.619982026517384,0.005925949551165104,0.012756807543337346,0.034796202145516875,1,0.000666653684899211
377,val,1,90.22291539609432,46.30500132963062,90.3105055026427,43.868696318786476,-5.261429523564552,0.1773402975678768,162.2227685060352,51.92700030747801,22.727885901927948,17.936263401061296,42.619982026517384,0.005925949551165104,0.012756807543337346,0.034796202145516875,1,0.000666653684899211
377,val,2,90.22291539609432,46.30500132963062,90.31339886661263,43.869295732321326,-5.260135033730529,0.17736367852054294,162.2227685060352,51.92700030747801,22.727885901927948,17.936263401061296,42.619982026517384,0.005925949551165104,0.012756807543337346,0.034796202145516875,1,0.000666653684899211
377,val,3,90.22291539609432,46.30500132963062,90.32250834556159,43.86532898600167,-5.268701595021435,0.17732685707332604,162.2227685060352,51.92700030747801,22.727885901927948,17.936263401061296,42.619982026517384,0.005925949551165104,0.012756807543337346,0.034796202145516875,1,0.000666653684899211
378,val,0,113.82809952273963,34.56508738733829,110.28215119452209,34.787467709301126,0.6433668732580817,0.12674353376820582,623.3178834896535,31.20955215767026,6.229391783475876,33.45848759636283,22.52023195847869,0.07453518563881516,0.018843103460967542,0.026175072379410268,1,0.00029473396949470043
378,val,1,113.82809952273963,34.56508738733829,110.28536287246733,34.7864725693785,0.640487841269891,0.12671760405434238,623.3178834896535,31.20955215767026,6.229391783475876,33.45848759636283,22.52023195847869,0.07453518563881516,0.018843103460967542,0.026175072379410268,1,0.00029473396949470043
378,val,2,113.82809952273963,34.56508738733829,110.28650386172282,34.78593295467447,0.6389266859400011,0.12672601277810921,623.3178834896535,31.20955215767026,6.229391783475876,33.45848759636283,22.52023195847869,0.07453518563881516,0.018843103460967542,0.026175072379410268,1,0.00029473396949470043
378,val,3,113.82809952273963,34.56508738733829,110.28195049325802,34.78804895173006,0.6450484614526176,0.12673647768071533,623.3178834896535,31.20955215767026,6.229391783475876,33.45848759636283,22.52023195847869,0.07453518563881516,0.018843103460967542,0.026175072379410268,1,0.00029473396949470043
379,val,0,85.5421895608306,40.13391282223165,88.12843946573109,38.021917344248465,-5.262371220414068,0.08588433984000154,407.22843538969755,66.17810738738626,46.24042704701424,8.048100462183356,94.740029159002,0.09591155815869569,0.0032698222436010837,0.0012986354157328605,1,0.0009849332047626377
379,val,1,85.5421895608306,40.13391282223165,88.14000648015309,38.01558733843138,-5.278143432421199,0.0860576247959261,407.22843538969755,66.17810738738626,46.24042704701424,8.048100462183356,94.740029159002,0.09591155815869569,0.0032698222436010837,0.0012986354157328605,1,0.0009849332047626377
379,val,2,85.5421895608306,40.13391282223165,88.13236483921936,38.02062473165034,-5.265591969419656,0.08584469172958677,407.22843538969755,66.17810738738626,46.24042704701424,8.048100462183356,94.740029159002,0.09591155815869569,0.0032698222436010837,0.0012986354157328605,1,0.0009849332047626377
379,val,3,85.5421895608306,40.13391282223165,88.13737837925407,38.017412235720336,-5.273596411807898,0.08602981691236845,407.22843538969755,66.17810738738626,46.24042704701424,8.048100462183356,94.740029159002,0.09591155815869569,0.0032698222436010837,0.0012986354157328605,1,0.0009849332047626377
380,val,0,80.57500690966845,49.18367986381054,80.38920881774631,47.35860824701797,-3.7107260413336003,0.10032084534143831,763.1462177727371,59.52737757470459,38.968321830034256,27.744124187156554,35.9424002468586,0.028604444190859793,0.01697472045198083,0.02481517281383276,1,0.0006280128640122712
380,val,1,80.57500690966845,49.18367986381054,80.3945008945818,47.356114114827804,-3.7157970978244417,0.10041825549091961,763.1462177727371,59.52737757470459,38.968321830034256,27.744124187156554,35.9424002468586,0.028604444190859793,0.01697472045198083,0.02481517281383276,1,0.0006280128640122712
380,val,2,80.57500690966845,49.18367986381054,80.39924262076198,47.353713569144304,-3.7206778747206504,0.1003168334481755,763.1462177727371,59.52737757470459,38.968321830034256,27.744124187156554,35.9424002468586,0.028604444190859793,0.01697472045198083,0.02481517281383276,1,0.0006280128640122712
380,val,3,80.57500690966845,49.18367986381054,80.39878115887777,47.35152044608675,-3.7251369210214254,0.10037852659253632,763.1462177727371,59.52737757470459,38.968321830034256,27.744124187156554,35.9424002468586,0.028604444190859793,0.01697472045198083,0.02481517281383276,1,0.0006280128640122712
381,val,0,109.28887965157627,24.630021441727877,111.57686838771173,23.821967569862018,-3.2807680406516675,0.06891013111233306,559.6376570872962,40.65237609669566,19.155976980924606,13.756948579102755,108.06942400988191,0.1425797568820417,0.00013102885335683823,0.007673186995089054,0,0.0008610707714222372
381,val,1,109.28887965157627,24.630021441727877,111.55309479306153,23.8315671310106,-3.241792998866604,0.06879901946331804,559.6376570872962,40.65237609669566,19.155976980924606,13.756948579102755,108.06942400988191,0.1425797568820417,0.00013102885335683823,0.007673186995089054,0,0.0008610707714222372
381,val,2,109.28887965157627,24.630021441727877,111.58200899743905,23.82363696043275,-3.2739901717217412,0.06890592320894949,559.6376570872962,40.65237609669566,19.155976980924606,13.756948579102755,108.06942400988191,0.1425797568820417,0.00013102885335683823,0.007673186995089054,0,0.0008610707714222372
381,val,3,109.28887965157627,24.630021441727877,111.57780654513103,23.825278400085057,-3.2673257859184672,0.06892358156412767,559.6376570872962,40.65237609669566,19.155976980924606,13.756948579102755,108.06942400988191,0.1425797568820417,0.00013102885335683823,0.007673186995089054,0,0.0008610707714222372
382,val,0,94.89377343654633,42.8806920517236,95.84262472403181,40.56615760924839,-5.397614478057793,0.1604419749197345,968.4143611229956,45.27750736568123,14.657400786876678,43.256697710603476,76.18735678028315,0.11859544672071934,0.006549625284969807,0.011277222745120526,1,0.0003205102755688131
382,val,1,94.89377343654633,42.8806920517236,95.84145793703348,40.56648400223208,-5.3968533126752485,0.16044400211799678,968.4143611229956,45.27750736568123,14.657400786876678,43.256697710603476,76.18735678028315,0.11859544672071934,0.006549625284969807,0.011277222745120526,1,0.0003205102755688131
382,val,2,94.89377343654633,42.8806920517236,95.84567648333868,40.563696864419654,-5.403353062747076,0.1604867218061069,968.4143611229956,45.27750736568123,14.657400786876678,43.256697710603476,76.18735678028315,0.11859544672071934,0.006549625284969807,0.011277222745120526,1,0.0003205102755688131
382,val,3,94.89377343654633,42.8806920517236,95.84382119851456,40.564459484633836,-5.401574592816441,0.1604502103477673,968.4143611229956,45.27750736568123,14.657400786876678,43.256697710603476,76.18735678028315,0.11859544672071934,0.006549625284969807,0.011277222745120526,1,0.0003205102755688131
383,val,0,104.47678489610553,29.928653461858634,104.13572592447055,29.48135347451014,-1.4945543337542293,0.041153723051707905,327.75938329286873,87.33976011164486,43.466896414756775,23.469331106171012,52.94618295505643,0.052565322574228045,0.010878399033099413,0.036234150417149065,0,0.0010154059213586153
383,val,1,104.47678489610553,29.928653461858634,104.12013602313091,29.486304619430936,-1.4780111741125583,0.0410903292824511,327.75938329286873,87.33976011164486,43.466896414756775,23.469331106171012,52.94618295505643,0.052565322574228045,0.010878399033099413,0.036234150417149065,0,0.0010154059213586153
383,val,2,104.47678489610553,29.928653461858634,104.12870723944505,29.484286357738572,-1.4847547507821144,0.04116639401889662,327.75938329286873,87.33976011164486,43.466896414756775,23.469331106171012,52.94618295505643,0.052565322574228045,0.010878399033099413,0.036234150417149065,0,0.0010154059213586153
383,val,3,104.47678489610553,29.928653461858634,104.14541640788313,29.479735232879957,-1.4999613315406273,0.04113959938404669,327.75938329286873,87.33976011164486,43.466896414756775,23.469331106171012,52.94618295505643,0.052565322574228045,0.010878399033099413,0.036234150417149065,0,0.0010154059213586153
384,test_interp,0,87.94114154577255,46.431041460484266,88.73272613693585,44.53330627224753,-4.087212193704147,0.15856590321439296,856.9171205628663,75.50711384043097,48.53624950349331,23.57616768218577,49.0768300788477,0.14346407717093826,0.01101577190682292,0.010361967533826828,1,0.0006015077556483448
384,test_interp,1,87.94114154577255,46.431041460484266,88.73127058929973,44.533494659765594,-4.086806457558362,0.15854276895825895,856.9171205628663,75.50711384043097,48.53624950349331,23.57616768218577,49.0768300788477,0.14346407717093826,0.01101577190682292,0.010361967533826828,1,0.0006015077556483448
384,test_interp,2,87.94114154577255,46.431041460484266,88.7241811840015,44.533497766471754,-4.086799766547218,0.15852453683716558,856.9171205628663,75.50711384043097,48.53624950349331,23.57616768218577,49.0768300788477,0.14346407717093826,0.01101577190682292,0.010361967533826828,1,0.0006015077556483448
384,test_interp,3,87.94114154577255,46.431041460484266,88.73028716144653,44.534944913088175,-4.083683001187447,0.15852457861583313,856.9171205628663,75.50711384043097,48.53624950349331,23.57616768218577,49.0768300788477,0.14346407717093826,0.01101577190682292,0.010361967533826828,1,0.0006015077556483448
385,test_interp,0,110.52576144784689,35.61951717175543,110.83973162569191,34.9579296988052,-1.8573735004887741,0.0837199900836886,433.30464381724596,42.860645493492484,23.175024136900902,28.186229094862938,104.89278508815913,0.062227929588407276,0.005441828966140747,0.02336844824254513,0,0.0009894616344012321
385,test_interp,1,110.52576144784689,35.61951717175543,110.84933038064206,34.95458001753272,-1.8667775619091704,0.08372679681421524,433.30464381724596,42.860645493492484,23.175024136900902,28.186229094862938,104.89278508815913,0.062227929588407276,0.005441828966140747,0.02336844824254513,0,0.0009894616344012321
385,test_interp,2,110.52576144784689,35.61951717175543,110.83306118555251,34.96129324501973,-1.8479305139420727,0.08366159493885841,433.30464381724596,42.860645493492484,23.175024136900902,28.186229094862938,104.89278508815913,0.062227929588407276,0.005441828966140747,0.02336844824254513,0,0.0009894616344012321
385,test_interp,3,110.52576144784689,35.61951717175543,110.84763474664891,34.958504421663314,-1.8557599950183241,0.08357156709224509,433.30464381724596,42.860645493492484,23.175024136900902,28.186229094862938,104.89278508815913,0.062227929588407276,0.005441828966140747,0.02336844824254513,0,0.0009894616344012321
386,test_interp,0,78.71443460136652,38.89648966304958,82.97553285095435,35.22272556315092,-9.444975964986936,0.14693463505750343,707.5913843233138,39.36590476427227,11.876553446054459,8.850010717287658,80.8052689069882,0.0051630488410592075,0.004114862699061632,0.030729934163391592,1,0.00028080775169655683
386,test_interp,1,78.71443460136652,38.89648966304958,82.97288300825151,35.2231127164412,-9.443980622492953,0.14695142105658543,707.5913843233138,39.36590476427227,11.876553446054459,8.850010717287658,80.8052689069882,0.0051630488410592075,0.004114862699061632,0.030729934163391592,1,0.00028080775169655683
386,test_interp,2,78.71443460136652,38.89648966304958,82.97551767142717,35.222595987757,-9.445309093747492,0.14697598815652735,707.5913843233138,39.36590476427227,11.876553446054459,8.850010717287658,80.8052689069882,0.0051630488410592075,0.004114862699061632,0.030729934163391592,1,0.00028080775169655683
386,test_interp,3,78.71443460136652,38.89648966304958,82.97580289745036,35.22219245774591,-9.446346539580231,0.14695061189058,707.5913843233138,39.36590476427227,11.876553446054459,8.850010717287658,80.8052689069882,0.0051630488410592075,0.004114862699061632,0.030729934163391592,1,0.00028080775169655683
387,test_interp,0,101.33605487644672,28.143573373556137,99.3649230265232,27.631909364743706,-1.8180491937572982,0.1040497621591791,277.28450279682875,71.75858333241194,34.32849469780922,49.94239017367364,24.1799245448783,0.10396943036466837,0.019691208861768245,0.0030396967753767968,1,0.0006650245086289942
387,test_interp,1,101.33605487644672,28.143573373556137,99.3501955039043,27.636202822870185,-1.8027936394270385,0.10413645624285511,277.28450279682875,71.75858333241194,34.32849469780922,49.94239017367364,24.1799245448783,0.10396943036466837,0.019691208861768245,0.0030396967753767968,1,0.0006650245086289942
387,test_interp,2,101.33605487644672,28.143573373556137,99.35555177468373,27.63511413625291,-1.8066619705832336,0.10403013264486297,277.28450279682875,71.75858333241194,34.32849469780922,49.94239017367364,24.1799245448783,0.10396943036466837,0.019691208861768245,0.0030396967753767968,1,0.0006650245086289942
387,test_interp,3,101.33605487644672,28.143573373556137,99.36459425925385,27.632217723961013,-1.8169535289914505,0.10403018660024586,277.28450279682875,71.75858333241194,34.32849469780922,49.94239017367364,24.1799245448783,0.10396943036466837,0.019691208861768245,0.0030396967753767968,1,0.0006650245086289942
388,test_interp,0,105.5723232049495,29.63922299258411,107.10158881226596,28.969944508599895,-2.2580837701166216,0.045929529459419416,655.760451592505,62.7990587009117,43.003224819898605,15.19575514830649,62.61947441380471,0.07078870978206396,0.00042724024504423144,0.03869703490287066,0,0.0004818832527846099
388,test_interp,1,105.5723232049495,29.63922299258411,107.10346096779931,28.969696002631665,-2.258922206293883,0.045969085475628016,655.760451592505,62.7990587009117,43.003224819898605,15.19575514830649,62.61947441380471,0.07078870978206396,0.00042724024504423144,0.03869703490287066,0,0.0004818832527846099
388,test_interp,2,105.5723232049495,29.63922299258411,107.10689510174821,28.968230458376183,-2.263866817209787,0.04593065407266875,655.760451592505,62.7990587009117,43.003224819898605,15.19575514830649,62.61947441380471,0.07078870978206396,0.00042724024504423144,0.03869703490287066,0,0.0004818832527846099
388,test_interp,3,105.5723232049495,29.63922299258411,107.10287512245144,28.970104205065002,-2.2575449689977574,0.045932857840563446,655.760451592505,62.7990587009117,43.003224819898605,15.19575514830649,62.61947441380471,0.07078870978206396,0.00042724024504423144,0.03869703490287066,0,0.0004818832527846099
389,test_interp,0,82.7721140626818,48.88813239336014,82.24509846193962,47.393434611481695,-3.057383681282632,0.09596837963963134,236.03642811067402,30.176029638387263,21.208231657743454,41.613484770059586,30.489273346029222,0.16885080512613057,0.016079188752919436,0.0050725781545042994,1,0.0008840660927817226
389,test_interp,1,82.7721140626818,48.88813239336014,82.24215931355198,47.396615325443626,-3.0508775747773935,0.09594895353500446,236.03642811067402,30.176029638387263,21.208231657743454,41.613484770059586,30.489273346029222,0.16885080512613057,0.016079188752919436,0.0050725781545042994,1,0.0008840660927817226
389,test_interp,2,82.7721140626818,48.88813239336014,82.24163511951436,47.397086400298264,-3.0499139976645537,0.09587861074497961,236.03642811067402,30.176029638387263,21.208231657743454,41.613484770059586,30.489273346029222,0.16885080512613057,0.016079188752919436,0.0050725781545042994,1,0.0008840660927817226
389,test_interp,3,82.7721140626818,48.88813239336014,82.24449223515144,47.39670759952094,-3.0506888294259333,0.0959007668877765,236.03642811067402,30.176029638387263,21.208231657743454,41.613484770059586,30.489273346029222,0.16885080512613057,0.016079188752919436,0.0050725781545042994,1,0.0008840660927817226
390,test_interp,0,115.98663915134965,22.163304340094328,113.46750408295675,22.2266966504288,0.2860237325703879,0.040599001187701995,931.3684975728393,52.073766430839896,8.406738206744194,17.35676602460444,54.64093224611133,0.12371433584019541,0.014754663854837417,0.017707425206899642,0,0.0003859816942363978
390,test_interp,1,115.98663915134965,22.163304340094328,113.46046343287442,22.22883481334583,0.29567104365821634,0.04062301448917933,931.3684975728393,52.073766430839896,8.406738206744194,17.35676602460444,54.64093224611133,0.12371433584019541,0.014754663854837417,0.017707425206899642,0,0.0003859816942363978
390,test_interp,2,115.98663915134965,22.163304340094328,113.47364646719859,22.22574091405909,0.28171148582665656,0.040626269536818096,931.3684975728393,52.073766430839896,8.406738206744194,17.35676602460444,54.64093224611133,0.12371433584019541,0.014754663854837417,0.017707425206899642,0,0.0003859816942363978
390,test_interp,3,115.98663915134965,22.163304340094328,113.47078052480168,22.226147773004243,0.2835472181656071,0.040613428050425504,931.3684975728393,52.073766430839896,8.406738206744194,17.35676602460444,54.64093224611133,0.12371433584019541,0.014754663854837417,0.017707425206899642,0,0.0003859816942363978
391,test_interp,0,93.14921163208783,41.353605741634965,93.13608641531243,39.86587728444812,-3.597578567832092,0.15088840647994017,505.0572742242366,84.44326868280768,33.2984925955534,35.23522727191448,87.4522343976423,0.041821706872433424,0.00910023583099246,0.02602297268807888,1,0.0007848704060539603
391,test_interp,1,93.14921163208783,41.353605741634965,93.13505884664313,39.86513870684524,-3.5993645731625517,0.15085230269836944,505.0572742242366,84.44326868280768,33.2984925955534,35.23522727191448,87.4522343976423,0.041821706872433424,0.00910023583099246,0.02602297268807888,1,0.0007848704060539603
391,test_interp,2,93.14921163208783,41.353605741634965,93.13065151715345,39.86901437055841,-3.589992564014454,0.15087339909413974,505.0572742242366,84.44326868280768,33.2984925955534,35.23522727191448,87.4522343976423,0.041821706872433424,0.00910023583099246,0.02602297268807888,1,0.0007848704060539603
391,test_interp,3,93.14921163208783,41.353605741634965,93.13198598764232,39.86805996078935,-3.592300487959528,0.15090835946085876,505.0572742242366,84.44326868280768,33.2984925955534,35.23522727191448,87.4522343976423,0.041821706872433424,0.00910023583099246,0.02602297268807888,1,0.0007848704060539603
392,test_interp,0,87.49803134612739,24.611425267532468,88.79649796653692,23.516669033472162,-4.448162681193896,0.09586555655000291,774.9824393540621,87.7320977114141,38.47951874136925,12.53990734461695,70.49891819711775,0.09523799713701009,0.007551395706832409,0.03605039991438389,0,0.0007293095820583404
392,test_interp,1,87.49803134612739,24.611425267532468,88.79728479735677,23.519988435624043,-4.434675440549377,0.09584944013190073,774.9824393540621,87.7320977114141,38.47951874136925,12.53990734461695,70.49891819711775,0.09523799713701009,0.007551395706832409,0.03605039991438389,0,0.0007293095820583404
392,test_interp,2,87.49803134612739,24.611425267532468,88.80276172877039,23.516710557178875,-4.447993963997477,0.09588319632687482,774.9824393540621,87.7320977114141,38.47951874136925,12.53990734461695,70.49891819711775,0.09523799713701009,0.007551395706832409,0.03605039991438389,0,0.0007293095820583404
392,test_interp,3,87.49803134612739,24.611425267532468,88.79901500767653,23.519024924735525,-4.438590333238624,0.09585869463958561,774.9824393540621,87.7320977114141,38.47951874136925,12.53990734461695,70.49891819711775,0.09523799713701009,0.007551395706832409,0.03605039991438389,0,0.0007293095820583404
393,test_interp,0,102.65606481395662,42.86422527208925,101.76107712284796,42.1310269519061,-1.710513407227171,0.08938043000637126,354.2232817504555,55.38649990223348,15.278262704610825,38.869596305303276,37.40646522026509,0.014048198126256465,0.013129839766770601,0.007719211578369141,1,0.00021479148669168355
393,test_interp,1,102.65606481395662,42.86422527208925,101.7604920362885,42.13132818896649,-1.7098106368901826,0.08937800506539785,354.2232817504555,55.38649990223348,15.278262704610825,38.869596305303276,37.40646522026509,0.014048198126256465,0.013129839766770601,0.007719211578369141,1,0.00021479148669168355
393,test_interp,2,102.65606481395662,42.86422527208925,101.76162304888331,42.13176561860676,-1.7087901363737654,0.0894012376546184,354.2232817504555,55.38649990223348,15.278262704610825,38.869596305303276,37.40646522026509,0.014048198126256465,0.013129839766770601,0.007719211578369141,1,0.00021479148669168355
393,test_interp,3,102.65606481395662,42.86422527208925,101.76241638460947,42.130276583557524,-1.7122639774143544,0.08938596090733766,354.2232817504555,55.38649990223348,15.278262704610825,38.869596305303276,37.40646522026509,0.014048198126256465,0.013129839766770601,0.007719211578369141,1,0.00021479148669168355
394,test_interp,0,96.08413102291526,32.091005973517895,98.10945762638717,29.785459431900108,-7.184400961192587,0.1071844274071351,838.0856342613697,27.394881383515894,25.070875450968742,20.237834476865824,62.149373586289585,0.05356241164728999,0.016954202502965927,0.015040342919528485,0,0.0010517699868418278
394,test_interp,1,96.08413102291526,32.091005973517895,98.09522464498208,29.792406160493577,-7.162753996933499,0.10738754808885523,838.0856342613697,27.394881383515894,25.070875450968742,20.237834476865824,62.149373586289585,0.05356241164728999,0.016954202502965927,0.015040342919528485,0,0.0010517699868418278
394,test_interp,2,96.08413102291526,32.091005973517895,98.08640662702454,29.791918355934367,-7.164274063208806,0.10729996887195925,838.0856342613697,27.394881383515894,25.070875450968742,20.237834476865824,62.149373586289585,0.05356241164728999,0.016954202502965927,0.015040342919528485,0,0.0010517699868418278
394,test_interp,3,96.08413102291526,32.091005973517895,98.11361054809932,29.787003260163065,-7.179590179429522,0.1073686155633594,838.0856342613697,27.394881383515894,25.070875450968742,20.237834476865824,62.149373586289585,0.05356241164728999,0.016954202502965927,0.015040342919528485,0,0.0010517699868418278
395,test_interp,0,111.27916542999446,50.40241408906877,109.75691779049694,51.36439919382413,1.9086091849794693,0.09382970536050773,410.7359836343676,59.99426945578307,51.18141274154186,38.20433672051877,94.74042871501295,0.1523272511176765,0.001378238033503294,0.028690053559839727,1,0.0005409855800680817
395,test_interp,1,111.27916542999446,50.40241408906877,109.75633764615714,51.36550066372941,1.910794536465482,0.09384412377790394,410.7359836343676,59.99426945578307,51.18141274154186,38.20433672051877,94.74042871501295,0.1523272511176765,0.001378238033503294,0.028690053559839727,1,0.0005409855800680817
395,test_interp,2,111.27916542999446,50.40241408906877,109.76848756804102,51.35908887677337,1.8980733462766388,0.09381917671446205,410.7359836343676,59.99426945578307,51.18141274154186,38.20433672051877,94.74042871501295,0.1523272511176765,0.001378238033503294,0.028690053559839727,1,0.0005409855800680817
395,test_interp,3,111.27916542999446,50.40241408906877,109.76529073672003,51.359888465059406,1.8996597549844174,0.09380883063226678,410.7359836343676,59.99426945578307,51.18141274154186,38.20433672051877,94.74042871501295,0.1523272511176765,0.001378238033503294,0.028690053559839727,1,0.0005409855800680817
396,test_interp,0,107.20757235959172,37.82165952771903,108.54500098430108,35.596839355266326,-5.882397018624091,0.0997360953242371,948.5414488706738,66.93047865759581,29.95024798810482,26.320293270982802,43.96781495306641,0.033639669176191093,0.018193333130329847,0.013008301965892316,1,0.000834870637767017
396,test_interp,1,107.20757235959172,37.82165952771903,108.53603096526095,35.601672582155054,-5.869618026509313,0.09977048203850442,948.5414488706738,66.93047865759581,29.95024798810482,26.320293270982802,43.96781495306641,0.033639669176191093,0.018193333130329847,0.013008301965892316,1,0.000834870637767017
396,test_interp,2,107.20757235959172,37.82165952771903,108.54798839208316,35.59545943973129,-5.886045498231446,0.09978890498554062,948.5414488706738,66.93047865759581,29.95024798810482,26.320293270982802,43.96781495306641,0.033639669176191093,0.018193333130329847,0.013008301965892316,1,0.000834870637767017
396,test_interp,3,107.20757235959172,37.82165952771903,108.54812966316744,35.59584597538674,-5.885023502739269,0.0998305827164364,948.5414488706738,66.93047865759581,29.95024798810482,26.320293270982802,43.96781495306641,0.033639669176191093,0.018193333130329847,0.013008301965892316,1,0.000834870637767017
397,test_interp,0,91.824671741575,26.131245529279113,91.6315478433911,26.259446115913075,0.49060266373571104,0.1361281156293099,525.9641569107771,34.545571939088404,4.307716831564903,30.841927784495056,101.0484415339306,0.13174261992797254,0.002536730468273163,0.02072211477905512,1,0.00033425201438367367
397,test_interp,1,91.824671741575,26.131245529279113,91.63567952300716,26.258255427932287,0.4860460957012634,0.13611228911135265,525.9641569107771,34.545571939088404,4.307716831564903,30.841927784495056,101.0484415339306,0.13174261992797254,0.002536730468273163,0.02072211477905512,1,0.00033425201438367367
397,test_interp,2,91.824671741575,26.131245529279113,91.63120557868724,26.259730210680228,0.49168984791463943,0.1361314323691968,525.9641569107771,34.545571939088404,4.307716831564903,30.841927784495056,101.0484415339306,0.13174261992797254,0.002536730468273163,0.02072211477905512,1,0.00033425201438367367
397,test_interp,3,91.824671741575,26.131245529279113,91.63318060616272,26.258618602552218,0.48743590553457816,0.1361286722245132,525.9641569107771,34.545571939088404,4.307716831564903,30.841927784495056,101.0484415339306,0.13174261992797254,0.002536730468273163,0.02072211477905512,1,0.00033425201438367367
398,test_interp,0,97.43408111855388,45.35987349040806,97.1789707122691,44.70280195496772,-1.4485744445016873,0.11152290914231701,586.7076190654188,48.19669439457357,18.60334947705269,5.880666323937476,76.06743742246181,0.16069073740392922,0.0063635346479713915,0.03339488483965397,1,0.0009325274204835297
398,test_interp,1,97.43408111855388,45.35987349040806,97.1652168865174,44.70780985772441,-1.4375340637172178,0.1114912269062193,586.7076190654188,48.19669439457357,18.60334947705269,5.880666323937476,76.06743742246181,0.16069073740392922,0.0063635346479713915,0.03339488483965397,1,0.0009325274204835297
398,test_interp,2,97.43408111855388,45.35987349040806,97.16109051327145,44.711362537684735,-1.4297018550117149,0.11160607618364966,586.7076190654188,48.19669439457357,18.60334947705269,5.880666323937476,76.06743742246181,0.16069073740392922,0.0063635346479713915,0.03339488483965397,1,0.0009325274204835297
398,test_interp,3,97.43408111855388,45.35987349040806,97.1646132706773,44.70684797281422,-1.4396546271936626,0.11149459735811787,586.7076190654188,48.19669439457357,18.60334947705269,5.880666323937476,76.06743742246181,0.16069073740392922,0.0063635346479713915,0.03339488483965397,1,0.0009325274204835297
399,test_interp,0,82.01396268978715,33.610851380974054,83.02299247901055,32.16824491641456,-4.292085458377016,0.09046621887744247,157.43911415338516,80.83512743934989,41.1491222679615,47.06147301476449,19.964397349394858,0.07875107321888208,0.01201773401349783,0.0003747469186782837,0,0.0004352063585072756
399,test_interp,1,82.01396268978715,33.610851380974054,83.02904365273176,32.16545276077549,-4.300392762489667,0.09053583163060001,157.43911415338516,80.83512743934989,41.1491222679615,47.06147301476449,19.964397349394858,0.07875107321888208,0.01201773401349783,0.0003747469186782837,0,0.0004352063585072756
399,test_interp,2,82.01396268978715,33.610851380974054,83.02536531665636,32.16767165843836,-4.293791032477775,0.09048662288882124,157.43911415338516,80.83512743934989,41.1491222679615,47.06147301476449,19.964397349394858,0.07875107321888208,0.01201773401349783,0.0003747469186782837,0,0.0004352063585072756
399,test_interp,3,82.01396268978715,33.610851380974054,83.02710509562372,32.165657089626436,-4.299784837243649,0.090526920803044,157.43911415338516,80.83512743934989,41.1491222679615,47.06147301476449,19.964397349394858,0.07875107321888208,0.01201773401349783,0.0003747469186782837,0,0.0004352063585072756
400,test_interp,0,114.74782678112388,43.841344460844994,113.12369759933794,43.73210555488032,-0.24916869523067572,0.08139882266194298,625.2475529443473,79.0282906871289,6.545968219637871,30.09544676169753,79.92179411929101,0.17869412060827017,0.011673398539423943,0.00908142101019621,0,0.00023124302607029678
400,test_interp,1,114.74782678112388,43.841344460844994,113.11997394734136,43.73462493596806,-0.24342210803378758,0.08138198229118841,625.2475529443473,79.0282906871289,6.545968219637871,30.09544676169753,79.92179411929101,0.17869412060827017,0.011673398539423943,0.00908142101019621,0,0.00023124302607029678
400,test_interp,2,114.74782678112388,43.841344460844994,113.11983005154185,43.73340287781035,-0.24620956396775823,0.08140228809213602,625.2475529443473,79.0282906871289,6.545968219637871,30.09544676169753,79.92179411929101,0.17869412060827017,0.011673398539423943,0.00908142101019621,0,0.00023124302607029678
400,test_interp,3,114.74782678112388,43.841344460844994,113.1264617914873,43.731775138037634,-0.2499223601712701,0.08141594141616122,625.2475529443473,79.0282906871289,6.545968219637871,30.09544676169753,79.92179411929101,0.17869412060827017,0.011673398539423943,0.00908142101019621,0,0.00023124302607029678
401,test_interp,0,94.3967186100781,25.531653014943004,95.6900600117075,23.482962537104676,-8.024120007581505,0.16427381622943474,198.4703210182488,46.44481824710965,29.18837635219097,22.67219870351255,17.640078640542924,0.07500736858695745,0.007328136321157217,0.037148937322199344,1,0.0007426317345350981
401,test_interp,1,94.3967186100781,25.531653014943004,95.69587714895903,23.47918867081727,-8.038901135482622,0.16435969433238407,198.4703210182488,46.44481824710965,29.18837635219097,22.67219870351255,17.640078640542924,0.07500736858695745,0.007328136321157217,0.037148937322199344,1,0.0007426317345350981
401,test_interp,2,94.3967186100781,25.531653014943004,95.69907563030544,23.479976096959966,-8.03581701812353,0.16424669267494255,198.4703210182488,46.44481824710965,29.18837635219097,22.67219870351255,17.640078640542924,0.07500736858695745,0.007328136321157217,0.037148937322199344,1,0.0007426317345350981
401,test_interp,3,94.3967186100781,25.531653014943004,95.69446868174555,23.48092393101133,-8.032104630011366,0.1643774796946391,198.4703210182488,46.44481824710965,29.18837635219097,22.67219870351255,17.640078640542924,0.07500736858695745,0.007328136321157217,0.037148937322199344,1,0.0007426317345350981
402,test_interp,0,104.38047597184776,51.32146624661983,106.87229302371706,48.939934100988005,-4.640421094338235,0.12713811674840944,987.1979731600732,35.84465454798192,41.88733074069023,47.63285918161273,40.40029452648014,0.03760320900008082,0.003496258594095707,0.029515306130051613,0,0.0005802895268425346
402,test_interp,1,104.38047597184776,51.32146624661983,106.85951093920741,48.94805675845289,-4.624594076797737,0.12708901223790997,987.1979731600732,35.84465454798192,41.88733074069023,47.63285918161273,40.40029452648014,0.03760320900008082,0.003496258594095707,0.029515306130051613,0,0.0005802895268425346
402,test_interp,2,104.38047597184776,51.32146624661983,106.87178574960888,48.939194708287346,-4.6418618027877985,0.12710949899318288,987.1979731600732,35.84465454798192,41.88733074069023,47.63285918161273,40.40029452648014,0.03760320900008082,0.003496258594095707,0.029515306130051613,0,0.0005802895268425346
402,test_interp,3,104.38047597184776,51.32146624661983,106.87214870227497,48.9375465910436,-4.645073163187807,0.12707373067716682,987.1979731600732,35.84465454798192,41.88733074069023,47.63285918161273,40.40029452648014,0.03760320900008082,0.003496258594095707,0.029515306130051613,0,0.0005802895268425346
403,test_interp,0,83.992366861552,33.07038279995322,83.62320295394927,31.84332740372978,-3.7104360226068396,0.08570015341878384,567.1114982105792,68.1743677193299,16.341520756483078,9.352293079718947,103.1772471172735,0.11387118129059672,0.01784400040283799,0.01675426721572876,1,0.0010949723634868863
403,test_interp,1,83.992366861552,33.07038279995322,83.60768166355798,31.849797023582,-3.6908728385597924,0.08560790020056049,567.1114982105792,68.1743677193299,16.341520756483078,9.352293079718947,103.1772471172735,0.11387118129059672,0.01784400040283799,0.01675426721572876,1,0.0010949723634868863
403,test_interp,2,83.992366861552,33.07038279995322,83.6148755431882,31.848774309280216,-3.693965377004147,0.08561287127773476,567.1114982105792,68.1743677193299,16.341520756483078,9.352293079718947,103.1772471172735,0.11387118129059672,0.01784400040283799,0.01675426721572876,1,0.0010949723634868863
403,test_interp,3,83.992366861552,33.07038279995322,83.6223377250762,31.845308387915225,-3.7044458162115066,0.0855931876546271,567.1114982105792,68.1743677193299,16.341520756483078,9.352293079718947,103.1772471172735,0.11387118129059672,0.01784400040283799,0.01675426721572876,1,0.0010949723634868863
404,test_interp,0,79.87902793847024,27.058937082067132,82.59543965958612,25.347114165865325,-6.326275533329394,0.10213244792806403,799.4417284615338,59.273918443359435,13.016606003046036,43.923704754561186,58.58602248597889,0.06082108413800597,0.0022744421102106572,0.022484867349267006,1,0.0003510890224017203
404,test_interp,1,79.87902793847024,27.058937082067132,82.59264892567835,25.348677255317416,-6.320498922639365,0.10207407445131952,799.4417284615338,59.273918443359435,13.016606003046036,43.923704754561186,58.58602248597889,0.06082108413800597,0.0022744421102106572,0.022484867349267006,1,0.0003510890224017203
404,test_interp,2,79.87902793847024,27.058937082067132,82.5954223000689,25.347644926470856,-6.32431403497518,0.10207034448018956,799.4417284615338,59.273918443359435,13.016606003046036,43.923704754561186,58.58602248597889,0.06082108413800597,0.0022744421102106572,0.022484867349267006,1,0.0003510890224017203
404,test_interp,3,79.87902793847024,27.058937082067132,82.59971445900005,25.34528073272287,-6.333051236073726,0.10210944871349774,799.4417284615338,59.273918443359435,13.016606003046036,43.923704754561186,58.58602248597889,0.06082108413800597,0.0022744421102106572,0.022484867349267006,1,0.0003510890224017203
405,test_interp,0,100.16276693157852,38.80601364001632,98.79274371883753,38.219637959975486,-1.5110433281819124,0.043271081744288176,369.601260824129,26.587893473915756,39.21792212128639,14.692788487300277,96.86796768102795,0.13643257504329084,0.016697795875370503,0.013784726262092591,0,0.000847805782686919
405,test_interp,1,100.16276693157852,38.80601364001632,98.80663350112341,38.21708237225874,-1.5176288737637338,0.043293697973867507,369.601260824129,26.587893473915756,39.21792212128639,14.692788487300277,96.86796768102795,0.13643257504329084,0.016697795875370503,0.013784726262092591,0,0.000847805782686919
405,test_interp,2,100.16276693157852,38.80601364001632,98.78945732494415,38.22480364658631,-1.4977317660649152,0.043397129846874806,369.601260824129,26.587893473915756,39.21792212128639,14.692788487300277,96.86796768102795,0.13643257504329084,0.016697795875370503,0.013784726262092591,0,0.000847805782686919
405,test_interp,3,100.16276693157852,38.80601364001632,98.80527487713307,38.21778699507572,-1.515813117001071,0.043333474988798464,369.601260824129,26.587893473915756,39.21792212128639,14.692788487300277,96.86796768102795,0.13643257504329084,0.016697795875370503,0.013784726262092591,0,0.000847805782686919
406,test_interp,0,89.05877031199633,34.59764172136784,89.37638145999638,33.04635011164427,-4.483807371082963,0.10681104786631176,736.4298933185637,55.59898780658841,50.419713124632835,33.326695915311575,74.3574413890019,0.11100077155977488,0.012868359591811896,0.0014244563505053521,1,0.0004748940841294826
406,test_interp,1,89.05877031199633,34.59764172136784,89.3754098204086,33.048157720244866,-4.478582712665053,0.10678405483298958,736.4298933185637,55.59898780658841,50.419713124632835,33.326695915311575,74.3574413890019,0.11100077155977488,0.012868359591811896,0.0014244563505053521,1,0.0004748940841294826
406,test_interp,2,89.05877031199633,34.59764172136784,89.37885348399378,33.04474256879929,-4.488453765360152,0.10689166060954432,736.4298933185637,55.59898780658841,50.419713124632835,33.326695915311575,74.3574413890019,0.11100077155977488,0.012868359591811896,0.0014244563505053521,1,0.0004748940841294826
406,test_interp,3,89.05877031199633,34.59764172136784,89.38659683361738,33.04472668808691,-4.4884996665013475,0.10681025100381862,736.4298933185637,55.59898780658841,50.419713124632835,33.326695915311575,74.3574413890019,0.11100077155977488,0.012868359591811896,0.0014244563505053521,1,0.0004748940841294826
407,test_interp,0,109.3797271158546,46.28611028008163,109.14170085427948,45.86562115751692,-0.9084563814506996,0.07982591286031394,313.1794627290219,88.0314554553479,27.309321746230125,18.260048022493717,35.0808770628646,0.00656973335891962,0.008442602530121803,0.03480592224746942,1,0.0009753479662351311
407,test_interp,1,109.3797271158546,46.28611028008163,109.16350810169897,45.85179597209757,-0.938325353666542,0.07987177978095969,313.1794627290219,88.0314554553479,27.309321746230125,18.260048022493717,35.0808770628646,0.00656973335891962,0.008442602530121803,0.03480592224746942,1,0.0009753479662351311
407,test_interp,2,109.3797271158546,46.28611028008163,109.14815564904148,45.85909974852262,-0.9225457247868291,0.07981329114229689,313.1794627290219,88.0314554553479,27.309321746230125,18.260048022493717,35.0808770628646,0.00656973335891962,0.008442602530121803,0.03480592224746942,1,0.0009753479662351311
407,test_interp,3,109.3797271158546,46.28611028008163,109.14862218187461,45.860624362676944,-0.9192518334982847,0.07972018270518721,313.1794627290219,88.0314554553479,27.309321746230125,18.260048022493717,35.0808770628646,0.00656973335891962,0.008442602530121803,0.03480592224746942,1,0.0009753479662351311
408,test_interp,0,98.57026796974242,36.56968664191663,97.70008510387457,34.81593072944935,-4.795654744432791,0.1886260500109882,920.1163719408214,83.19529998116195,20.493231803178787,41.130376807413995,50.879532308317714,0.1275244761072099,0.009434650633484126,0.02483823198825121,1,0.0010309070970863105
408,test_interp,1,98.57026796974242,36.56968664191663,97.69408840498741,34.81266100214476,-4.804595830903158,0.1885072032705292,920.1163719408214,83.19529998116195,20.493231803178787,41.130376807413995,50.879532308317714,0.1275244761072099,0.009434650633484126,0.02483823198825121,1,0.0010309070970863105
408,test_interp,2,98.57026796974242,36.56968664191663,97.70663607843629,34.811446936040184,-4.807915701036206,0.18856235568523289,920.1163719408214,83.19529998116195,20.493231803178787,41.130376807413995,50.879532308317714,0.1275244761072099,0.009434650633484126,0.02483823198825121,1,0.0010309070970863105
408,test_interp,3,98.57026796974242,36.56968664191663,97.69280025456878,34.81378452878374,-4.801523541413805,0.18858051835173287,920.1163719408214,83.19529998116195,20.493231803178787,41.130376807413995,50.879532308317714,0.1275244761072099,0.009434650633484126,0.02483823198825121,1,0.0010309070970863105
409,test_interp,0,80.88646832294762,47.32065737992525,81.36882377900574,45.6738503713287,-3.4801017140881494,0.06769546751912361,489.6557459142059,50.786705780774355,45.28835371136665,11.987501201219857,89.68359917867929,0.02379618203267455,0.013780752010643483,0.011431360803544522,1,0.0006460860384628177
409,test_interp,1,80.88646832294762,47.32065737992525,81.3658729196118,45.6747928203696,-3.4781100912048433,0.06767692581365672,489.6557459142059,50.786705780774355,45.28835371136665,11.987501201219857,89.68359917867929,0.02379618203267455,0.013780752010643483,0.011431360803544522,1,0.0006460860384628177
409,test_interp,2,80.88646832294762,47.32065737992525,81.36824385610137,45.67368569536476,-3.480449714249292,0.0677339860945414,489.6557459142059,50.786705780774355,45.28835371136665,11.987501201219857,89.68359917867929,0.02379618203267455,0.013780752010643483,0.011431360803544522,1,0.0006460860384628177
409,test_interp,3,80.88646832294762,47.32065737992525,81.36796331093525,45.671551630026165,-3.48495951072456,0.06776496622564723,489.6557459142059,50.786705780774355,45.28835371136665,11.987501201219857,89.68359917867929,0.02379618203267455,0.013780752010643483,0.011431360803544522,1,0.0006460860384628177
410,test_interp,0,108.3907260466367,29.034644056111574,108.09166563224774,28.232757113193163,-2.7618280471036822,0.055744345753095136,644.5996603928506,31.93176071625203,31.083541378378868,36.24636588152498,66.27994735259561,0.08859474275261163,0.015110045280307531,0.003757374733686447,1,0.0006801036287099123
410,test_interp,1,108.3907260466367,29.034644056111574,108.09449104797632,28.231306397848247,-2.7668245448810085,0.0557555682258386,644.5996603928506,31.93176071625203,31.083541378378868,36.24636588152498,66.27994735259561,0.08859474275261163,0.015110045280307531,0.003757374733686447,1,0.0006801036287099123
410,test_interp,2,108.3907260466367,29.034644056111574,108.08119671148592,28.23463746641123,-2.7553518071524263,0.05567347098501199,644.5996603928506,31.93176071625203,31.083541378378868,36.24636588152498,66.27994735259561,0.08859474275261163,0.015110045280307531,0.003757374733686447,1,0.0006801036287099123
410,test_interp,3,108.3907260466367,29.034644056111574,108.08937282382178,28.23197269056478,-2.7645297252329764,0.055726562788106934,644.5996603928506,31.93176071625203,31.083541378378868,36.24636588152498,66.27994735259561,0.08859474275261163,0.015110045280307531,0.003757374733686447,1,0.0006801036287099123
411,test_interp,0,90.66992602683604,39.84422290511429,90.99842787436211,39.54549703304166,-0.7497344666101823,0.04820749496248053,220.72587958537042,64.59411370102316,9.191818460822105,21.091676992364224,28.26751241926104,0.16490906361490487,0.000766347125172615,0.03247300289571285,0,0.0002919850086793304
411,test_interp,1,90.66992602683604,39.84422290511429,91.00100118900757,39.544726147781795,-0.751669214494978,0.04820116468338396,220.72587958537042,64.59411370102316,9.191818460822105,21.091676992364224,28.26751241926104,0.16490906361490487,0.000766347125172615,0.03247300289571285,0,0.0002919850086793304
411,test_interp,2,90.66992602683604,39.84422290511429,91.00150362052034,39.544820475625166,-0.751432472913657,0.04819057892342243,220.72587958537042,64.59411370102316,9.191818460822105,21.091676992364224,28.26751241926104,0.16490906361490487,0.000766347125172615,0.03247300289571285,0,0.0002919850086793304
411,test_interp,3,90.66992602683604,39.84422290511429,91.00036192050841,39.54546311047353,-0.749819604594228,0.04820346576240975,220.72587958537042,64.59411370102316,9.191818460822105,21.091676992364224,28.26751241926104,0.16490906361490487,0.000766347125172615,0.03247300289571285,0,0.0002919850086793304
412,test_interp,0,94.87372570484877,49.785212118178606,98.55404045929329,45.16161776460439,-9.287083768165688,0.19001686053702235,718.7395633663982,71.47124754730612,23.96029858291149,32.80058292206377,84.46121295448393,0.021079871915280816,0.01880522571504116,0.00672775611281395,0,0.0009251279811374844
412,test_interp,1,94.87372570484877,49.785212118178606,98.55885579113549,45.16139507960215,-9.287531059625865,0.19012622054863076,718.7395633663982,71.47124754730612,23.96029858291149,32.80058292206377,84.46121295448393,0.021079871915280816,0.01880522571504116,0.00672775611281395,0,0.0009251279811374844
412,test_interp,2,94.87372570484877,49.785212118178606,98.56009832379428,45.1560159624372,-9.298335708106983,0.19014605667326423,718.7395633663982,71.47124754730612,23.96029858291149,32.80058292206377,84.46121295448393,0.021079871915280816,0.01880522571504116,0.00672775611281395,0,0.0009251279811374844
412,test_interp,3,94.87372570484877,49.785212118178606,98.5394761468666,45.16857688045198,-9.27310548917177,0.1901406437614052,718.7395633663982,71.47124754730612,23.96029858291149,32.80058292206377,84.46121295448393,0.021079871915280816,0.01880522571504116,0.00672775611281395,0,0.0009251279811374844
413,test_interp,0,112.48087826371193,30.59662738628686,112.14077329369293,30.940719824763107,1.1246090431210944,0.09543456136289025,292.5824391655624,39.14933722000569,46.32146959006786,25.465761763043698,21.95979546289891,0.09664432760328054,0.0043808800540864464,0.03950260363519192,1,0.000526843571010977
413,test_interp,1,112.48087826371193,30.59662738628686,112.13806655489411,30.940068834325217,1.1224813888876028,0.09540679915955629,292.5824391655624,39.14933722000569,46.32146959006786,25.465761763043698,21.95979546289891,0.09664432760328054,0.0043808800540864464,0.03950260363519192,1,0.000526843571010977
413,test_interp,2,112.48087826371193,30.59662738628686,112.1326727379891,30.94259532495164,1.1307388043031172,0.09542192081650938,292.5824391655624,39.14933722000569,46.32146959006786,25.465761763043698,21.95979546289891,0.09664432760328054,0.0043808800540864464,0.03950260363519192,1,0.000526843571010977
413,test_interp,3,112.48087826371193,30.59662738628686,112.13230032964194,30.94207325392063,1.1290325017606175,0.09541111735831552,292.5824391655624,39.14933722000569,46.32146959006786,25.465761763043698,21.95979546289891,0.09664432760328054,0.0043808800540864464,0.03950260363519192,1,0.000526843571010977
414,test_interp,0,86.24065862596035,42.30875249765813,86.65989199751033,41.49924134353902,-1.9133420541386257,0.042134595086471216,868.1818646844476,43.655851650983095,36.613817781209946,44.801379493437715,45.31089841853827,0.15092073826119304,0.005712614692747593,0.027180256433784963,0,0.0007995642620138825
414,test_interp,1,86.24065862596035,42.30875249765813,86.67219896580968,41.495615224550406,-1.9219126660677126,0.04211096454413627,868.1818646844476,43.655851650983095,36.613817781209946,44.801379493437715,45.31089841853827,0.15092073826119304,0.005712614692747593,0.027180256433784963,0,0.0007995642620138825
414,test_interp,2,86.24065862596035,42.30875249765813,86.65709164967916,41.502182291764484,-1.9063908961586604,0.042072256851801604,868.1818646844476,43.655851650983095,36.613817781209946,44.801379493437715,45.31089841853827,0.15092073826119304,0.005712614692747593,0.027180256433784963,0,0.0007995642620138825
414,test_interp,3,86.24065862596035,42.30875249765813,86.65865928828816,41.50258978050908,-1.9054277650792768,0.04215107516417543,868.1818646844476,43.655851650983095,36.613817781209946,44.801379493437715,45.31089841853827,0.15092073826119304,0.005712614692747593,0.027180256433784963,0,0.0007995642620138825
415,test_interp,0,103.88502956181765,23.06155965477228,104.7155302366463,21.52313946321696,-6.670928656106592,0.15400743424854685,448.7187906168401,76.23131978325546,11.161724895238876,6.432386157102883,107.12577888276427,0.046530555468052626,0.010134480837732553,0.019089318476617337,1,0.00039754616329446435
415,test_interp,1,103.88502956181765,23.06155965477228,104.72013453141899,21.521776573224088,-6.6768384471756965,0.1540017870189054,448.7187906168401,76.23131978325546,11.161724895238876,6.432386157102883,107.12577888276427,0.046530555468052626,0.010134480837732553,0.019089318476617337,1,0.00039754616329446435
415,test_interp,2,103.88502956181765,23.06155965477228,104.71806510770834,21.522551565190998,-6.673477911381445,0.1539912724493882,448.7187906168401,76.23131978325546,11.161724895238876,6.432386157102883,107.12577888276427,0.046530555468052626,0.010134480837732553,0.019089318476617337,1,0.00039754616329446435
415,test_interp,3,103.88502956181765,23.06155965477228,104.72039201320118,21.522077843947315,-6.675532070990662,0.15396164258605333,448.7187906168401,76.23131978325546,11.161724895238876,6.432386157102883,107.12577888276427,0.046530555468052626,0.010134480837732553,0.019089318476617337,1,0.00039754616329446435
416,test_interp,0,109.54079072736205,31.716483261436224,109.86179011147038,30.024772264319203,-5.3338542712077865,0.17552359958656216,681.5362592227757,77.10774753242731,9.307320326566696,48.5735913971439,91.69542898889631,0.1388520061969757,0.015655006319284438,0.03631882395595312,1,0.0010079558033496143
416,test_interp,1,109.54079072736205,31.716483261436224,109.8839304047154,30.013082984912423,-5.37070980563267,0.1755374053994354,681.5362592227757,77.10774753242731,9.307320326566696,48.5735913971439,91.69542898889631,0.1388520061969757,0.015655006319284438,0.03631882395595312,1,0.0010079558033496143
416,test_interp,2,109.54079072736205,31.716483261436224,109.84232768292487,30.03159422592852,-5.312345071864709,0.17546274164782855,681.5362592227757,77.10774753242731,9.307320326566696,48.5735913971439,91.69542898889631,0.1388520061969757,0.015655006319284438,0.03631882395595312,1,0.0010079558033496143
416,test_interp,3,109.54079072736205,31.716483261436224,109.85640965123393,30.026147777430815,-5.329517368215511,0.17554526516637015,681.5362592227757,77.10774753242731,9.307320326566696,48.5735913971439,91.69542898889631,0.1388520061969757,0.015655006319284438,0.03631882395595312,1,0.0010079558033496143
417,test_interp,0,89.51899201981723,50.90679941512645,88.5850411601042,51.61229969794478,1.3858665068790315,0.06593073929663885,261.8162191938609,44.68278852291405,32.41567179560661,10.21318934392184,53.32077901344746,0.05762238174676895,6.03879801928997e-05,0.009950607903301717,1,0.0006198388462886215
417,test_interp,1,89.51899201981723,50.90679941512645,88.58442144981069,51.611367735148825,1.3840357832691044,0.06586881812664713,261.8162191938609,44.68278852291405,32.41567179560661,10.21318934392184,53.32077901344746,0.05762238174676895,6.03879801928997e-05,0.009950607903301717,1,0.0006198388462886215
417,test_interp,2,89.51899201981723,50.90679941512645,88.58324784405173,51.6127523430333,1.3867556711826732,0.06592310771447107,261.8162191938609,44.68278852291405,32.41567179560661,10.21318934392184,53.32077901344746,0.05762238174676895,6.03879801928997e-05,0.009950607903301717,1,0.0006198388462886215
417,test_interp,3,89.51899201981723,50.90679941512645,88.58961905255968,51.60901444645556,1.3794130438309478,0.06588132836857494,261.8162191938609,44.68278852291405,32.41567179560661,10.21318934392184,53.32077901344746,0.05762238174676895,6.03879801928997e-05,0.009950607903301717,1,0.0006198388462886215
418,test_interp,0,99.7210568767041,24.19607475213707,101.02338535623389,23.175810771734344,-4.216650803298632,0.05844154326822687,850.8034774102271,38.019310985691845,45.21085946261883,29.55021908972412,28.42391877900809,0.00994291814044118,0.00888969074934721,0.017271810695528984,0,0.0006538633164018393
418,test_interp,1,99.7210568767041,24.19607475213707,101.0220161282592,23.177636321340234,-4.2091059861140545,0.05839066546395161,850.8034774102271,38.019310985691845,45.21085946261883,29.55021908972412,28.42391877900809,0.00994291814044118,0.00888969074934721,0.017271810695528984,0,0.0006538633164018393
418,test_interp,2,99.7210568767041,24.19607475213707,101.0218980092362,23.177147388963505,-4.2111266955958095,0.05840875374036964,850.8034774102271,38.019310985691845,45.21085946261883,29.55021908972412,28.42391877900809,0.00994291814044118,0.00888969074934721,0.017271810695528984,0,0.0006538633164018393
418,test_interp,3,99.7210568767041,24.19607475213707,101.02452558983272,23.17535913167951,-4.2185173872774815,0.058382667514450565,850.8034774102271,38.019310985691845,45.21085946261883,29.55021908972412,28.42391877900809,0.00994291814044118,0.00888969074934721,0.017271810695528984,0,0.0006538633164018393
419,test_interp,0,79.73654845915735,43.44497029483318,78.18186362437912,43.17222946186108,-0.6277845999690839,0.10887721009175792,424.49638950638473,70.69802926387638,19.005906984210014,22.20681234728545,67.6079581072554,0.1087585693784058,0.014486712384968996,0.02895871117711067,1,0.00026904059480875733
419,test_interp,1,79.73654845915735,43.44497029483318,78.18021616942895,43.173376254520704,-0.6251449557206349,0.10885353820511066,424.49638950638473,70.69802926387638,19.005906984210014,22.20681234728545,67.6079581072554,0.1087585693784058,0.014486712384968996,0.02895871117711067,1,0.00026904059480875733
419,test_interp,2,79.73654845915735,43.44497029483318,78.18300965415979,43.17191584866994,-0.6285064630271203,0.10888506555722273,424.49638950638473,70.69802926387638,19.005906984210014,22.20681234728545,67.6079581072554,0.1087585693784058,0.014486712384968996,0.02895871117711067,1,0.00026904059480875733
419,test_interp,3,79.73654845915735,43.44497029483318,78.18041946085792,43.173284438502314,-0.6253562943814039,0.10886416278542467,424.49638950638473,70.69802926387638,19.005906984210014,22.20681234728545,67.6079581072554,0.1087585693784058,0.014486712384968996,0.02895871117711067,1,0.00026904059480875733
420,test_interp,0,85.01652015373111,44.9265012126416,87.91793794277467,41.527865156500674,-7.564880336563143,0.15195474364833428,935.8318671118468,65.38319991435856,10.337619885802269,33.88271352741867,22.858369858004153,0.07725231701508165,0.005006660241633654,0.014614844843745232,1,0.0009024031865410507
420,test_interp,1,85.01652015373111,44.9265012126416,87.92106192860982,41.52342200327599,-7.574770163513278,0.15191869252171616,935.8318671118468,65.38319991435856,10.337619885802269,33.88271352741867,22.858369858004153,0.07725231701508165,0.005006660241633654,0.014614844843745232,1,0.0009024031865410507
420,test_interp,2,85.01652015373111,44.9265012126416,87.922983364609,41.52526001277204,-7.570679015868932,0.15195810112976263,935.8318671118468,65.38319991435856,10.337619885802269,33.88271352741867,22.858369858004153,0.07725231701508165,0.005006660241633654,0.014614844843745232,1,0.0009024031865410507
420,test_interp,3,85.01652015373111,44.9265012126416,87.92708276363578,41.51970546986795,-7.583042638127864,0.1519714346652764,935.8318671118468,65.38319991435856,10.337619885802269,33.88271352741867,22.858369858004153,0.07725231701508165,0.005006660241633654,0.014614844843745232,1,0.0009024031865410507
421,test_interp,0,105.11003736034036,34.173571065068245,104.52084141194166,33.35026266651281,-2.4091962674542002,0.09383937331566351,512.2215372510254,33.04591611493379,35.88555561006069,18.71464326512068,85.04706204403192,0.17531818890944123,0.010679437182843685,0.021615694910287857,1,0.0005003834248520434
421,test_interp,1,105.11003736034036,34.173571065068245,104.52660140724723,33.34804363201675,-2.415689690374048,0.09384312891589221,512.2215372510254,33.04591611493379,35.88555561006069,18.71464326512068,85.04706204403192,0.17531818890944123,0.010679437182843685,0.021615694910287857,1,0.0005003834248520434
421,test_interp,2,105.11003736034036,34.173571065068245,104.52642387584015,33.34634212585654,-2.420668702245429,0.09390534112552058,512.2215372510254,33.04591611493379,35.88555561006069,18.71464326512068,85.04706204403192,0.17531818890944123,0.010679437182843685,0.021615694910287857,1,0.0005003834248520434
421,test_interp,3,105.11003736034036,34.173571065068245,104.5281760073785,33.3471284223098,-2.4183678117363163,0.09384368424113741,512.2215372510254,33.04591611493379,35.88555561006069,18.71464326512068,85.04706204403192,0.17531818890944123,0.010679437182843685,0.021615694910287857,1,0.0005003834248520434
422,test_interp,0,93.648573089391,37.46470439061523,92.25821593579403,37.12490648866215,-0.906981404177848,0.10434252258396148,680.1390591543168,49.74389758892357,47.177903801202774,42.97217606101185,109.87977672833948,0.1170726292580366,0.0195111813955009,0.03428838398307562,1,0.0007730972359888256
422,test_interp,1,93.648573089391,37.46470439061523,92.26356758930231,37.11945267591443,-0.9215386063136268,0.10434168056165617,680.1390591543168,49.74389758892357,47.177903801202774,42.97217606101185,109.87977672833948,0.1170726292580366,0.0195111813955009,0.03428838398307562,1,0.0007730972359888256
422,test_interp,2,93.648573089391,37.46470439061523,92.25907492682445,37.12477287068838,-0.9073380544596045,0.10441848407116035,680.1390591543168,49.74389758892357,47.177903801202774,42.97217606101185,109.87977672833948,0.1170726292580366,0.0195111813955009,0.03428838398307562,1,0.0007730972359888256
422,test_interp,3,93.648573089391,37.46470439061523,92.26427980298101,37.11901621469368,-0.9227035994127432,0.10441072935112837,680.1390591543168,49.74389758892357,47.177903801202774,42.97217606101185,109.87977672833948,0.1170726292580366,0.0195111813955009,0.03428838398307562,1,0.0007730972359888256
423,test_interp,0,113.7051618359983,26.653194854035977,116.6346877002235,25.32711383858482,-4.975317303285147,0.11304092702938846,249.83488181605935,82.33473870903254,24.539046198129654,13.842687527649105,47.009983458556235,0.03518103025853634,0.0038359248638153076,0.001981065757572651,0,0.0003748144888319076
423,test_interp,1,113.7051618359983,26.653194854035977,116.62964315032124,25.32852813476254,-4.970011011917581,0.11295093496748232,249.83488181605935,82.33473870903254,24.539046198129654,13.842687527649105,47.009983458556235,0.03518103025853634,0.0038359248638153076,0.001981065757572651,0,0.0003748144888319076
423,test_interp,2,113.7051618359983,26.653194854035977,116.63678811953214,25.326839865330797,-4.976345222285188,0.1129759712868682,249.83488181605935,82.33473870903254,24.539046198129654,13.842687527649105,47.009983458556235,0.03518103025853634,0.0038359248638153076,0.001981065757572651,0,0.0003748144888319076
423,test_interp,3,113.7051618359983,26.653194854035977,116.62807944954115,25.329280351920957,-4.967188771797633,0.11295486842105455,249.83488181605935,82.33473870903254,24.539046198129654,13.842687527649105,47.009983458556235,0.03518103025853634,0.0038359248638153076,0.001981065757572651,0,0.0003748144888319076
424,test_interp,0,103.15575809031726,39.444073976948864,103.39521427420189,39.02740434817191,-1.056355459176073,0.05863108751511177,816.6155473794788,89.17834047228098,17.15766380727291,36.75867480225861,15.349925686605273,0.09984594488516449,0.002952348906546831,0.011968515552580357,1,0.00020497523453086614
424,test_interp,1,103.15575809031726,39.444073976948864,103.40421885005041,39.024407767833544,-1.0639524947665608,0.05860983614743638,816.6155473794788,89.17834047228098,17.15766380727291,36.75867480225861,15.349925686605273,0.09984594488516449,0.002952348906546831,0.011968515552580357,1,0.00020497523453086614
424,test_interp,2,103.15575809031726,39.444073976948864,103.40128931516752,39.024687749509475,-1.06324267540031,0.05863256318118947,816.6155473794788,89.17834047228098,17.15766380727291,36.75867480225861,15.349925686605273,0.09984594488516449,0.002952348906546831,0.011968515552580357,1,0.00020497523453086614
424,test_interp,3,103.15575809031726,39.444073976948864,103.39918700931119,39.02539586853715,-1.0614474272013203,0.05861102756681268,816.6155473794788,89.17834047228098,17.15766380727291,36.75867480225861,15.349925686605273,0.09984594488516449,0.002952348906546831,0.011968515552580357,1,0.00020497523453086614
425,test_interp,0,85.21679525077343,27.695065725594763,84.88153788132381,26.64330319445748,-3.797653132721329,0.04250812520555906,394.041985552758,56.61123332567513,42.61183665692806,21.677958555519577,77.75886489544064,0.0186578624881804,0.01854917999356985,0.02426202517002821,0,0.0007196598414331675
425,test_interp,1,85.21679525077343,27.695065725594763,84.87859941798484,26.64253908536981,-3.8004121407527367,0.042503926924267875,394.041985552758,56.61123332567513,42.61183665692806,21.677958555519577,77.75886489544064,0.0186578624881804,0.01854917999356985,0.02426202517002821,0,0.0007196598414331675
425,test_interp,2,85.21679525077343,27.695065725594763,84.87261461531331,26.644602889604098,-3.7929602565263676,0.04240493262914092,394.041985552758,56.61123332567513,42.61183665692806,21.677958555519577,77.75886489544064,0.0186578624881804,0.01854917999356985,0.02426202517002821,0,0.0007196598414331675
425,test_interp,3,85.21679525077343,27.695065725594763,84.8732172561369,26.64740745091443,-3.7828336825795104,0.042480183720132056,394.041985552758,56.61123332567513,42.61183665692806,21.677958555519577,77.75886489544064,0.0186578624881804,0.01854917999356985,0.02426202517002821,0,0.0007196598414331675
426,test_interp,0,113.52325329184532,46.909532852470875,119.46664704313365,40.64243230011507,-13.359972208773975,0.21864728262069275,773.4146205242723,25.694602583535016,28.310791045427322,40.31044860370457,102.00033011380583,0.048775677904486656,0.012217311840504409,0.03162343949079514,1,0.000557310780696571
426,test_interp,1,113.52325329184532,46.909532852470875,119.46707291085806,40.64152491006055,-13.361906549193389,0.21866400286202756,773.4146205242723,25.694602583535016,28.310791045427322,40.31044860370457,102.00033011380583,0.048775677904486656,0.012217311840504409,0.03162343949079514,1,0.000557310780696571
426,test_interp,2,113.52325329184532,46.909532852470875,119.4656333177777,40.64408828597467,-13.35644203961879,0.2186846318051488,773.4146205242723,25.694602583535016,28.310791045427322,40.31044860370457,102.00033011380583,0.048775677904486656,0.012217311840504409,0.03162343949079514,1,0.000557310780696571
426,test_interp,3,113.52325329184532,46.909532852470875,119.4799481502345,40.639867714040875,-13.365439298122872,0.2186834810239082,773.4146205242723,25.694602583535016,28.310791045427322,40.31044860370457,102.00033011380583,0.048775677904486656,0.012217311840504409,0.03162343949079514,1,0.000557310780696571
427,test_interp,0,95.62158130854368,35.21910410188139,93.57245300200113,35.882128385430406,1.882569987104241,0.06658120521340855,344.15050437673926,58.00795094575733,5.953216344118118,11.093605719506739,40.09278875309974,0.14754498057067394,0.006622960269451142,0.004646011069417,1,0.0010686977189034224
427,test_interp,1,95.62158130854368,35.21910410188139,93.57173438491624,35.878476608561506,1.872201248426676,0.06658002839852406,344.15050437673926,58.00795094575733,5.953216344118118,11.093605719506739,40.09278875309974,0.14754498057067394,0.006622960269451142,0.004646011069417,1,0.0010686977189034224
427,test_interp,2,95.62158130854368,35.21910410188139,93.56577217426384,35.88078526255654,1.8787563668884195,0.06659821680096319,344.15050437673926,58.00795094575733,5.953216344118118,11.093605719506739,40.09278875309974,0.14754498057067394,0.006622960269451142,0.004646011069417,1,0.0010686977189034224
427,test_interp,3,95.62158130854368,35.21910410188139,93.56873168996582,35.879539732055825,1.875219847341765,0.0666047370900169,344.15050437673926,58.00795094575733,5.953216344118118,11.093605719506739,40.09278875309974,0.14754498057067394,0.006622960269451142,0.004646011069417,1,0.0010686977189034224
428,test_interp,0,90.20941440202296,22.652496851980686,90.70108271993567,21.649833841361463,-4.426280322080934,0.06460605729384233,589.9192328564823,69.42446486558765,27.190068811178207,45.610126154497266,96.43326330464333,0.027169192135334013,0.013573534339666366,0.03896546274423599,0,0.0003245945439673961
428,test_interp,1,90.20941440202296,22.652496851980686,90.70935568092548,21.64812818060824,-4.4338100030885865,0.06463251474938679,589.9192328564823,69.42446486558765,27.190068811178207,45.610126154497266,96.43326330464333,0.027169192135334013,0.013573534339666366,0.03896546274423599,0,0.0003245945439673961
428,test_interp,2,90.20941440202296,22.652496851980686,90.69518088816596,21.65200740351171,-4.416685078940844,0.06460795253309942,589.9192328564823,69.42446486558765,27.190068811178207,45.610126154497266,96.43326330464333,0.027169192135334013,0.013573534339666366,0.03896546274423599,0,0.0003245945439673961
428,test_interp,3,90.20941440202296,22.652496851980686,90.70210212456645,21.650213591946446,-4.424603903858855,0.06460750547258211,589.9192328564823,69.42446486558765,27.190068811178207,45.610126154497266,96.43326330464333,0.027169192135334013,0.013573534339666366,0.03896546274423599,0,0.0003245945439673961
429,test_interp,0,108.2293725181371,40.96389021538198,109.12187190219967,39.67609842202108,-3.143724354766824,0.16119167568484852,169.16237412951887,36.75381288398057,49.079614490270615,7.337464354932307,57.53630904015153,0.12528209924697875,0.007898697685450316,0.00730396755039692,1,0.0008250466558150948
429,test_interp,1,108.2293725181371,40.96389021538198,109.11173596515077,39.678883631302284,-3.1369251731789265,0.16129772852355329,169.16237412951887,36.75381288398057,49.079614490270615,7.337464354932307,57.53630904015153,0.12528209924697875,0.007898697685450316,0.00730396755039692,1,0.0008250466558150948
429,test_interp,2,108.2293725181371,40.96389021538198,109.11933635401732,39.67924454437811,-3.136044121418642,0.16117849051894434,169.16237412951887,36.75381288398057,49.079614490270615,7.337464354932307,57.53630904015153,0.12528209924697875,0.007898697685450316,0.00730396755039692,1,0.0008250466558150948
429,test_interp,3,108.2293725181371,40.96389021538198,109.12348633851227,39.676205721868996,-3.1434624171252623,0.16120290646677357,169.16237412951887,36.75381288398057,49.079614490270615,7.337464354932307,57.53630904015153,0.12528209924697875,0.007898697685450316,0.00730396755039692,1,0.0008250466558150948
430,test_interp,0,81.0292377192527,30.1765675265342,81.70734143055027,29.725860665412092,-1.4935656970455797,0.05591518702953445,971.681574638933,45.44843968935311,39.28140549361706,32.29945135302842,33.532936736010015,0.16732832612469792,0.0015692709013819695,0.019938895739614965,0,0.0004521418103016913
430,test_interp,1,81.0292377192527,30.1765675265342,81.70905368418707,29.72568169828719,-1.494158763585519,0.05587780939032485,971.681574638933,45.44843968935311,39.28140549361706,32.29945135302842,33.532936736010015,0.16732832612469792,0.0015692709013819695,0.019938895739614965,0,0.0004521418103016913
430,test_interp,2,81.0292377192527,30.1765675265342,81.71327705560049,29.72353989400729,-1.501256337814317,0.05589507707223646,971.681574638933,45.44843968935311,39.28140549361706,32.29945135302842,33.532936736010015,0.16732832612469792,0.0015692709013819695,0.019938895739614965,0,0.0004521418103016913
430,test_interp,3,81.0292377192527,30.1765675265342,81.70915653929109,29.725795133620366,-1.4937828582308887,0.05586561917949486,971.681574638933,45.44843968935311,39.28140549361706,32.29945135302842,33.532936736010015,0.16732832612469792,0.0015692709013819695,0.019938895739614965,0,0.0004521418103016913
431,test_interp,0,99.01226794160903,48.429381389170885,98.23725878758204,46.85033943857304,-3.2605040686126445,0.09126133431987109,544.3344762083143,77.86553386598825,14.482784554362297,24.868304021656513,71.45230449270457,0.08539587171748281,0.01724170433357358,0.02629162471741438,1,0.0009488603408448398
431,test_interp,1,99.01226794160903,48.429381389170885,98.22691086388838,46.85906953034018,-3.2424776319398507,0.09114414062518386,544.3344762083143,77.86553386598825,14.482784554362297,24.868304021656513,71.45230449270457,0.08539587171748281,0.01724170433357358,0.02629162471741438,1,0.0009488603408448398
431,test_interp,2,99.01226794160903,48.429381389170885,98.22293519341962,46.86614286695204,-3.227872166396081,0.09129277873057157,544.3344762083143,77.86553386598825,14.482784554362297,24.868304021656513,71.45230449270457,0.08539587171748281,0.01724170433357358,0.02629162471741438,1,0.0009488603408448398
431,test_interp,3,99.01226794160903,48.429381389170885,98.23116790659483,46.856898700204695,-3.2469600970740577,0.09119987045477594,544.3344762083143,77.86553386598825,14.482784554362297,24.868304021656513,71.45230449270457,0.08539587171748281,0.01724170433357358,0.02629162471741438,1,0.0009488603408448398
432,test_interp,0,92.4103389251977,28.67359843850136,89.84332844555703,28.831587476950542,0.5509913197258248,0.07821508894391702,986.2528095021844,81.64801687933505,51.317777544260025,7.909149839542806,37.09900757763535,0.1739118477143347,0.0162528376840055,0.022538335025310517,1,0.0007590719700790943
432,test_interp,1,92.4103389251977,28.67359843850136,89.8351601892695,28.833782809223514,0.5586476042262896,0.07816311807183446,986.2528095021844,81.64801687933505,51.317777544260025,7.909149839542806,37.09900757763535,0.1739118477143347,0.0162528376840055,0.022538335025310517,1,0.0007590719700790943
432,test_interp,2,92.4103389251977,28.67359843850136,89.8393370534554,28.83462378458757,0.5615805300181411,0.07819111442398585,986.2528095021844,81.64801687933505,51.317777544260025,7.909149839542806,37.09900757763535,0.1739118477143347,0.0162528376840055,0.022538335025310517,1,0.0007590719700790943
432,test_interp,3,92.4103389251977,28.67359843850136,89.83757168290482,28.83389315959532,0.5590324543246897,0.07814608016512266,986.2528095021844,81.64801687933505,51.317777544260025,7.909149839542806,37.09900757763535,0.1739118477143347,0.0162528376840055,0.022538335025310517,1,0.0007590719700790943
433,test_interp,0,114.95324702002108,40.362081749364734,117.88659141772989,38.24310168587251,-5.249927584633508,0.12725359922979343,556.4160593319684,49.28704559803009,26.428286224603653,49.081365247257054,69.32204932440072,0.07022063249722123,0.0019284037500619888,0.011231153681874275,1,0.00024828922627493743
433,test_interp,1,114.95324702002108,40.362081749364734,117.88238620428777,38.24470635084277,-5.245951910186829,0.1272248215894607,556.4160593319684,49.28704559803009,26.428286224603653,49.081365247257054,69.32204932440072,0.07022063249722123,0.0019284037500619888,0.011231153681874275,1,0.00024828922627493743
433,test_interp,2,114.95324702002108,40.362081749364734,117.88241241154708,38.24424161926919,-5.247103316540116,0.1272549459059199,556.4160593319684,49.28704559803009,26.428286224603653,49.081365247257054,69.32204932440072,0.07022063249722123,0.0019284037500619888,0.011231153681874275,1,0.00024828922627493743
433,test_interp,3,114.95324702002108,40.362081749364734,117.88725081274698,38.242813005043686,-5.250642812432256,0.12727169302867336,556.4160593319684,49.28704559803009,26.428286224603653,49.081365247257054,69.32204932440072,0.07022063249722123,0.0019284037500619888,0.011231153681874275,1,0.00024828922627493743
434,test_interp,0,83.8240948561579,36.13857378996909,85.29248613027045,33.821190804228664,-6.412491536629628,0.1348256144742013,604.3999185785651,33.47896052058786,15.22089897096157,24.121524184010923,92.5774570228532,0.04221287570893764,0.008252756986767053,0.0035572392120957375,1,0.0010852608465589584
434,test_interp,1,83.8240948561579,36.13857378996909,85.28546831830553,33.831314675517305,-6.3844775055627805,0.13494931137479754,604.3999185785651,33.47896052058786,15.22089897096157,24.121524184010923,92.5774570228532,0.04221287570893764,0.008252756986767053,0.0035572392120957375,1,0.0010852608465589584
434,test_interp,2,83.8240948561579,36.13857378996909,85.29373452206183,33.82298081052825,-6.407538363020756,0.13502801293250166,604.3999185785651,33.47896052058786,15.22089897096157,24.121524184010923,92.5774570228532,0.04221287570893764,0.008252756986767053,0.0035572392120957375,1,0.0010852608465589584
434,test_interp,3,83.8240948561579,36.13857378996909,85.29138800511404,33.823182132583156,-6.406981279456595,0.13498068922080803,604.3999185785651,33.47896052058786,15.22089897096157,24.121524184010923,92.5774570228532,0.04221287570893764,0.008252756986767053,0.0035572392120957375,1,0.0010852608465589584
435,test_interp,0,106.32971209473908,47.88563648983836,106.33950606373828,46.608699910415105,-2.6666380005082164,0.08176482556021337,181.15386408753693,66.09372158069164,37.01967154443264,28.651744280941784,59.85917816404252,0.11847913138568401,0.012579670436680318,0.030173339657485487,0,0.0005707410882227123
435,test_interp,1,106.32971209473908,47.88563648983836,106.34663339891675,46.60636089459452,-2.671522588021387,0.08166510384782824,181.15386408753693,66.09372158069164,37.01967154443264,28.651744280941784,59.85917816404252,0.11847913138568401,0.012579670436680318,0.030173339657485487,0,0.0005707410882227123
435,test_interp,2,106.32971209473908,47.88563648983836,106.35527921164822,46.60311174786222,-2.678307810001232,0.08173065286109418,181.15386408753693,66.09372158069164,37.01967154443264,28.651744280941784,59.85917816404252,0.11847913138568401,0.012579670436680318,0.030173339657485487,0,0.0005707410882227123
435,test_interp,3,106.32971209473908,47.88563648983836,106.34533280558745,46.60795160829514,-2.6682006864717374,0.08173449606333054,181.15386408753693,66.09372158069164,37.01967154443264,28.651744280941784,59.85917816404252,0.11847913138568401,0.012579670436680318,0.030173339657485487,0,0.0005707410882227123
436,test_interp,0,100.8850720077753,41.88936894573271,101.8828409589684,40.57953036914058,-3.126899758955596,0.0656761881972367,758.9473575819284,60.84689397830516,40.35027401149273,16.80061975028366,98.14325650688261,0.06746587961912155,0.006913695670664311,0.005902695693075657,0,0.0008648459797725082
436,test_interp,1,100.8850720077753,41.88936894573271,101.89118759823944,40.58068670331385,-3.1241393111322577,0.06573174940886578,758.9473575819284,60.84689397830516,40.35027401149273,16.80061975028366,98.14325650688261,0.06746587961912155,0.006913695670664311,0.005902695693075657,0,0.0008648459797725082
436,test_interp,2,100.8850720077753,41.88936894573271,101.88863622310919,40.583438255349854,-3.1175706945470654,0.06567994134663437,758.9473575819284,60.84689397830516,40.35027401149273,16.80061975028366,98.14325650688261,0.06746587961912155,0.006913695670664311,0.005902695693075657,0,0.0008648459797725082
436,test_interp,3,100.8850720077753,41.88936894573271,101.89597618790675,40.57531211451155,-3.13696974744001,0.06566628214359381,758.9473575819284,60.84689397830516,40.35027401149273,16.80061975028366,98.14325650688261,0.06746587961912155,0.006913695670664311,0.005902695693075657,0,0.0008648459797725082
437,test_interp,0,78.56268230825663,23.638271640986204,78.38010191753767,22.893189201201952,-3.152017419464627,0.18641598542500376,332.1724371984601,28.44562245067209,17.895972415804863,34.78050336707384,42.419826495461166,0.1430701607465744,0.011316373888403177,0.037827862910926345,1,0.00036752325482666495
437,test_interp,1,78.56268230825663,23.638271640986204,78.37673581783275,22.894461100712583,-3.146636740496439,0.1863968710896355,332.1724371984601,28.44562245067209,17.895972415804863,34.78050336707384,42.419826495461166,0.1430701607465744,0.011316373888403177,0.037827862910926345,1,0.00036752325482666495
437,test_interp,2,78.56268230825663,23.638271640986204,78.37924402826741,22.893573564935764,-3.1503913964640864,0.18642089316101,332.1724371984601,28.44562245067209,17.895972415804863,34.78050336707384,42.419826495461166,0.1430701607465744,0.011316373888403177,0.037827862910926345,1,0.00036752325482666495
437,test_interp,3,78.56268230825663,23.638271640986204,78.38543108053554,22.89083659397361,-3.1619699543371946,0.18640815401467556,332.1724371984601,28.44562245067209,17.895972415804863,34.78050336707384,42.419826495461166,0.1430701607465744,0.011316373888403177,0.037827862910926345,1,0.00036752325482666495
438,test_interp,0,110.65899755805731,49.41289138793946,110.37866431174157,47.83302206900814,-3.197281669934684,0.059339020148461735,802.030883403495,54.2802768945694,5.191605061292648,16.14741267170757,18.914726371876895,0.10454025389626621,0.01764316849410534,0.025505434572696686,0,0.0009658055407926441
438,test_interp,1,110.65899755805731,49.41289138793946,110.38985726248518,47.82966588754484,-3.2040737870705653,0.0594345615655719,802.030883403495,54.2802768945694,5.191605061292648,16.14741267170757,18.914726371876895,0.10454025389626621,0.01764316849410534,0.025505434572696686,0,0.0009658055407926441
438,test_interp,2,110.65899755805731,49.41289138793946,110.37577181380382,47.83773941909137,-3.187734869594269,0.05929492423435705,802.030883403495,54.2802768945694,5.191605061292648,16.14741267170757,18.914726371876895,0.10454025389626621,0.01764316849410534,0.025505434572696686,0,0.0009658055407926441
438,test_interp,3,110.65899755805731,49.41289138793946,110.3839204233639,47.83131799833206,-3.200730305762728,0.059501528581661384,802.030883403495,54.2802768945694,5.191605061292648,16.14741267170757,18.914726371876895,0.10454025389626621,0.01764316849410534,0.025505434572696686,0,0.0009658055407926441
439,test_interp,0,88.37353575229645,31.103214694187045,88.50354916610395,30.61992627262202,-1.5538214500231307,0.08511142190973597,381.94697331637144,86.93507523275912,30.54914829134941,42.463714559562504,75.6327755143866,9.925933554768562e-05,0.0032380870543420315,0.01826403386890888,1,0.0004651885803788901
439,test_interp,1,88.37353575229645,31.103214694187045,88.50155992907212,30.619364448422274,-1.5556277719910339,0.08511270033822538,381.94697331637144,86.93507523275912,30.54914829134941,42.463714559562504,75.6327755143866,9.925933554768562e-05,0.0032380870543420315,0.01826403386890888,1,0.0004651885803788901
439,test_interp,2,88.37353575229645,31.103214694187045,88.49835442979862,30.62129106664952,-1.5494334983566684,0.08507366260851247,381.94697331637144,86.93507523275912,30.54914829134941,42.463714559562504,75.6327755143866,9.925933554768562e-05,0.0032380870543420315,0.01826403386890888,1,0.0004651885803788901
439,test_interp,3,88.37353575229645,31.103214694187045,88.50102565800596,30.619628659628418,-1.5547783060797429,0.08511525983149922,381.94697331637144,86.93507523275912,30.54914829134941,42.463714559562504,75.6327755143866,9.925933554768562e-05,0.0032380870543420315,0.01826403386890888,1,0.0004651885803788901
440,test_interp,0,82.16600489988922,51.85368854366243,82.2788152412825,51.23425509755955,-1.1945793317698112,0.05743777019959306,638.2783947978169,85.6536924932152,35.17064981162548,19.725482556968927,106.22075337450951,0.1323136121034622,0.004814870990812779,0.00825636737048626,0,0.0006350260945968331
440,test_interp,1,82.16600489988922,51.85368854366243,82.27780808959663,51.23347428831488,-1.196085124832179,0.05757035526946134,638.2783947978169,85.6536924932152,35.17064981162548,19.725482556968927,106.22075337450951,0.1323136121034622,0.004814870990812779,0.00825636737048626,0,0.0006350260945968331
440,test_interp,2,82.16600489988922,51.85368854366243,82.27546797244068,51.23529106559479,-1.1925814641844321,0.05747029339837468,638.2783947978169,85.6536924932152,35.17064981162548,19.725482556968927,106.22075337450951,0.1323136121034622,0.004814870990812779,0.00825636737048626,0,0.0006350260945968331
440,test_interp,3,82.16600489988922,51.85368854366243,82.27676345253596,51.2343212505167,-1.1944517555857241,0.057479011020907404,638.2783947978169,85.6536924932152,35.17064981162548,19.725482556968927,106.22075337450951,0.1323136121034622,0.004814870990812779,0.00825636737048626,0,0.0006350260945968331
441,test_interp,0,97.88535390421748,32.60650955885649,97.87936535950706,30.70696753467642,-5.825652760382995,0.11701912973753321,212.12524138391018,53.02259713411331,12.622654005885124,37.618012158200145,49.233193970285356,0.02857604831457138,0.019142738226801157,0.03547419264912605,1,0.0010192446217872203
441,test_interp,1,97.88535390421748,32.60650955885649,97.86954475673348,30.709009930617512,-5.819388992906118,0.11696280238305887,212.12524138391018,53.02259713411331,12.622654005885124,37.618012158200145,49.233193970285356,0.02857604831457138,0.019142738226801157,0.03547419264912605,1,0.0010192446217872203
441,test_interp,2,97.88535390421748,32.60650955885649,97.8716299775211,30.709841581707387,-5.816838425239946,0.11692653826550516,212.12524138391018,53.02259713411331,12.622654005885124,37.618012158200145,49.233193970285356,0.02857604831457138,0.019142738226801157,0.03547419264912605,1,0.0010192446217872203
441,test_interp,3,97.88535390421748,32.60650955885649,97.8820879406016,30.703092872468527,-5.837535854465477,0.11701928038426625,212.12524138391018,53.02259713411331,12.622654005885124,37.618012158200145,49.233193970285356,0.02857604831457138,0.019142738226801157,0.03547419264912605,1,0.0010192446217872203
442,test_interp,0,91.39198761805892,44.33382815495134,92.93681661550077,42.10672756315661,-5.023479100453008,0.10187537886908038,893.853827053681,29.21932441648096,22.32418331503868,13.35987837985158,26.6212193807587,0.08398919792845845,0.010315762385725975,0.027840490005910396,0,0.0003105975921265781
442,test_interp,1,91.39198761805892,44.33382815495134,92.93210400329973,42.108514015018045,-5.019449554763444,0.10185591529514437,893.853827053681,29.21932441648096,22.32418331503868,13.35987837985158,26.6212193807587,0.08398919792845845,0.010315762385725975,0.027840490005910396,0,0.0003105975921265781
442,test_interp,2,91.39198761805892,44.33382815495134,92.92767392754297,42.111410209348705,-5.0129168585105175,0.1018320552882218,893.853827053681,29.21932441648096,22.32418331503868,13.35987837985158,26.6212193807587,0.08398919792845845,0.010315762385725975,0.027840490005910396,0,0.0003105975921265781
442,test_interp,3,91.39198761805892,44.33382815495134,92.93581512797464,42.10660759884963,-5.02374969361397,0.10186420590299124,893.853827053681,29.21932441648096,22.32418331503868,13.35987837985158,26.6212193807587,0.08398919792845845,0.010315762385725975,0.027840490005910396,0,0.0003105975921265781
443,test_interp,0,107.07404633238912,25.145228670910004,108.22594859979586,24.546763840194874,-2.38003335959907,0.08943180694903713,474.3948757648468,61.59662951249629,47.96289500594139,39.7635346185416,82.81714684795587,0.16029699565842748,0.005990298446267844,0.015928980000317096,1,0.0006985497006215156
443,test_interp,1,107.07404633238912,25.145228670910004,108.21218122588189,24.55119911977145,-2.3623947068167754,0.08950844505798207,474.3948757648468,61.59662951249629,47.96289500594139,39.7635346185416,82.81714684795587,0.16029699565842748,0.005990298446267844,0.015928980000317096,1,0.0006985497006215156
443,test_interp,2,107.07404633238912,25.145228670910004,108.2177673205885,24.548881847005344,-2.3716102633600595,0.0894382548642675,474.3948757648468,61.59662951249629,47.96289500594139,39.7635346185416,82.81714684795587,0.16029699565842748,0.005990298446267844,0.015928980000317096,1,0.0006985497006215156
443,test_interp,3,107.07404633238912,25.145228670910004,108.21629704465286,24.550625363459645,-2.364676476926394,0.08948989263014344,474.3948757648468,61.59662951249629,47.96289500594139,39.7635346185416,82.81714684795587,0.16029699565842748,0.005990298446267844,0.015928980000317096,1,0.0006985497006215156
444,test_interp,0,112.31226764433086,35.071068320423365,115.09484980515764,31.890960901630496,-9.067609203512514,0.15445217730620542,892.7680883556604,72.94514168519527,33.200857907533646,5.071876663714647,32.18840085435659,0.014439192954450845,0.014206198062747716,0.02018497373908758,1,0.0005151888255029917
444,test_interp,1,112.31226764433086,35.071068320423365,115.08417955630718,31.893158251746776,-9.061343782407562,0.1544496016112205,892.7680883556604,72.94514168519527,33.200857907533646,5.071876663714647,32.18840085435659,0.014439192954450845,0.014206198062747716,0.02018497373908758,1,0.0005151888255029917
444,test_interp,2,112.31226764433086,35.071068320423365,115.09045510958924,31.89093030865104,-9.067696434899874,0.15442739612038675,892.7680883556604,72.94514168519527,33.200857907533646,5.071876663714647,32.18840085435659,0.014439192954450845,0.014206198062747716,0.02018497373908758,1,0.0005151888255029917
444,test_interp,3,112.31226764433086,35.071068320423365,115.08035040308998,31.896443226686387,-9.051977158871612,0.15448780972449921,892.7680883556604,72.94514168519527,33.200857907533646,5.071876663714647,32.18840085435659,0.014439192954450845,0.014206198062747716,0.02018497373908758,1,0.0005151888255029917
445,test_interp,0,96.82271381281315,45.8806324172765,94.77645318231187,46.36369857580455,1.052875980728955,0.03595194082523446,462.30962187983096,40.33847791608423,7.092629462480545,46.15635181777179,65.37351472768933,0.09000261867418885,0.00980023927986622,0.013584514148533344,0,0.0009140757670626045
445,test_interp,1,96.82271381281315,45.8806324172765,94.78047350741475,46.362029050896155,1.0492371361437154,0.036001091523085504,462.30962187983096,40.33847791608423,7.092629462480545,46.15635181777179,65.37351472768933,0.09000261867418885,0.00980023927986622,0.013584514148533344,0,0.0009140757670626045
445,test_interp,2,96.82271381281315,45.8806324172765,94.75783320923001,46.36964108827089,1.065828096149462,0.036007494434161895,462.30962187983096,40.33847791608423,7.092629462480545,46.15635181777179,65.37351472768933,0.09000261867418885,0.00980023927986622,0.013584514148533344,0,0.0009140757670626045
445,test_interp,3,96.82271381281315,45.8806324172765,94.76700453421202,46.366581377983124,1.059159246731827,0.0359543751217972,462.30962187983096,40.33847791608423,7.092629462480545,46.15635181777179,65.37351472768933,0.09000261867418885,0.00980023927986622,0.013584514148533344,0,0.0009140757670626045
446,test_interp,0,101.89896584115922,27.609755134209994,101.92056002832241,27.12240806822649,-1.765126360645093,0.09313998483229877,723.4103463590145,41.927681267261505,21.291136011481285,26.82146767154336,88.03803535643965,0.15738812439143657,0.0009757048822939396,0.0012243252247571945,1,0.0004159845154732466
446,test_interp,1,101.89896584115922,27.609755134209994,101.91631394503712,27.123359419241748,-1.7616806545508716,0.09314070661388675,723.4103463590145,41.927681267261505,21.291136011481285,26.82146767154336,88.03803535643965,0.15738812439143657,0.0009757048822939396,0.0012243252247571945,1,0.0004159845154732466
446,test_interp,2,101.89896584115922,27.609755134209994,101.9155114491427,27.122577259057575,-1.764513566977556,0.09312220813909394,723.4103463590145,41.927681267261505,21.291136011481285,26.82146767154336,88.03803535643965,0.15738812439143657,0.0009757048822939396,0.0012243252247571945,1,0.0004159845154732466
446,test_interp,3,101.89896584115922,27.609755134209994,101.92229525013119,27.12116323704999,-1.7696350249575756,0.09313618866342986,723.4103463590145,41.927681267261505,21.291136011481285,26.82146767154336,88.03803535643965,0.15738812439143657,0.0009757048822939396,0.0012243252247571945,1,0.0004159845154732466
447,test_interp,0,86.44634046964347,38.36073973029852,86.93114445140449,37.24003978065994,-2.9214763779787414,0.15443536642330846,299.53928240574896,74.28081871010363,44.49612568318844,31.43942835740745,55.53945851046592,0.052994165048003194,0.015379184074699879,0.03250625267624855,1,0.0008181691257283092
447,test_interp,1,86.44634046964347,38.36073973029852,86.927608978418,37.23982964122548,-2.9220241761597587,0.1544626941935028,299.53928240574896,74.28081871010363,44.49612568318844,31.43942835740745,55.53945851046592,0.052994165048003194,0.015379184074699879,0.03250625267624855,1,0.0008181691257283092
447,test_interp,2,86.44634046964347,38.36073973029852,86.93164644760887,37.23658360621816,-2.930486043762258,0.15446022523934363,299.53928240574896,74.28081871010363,44.49612568318844,31.43942835740745,55.53945851046592,0.052994165048003194,0.015379184074699879,0.03250625267624855,1,0.0008181691257283092
447,test_interp,3,86.44634046964347,38.36073973029852,86.93129830075308,37.24063083370401,-2.9199356020494385,0.154392868031793,299.53928240574896,74.28081871010363,44.49612568318844,31.43942835740745,55.53945851046592,0.052994165048003194,0.015379184074699879,0.03250625267624855,1,0.0008181691257283092
448,test_shift,0,96.84474785812198,25.06469964794815,95.95615487124684,22.497658307458487,-10.241660089869882,0.12590125723101012,1295.3135603107512,110.74117851443589,23.73968631029129,42.35763231292367,65.95001822337507,0.19191906094551087,0.04048188663087786,0.01173094891011715,1,0.0013315438511781394
448,test_shift,1,96.84474785812198,25.06469964794815,95.97056738240005,22.497851057762777,-10.240891078842422,0.12576585766990234,1295.3135603107512,110.74117851443589,23.73968631029129,42.35763231292367,65.95001822337507,0.19191906094551087,0.04048188663087786,0.01173094891011715,1,0.0013315438511781394
448,test_shift,2,96.84474785812198,25.06469964794815,95.9572447603003,22.49664276548395,-10.245711772071541,0.1257682376903039,1295.3135603107512,110.74117851443589,23.73968631029129,42.35763231292367,65.95001822337507,0.19191906094551087,0.04048188663087786,0.01173094891011715,1,0.0013315438511781394
448,test_shift,3,96.84474785812198,25.06469964794815,95.96218591550515,22.496871128541585,-10.244800677740301,0.12583265561899254,1295.3135603107512,110.74117851443589,23.73968631029129,42.35763231292367,65.95001822337507,0.19191906094551087,0.04048188663087786,0.01173094891011715,1,0.0013315438511781394
449,test_shift,0,107.52653990499675,40.61849274486303,105.1635669188851,40.08072259073945,-1.323953986922856,0.03184366145709208,1221.5084767434746,99.81001721229404,28.008889466524124,16.80366770364344,61.52795834932476,0.2620556418970227,0.020073101572692396,0.029079599790275096,0,0.001398344034422189
449,test_shift,1,107.52653990499675,40.61849274486303,105.14804784427916,40.085299725202944,-1.3126853894092945,0.032026601614663884,1221.5084767434746,99.81001721229404,28.008889466524124,16.80366770364344,61.52795834932476,0.2620556418970227,0.020073101572692396,0.029079599790275096,0,0.001398344034422189
449,test_shift,2,107.52653990499675,40.61849274486303,105.16859761462553,40.08062628121458,-1.324191094502107,0.03203744671546121,1221.5084767434746,99.81001721229404,28.008889466524124,16.80366770364344,61.52795834932476,0.2620556418970227,0.020073101572692396,0.029079599790275096,0,0.001398344034422189
449,test_shift,3,107.52653990499675,40.61849274486303,105.15274759240509,40.08696035809492,-1.3085970228064168,0.031889584665633415,1221.5084767434746,99.81001721229404,28.008889466524124,16.80366770364344,61.52795834932476,0.2620556418970227,0.020073101572692396,0.029079599790275096,0,0.001398344034422189
450,test_shift,0,83.62969694845378,29.995224772021174,83.98611561688605,27.04751827025048,-9.827252584952268,0.13186270144563472,1386.5582545753568,93.97085254080594,48.570118606090546,31.148595344275233,22.89967488963157,0.2768078926205635,0.03057954769395292,0.03936375994235277,1,0.0007446310209110379
450,test_shift,1,83.62969694845378,29.995224772021174,83.99315935091698,27.043446108630597,-9.840828617973642,0.1318977432178594,1386.5582545753568,93.97085254080594,48.570118606090546,31.148595344275233,22.89967488963157,0.2768078926205635,0.03057954769395292,0.03936375994235277,1,0.0007446310209110379
450,test_shift,2,83.62969694845378,29.995224772021174,83.98923231496218,27.044861151501507,-9.836111057489704,0.131939954426217,1386.5582545753568,93.97085254080594,48.570118606090546,31.148595344275233,22.89967488963157,0.2768078926205635,0.03057954769395292,0.03936375994235277,1,0.0007446310209110379
450,test_shift,3,83.62969694845378,29.995224772021174,83.99457297141076,27.044167574170377,-9.83842334998427,0.13189447035480426,1386.5582545753568,93.97085254080594,48.570118606090546,31.148595344275233,22.89967488963157,0.2768078926205635,0.03057954769395292,0.03936375994235277,1,0.0007446310209110379
451,test_shift,0,101.44587548263371,44.616991363465786,99.6204330009245,42.67657099111141,-4.3490614518290105,0.06292953709321501,1024.4653219357133,104.91652184631675,4.936364084482193,5.594673650339245,98.64242609590292,0.23667151350528,0.03285568691045046,0.0017006996273994446,1,0.0019851081665605307
451,test_shift,1,101.44587548263371,44.616991363465786,99.60340977246575,42.681177097828595,-4.338737791321167,0.06285769773930114,1024.4653219357133,104.91652184631675,4.936364084482193,5.594673650339245,98.64242609590292,0.23667151350528,0.03285568691045046,0.0017006996273994446,1,0.0019851081665605307
451,test_shift,2,101.44587548263371,44.616991363465786,99.61446364606647,42.68187736918162,-4.337168274122383,0.06307363344029358,1024.4653219357133,104.91652184631675,4.936364084482193,5.594673650339245,98.64242609590292,0.23667151350528,0.03285568691045046,0.0017006996273994446,1,0.0019851081665605307
451,test_shift,3,101.44587548263371,44.616991363465786,99.62165943865577,42.67439824991629,-4.353931213614223,0.0631045200000363,1024.4653219357133,104.91652184631675,4.936364084482193,5.594673650339245,98.64242609590292,0.23667151350528,0.03285568691045046,0.0017006996273994446,1,0.0019851081665605307
452,test_shift,0,103.76252961717546,43.60786903463304,103.83912427415204,40.95849037094119,-6.075460054211163,0.10960172918432301,1394.7081793565303,107.18962611630559,20.627752050757408,34.18785134796053,30.036884457804266,0.24890003141015765,0.028121425550431012,0.033683160804212096,0,0.0010987054217606782
452,test_shift,1,103.76252961717546,43.60786903463304,103.84249914227328,40.955341522870754,-6.082680879580866,0.10966333734116927,1394.7081793565303,107.18962611630559,20.627752050757408,34.18785134796053,30.036884457804266,0.24890003141015765,0.028121425550431012,0.033683160804212096,0,0.0010987054217606782
452,test_shift,2,103.76252961717546,43.60786903463304,103.8232714815045,40.960661627384646,-6.070481006870572,0.10955000548177653,1394.7081793565303,107.18962611630559,20.627752050757408,34.18785134796053,30.036884457804266,0.24890003141015765,0.028121425550431012,0.033683160804212096,0,0.0010987054217606782
452,test_shift,3,103.76252961717546,43.60786903463304,103.81410449353702,40.967092910947386,-6.055733018250374,0.10966094837842702,1394.7081793565303,107.18962611630559,20.627752050757408,34.18785134796053,30.036884457804266,0.24890003141015765,0.028121425550431012,0.033683160804212096,0,0.0010987054217606782
453,test_shift,0,81.20098989643157,29.106944844126705,79.23627001132816,27.481605800578137,-5.584024885650387,0.09805846310692888,1095.8569626323879,90.00688510481268,37.355270341038704,13.728839321993291,96.88464118167757,0.19716188304126261,0.035129222372546794,0.006033642664551735,1,0.0016514168361201882
453,test_shift,1,81.20098989643157,29.106944844126705,79.24092702968838,27.48152102780695,-5.5843161315081815,0.09814528333188892,1095.8569626323879,90.00688510481268,37.355270341038704,13.728839321993291,96.88464118167757,0.19716188304126261,0.035129222372546794,0.006033642664551735,1,0.0016514168361201882
453,test_shift,2,81.20098989643157,29.106944844126705,79.25881647858226,27.470202351037504,-5.623202647527151,0.09824997095289952,1095.8569626323879,90.00688510481268,37.355270341038704,13.728839321993291,96.88464118167757,0.19716188304126261,0.035129222372546794,0.006033642664551735,1,0.0016514168361201882
453,test_shift,3,81.20098989643157,29.106944844126705,79.25122159211686,27.473385278275632,-5.612267362992226,0.09821064288775953,1095.8569626323879,90.00688510481268,37.355270341038704,13.728839321993291,96.88464118167757,0.19716188304126261,0.035129222372546794,0.006033642664551735,1,0.0016514168361201882
454,test_shift,0,114.60363119281828,49.00999087654054,110.94913636849877,47.81509721402607,-2.438061385329564,0.03695862730383562,1259.0785451233387,97.50085348263383,45.317558631300926,45.48443561885506,81.98336396366358,0.2123876627907157,0.037514741238206625,0.016159716993570328,0,0.0009950035867281257
454,test_shift,1,114.60363119281828,49.00999087654054,110.95856118317235,47.80900556440802,-2.4504907890268512,0.03703418114081732,1259.0785451233387,97.50085348263383,45.317558631300926,45.48443561885506,81.98336396366358,0.2123876627907157,0.037514741238206625,0.016159716993570328,0,0.0009950035867281257
454,test_shift,2,114.60363119281828,49.00999087654054,110.96736886865132,47.80289270794795,-2.4629634631709143,0.036946909487462334,1259.0785451233387,97.50085348263383,45.317558631300926,45.48443561885506,81.98336396366358,0.2123876627907157,0.037514741238206625,0.016159716993570328,0,0.0009950035867281257
454,test_shift,3,114.60363119281828,49.00999087654054,110.969450552776,47.80595242113969,-2.456720423462024,0.03693625918114048,1259.0785451233387,97.50085348263383,45.317558631300926,45.48443561885506,81.98336396366358,0.2123876627907157,0.037514741238206625,0.016159716993570328,0,0.0009950035867281257
455,test_shift,0,89.65792298875749,33.569744572043426,93.44436343327769,29.092464917381054,-13.33724671349155,0.17247745919099877,1121.9527847599238,114.69199860934168,13.954614952206612,25.02538067754358,39.00191236753016,0.29412561021745204,0.02320209058560431,0.023498487807810307,1,0.0017552873606793582
455,test_shift,1,89.65792298875749,33.569744572043426,93.43103149877065,29.0944384447557,-13.33136782641688,0.172576476211668,1121.9527847599238,114.69199860934168,13.954614952206612,25.02538067754358,39.00191236753016,0.29412561021745204,0.02320209058560431,0.023498487807810307,1,0.0017552873606793582
455,test_shift,2,89.65792298875749,33.569744572043426,93.45075976741549,29.088097338703943,-13.35025717494364,0.17262302843740204,1121.9527847599238,114.69199860934168,13.954614952206612,25.02538067754358,39.00191236753016,0.29412561021745204,0.02320209058560431,0.023498487807810307,1,0.0017552873606793582
455,test_shift,3,89.65792298875749,33.569744572043426,93.42399821884301,29.102282801845824,-13.308000484215952,0.17267006057144277,1121.9527847599238,114.69199860934168,13.954614952206612,25.02538067754358,39.00191236753016,0.29412561021745204,0.02320209058560431,0.023498487807810307,1,0.0017552873606793582
456,test_shift,0,78.85206366889179,51.442289983853705,77.85728179630853,50.32557211139591,-2.1708167984129414,0.11268401850397183,1348.124355636537,112.66991657670587,7.625806659460068,36.06130691245199,36.39678408391774,0.22969745021313429,0.024256078770384194,0.0317265896499157,1,0.0018379692384973166
456,test_shift,1,78.85206366889179,51.442289983853705,77.88033996062876,50.31823889872309,-2.185072020478527,0.11243876072810341,1348.124355636537,112.66991657670587,7.625806659460068,36.06130691245199,36.39678408391774,0.22969745021313429,0.024256078770384194,0.0317265896499157,1,0.0018379692384973166
456,test_shift,2,78.85206366889179,51.442289983853705,77.84769837992759,50.3319262912064,-2.1584647436881537,0.11253374045087954,1348.124355636537,112.66991657670587,7.625806659460068,36.06130691245199,36.39678408391774,0.22969745021313429,0.024256078770384194,0.0317265896499157,1,0.0018379692384973166
456,test_shift,3,78.85206366889179,51.442289983853705,77.84515007107959,50.32812075231309,-2.1658624293170385,0.11276236002498576,1348.124355636537,112.66991657670587,7.625806659460068,36.06130691245199,36.39678408391774,0.22969745021313429,0.024256078770384194,0.0317265896499157,1,0.0018379692384973166
457,test_shift,0,106.1492877472192,36.99813742935658,105.27906910156518,33.87821615604397,-8.43264415477596,0.120796614304448,1028.1863064970821,98.61370139755309,50.89627492427826,11.871878588572143,91.26818328630179,0.28331057019531725,0.03916744852811098,0.00906440857797861,1,0.0008107480484992266
457,test_shift,1,106.1492877472192,36.99813742935658,105.28629504736448,33.875952655322884,-8.4387620322648,0.12085179150748256,1028.1863064970821,98.61370139755309,50.89627492427826,11.871878588572143,91.26818328630179,0.28331057019531725,0.03916744852811098,0.00906440857797861,1,0.0008107480484992266
457,test_shift,2,106.1492877472192,36.99813742935658,105.27674273672858,33.87951172505284,-8.429142440638733,0.12077842089080042,1028.1863064970821,98.61370139755309,50.89627492427826,11.871878588572143,91.26818328630179,0.28331057019531725,0.03916744852811098,0.00906440857797861,1,0.0008107480484992266
457,test_shift,3,106.1492877472192,36.99813742935658,105.28472352571103,33.87841488516362,-8.432107022008038,0.12075309039538865,1028.1863064970821,98.61370139755309,50.89627492427826,11.871878588572143,91.26818328630179,0.28331057019531725,0.03916744852811098,0.00906440857797861,1,0.0008107480484992266
458,test_shift,0,92.04845003969967,41.35175261460245,92.91305576382646,37.844357366483756,-8.481853915135225,0.11307396549042557,1319.7283121291548,92.04211508389562,32.43279644846916,47.352355774492025,76.48159315343946,0.269029646627605,0.034161003595218065,0.019366877637803554,0,0.0014541760350577533
458,test_shift,1,92.04845003969967,41.35175261460245,92.90782403131733,37.8442400966193,-8.482137506173181,0.11305772750710313,1319.7283121291548,92.04211508389562,32.43279644846916,47.352355774492025,76.48159315343946,0.269029646627605,0.034161003595218065,0.019366877637803554,0,0.0014541760350577533
458,test_shift,2,92.04845003969967,41.35175261460245,92.91455417130247,37.843464886240696,-8.484012179747085,0.11322768979410615,1319.7283121291548,92.04211508389562,32.43279644846916,47.352355774492025,76.48159315343946,0.269029646627605,0.034161003595218065,0.019366877637803554,0,0.0014541760350577533
458,test_shift,3,92.04845003969967,41.35175261460245,92.91930875682587,37.84192370117426,-8.487739192434546,0.11309208576100789,1319.7283121291548,92.04211508389562,32.43279644846916,47.352355774492025,76.48159315343946,0.269029646627605,0.034161003595218065,0.019366877637803554,0,0.0014541760350577533
459,test_shift,0,112.24861670844257,25.971922174096107,109.36551937056517,24.908585869536257,-4.094176385683168,0.18550541103705154,1175.56437747553,106.1128378007561,27.80031704902649,23.162970365956426,45.24461078457534,0.18541667081415653,0.026382277302443982,0.021717094257473948,1,0.0011943924036808312
459,test_shift,1,112.24861670844257,25.971922174096107,109.36676146998124,24.90529958252522,-4.106829615540422,0.18555293829153957,1175.56437747553,106.1128378007561,27.80031704902649,23.162970365956426,45.24461078457534,0.18541667081415653,0.026382277302443982,0.021717094257473948,1,0.0011943924036808312
459,test_shift,2,112.24861670844257,25.971922174096107,109.34081204810279,24.91105617537258,-4.084664937821268,0.18559527418893648,1175.56437747553,106.1128378007561,27.80031704902649,23.162970365956426,45.24461078457534,0.18541667081415653,0.026382277302443982,0.021717094257473948,1,0.0011943924036808312
459,test_shift,3,112.24861670844257,25.971922174096107,109.34507528076894,24.91071485235982,-4.085979137865715,0.18560493162756608,1175.56437747553,106.1128378007561,27.80031704902649,23.162970365956426,45.24461078457534,0.18541667081415653,0.026382277302443982,0.021717094257473948,1,0.0011943924036808312
460,test_shift,0,109.8813720587641,32.484743444249034,107.45018099122095,32.33202074488143,-0.4701366954912608,0.16421733198416524,1250.4944163840264,103.69838847313076,10.515086188912392,39.14161311928183,71.54773361515254,0.2857407774031162,0.031113853033632042,0.01368002224713564,1,0.0017704054509289561
460,test_shift,1,109.8813720587641,32.484743444249034,107.46728599656349,32.321321398443956,-0.5030732229286337,0.1642304852805383,1250.4944163840264,103.69838847313076,10.515086188912392,39.14161311928183,71.54773361515254,0.2857407774031162,0.031113853033632042,0.01368002224713564,1,0.0017704054509289561
460,test_shift,2,109.8813720587641,32.484743444249034,107.43875694575542,32.32856344950597,-0.48077952350495595,0.16421035172618162,1250.4944163840264,103.69838847313076,10.515086188912392,39.14161311928183,71.54773361515254,0.2857407774031162,0.031113853033632042,0.01368002224713564,1,0.0017704054509289561
460,test_shift,3,109.8813720587641,32.484743444249034,107.429178512859,32.33215921240969,-0.4697104414606593,0.1641058687934764,1250.4944163840264,103.69838847313076,10.515086188912392,39.14161311928183,71.54773361515254,0.2857407774031162,0.031113853033632042,0.01368002224713564,1,0.0017704054509289561
461,test_shift,0,94.45439860783517,47.985416285693645,93.69212808132897,44.92571401581797,-6.376317028613329,0.13786385692273942,1155.5887658149004,95.89070124551654,42.24130468070507,20.04713737871498,55.18967774696648,0.2212292257323861,0.02961401470936835,0.02601723074913025,1,0.0008983875605277717
461,test_shift,1,94.45439860783517,47.985416285693645,93.68806158274222,44.92734755969867,-6.3729127778906225,0.13799814554894388,1155.5887658149004,95.89070124551654,42.24130468070507,20.04713737871498,55.18967774696648,0.2212292257323861,0.02961401470936835,0.02601723074913025,1,0.0008983875605277717
461,test_shift,2,94.45439860783517,47.985416285693645,93.7008890349019,44.9225248224963,-6.382963200655862,0.13791760175229054,1155.5887658149004,95.89070124551654,42.24130468070507,20.04713737871498,55.18967774696648,0.2212292257323861,0.02961401470936835,0.02601723074913025,1,0.0008983875605277717
461,test_shift,3,94.45439860783517,47.985416285693645,93.70286172338493,44.92047892117725,-6.387226790465865,0.13786992509986368,1155.5887658149004,95.89070124551654,42.24130468070507,20.04713737871498,55.18967774696648,0.2212292257323861,0.02961401470936835,0.02601723074913025,1,0.0008983875605277717
462,test_shift,0,99.05871531926095,22.86763384751976,98.37843414036446,21.51575404341498,-5.911760758104857,0.11020528417338672,1445.4433417879045,100.9920913586393,35.181448832154274,27.93811155948788,16.629377556964755,0.20554677352309225,0.021728494327515363,0.036164055392146115,1,0.0015448331560939548
462,test_shift,1,99.05871531926095,22.86763384751976,98.38132217987571,21.515305199761034,-5.913723548207848,0.1100784350536814,1445.4433417879045,100.9920913586393,35.181448832154274,27.93811155948788,16.629377556964755,0.20554677352309225,0.021728494327515363,0.036164055392146115,1,0.0015448331560939548
462,test_shift,2,99.05871531926095,22.86763384751976,98.3961233907401,21.5097995278612,-5.937799812225999,0.11004314724939318,1445.4433417879045,100.9920913586393,35.181448832154274,27.93811155948788,16.629377556964755,0.20554677352309225,0.021728494327515363,0.036164055392146115,1,0.0015448331560939548
462,test_shift,3,99.05871531926095,22.86763384751976,98.37384637474027,21.511612133852516,-5.929873299131539,0.11035101385834711,1445.4433417879045,100.9920913586393,35.181448832154274,27.93811155948788,16.629377556964755,0.20554677352309225,0.021728494327515363,0.036164055392146115,1,0.0015448331560939548
463,test_shift,0,85.97902067936957,37.42533319443464,88.54794093283917,32.63229957223453,-12.806923046747547,0.1815862903779326,1076.3259694445878,108.80818298086524,18.817218229174614,8.843592903576791,104.16891930159181,0.2400581819191575,0.041533189514651896,0.0035136617347598076,0,0.0011241283850744366
463,test_shift,1,85.97902067936957,37.42533319443464,88.56288328439234,32.62457464963529,-12.827563938731338,0.18165719420863713,1076.3259694445878,108.80818298086524,18.817218229174614,8.843592903576791,104.16891930159181,0.2400581819191575,0.041533189514651896,0.0035136617347598076,0,0.0011241283850744366
463,test_shift,2,85.97902067936957,37.42533319443464,88.54394740456156,32.63318091569978,-12.804568108554546,0.18166296587309996,1076.3259694445878,108.80818298086524,18.817218229174614,8.843592903576791,104.16891930159181,0.2400581819191575,0.041533189514651896,0.0035136617347598076,0,0.0011241283850744366
463,test_shift,3,85.97902067936957,37.42533319443464,88.54574856609277,32.6288888650775,-12.816036411588717,0.18178433116357062,1076.3259694445878,108.80818298086524,18.817218229174614,8.843592903576791,104.16891930159181,0.2400581819191575,0.041533189514651896,0.0035136617347598076,0,0.0011241283850744366
464,test_shift,0,115.79713355749846,35.851005835458636,110.13991993178601,35.32490432025152,-1.4674665408878882,0.04305038148290834,1434.8635904490948,110.03555628471076,41.03292481601238,18.753802594728768,19.293336924165487,0.19879843968898056,0.040765795335173605,0.008577153384685517,0,0.000830657596886158
464,test_shift,1,115.79713355749846,35.851005835458636,110.13643772853396,35.32687002271363,-1.4619835637264331,0.043015818378100694,1434.8635904490948,110.03555628471076,41.03292481601238,18.753802594728768,19.293336924165487,0.19879843968898056,0.040765795335173605,0.008577153384685517,0,0.000830657596886158
464,test_shift,2,115.79713355749846,35.851005835458636,110.16242372038488,35.316798332890464,-1.4900767499243062,0.04301363119440892,1434.8635904490948,110.03555628471076,41.03292481601238,18.753802594728768,19.293336924165487,0.19879843968898056,0.040765795335173605,0.008577153384685517,0,0.000830657596886158
464,test_shift,3,115.79713355749846,35.851005835458636,110.12749865306749,35.32853176104785,-1.4573484404000616,0.043022365137565896,1434.8635904490948,110.03555628471076,41.03292481601238,18.753802594728768,19.293336924165487,0.19879843968898056,0.040765795335173605,0.008577153384685517,0,0.000830657596886158
465,test_shift,0,88.49990820512176,50.47277957946062,90.31115728250214,46.80331045114973,-7.270194268841394,0.08456762815380096,1058.6686245631427,102.23053399007767,12.397337093949318,43.25286529492587,109.90239782724528,0.2542863741517067,0.022679845763370395,0.031237312145531177,1,0.0019003906978294254
465,test_shift,1,88.49990820512176,50.47277957946062,90.3364513296935,46.79605003131883,-7.284579091495103,0.08463138061905101,1058.6686245631427,102.23053399007767,12.397337093949318,43.25286529492587,109.90239782724528,0.2542863741517067,0.022679845763370395,0.031237312145531177,1,0.0019003906978294254
465,test_shift,2,88.49990820512176,50.47277957946062,90.33743538371644,46.79656438202979,-7.283560025940846,0.08463119140468682,1058.6686245631427,102.23053399007767,12.397337093949318,43.25286529492587,109.90239782724528,0.2542863741517067,0.022679845763370395,0.031237312145531177,1,0.0019003906978294254
465,test_shift,3,88.49990820512176,50.47277957946062,90.34397446207856,46.79079161780926,-7.294997407176102,0.08446323680360888,1058.6686245631427,102.23053399007767,12.397337093949318,43.25286529492587,109.90239782724528,0.2542863741517067,0.022679845763370395,0.031237312145531177,1,0.0019003906978294254
466,test_shift,0,102.60074591264129,26.708954794332385,101.63623542493966,25.222149078753418,-5.566693743831814,0.08092998260746637,1232.986492337659,94.8708341550082,16.26960138976574,7.544851456768811,71.25019621569662,0.2999726896360516,0.028673400789499284,0.020953769497573375,0,0.0012544410080648958
466,test_shift,1,102.60074591264129,26.708954794332385,101.6560116858229,25.213990549098472,-5.597239789971646,0.08088024850316455,1232.986492337659,94.8708341550082,16.26960138976574,7.544851456768811,71.25019621569662,0.2999726896360516,0.028673400789499284,0.020953769497573375,0,0.0012544410080648958
466,test_shift,2,102.60074591264129,26.708954794332385,101.668570247121,25.212696176449203,-5.602086002259764,0.0808194970021471,1232.986492337659,94.8708341550082,16.26960138976574,7.544851456768811,71.25019621569662,0.2999726896360516,0.028673400789499284,0.020953769497573375,0,0.0012544410080648958
466,test_shift,3,102.60074591264129,26.708954794332385,101.66782341781357,25.210747683592945,-5.609381281581858,0.08075442587887562,1232.986492337659,94.8708341550082,16.26960138976574,7.544851456768811,71.25019621569662,0.2999726896360516,0.028673400789499284,0.020953769497573375,0,0.0012544410080648958
467,test_shift,0,82.40058051794767,42.26272643357516,82.59767989053499,36.122474786583716,-14.528763677000695,0.2055454548226564,1145.0794811360538,102.69188995938748,35.543567433953285,32.04395707231015,52.00676377862692,0.21448449611663817,0.03189199390821159,0.018606794700026512,1,0.0014767561397515238
467,test_shift,1,82.40058051794767,42.26272643357516,82.60381075895121,36.119541828324124,-14.535703499646079,0.20551740074728678,1145.0794811360538,102.69188995938748,35.543567433953285,32.04395707231015,52.00676377862692,0.21448449611663817,0.03189199390821159,0.018606794700026512,1,0.0014767561397515238
467,test_shift,2,82.40058051794767,42.26272643357516,82.60235163309731,36.11708294080746,-14.541521599243923,0.20553677690670766,1145.0794811360538,102.69188995938748,35.543567433953285,32.04395707231015,52.00676377862692,0.21448449611663817,0.03189199390821159,0.018606794700026512,1,0.0014767561397515238
467,test_shift,3,82.40058051794767,42.26272643357516,82.59369351265221,36.12657733733185,-14.519056421709017,0.2055600589577146,1145.0794811360538,102.69188995938748,35.543567433953285,32.04395707231015,52.00676377862692,0.21448449611663817,0.03189199390821159,0.018606794700026512,1,0.0014767561397515238
468,test_shift,0,84.80536955967546,46.89689274691045,85.13504653519365,42.41909982884804,-9.548165466372845,0.18497191322150236,1337.336648022756,106.533019579947,49.828659534454346,15.668025352060797,78.21495047304778,0.25666176281869413,0.025625625433400273,0.026624335981905462,1,0.0009203625767491757
468,test_shift,1,84.80536955967546,46.89689274691045,85.1313602470491,42.420193401123456,-9.545833601271847,0.1849532342050995,1337.336648022756,106.533019579947,49.828659534454346,15.668025352060797,78.21495047304778,0.25666176281869413,0.025625625433400273,0.026624335981905462,1,0.0009203625767491757
468,test_shift,2,84.80536955967546,46.89689274691045,85.13679243004125,42.41150115908437,-9.564368394367833,0.18502907547351058,1337.336648022756,106.533019579947,49.828659534454346,15.668025352060797,78.21495047304778,0.25666176281869413,0.025625625433400273,0.026624335981905462,1,0.0009203625767491757
468,test_shift,3,84.80536955967546,46.89689274691045,85.13541441686621,42.41872790234454,-9.548958539179408,0.18493163210690458,1337.336648022756,106.533019579947,49.828659534454346,15.668025352060797,78.21495047304778,0.25666176281869413,0.025625625433400273,0.026624335981905462,1,0.0009203625767491757
469,test_shift,0,100.23234145343304,31.456624984741218,98.15062867294749,30.045853152240756,-4.484816261073109,0.05695263209667583,1186.187813617289,92.47642986942083,9.460957258939743,35.072221299633384,50.05323959514499,0.19027539934962986,0.03512309725955129,0.014283884316682816,0,0.0018310788252390922
469,test_shift,1,100.23234145343304,31.456624984741218,98.15912881809464,30.040607063415468,-4.501493475579856,0.05699033589979817,1186.187813617289,92.47642986942083,9.460957258939743,35.072221299633384,50.05323959514499,0.19027539934962986,0.03512309725955129,0.014283884316682816,0,0.0018310788252390922
469,test_shift,2,100.23234145343304,31.456624984741218,98.13694270338509,30.052809677069785,-4.462701603723817,0.05688844384026433,1186.187813617289,92.47642986942083,9.460957258939743,35.072221299633384,50.05323959514499,0.19027539934962986,0.03512309725955129,0.014283884316682816,0,0.0018310788252390922
469,test_shift,3,100.23234145343304,31.456624984741218,98.15027845866966,30.047481321491755,-4.479640342640066,0.05696126727196649,1186.187813617289,92.47642986942083,9.460957258939743,35.072221299633384,50.05323959514499,0.19027539934962986,0.03512309725955129,0.014283884316682816,0,0.0018310788252390922
470,test_shift,0,95.62802474200726,38.22094525955618,94.10709358349249,35.85046444232829,-6.202046550994739,0.0767037496140795,1358.5985251702368,98.3522005006671,25.112210392951965,26.964523792266846,35.17443094402552,0.23455245964229104,0.0382375769186765,0.004157197251915932,1,0.001187194605730474
470,test_shift,1,95.62802474200726,38.22094525955618,94.11936771113108,35.84468880029406,-6.21715774721191,0.07684246665231326,1358.5985251702368,98.3522005006671,25.112210392951965,26.964523792266846,35.17443094402552,0.23455245964229104,0.0382375769186765,0.004157197251915932,1,0.001187194605730474
470,test_shift,2,95.62802474200726,38.22094525955618,94.10490734996293,35.85213823008424,-6.197667308815911,0.07658633596463518,1358.5985251702368,98.3522005006671,25.112210392951965,26.964523792266846,35.17443094402552,0.23455245964229104,0.0382375769186765,0.004157197251915932,1,0.001187194605730474
470,test_shift,3,95.62802474200726,38.22094525955618,94.10174881401659,35.85178460460592,-6.198592522663768,0.07663489528644955,1358.5985251702368,98.3522005006671,25.112210392951965,26.964523792266846,35.17443094402552,0.23455245964229104,0.0382375769186765,0.004157197251915932,1,0.001187194605730474
471,test_shift,0,108.70772093906999,23.720028221607212,108.79824217775875,21.172281494666247,-10.740909340993756,0.17038238867151312,1045.7243433687836,112.41872057784349,32.84155759215355,46.368676824495196,87.15461064595729,0.270939081273973,0.025044961873441934,0.03680961217731237,1,0.0015640782617032528
471,test_shift,1,108.70772093906999,23.720028221607212,108.76029768721806,21.18240612484089,-10.69822545343657,0.1702692169816768,1045.7243433687836,112.41872057784349,32.84155759215355,46.368676824495196,87.15461064595729,0.270939081273973,0.025044961873441934,0.03680961217731237,1,0.0015640782617032528
471,test_shift,2,108.70772093906999,23.720028221607212,108.75796430897988,21.17328945026064,-10.736659954842207,0.17025493783931844,1045.7243433687836,112.41872057784349,32.84155759215355,46.368676824495196,87.15461064595729,0.270939081273973,0.025044961873441934,0.03680961217731237,1,0.0015640782617032528
471,test_shift,3,108.70772093906999,23.720028221607212,108.75026555864912,21.183020295241114,-10.695636205251512,0.17013481606829534,1045.7243433687836,112.41872057784349,32.84155759215355,46.368676824495196,87.15461064595729,0.270939081273973,0.025044961873441934,0.03680961217731237,1,0.0015640782617032528
472,test_shift,0,97.87866797670722,39.71482883952558,95.56825986809221,39.35688438812769,-0.9012866525101358,0.08993973236246164,1269.6660480462015,113.57561595272273,39.92045886814594,12.393704992718993,84.5647030044347,0.22286589838564397,0.023990974098443987,0.028591256812214853,1,0.001380170173291117
472,test_shift,1,97.87866797670722,39.71482883952558,95.55331923182356,39.36197583951002,-0.8884666265120091,0.09009682323323868,1269.6660480462015,113.57561595272273,39.92045886814594,12.393704992718993,84.5647030044347,0.22286589838564397,0.023990974098443987,0.028591256812214853,1,0.001380170173291117
472,test_shift,2,97.87866797670722,39.71482883952558,95.59865867043709,39.34545117126737,-0.9300749343544786,0.09010365504856373,1269.6660480462015,113.57561595272273,39.92045886814594,12.393704992718993,84.5647030044347,0.22286589838564397,0.023990974098443987,0.028591256812214853,1,0.001380170173291117
472,test_shift,3,97.87866797670722,39.71482883952558,95.55647857926553,39.35888266495892,-0.8962550890120087,0.0899633351115545,1269.6660480462015,113.57561595272273,39.92045886814594,12.393704992718993,84.5647030044347,0.22286589838564397,0.023990974098443987,0.028591256812214853,1,0.001380170173291117
473,test_shift,0,87.19687493890522,24.335005551576618,90.25526246014499,18.832378126594985,-22.61198343809347,0.20693835009120937,1139.6041483152658,96.39555207453668,20.283218011260033,38.34107473026961,44.444029624573886,0.2911272330209613,0.036584869055077435,0.011242721043527127,1,0.001269548875000328
473,test_shift,1,87.19687493890522,24.335005551576618,90.2624286446833,18.83306725784868,-22.60915158645393,0.20692134124387646,1139.6041483152658,96.39555207453668,20.283218011260033,38.34107473026961,44.444029624573886,0.2911272330209613,0.036584869055077435,0.011242721043527127,1,0.001269548875000328
473,test_shift,2,87.19687493890522,24.335005551576618,90.25149786035135,18.836666311279014,-22.594361972279785,0.20694637185461948,1139.6041483152658,96.39555207453668,20.283218011260033,38.34107473026961,44.444029624573886,0.2911272330209613,0.036584869055077435,0.011242721043527127,1,0.001269548875000328
473,test_shift,3,87.19687493890522,24.335005551576618,90.22353653613877,18.84412877857159,-22.5636964058522,0.2070030770326504,1139.6041483152658,96.39555207453668,20.283218011260033,38.34107473026961,44.444029624573886,0.2911272330209613,0.036584869055077435,0.011242721043527127,1,0.001269548875000328
474,test_shift,0,111.09371789544821,45.57919185422361,108.32218933145074,43.46611071186178,-4.636065398263559,0.09779981110865314,1412.2100684326142,91.33077397476882,15.133704379200935,23.68466802407056,29.63642050977796,0.24590537376701832,0.036091315135359764,0.0009408647194504738,1,0.0019258232645690439
474,test_shift,1,111.09371789544821,45.57919185422361,108.32071771714044,43.46838019152344,-4.631086197076949,0.09767712307549373,1412.2100684326142,91.33077397476882,15.133704379200935,23.68466802407056,29.63642050977796,0.24590537376701832,0.036091315135359764,0.0009408647194504738,1,0.0019258232645690439
474,test_shift,2,111.09371789544821,45.57919185422361,108.32580831730489,43.46800706236854,-4.6319048363281325,0.09775532449648167,1412.2100684326142,91.33077397476882,15.133704379200935,23.68466802407056,29.63642050977796,0.24590537376701832,0.036091315135359764,0.0009408647194504738,1,0.0019258232645690439
474,test_shift,3,111.09371789544821,45.57919185422361,108.35765280513445,43.44922982067764,-4.67310179688628,0.09784603071016482,1412.2100684326142,91.33077397476882,15.133704379200935,23.68466802407056,29.63642050977796,0.24590537376701832,0.036091315135359764,0.0009408647194504738,1,0.0019258232645690439
475,test_shift,0,93.2775403521955,31.135017842054367,93.68915911279998,28.95932865988288,-6.987916927520646,0.09382934753328129,1106.3739452511072,108.52687164209783,43.406004413962364,49.632080676965415,93.43644785694778,0.20764372330158948,0.027364774418994785,0.03860014900565147,0,0.0007240444770082831
475,test_shift,1,93.2775403521955,31.135017842054367,93.68325427422945,28.964730945696015,-6.970565770567584,0.0938389695202133,1106.3739452511072,108.52687164209783,43.406004413962364,49.632080676965415,93.43644785694778,0.20764372330158948,0.027364774418994785,0.03860014900565147,0,0.0007240444770082831
475,test_shift,2,93.2775403521955,31.135017842054367,93.67460180849004,28.96424920379272,-6.97211303771785,0.09394254743300653,1106.3739452511072,108.52687164209783,43.406004413962364,49.632080676965415,93.43644785694778,0.20764372330158948,0.027364774418994785,0.03860014900565147,0,0.0007240444770082831
475,test_shift,3,93.2775403521955,31.135017842054367,93.6826216170573,28.962072251367598,-6.9791050119513764,0.09383350951217874,1106.3739452511072,108.52687164209783,43.406004413962364,49.632080676965415,93.43644785694778,0.20764372330158948,0.027364774418994785,0.03860014900565147,0,0.0007240444770082831
476,test_shift,0,90.849992826581,28.261888993903995,89.87331759386694,26.489632236604642,-6.270836169803165,0.02196795092927023,1368.9439373556525,104.55545958597213,30.714569240808487,20.557843260467052,24.921493600122627,0.27791657868772746,0.033633828358724714,0.006637218706309796,0,0.0016302253587171436
476,test_shift,1,90.849992826581,28.261888993903995,89.88413047671409,26.48751449627496,-6.278329442210186,0.021770572810457748,1368.9439373556525,104.55545958597213,30.714569240808487,20.557843260467052,24.921493600122627,0.27791657868772746,0.033633828358724714,0.006637218706309796,0,0.0016302253587171436
476,test_shift,2,90.849992826581,28.261888993903995,89.8855055280839,26.490303306492873,-6.268461700466116,0.021806293785017517,1368.9439373556525,104.55545958597213,30.714569240808487,20.557843260467052,24.921493600122627,0.27791657868772746,0.033633828358724714,0.006637218706309796,0,0.0016302253587171436
476,test_shift,3,90.849992826581,28.261888993903995,89.88276438344157,26.49079700187302,-6.266714841364618,0.021942578151526355,1368.9439373556525,104.55545958597213,30.714569240808487,20.557843260467052,24.921493600122627,0.27791657868772746,0.033633828358724714,0.006637218706309796,0,0.0016302253587171436
477,test_shift,0,113.41153183951974,42.81956688314676,110.40311421937692,41.45272695626532,-3.1920919018436114,0.14026867341731533,1013.8496373780072,93.62391136586666,23.348508298397064,41.41034624539316,103.53077677078544,0.22805367216467856,0.02963893336430192,0.034290513917803765,1,0.0010400454446673393
477,test_shift,1,113.41153183951974,42.81956688314676,110.39616546989889,41.45386574867418,-3.1894323877668667,0.14033124340762765,1013.8496373780072,93.62391136586666,23.348508298397064,41.41034624539316,103.53077677078544,0.22805367216467856,0.02963893336430192,0.034290513917803765,1,0.0010400454446673393
477,test_shift,2,113.41153183951974,42.81956688314676,110.40019900584511,41.45298930391786,-3.191479220138416,0.14028882438320533,1013.8496373780072,93.62391136586666,23.348508298397064,41.41034624539316,103.53077677078544,0.22805367216467856,0.02963893336430192,0.034290513917803765,1,0.0010400454446673393
477,test_shift,3,113.41153183951974,42.81956688314676,110.39249973757538,41.45088523822282,-3.1963930150415445,0.14040528923566042,1013.8496373780072,93.62391136586666,23.348508298397064,41.41034624539316,103.53077677078544,0.22805367216467856,0.02963893336430192,0.034290513917803765,1,0.0010400454446673393
478,test_shift,0,80.00889054313302,34.590524507686496,78.8605334805753,33.49581217768568,-3.164775167712636,0.04972509352114391,1284.8470887169242,100.32976035494357,5.974687606096268,9.35442753136158,64.99584431760012,0.1832975009456277,0.021024452270939947,0.02414307177066803,0,0.001693936990853399
478,test_shift,1,80.00889054313302,34.590524507686496,78.87083081248092,33.49145197611608,-3.1773803583874085,0.049846065242466854,1284.8470887169242,100.32976035494357,5.974687606096268,9.35442753136158,64.99584431760012,0.1832975009456277,0.021024452270939947,0.02414307177066803,0,0.001693936990853399
478,test_shift,2,80.00889054313302,34.590524507686496,78.87733814326165,33.49065092581736,-3.1796961668642054,0.0498765761075551,1284.8470887169242,100.32976035494357,5.974687606096268,9.35442753136158,64.99584431760012,0.1832975009456277,0.021024452270939947,0.02414307177066803,0,0.001693936990853399
478,test_shift,3,80.00889054313302,34.590524507686496,78.84914120678216,33.50162349281174,-3.147974858354014,0.04987850507444417,1284.8470887169242,100.32976035494357,5.974687606096268,9.35442753136158,64.99584431760012,0.1832975009456277,0.021024452270939947,0.02414307177066803,0,0.001693936990853399
479,test_shift,0,104.95459945499897,50.09120450168848,104.87413075777833,46.07029801210848,-8.027170697092064,0.10246468478214922,1203.9644049014896,111.27123847603798,46.70566612482071,30.20688760094345,57.52021071966737,0.2631607224047184,0.03971449335291982,0.016804187186062337,1,0.0009761651278473437
479,test_shift,1,104.95459945499897,50.09120450168848,104.89152141023436,46.06195488515604,-8.043826569186662,0.10244626905438363,1203.9644049014896,111.27123847603798,46.70566612482071,30.20688760094345,57.52021071966737,0.2631607224047184,0.03971449335291982,0.016804187186062337,1,0.0009761651278473437
479,test_shift,2,104.95459945499897,50.09120450168848,104.88112904481781,46.06615283387742,-8.035445958731907,0.10246304573054212,1203.9644049014896,111.27123847603798,46.70566612482071,30.20688760094345,57.52021071966737,0.2631607224047184,0.03971449335291982,0.016804187186062337,1,0.0009761651278473437
479,test_shift,3,104.95459945499897,50.09120450168848,104.88986867392408,46.065795024173475,-8.036160275162318,0.10243618397038022,1203.9644049014896,111.27123847603798,46.70566612482071,30.20688760094345,57.52021071966737,0.2631607224047184,0.03971449335291982,0.016804187186062337,1,0.0009761651278473437
480,test_shift,0,108.11251689493656,41.040793254971504,105.76212415388183,39.34405163931342,-4.1342807511464095,0.03827353137914751,1393.266310961917,111.53570549562573,44.30517841875553,6.849132664501666,42.354959514923394,0.1890312910079956,0.03570795215107501,0.030027639232575894,0,0.0014294069485738872
480,test_shift,1,108.11251689493656,41.040793254971504,105.77465157991975,39.33153788173765,-4.16477177381751,0.03834075271798705,1393.266310961917,111.53570549562573,44.30517841875553,6.849132664501666,42.354959514923394,0.1890312910079956,0.03570795215107501,0.030027639232575894,0,0.0014294069485738872
480,test_shift,2,108.11251689493656,41.040793254971504,105.79054355531746,39.32483056580118,-4.181114820343931,0.038245154942301664,1393.266310961917,111.53570549562573,44.30517841875553,6.849132664501666,42.354959514923394,0.1890312910079956,0.03570795215107501,0.030027639232575894,0,0.0014294069485738872
480,test_shift,3,108.11251689493656,41.040793254971504,105.75787726309112,39.341202037677334,-4.141224090711963,0.038324386048163045,1393.266310961917,111.53570549562573,44.30517841875553,6.849132664501666,42.354959514923394,0.1890312910079956,0.03570795215107501,0.030027639232575894,0,0.0014294069485738872
481,test_shift,0,95.03474125638604,26.53985861502588,95.20309124397411,24.06552164414513,-9.323097785757879,0.13924993779171851,1017.0986491255462,100.60221346560866,15.95121245086193,32.62466668151319,85.36218654364346,0.2574105672910809,0.027585622560232878,0.0076774216443300245,1,0.0013219836201518774
481,test_shift,1,95.03474125638604,26.53985861502588,95.21647468398845,24.063305230783865,-9.331449048639183,0.1393733933846398,1017.0986491255462,100.60221346560866,15.95121245086193,32.62466668151319,85.36218654364346,0.2574105672910809,0.027585622560232878,0.0076774216443300245,1,0.0013219836201518774
481,test_shift,2,95.03474125638604,26.53985861502588,95.2031276088689,24.06433772617235,-9.327558691107647,0.1395191980541246,1017.0986491255462,100.60221346560866,15.95121245086193,32.62466668151319,85.36218654364346,0.2574105672910809,0.027585622560232878,0.0076774216443300245,1,0.0013219836201518774
481,test_shift,3,95.03474125638604,26.53985861502588,95.20622422836158,24.059832784067847,-9.344532941686184,0.13935057150752636,1017.0986491255462,100.60221346560866,15.95121245086193,32.62466668151319,85.36218654364346,0.2574105672910809,0.027585622560232878,0.0076774216443300245,1,0.0013219836201518774
482,test_shift,0,99.63818821683526,51.57707442343235,101.91154559931707,47.58296377015526,-7.743965120019475,0.15251651324324608,1302.9001742601395,93.1540215946734,19.378161564469337,18.14009502530098,94.30313279852271,0.27219574838876726,0.023053006345406177,0.017628864496946336,0,0.001975709113758057
482,test_shift,1,99.63818821683526,51.57707442343235,101.93214267648251,47.57349731133444,-7.762319125023907,0.1526444335398575,1302.9001742601395,93.1540215946734,19.378161564469337,18.14009502530098,94.30313279852271,0.27219574838876726,0.023053006345406177,0.017628864496946336,0,0.001975709113758057
482,test_shift,2,99.63818821683526,51.57707442343235,101.92610532349512,47.57579735955622,-7.7578596859272,0.1523313617943049,1302.9001742601395,93.1540215946734,19.378161564469337,18.14009502530098,94.30313279852271,0.27219574838876726,0.023053006345406177,0.017628864496946336,0,0.001975709113758057
482,test_shift,3,99.63818821683526,51.57707442343235,101.9305249392227,47.57825041859692,-7.753103582429427,0.15255750277103686,1302.9001742601395,93.1540215946734,19.378161564469337,18.14009502530098,94.30313279852271,0.27219574838876726,0.023053006345406177,0.017628864496946336,0,0.001975709113758057
483,test_shift,0,84.21335460245609,36.13682482205331,81.42470461745745,34.891469730670025,-3.4462216797289984,0.0709225412602139,1215.020790649578,104.09741977695376,39.12050549685955,43.91567195765675,27.475262568332255,0.23381673116236923,0.037620814766734845,0.020291044749319555,1,0.000775850144494325
483,test_shift,1,84.21335460245609,36.13682482205331,81.43739319757395,34.887473955520576,-3.4572790295905915,0.07091456742318332,1215.020790649578,104.09741977695376,39.12050549685955,43.91567195765675,27.475262568332255,0.23381673116236923,0.037620814766734845,0.020291044749319555,1,0.000775850144494325
483,test_shift,2,84.21335460245609,36.13682482205331,81.4261727615965,34.891031501998924,-3.4474343725243766,0.07094795625589975,1215.020790649578,104.09741977695376,39.12050549685955,43.91567195765675,27.475262568332255,0.23381673116236923,0.037620814766734845,0.020291044749319555,1,0.000775850144494325
483,test_shift,3,84.21335460245609,36.13682482205331,81.42478530621199,34.890527553318655,-3.4488289296908,0.07099853148178334,1215.020790649578,104.09741977695376,39.12050549685955,43.91567195765675,27.475262568332255,0.23381673116236923,0.037620814766734845,0.020291044749319555,1,0.000775850144494325
484,test_shift,0,81.8072610758245,22.028758756816387,81.97696144905201,20.505357856483784,-6.915509480810926,0.09639316291590644,1265.7739431597292,108.05452820844948,47.33533105254173,26.10122737009078,101.27910930663347,0.25164130982011557,0.02052565260976553,0.014480461403727532,1,0.00166224845321849
484,test_shift,1,81.8072610758245,22.028758756816387,81.98617370200523,20.503432337144407,-6.924250415153313,0.09636557304741634,1265.7739431597292,108.05452820844948,47.33533105254173,26.10122737009078,101.27910930663347,0.25164130982011557,0.02052565260976553,0.014480461403727532,1,0.00166224845321849
484,test_shift,2,81.8072610758245,22.028758756816387,82.0040001289403,20.49760610149604,-6.950698730796908,0.09657566630543511,1265.7739431597292,108.05452820844948,47.33533105254173,26.10122737009078,101.27910930663347,0.25164130982011557,0.02052565260976553,0.014480461403727532,1,0.00166224845321849
484,test_shift,3,81.8072610758245,22.028758756816387,82.01152516437098,20.50127447719674,-6.934046064429284,0.09660685476850457,1265.7739431597292,108.05452820844948,47.33533105254173,26.10122737009078,101.27910930663347,0.25164130982011557,0.02052565260976553,0.014480461403727532,1,0.00166224845321849
485,test_shift,0,102.00528790801764,37.58254095725715,101.324625339668,33.929709311086846,-9.7194908942551,0.14920632705504344,1114.5979119930416,90.87557227816433,6.686750531196594,47.127963970415294,25.510492068715394,0.20189485542476177,0.039986408805474646,0.02713085424154997,1,0.0010689101840369404
485,test_shift,1,102.00528790801764,37.58254095725715,101.32683212441904,33.92642918786458,-9.72821867885594,0.1493227704974255,1114.5979119930416,90.87557227816433,6.686750531196594,47.127963970415294,25.510492068715394,0.20189485542476177,0.039986408805474646,0.02713085424154997,1,0.0010689101840369404
485,test_shift,2,102.00528790801764,37.58254095725715,101.31894031511648,33.931419624437815,-9.71494007542432,0.1492607399237532,1114.5979119930416,90.87557227816433,6.686750531196594,47.127963970415294,25.510492068715394,0.20189485542476177,0.039986408805474646,0.02713085424154997,1,0.0010689101840369404
485,test_shift,3,102.00528790801764,37.58254095725715,101.28971254052729,33.941996259232546,-9.686797660022554,0.14916772509341664,1114.5979119930416,90.87557227816433,6.686750531196594,47.127963970415294,25.510492068715394,0.20189485542476177,0.039986408805474646,0.02713085424154997,1,0.0010689101840369404
486,test_shift,0,87.90763928741217,33.0311720892787,85.6230170039017,30.904745494457956,-6.437635906692346,0.19860099087454808,1402.2825641091913,96.65675331838429,22.7364442050457,14.897812311537562,58.22410649154335,0.21714629855006934,0.03266099033504725,0.036925431974232197,1,0.0017253309447318316
486,test_shift,1,87.90763928741217,33.0311720892787,85.6048581883167,30.92138188295331,-6.387270184124625,0.19843395811079334,1402.2825641091913,96.65675331838429,22.7364442050457,14.897812311537562,58.22410649154335,0.21714629855006934,0.03266099033504725,0.036925431974232197,1,0.0017253309447318316
486,test_shift,2,87.90763928741217,33.0311720892787,85.62924052158142,30.910332022704146,-6.420723009290182,0.19860785219727373,1402.2825641091913,96.65675331838429,22.7364442050457,14.897812311537562,58.22410649154335,0.21714629855006934,0.03266099033504725,0.036925431974232197,1,0.0017253309447318316
486,test_shift,3,87.90763928741217,33.0311720892787,85.60062280473824,30.920626746189342,-6.3895563178468056,0.19856790139011193,1402.2825641091913,96.65675331838429,22.7364442050457,14.897812311537562,58.22410649154335,0.21714629855006934,0.03266099033504725,0.036925431974232197,1,0.0017253309447318316
487,test_shift,0,115.20294436439872,47.65293493680656,114.35826744915599,45.228587161811944,-5.087509884143728,0.03567975441018359,1089.3806474283338,113.85171928908676,29.99666929244995,35.924505996517844,62.626370470970876,0.29689249478280544,0.030817254981026054,0.00458822250366211,0,0.001005678994394839
487,test_shift,1,115.20294436439872,47.65293493680656,114.3653428106313,45.22693359367501,-5.090979907845595,0.03569798519719208,1089.3806474283338,113.85171928908676,29.99666929244995,35.924505996517844,62.626370470970876,0.29689249478280544,0.030817254981026054,0.00458822250366211,0,0.001005678994394839
487,test_shift,2,115.20294436439872,47.65293493680656,114.35809656340577,45.23012972799462,-5.084272798779053,0.03560360593722001,1089.3806474283338,113.85171928908676,29.99666929244995,35.924505996517844,62.626370470970876,0.29689249478280544,0.030817254981026054,0.00458822250366211,0,0.001005678994394839
487,test_shift,3,115.20294436439872,47.65293493680656,114.37121476706108,45.22502818313623,-5.094978424497928,0.03581018095801013,1089.3806474283338,113.85171928908676,29.99666929244995,35.924505996517844,62.626370470970876,0.29689249478280544,0.030817254981026054,0.00458822250366211,0,0.001005678994394839
488,test_shift,0,104.36026502028108,29.895691655576233,103.69446644862299,28.342034446866606,-5.1969267900173595,0.09986654803976203,1312.3611028771847,111.95076553616673,36.41932629048824,24.46043189615011,107.5216040527448,0.22508102875202893,0.029032620364800095,0.010030775256454945,1,0.0008011090989224613
488,test_shift,1,104.36026502028108,29.895691655576233,103.6912485388557,28.34250780725334,-5.1953434167601475,0.0998665347319205,1312.3611028771847,111.95076553616673,36.41932629048824,24.46043189615011,107.5216040527448,0.22508102875202893,0.029032620364800095,0.010030775256454945,1,0.0008011090989224613
488,test_shift,2,104.36026502028108,29.895691655576233,103.69463850443725,28.344147054434934,-5.189860194627401,0.09992626599992012,1312.3611028771847,111.95076553616673,36.41932629048824,24.46043189615011,107.5216040527448,0.22508102875202893,0.029032620364800095,0.010030775256454945,1,0.0008011090989224613
488,test_shift,3,104.36026502028108,29.895691655576233,103.69117812161312,28.34488461236492,-5.187393090208204,0.09987581592460025,1312.3611028771847,111.95076553616673,36.41932629048824,24.46043189615011,107.5216040527448,0.22508102875202893,0.029032620364800095,0.010030775256454945,1,0.0008011090989224613
489,test_shift,0,79.41705678403378,45.39636075310409,79.42130397967391,42.11233219967129,-7.234122953805822,0.08766073487585443,1182.2718974202871,97.8922319225967,17.06369610130787,48.78525561653078,20.008562533184886,0.28045251198112964,0.03165232058987022,0.02769383579492569,0,0.001868952184636146
489,test_shift,1,79.41705678403378,45.39636075310409,79.4269343920647,42.10949319393608,-7.240376771706885,0.08772847360127797,1182.2718974202871,97.8922319225967,17.06369610130787,48.78525561653078,20.008562533184886,0.28045251198112964,0.03165232058987022,0.02769383579492569,0,0.001868952184636146
489,test_shift,2,79.41705678403378,45.39636075310409,79.42235734506838,42.11182468360768,-7.235240920213689,0.08742022586890752,1182.2718974202871,97.8922319225967,17.06369610130787,48.78525561653078,20.008562533184886,0.28045251198112964,0.03165232058987022,0.02769383579492569,0,0.001868952184636146
489,test_shift,3,79.41705678403378,45.39636075310409,79.42098360851178,42.1128985072442,-7.232875480300203,0.08759861833682366,1182.2718974202871,97.8922319225967,17.06369610130787,48.78525561653078,20.008562533184886,0.28045251198112964,0.03165232058987022,0.02769383579492569,0,0.001868952184636146
490,test_shift,0,112.81592915952206,25.456693850457672,110.59439262447385,23.48921088303844,-7.728745056121493,0.11390094045049302,1341.6363476775587,92.73896178696305,11.515741929411888,13.2514800876379,52.60780696757137,0.26614586781710386,0.04168493832089007,0.037624523863196375,1,0.0012255315640941262
490,test_shift,1,112.81592915952206,25.456693850457672,110.58647303881285,23.489667239811467,-7.726952377246119,0.11411560406175825,1341.6363476775587,92.73896178696305,11.515741929411888,13.2514800876379,52.60780696757137,0.26614586781710386,0.04168493832089007,0.037624523863196375,1,0.0012255315640941262
490,test_shift,2,112.81592915952206,25.456693850457672,110.60484953209965,23.485202229998656,-7.744492006858037,0.11393114763584865,1341.6363476775587,92.73896178696305,11.515741929411888,13.2514800876379,52.60780696757137,0.26614586781710386,0.04168493832089007,0.037624523863196375,1,0.0012255315640941262
490,test_shift,3,112.81592915952206,25.456693850457672,110.59089823443284,23.49027146330508,-7.724578842421976,0.11398801562439058,1341.6363476775587,92.73896178696305,11.515741929411888,13.2514800876379,52.60780696757137,0.26614586781710386,0.04168493832089007,0.037624523863196375,1,0.0012255315640941262
491,test_shift,0,90.25710797682405,40.01438230089843,89.2388580016253,37.35342496334179,-6.650002285545458,0.16934688592778915,1035.7725985813886,106.80740183219314,40.25643165409565,37.57634672336281,68.98647412192076,0.18077470041811466,0.02161975623294711,0.0002758733555674553,1,0.0014446982491761445
491,test_shift,1,90.25710797682405,40.01438230089843,89.2474972093531,37.348271919150086,-6.662880265650103,0.16933291250119317,1035.7725985813886,106.80740183219314,40.25643165409565,37.57634672336281,68.98647412192076,0.18077470041811466,0.02161975623294711,0.0002758733555674553,1,0.0014446982491761445
491,test_shift,2,90.25710797682405,40.01438230089843,89.21739135969673,37.36109401777851,-6.630836540641402,0.1694549241903373,1035.7725985813886,106.80740183219314,40.25643165409565,37.57634672336281,68.98647412192076,0.18077470041811466,0.02161975623294711,0.0002758733555674553,1,0.0014446982491761445
491,test_shift,3,90.25710797682405,40.01438230089843,89.23703673332219,37.35330466741929,-6.650302917257329,0.16936230445165376,1035.7725985813886,106.80740183219314,40.25643165409565,37.57634672336281,68.98647412192076,0.18077470041811466,0.02161975623294711,0.0002758733555674553,1,0.0014446982491761445
492,test_shift,0,92.68567007035017,48.384372636675835,91.41013707306134,45.67782785647788,-5.593840805835642,0.049124039945310116,1438.088790886104,102.95196858700365,33.44776302576065,9.962611091323197,47.88165639154613,0.2905036903917789,0.03871760401874781,0.034484818130731586,0,0.000868671041354537
492,test_shift,1,92.68567007035017,48.384372636675835,91.40771055488196,45.68172049875923,-5.585795558849434,0.049173515328636126,1438.088790886104,102.95196858700365,33.44776302576065,9.962611091323197,47.88165639154613,0.2905036903917789,0.03871760401874781,0.034484818130731586,0,0.000868671041354537
492,test_shift,2,92.68567007035017,48.384372636675835,91.40900464840428,45.681404520612766,-5.586448617118565,0.04904445912029402,1438.088790886104,102.95196858700365,33.44776302576065,9.962611091323197,47.88165639154613,0.2905036903917789,0.03871760401874781,0.034484818130731586,0,0.000868671041354537
492,test_shift,3,92.68567007035017,48.384372636675835,91.41990256917067,45.67531075228255,-5.599043114056606,0.04913805843914546,1438.088790886104,102.95196858700365,33.44776302576065,9.962611091323197,47.88165639154613,0.2905036903917789,0.03871760401874781,0.034484818130731586,0,0.000868671041354537
493,test_shift,0,110.49913006648421,33.9402167852968,108.63608803453735,32.81657692779237,-3.3106443150097866,0.06863930102564403,1083.0216893460602,95.14805414713919,25.800812751054764,29.53863739501685,79.09204793628305,0.22399938616901635,0.024748850068077446,0.007146047689020634,1,0.0017813170360401272
493,test_shift,1,110.49913006648421,33.9402167852968,108.64897878276166,32.81086008387323,-3.327488178899354,0.06863930287181301,1083.0216893460602,95.14805414713919,25.800812751054764,29.53863739501685,79.09204793628305,0.22399938616901635,0.024748850068077446,0.007146047689020634,1,0.0017813170360401272
493,test_shift,2,110.49913006648421,33.9402167852968,108.66033063657193,32.81179369541195,-3.3247374258778706,0.06865545599185449,1083.0216893460602,95.14805414713919,25.800812751054764,29.53863739501685,79.09204793628305,0.22399938616901635,0.024748850068077446,0.007146047689020634,1,0.0017813170360401272
493,test_shift,3,110.49913006648421,33.9402167852968,108.63936103208293,32.81137839121513,-3.32596106036273,0.06857875101686059,1083.0216893460602,95.14805414713919,25.800812751054764,29.53863739501685,79.09204793628305,0.22399938616901635,0.024748850068077446,0.007146047689020634,1,0.0017813170360401272
494,test_shift,0,86.60373669490218,44.40967594087124,84.60949143643987,43.45707424192401,-2.1450318624606997,0.04312359008997129,1244.0186376217753,101.7593135451898,8.872307240962982,21.259110202081498,87.9646938247606,0.20828406080603598,0.026574267350137234,0.016922312043607234,0,0.0011348837559111416
494,test_shift,1,86.60373669490218,44.40967594087124,84.61732512965774,43.45301108966668,-2.1541811124186037,0.043159894417183556,1244.0186376217753,101.7593135451898,8.872307240962982,21.259110202081498,87.9646938247606,0.20828406080603598,0.026574267350137234,0.016922312043607234,0,0.0011348837559111416
494,test_shift,2,86.60373669490218,44.40967594087124,84.59214627412433,43.46673953862005,-2.123267919150444,0.04310958928580193,1244.0186376217753,101.7593135451898,8.872307240962982,21.259110202081498,87.9646938247606,0.20828406080603598,0.026574267350137234,0.016922312043607234,0,0.0011348837559111416
494,test_shift,3,86.60373669490218,44.40967594087124,84.62022574911822,43.452415581580986,-2.15552205461889,0.04307907685702777,1244.0186376217753,101.7593135451898,8.872307240962982,21.259110202081498,87.9646938247606,0.20828406080603598,0.026574267350137234,0.016922312043607234,0,0.0011348837559111416
495,test_shift,0,97.28302877396345,29.029835050925612,100.62128697440566,23.937379125613973,-17.542145576708222,0.2123043850191348,1163.1636870093644,109.57923755981028,49.13417544960976,40.835093590430915,33.07277393527329,0.24478805009275673,0.03392600283585489,0.02457183040678501,1,0.0015149554732255637
495,test_shift,1,97.28302877396345,29.029835050925612,100.65282042529954,23.929690190169286,-17.568631898215735,0.21220583715769192,1163.1636870093644,109.57923755981028,49.13417544960976,40.835093590430915,33.07277393527329,0.24478805009275673,0.03392600283585489,0.02457183040678501,1,0.0015149554732255637
495,test_shift,2,97.28302877396345,29.029835050925612,100.62405348585143,23.945656827895206,-17.51363111127391,0.21215398062075272,1163.1636870093644,109.57923755981028,49.13417544960976,40.835093590430915,33.07277393527329,0.24478805009275673,0.03392600283585489,0.02457183040678501,1,0.0015149554732255637
495,test_shift,3,97.28302877396345,29.029835050925612,100.65994030956645,23.92817752923092,-17.57384260966385,0.21237081553340378,1163.1636870093644,109.57923755981028,49.13417544960976,40.835093590430915,33.07277393527329,0.24478805009275673,0.03392600283585489,0.02457183040678501,1,0.0015149554732255637
496,test_shift,0,89.06490280665457,46.190157800912864,86.13539331291882,45.320384590016964,-1.8830271475684568,0.12293508442679932,1226.498189335689,109.31735891848803,26.912382036447525,30.35605157259852,90.48731830436735,0.19603154081851243,0.03454434584453702,0.02966459933668375,1,0.0018896353245712815
496,test_shift,1,89.06490280665457,46.190157800912864,86.13896768770381,45.30926165837285,-1.9071078872187945,0.12292560563642473,1226.498189335689,109.31735891848803,26.912382036447525,30.35605157259852,90.48731830436735,0.19603154081851243,0.03454434584453702,0.02966459933668375,1,0.0018896353245712815
496,test_shift,2,89.06490280665457,46.190157800912864,86.12481115513336,45.319684677478094,-1.8845424325819566,0.12309662335440054,1226.498189335689,109.31735891848803,26.912382036447525,30.35605157259852,90.48731830436735,0.19603154081851243,0.03454434584453702,0.02966459933668375,1,0.0018896353245712815
496,test_shift,3,89.06490280665457,46.190157800912864,86.14826680461562,45.3107378706279,-1.9039119417504742,0.12296347342474,1226.498189335689,109.31735891848803,26.912382036447525,30.35605157259852,90.48731830436735,0.19603154081851243,0.03454434584453702,0.02966459933668375,1,0.0018896353245712815
497,test_shift,0,114.00810948573054,30.74990104697645,115.41049652939975,28.1253683317295,-8.535093206438184,0.11422119501507952,1152.665907330811,101.50849231053144,31.650695502758026,6.338115646503865,38.48081957548857,0.2495277526974678,0.02616136613674462,0.012005315870046615,1,0.0008605352870188653
497,test_shift,1,114.00810948573054,30.74990104697645,115.40293582047138,28.12759839509186,-8.527840944523737,0.11423186476231113,1152.665907330811,101.50849231053144,31.650695502758026,6.338115646503865,38.48081957548857,0.2495277526974678,0.02616136613674462,0.012005315870046615,1,0.0008605352870188653
497,test_shift,2,114.00810948573054,30.74990104697645,115.40634057102555,28.127383430203093,-8.528540019582346,0.11427140595081138,1152.665907330811,101.50849231053144,31.650695502758026,6.338115646503865,38.48081957548857,0.2495277526974678,0.02616136613674462,0.012005315870046615,1,0.0008605352870188653
497,test_shift,3,114.00810948573054,30.74990104697645,115.38648491385615,28.132629077712842,-8.511480948394652,0.11418868712682907,1152.665907330811,101.50849231053144,31.650695502758026,6.338115646503865,38.48081957548857,0.2495277526974678,0.02616136613674462,0.012005315870046615,1,0.0008605352870188653
498,test_shift,0,80.60923711024225,38.927673667669296,80.90816431356308,35.77361266623864,-8.10236190417463,0.1604394210407366,1427.4966762401164,95.56863453239202,51.76660946011543,41.647099764086306,47.44568398222327,0.29523967433720827,0.02519398382678628,0.0020532698184251787,1,0.0015064726516604422
498,test_shift,1,80.60923711024225,38.927673667669296,80.90086893067743,35.780267545046414,-8.085266408398056,0.16037970950077127,1427.4966762401164,95.56863453239202,51.76660946011543,41.647099764086306,47.44568398222327,0.29523967433720827,0.02519398382678628,0.0020532698184251787,1,0.0015064726516604422
498,test_shift,2,80.60923711024225,38.927673667669296,80.87759246623051,35.786138783944736,-8.070183978997205,0.16024030705893894,1427.4966762401164,95.56863453239202,51.76660946011543,41.647099764086306,47.44568398222327,0.29523967433720827,0.02519398382678628,0.0020532698184251787,1,0.0015064726516604422
498,test_shift,3,80.60923711024225,38.927673667669296,80.88740823593267,35.7834488093908,-8.07709416473525,0.16040640691502892,1427.4966762401164,95.56863453239202,51.76660946011543,41.647099764086306,47.44568398222327,0.29523967433720827,0.02519398382678628,0.0020532698184251787,1,0.0015064726516604422
499,test_shift,0,103.1680598501116,24.426760485395793,101.81437357919444,22.728720866612935,-6.951554709017083,0.05459384179004276,1065.3760103974491,103.38588178623468,8.413744270801544,17.629206753335893,75.58660237584263,0.21174326062202453,0.03813148175366223,0.03940180655568838,0,0.0012435294253751636
499,test_shift,1,103.1680598501116,24.426760485395793,101.80580958722973,22.731652448490884,-6.939553191747934,0.05455069119735812,1065.3760103974491,103.38588178623468,8.413744270801544,17.629206753335893,75.58660237584263,0.21174326062202453,0.03813148175366223,0.03940180655568838,0,0.0012435294253751636
499,test_shift,2,103.1680598501116,24.426760485395793,101.84514708131066,22.72467917242224,-6.968100882600414,0.054554163536320095,1065.3760103974491,103.38588178623468,8.413744270801544,17.629206753335893,75.58660237584263,0.21174326062202453,0.03813148175366223,0.03940180655568838,0,0.0012435294253751636
499,test_shift,3,103.1680598501116,24.426760485395793,101.82863975865162,22.727262008479677,-6.957527085641206,0.05469791009592633,1065.3760103974491,103.38588178623468,8.413744270801544,17.629206753335893,75.58660237584263,0.21174326062202453,0.03813148175366223,0.03940180655568838,0,0.0012435294253751636
500,test_shift,0,100.85010094754398,34.67540577799082,100.87143606284332,33.06163183590074,-4.653943929084087,0.02701511493793395,1352.1228805184364,105.78717189840972,18.222274139523506,44.848400000482805,54.57092244178057,0.2595165594667196,0.02222735701315105,0.005212392210960389,0,0.0017999396672472357
500,test_shift,1,100.85010094754398,34.67540577799082,100.85638777245603,33.06908071258941,-4.632462200113536,0.026965429086052185,1352.1228805184364,105.78717189840972,18.222274139523506,44.848400000482805,54.57092244178057,0.2595165594667196,0.02222735701315105,0.005212392210960389,0,0.0017999396672472357
500,test_shift,2,100.85010094754398,34.67540577799082,100.84947070003697,33.06811183205598,-4.63525634343123,0.027152712693069243,1352.1228805184364,105.78717189840972,18.222274139523506,44.848400000482805,54.57092244178057,0.2595165594667196,0.02222735701315105,0.005212392210960389,0,0.0017999396672472357
500,test_shift,3,100.85010094754398,34.67540577799082,100.86052594047081,33.06463944700147,-4.645270314361348,0.027122771840156008,1352.1228805184364,105.78717189840972,18.222274139523506,44.848400000482805,54.57092244178057,0.2595165594667196,0.02222735701315105,0.005212392210960389,0,0.0017999396672472357
501,test_shift,0,83.03663967736065,49.2971900831908,81.17718249779757,46.73552695806821,-5.196367421347322,0.08851717516078994,1053.298969520256,91.73282909672707,34.48140273988247,25.579347321763635,73.84076450485736,0.1948875292763114,0.04126129479706288,0.03255127776414156,1,0.0009298403553664684
501,test_shift,1,83.03663967736065,49.2971900831908,81.18628334129143,46.728616009476404,-5.210386371677236,0.08842471403015545,1053.298969520256,91.73282909672707,34.48140273988247,25.579347321763635,73.84076450485736,0.1948875292763114,0.04126129479706288,0.03255127776414156,1,0.0009298403553664684
501,test_shift,2,83.03663967736065,49.2971900831908,81.17594314563426,46.740675837596285,-5.185922851343672,0.08840713477934918,1053.298969520256,91.73282909672707,34.48140273988247,25.579347321763635,73.84076450485736,0.1948875292763114,0.04126129479706288,0.03255127776414156,1,0.0009298403553664684
501,test_shift,3,83.03663967736065,49.2971900831908,81.18894862200358,46.72794070932242,-5.2117562269425175,0.08852422754779112,1053.298969520256,91.73282909672707,34.48140273988247,25.579347321763635,73.84076450485736,0.1948875292763114,0.04126129479706288,0.03255127776414156,1,0.0009298403553664684
502,test_shift,0,106.93203304894269,27.884546972811226,104.96664958925072,26.27697028275327,-5.765116756694741,0.12035721532752727,1329.9819630105048,99.11999489180744,42.842131569981575,33.6448991112411,106.53191036079079,0.23919757716357706,0.032086712120100856,0.022757307998836043,0,0.0015737172185443342
502,test_shift,1,106.93203304894269,27.884546972811226,104.98903214385798,26.273107231863698,-5.778970490425245,0.12039521574537533,1329.9819630105048,99.11999489180744,42.842131569981575,33.6448991112411,106.53191036079079,0.23919757716357706,0.032086712120100856,0.022757307998836043,0,0.0015737172185443342
502,test_shift,2,106.93203304894269,27.884546972811226,104.96519718102219,26.27767427230814,-5.762592098303998,0.12041650047116001,1329.9819630105048,99.11999489180744,42.842131569981575,33.6448991112411,106.53191036079079,0.23919757716357706,0.032086712120100856,0.022757307998836043,0,0.0015737172185443342
502,test_shift,3,106.93203304894269,27.884546972811226,104.94723313884526,26.28142628026519,-5.749136588480905,0.12033415437687574,1329.9819630105048,99.11999489180744,42.842131569981575,33.6448991112411,106.53191036079079,0.23919757716357706,0.032086712120100856,0.022757307998836043,0,0.0015737172185443342
503,test_shift,0,96.2527422439307,43.43832202069462,95.76364515951556,41.14374965891085,-5.282368781857198,0.09094092475284773,1192.883828561753,113.18882148247212,11.197577223181725,14.375803517177701,15.94355134293437,0.27382680829614403,0.02843575578927994,0.015104013606905938,1,0.0011562116571702064
503,test_shift,1,96.2527422439307,43.43832202069462,95.72939993036702,41.157657689285,-5.250350900578237,0.09085792162599812,1192.883828561753,113.18882148247212,11.197577223181725,14.375803517177701,15.94355134293437,0.27382680829614403,0.02843575578927994,0.015104013606905938,1,0.0011562116571702064
503,test_shift,2,96.2527422439307,43.43832202069462,95.74772110164005,41.14600019433433,-5.277187791158682,0.09096741401839939,1192.883828561753,113.18882148247212,11.197577223181725,14.375803517177701,15.94355134293437,0.27382680829614403,0.02843575578927994,0.015104013606905938,1,0.0011562116571702064
503,test_shift,3,96.2527422439307,43.43832202069462,95.74667595236124,41.15454243051273,-5.257522583616068,0.09080030676566397,1192.883828561753,113.18882148247212,11.197577223181725,14.375803517177701,15.94355134293437,0.27382680829614403,0.02843575578927994,0.015104013606905938,1,0.0011562116571702064
504,test_shift,0,85.386869257316,27.562482066452507,83.27735161438626,26.524509482232318,-3.7658893771528295,0.04188617549665357,1419.7970310691744,114.37109660822898,4.025013208389282,47.900832020677626,60.85255598183721,0.21813595868647098,0.030220391307026147,0.009651714377105236,0,0.0012995052836835383
504,test_shift,1,85.386869257316,27.562482066452507,83.27288865760153,26.522022117073064,-3.7749138371171282,0.041574780625794706,1419.7970310691744,114.37109660822898,4.025013208389282,47.900832020677626,60.85255598183721,0.21813595868647098,0.030220391307026147,0.009651714377105236,0,0.0012995052836835383
504,test_shift,2,85.386869257316,27.562482066452507,83.26041546974997,26.527579839151645,-3.754749752963961,0.04178459310835456,1419.7970310691744,114.37109660822898,4.025013208389282,47.900832020677626,60.85255598183721,0.21813595868647098,0.030220391307026147,0.009651714377105236,0,0.0012995052836835383
504,test_shift,3,85.386869257316,27.562482066452507,83.28393819166318,26.520774945620197,-3.7794387251510098,0.04171072103507682,1419.7970310691744,114.37109660822898,4.025013208389282,47.900832020677626,60.85255598183721,0.21813595868647098,0.030220391307026147,0.009651714377105236,0,0.0012995052836835383
505,test_shift,0,98.46464418806136,42.120163364335895,101.20181609421306,35.929738322199256,-14.697058481445062,0.20281310717302298,1099.8861786909401,97.18717612326145,47.76460358500481,22.52144971396774,68.30259534530342,0.28839001726359126,0.03309538112767041,0.031998688802123074,1,0.0013694947680458426
505,test_shift,1,98.46464418806136,42.120163364335895,101.20824198768966,35.93127222886284,-14.693416741857506,0.20276072803187248,1099.8861786909401,97.18717612326145,47.76460358500481,22.52144971396774,68.30259534530342,0.28839001726359126,0.03309538112767041,0.031998688802123074,1,0.0013694947680458426
505,test_shift,2,98.46464418806136,42.120163364335895,101.20209450342001,35.93493490786822,-14.6847209564834,0.20275739529641576,1099.8861786909401,97.18717612326145,47.76460358500481,22.52144971396774,68.30259534530342,0.28839001726359126,0.03309538112767041,0.031998688802123074,1,0.0013694947680458426
505,test_shift,3,98.46464418806136,42.120163364335895,101.1848942852567,35.93763982305524,-14.678299055495915,0.20279695614009463,1099.8861786909401,97.18717612326145,47.76460358500481,22.52144971396774,68.30259534530342,0.28839001726359126,0.03309538112767041,0.031998688802123074,1,0.0013694947680458426
506,test_shift,0,93.86119722761214,35.28992534428835,91.25260403319135,33.71904457986616,-4.451357573292338,0.06278938990325655,1276.3737557455897,90.51489670295268,28.902684569358826,36.69179438147694,100.92285876162349,0.24313511319458483,0.03956276487186551,0.022067392766475676,0,0.0007132128574885428
506,test_shift,1,93.86119722761214,35.28992534428835,91.24889327343911,33.72069004661258,-4.446694863665237,0.06285519905668598,1276.3737557455897,90.51489670295268,28.902684569358826,36.69179438147694,100.92285876162349,0.24313511319458483,0.03956276487186551,0.022067392766475676,0,0.0007132128574885428
506,test_shift,2,93.86119722761214,35.28992534428835,91.22809359003497,33.72686892115473,-4.42918597272294,0.06274067048553107,1276.3737557455897,90.51489670295268,28.902684569358826,36.69179438147694,100.92285876162349,0.24313511319458483,0.03956276487186551,0.022067392766475676,0,0.0007132128574885428
506,test_shift,3,93.86119722761214,35.28992534428835,91.23714718227443,33.725354258955676,-4.433478025438484,0.06280230739929467,1276.3737557455897,90.51489670295268,28.902684569358826,36.69179438147694,100.92285876162349,0.24313511319458483,0.03956276487186551,0.022067392766475676,0,0.0007132128574885428
507,test_shift,0,109.28603154979646,50.79061589948834,108.86890474970846,48.432725817988306,-4.642373477348953,0.1300067732992437,1132.2375559713691,107.70719736814499,24.55108341574669,11.312454990111291,22.293507899157703,0.20288091044873,0.021133253963664174,0.0194072337821126,1,0.001955618509557098
507,test_shift,1,109.28603154979646,50.79061589948834,108.78538719260519,48.466238262054674,-4.576391910729082,0.1299301678305306,1132.2375559713691,107.70719736814499,24.55108341574669,11.312454990111291,22.293507899157703,0.20288091044873,0.021133253963664174,0.0194072337821126,1,0.001955618509557098
507,test_shift,2,109.28603154979646,50.79061589948834,108.79288831413166,48.47115155262,-4.566718291934909,0.12963414568849224,1132.2375559713691,107.70719736814499,24.55108341574669,11.312454990111291,22.293507899157703,0.20288091044873,0.021133253963664174,0.0194072337821126,1,0.001955618509557098
507,test_shift,3,109.28603154979646,50.79061589948834,108.82051979949637,48.454473422446014,-4.599555322710421,0.12986059914438147,1132.2375559713691,107.70719736814499,24.55108341574669,11.312454990111291,22.293507899157703,0.20288091044873,0.021133253963664174,0.0194072337821126,1,0.001955618509557098
508,test_shift,0,111.65429105050862,38.54655635356904,109.92398427253737,35.94701698181128,-6.7438952209204635,0.11374707990440822,1292.4213930033147,105.42093388270587,13.336210653185844,28.643093276768923,96.00096891634166,0.28255862060934306,0.03703469323925675,0.025198286548256874,1,0.0010494445047341287
508,test_shift,1,111.65429105050862,38.54655635356904,109.92639332851094,35.94673409739534,-6.744629098191729,0.11372420175322168,1292.4213930033147,105.42093388270587,13.336210653185844,28.643093276768923,96.00096891634166,0.28255862060934306,0.03703469323925675,0.025198286548256874,1,0.0010494445047341287
508,test_shift,2,111.65429105050862,38.54655635356904,109.93009611767147,35.94820128907631,-6.740822813481097,0.11370358365540181,1292.4213930033147,105.42093388270587,13.336210653185844,28.643093276768923,96.00096891634166,0.28255862060934306,0.03703469323925675,0.025198286548256874,1,0.0010494445047341287
508,test_shift,3,111.65429105050862,38.54655635356904,109.90809471752313,35.947916684511036,-6.741561153276384,0.11371901337326773,1292.4213930033147,105.42093388270587,13.336210653185844,28.643093276768923,96.00096891634166,0.28255862060934306,0.03703469323925675,0.025198286548256874,1,0.0010494445047341287
509,test_shift,0,91.45626322738826,23.166736921295524,90.12101242999192,22.394108944405637,-3.3350746784700025,0.023435900810756322,1197.4884383846074,94.4916448649019,44.594051256775856,8.012594217434525,32.22662640269846,0.23093737944960593,0.023498139202594758,0.012545871399343014,0,0.001599006232712418
509,test_shift,1,91.45626322738826,23.166736921295524,90.11222610900882,22.394442961729535,-3.333632881444239,0.023517121419296388,1197.4884383846074,94.4916448649019,44.594051256775856,8.012594217434525,32.22662640269846,0.23093737944960593,0.023498139202594758,0.012545871399343014,0,0.001599006232712418
509,test_shift,2,91.45626322738826,23.166736921295524,90.09985253102421,22.397878748906,-3.318802190405892,0.02348856066211004,1197.4884383846074,94.4916448649019,44.594051256775856,8.012594217434525,32.22662640269846,0.23093737944960593,0.023498139202594758,0.012545871399343014,0,0.001599006232712418
509,test_shift,3,91.45626322738826,23.166736921295524,90.08804517816532,22.397235162454272,-3.3215802529958522,0.023439227278710166,1197.4884383846074,94.4916448649019,44.594051256775856,8.012594217434525,32.22662640269846,0.23093737944960593,0.023498139202594758,0.012545871399343014,0,0.001599006232712418
510,test_shift,0,105.55391184799373,46.74745601415634,104.30499582416175,45.352825378153895,-2.9833294791060214,0.14854837051065048,1375.6394158583134,99.48623239528388,37.979510590434074,39.93967821821571,41.073904554359615,0.18615565929561853,0.02717272077314556,0.0027702102437615395,1,0.000945102216117084
510,test_shift,1,105.55391184799373,46.74745601415634,104.2944054524492,45.359430118581315,-2.9692009232645624,0.14852098748643192,1375.6394158583134,99.48623239528388,37.979510590434074,39.93967821821571,41.073904554359615,0.18615565929561853,0.02717272077314556,0.0027702102437615395,1,0.000945102216117084
510,test_shift,2,105.55391184799373,46.74745601415634,104.29364901529526,45.357337628128,-2.973677082251019,0.14856239498925852,1375.6394158583134,99.48623239528388,37.979510590434074,39.93967821821571,41.073904554359615,0.18615565929561853,0.02717272077314556,0.0027702102437615395,1,0.000945102216117084
510,test_shift,3,105.55391184799373,46.74745601415634,104.30524517734231,45.350551003397,-2.9881947165987373,0.14851677504436786,1375.6394158583134,99.48623239528388,37.979510590434074,39.93967821821571,41.073904554359615,0.18615565929561853,0.02717272077314556,0.0027702102437615395,1,0.000945102216117084
511,test_shift,0,78.2586077619344,32.30329301021993,80.20807048748446,27.38513252635836,-15.224950850384186,0.19095430740457,1006.494415923953,110.43000548146665,21.33365823328495,19.30913624353707,81.21455502696334,0.26777704373002054,0.03632629556953908,0.03511066153645515,1,0.001703497214615345
511,test_shift,1,78.2586077619344,32.30329301021993,80.18783522595731,27.388101354005553,-15.215760370496408,0.1910763157707418,1006.494415923953,110.43000548146665,21.33365823328495,19.30913624353707,81.21455502696334,0.26777704373002054,0.03632629556953908,0.03511066153645515,1,0.001703497214615345
511,test_shift,2,78.2586077619344,32.30329301021993,80.22349209822647,27.379003160622254,-15.243925280434294,0.1910456455413532,1006.494415923953,110.43000548146665,21.33365823328495,19.30913624353707,81.21455502696334,0.26777704373002054,0.03632629556953908,0.03511066153645515,1,0.001703497214615345
511,test_shift,3,78.2586077619344,32.30329301021993,80.17944652332827,27.396501091984614,-15.189757640754884,0.1908999526009919,1006.494415923953,110.43000548146665,21.33365823328495,19.30913624353707,81.21455502696334,0.26777704373002054,0.03632629556953908,0.03511066153645515,1,0.001703497214615345
