noise_pct,fault_change_pct,fault_section,repeat,predicted_section,full_location_correct,predicted_group,true_group,group_location_correct,full_true_section_amplitude_error_pct,group_true_amplitude_error_pct,delta_cps1_pct,delta_cps2_pct,delta_cps3_pct,delta_cps4_pct
0.05,5.0,1,0,1,1,1,1,1,20.110468494336256,16.37370761058209,6.035323668103331,-0.42742967218005123,0.23329062975195802,0.08773095848525674
0.05,5.0,1,1,1,1,1,1,1,8.939180292777005,7.082336265032771,5.458951394861103,-0.4204475226357756,-0.057416856575758034,0.7505794790708649
0.05,5.0,1,2,1,1,1,1,1,1.4618799339284732,0.5218425216919891,4.925135071943316,-0.10948068526483637,-0.29805502847724336,0.7954683948150534
0.05,5.0,1,3,1,1,1,1,1,3.3926917341148517,1.1937059923769888,4.82633728556935,0.21327916970267616,-0.2836759767965107,0.32293177391557537
0.05,5.0,1,4,1,1,1,1,1,1.8714795816291137,0.11069823160154355,4.9041684726155745,0.5647379171133592,0.025218615119124398,-0.7872307199483262
0.05,5.0,1,5,1,1,1,1,1,4.312091357171269,2.8114763308168826,5.2211395710905215,-0.09819784376730323,0.10062072000163959,-0.11350791735515768
0.05,5.0,1,6,1,1,1,1,1,15.80393132143021,15.75398860564002,5.812759696055879,0.19051648533563997,0.048815545629203094,-0.4248565889454825
0.05,5.0,1,7,1,1,1,1,1,0.5552575476175563,0.7903415589269148,4.971558190524651,0.07884914617233454,0.018420743302103332,-0.16580891352200855
0.05,5.0,1,8,1,1,1,1,1,1.5189649608572988,1.1557774853055427,5.077844919384166,-0.25126917136613447,-0.1805342477656365,0.7854733980421593
0.05,5.0,1,9,1,1,1,1,1,0.5276970589164294,2.34883246702807,4.972969732370187,0.3426752665997636,-0.31148946995050375,0.1696969370114695
0.05,5.0,1,10,1,1,1,1,1,5.2035507620898205,5.687758082785571,5.266914881922832,-0.0691437426637092,-0.20369870434500092,0.5042034584778209
0.05,5.0,1,11,1,1,1,1,1,7.499456815474456,6.216496759219505,4.616507311543567,0.21547055459623482,-0.130257567390736,-0.011979873037582375
0.05,5.0,1,12,1,1,1,1,1,3.2248660355782555,3.807622569262551,4.834921072622141,1.0669807562584959,-0.4972276136227109,-0.37286519764837117
0.05,5.0,1,13,1,1,1,1,1,3.0169139828763383,5.231635809517207,5.154669320325192,0.034934564340643015,-0.4069586909139699,0.8907354233100372
0.05,5.0,1,14,1,1,1,1,1,1.9543839122501474,1.2683784015490067,5.100170198437303,0.08187711716648063,0.09506187960289773,-0.29464205576939817
0.05,5.0,1,15,1,1,1,1,1,14.019806483319956,14.015459385169368,5.7206921533135615,-0.17358241532079166,-0.20057383595097886,0.6489914612133196
0.05,5.0,1,16,1,1,1,1,1,19.09347862371221,13.993701310150813,5.982722942988119,-0.6948429005231498,0.26863408021250174,0.2981742050741937
0.05,5.0,1,17,1,1,1,1,1,7.26970843713965,4.417864550748746,5.373086040321323,-0.3429024346644013,0.15166129293115094,0.09317946276667062
0.05,5.0,1,18,1,1,1,1,1,2.11583358557743,2.2096692121911516,5.108449428949915,0.31603626502493115,0.1275687837149037,-0.6583295205699305
0.05,5.0,1,19,1,1,1,1,1,0.371967956612651,2.7051131162254602,5.019057525815917,0.396803715858296,-0.17786148368653162,-0.05905180619630546
0.05,5.0,1,20,1,1,1,1,1,9.21750865972485,9.589563227272334,5.47327336249208,0.4516905391681345,0.1613012125573312,-1.0129315341519185
0.05,5.0,1,21,1,1,1,1,1,9.13602495874318,5.602302172483083,5.469080247067319,-0.4356991717942883,0.20068243969801167,0.14471042925265765
0.05,5.0,1,22,1,1,1,1,1,8.941130556990924,5.891364047445651,4.542946459124095,0.16812869067430308,-0.44599558892648267,0.7687853934067151
0.05,5.0,1,23,1,1,1,1,1,4.463656583915157,2.860520923317381,5.2289208487386025,-0.20272501585442992,0.04618094230824654,0.14356786256075607
0.05,5.0,1,24,1,1,1,1,1,7.192188542991752,0.8653659190878644,5.369100686017619,-0.8287574812156177,0.39662332208997997,0.3501179763991659
0.05,5.0,1,25,1,1,1,1,1,1.0392445238240848,2.1026020462306896,4.94677333892988,0.2684679878375779,-0.40343117898804853,0.4791912602525308
0.05,5.0,1,26,1,1,1,1,1,8.50418739200632,6.2675774876307555,5.436571821026567,-0.23052950201217717,0.12779985789265944,0.006602005926509482
0.05,5.0,1,27,1,1,1,1,1,0.20547496953430647,0.4867812472465819,4.989474112256126,0.4156793368064216,0.09820326128395584,-0.7384415279448102
0.05,5.0,1,28,1,1,1,1,1,2.892317392407032,6.115339312826236,4.851932026420754,-0.2695350903459734,0.27396994347986775,-0.20797731701713953
0.05,5.0,1,29,1,1,1,1,1,3.1614271042952757,3.207650062600552,4.838165968989316,0.06598071492233108,-0.016144490198346826,-0.03165510625377121
0.05,5.0,1,30,1,1,1,1,1,9.37401278606423,7.409495770848463,5.481327463607272,-0.263004563892348,0.05652550841658432,0.1456921004389171
0.05,5.0,1,31,1,1,1,1,1,2.4717119081008985,0.9749906925100216,4.873451329902034,0.37148199620686795,-0.3799949645190304,0.32613055006516023
0.05,5.0,1,32,1,1,1,1,1,1.986459004477058,0.10791385974232416,5.101814975386039,-0.16151208278415904,0.16001992503233978,-0.10276710369667938
0.05,5.0,1,33,1,1,1,1,1,11.465444081651153,11.884031922152936,5.589016890856692,0.04319287460629541,-0.11688480939548387,0.22971633932832417
0.05,5.0,1,34,1,1,1,1,1,3.0637802095939954,3.003768877583804,5.157073825941795,-0.6018481238340433,0.5066601361764942,-0.27771357683724623
0.05,5.0,1,35,1,1,1,1,1,4.177356424472672,0.0518535251414369,4.78621333644901,0.7015965562488673,-0.28504716561635707,-0.33338474422339104
0.05,5.0,1,36,1,1,1,1,1,7.788348575533218,5.123794079969717,5.399753586297513,-0.13391027328412625,0.2677931622987521,-0.37002495165224375
0.05,5.0,1,37,1,1,1,1,1,15.529551317246792,16.449497680063725,5.798595441933337,-0.0426868497142078,-0.26274673846951285,0.6157082070054548
0.05,5.0,1,38,1,1,1,1,1,6.717164575884202,0.11086334649861443,5.3446826489325305,-1.0620443810878344,0.3151539156692838,0.7935309875491933
0.05,5.0,1,39,1,1,1,1,1,1.9234429247951064,0.7424090885086108,5.098583601577522,-0.565490337975005,-0.020459140644881996,0.8511015901774194
0.05,5.0,1,40,1,1,1,1,1,0.4653581002551779,1.2601325736567723,5.023842849659409,-0.5415992429241525,-0.1550453747464712,1.1289578732116399
0.05,5.0,1,41,1,1,1,1,1,5.902530777764164,10.65700648294516,5.30282054820963,0.5050895463786058,-0.5037659270605442,0.4819920064609209
0.05,5.0,1,42,1,1,1,1,1,7.190767990250518,10.971342343707269,5.369027655771398,0.5842411298103186,-0.2971257140191979,-0.1232446601516444
0.05,5.0,1,43,1,1,1,1,1,8.590255881810446,3.9406955292087456,4.560844941716431,0.3109205731107475,-0.6107020925222006,0.9199116886685454
0.05,5.0,1,44,1,1,1,1,1,4.212818864603816,3.393877786502423,5.216043286298937,-0.6525695015179493,0.7200384243567969,-0.7109231409982029
0.05,5.0,1,45,1,1,1,1,1,14.693564608316317,9.8866537021165,5.755451185604925,-0.4096700460983032,0.4200620934983435,-0.39601996935893413
0.05,5.0,1,46,1,1,1,1,1,7.239563815282951,5.18435991348464,5.371536265412258,-0.15689937868176504,0.150681798954107,-0.12060508270837077
0.05,5.0,1,47,1,1,1,1,1,11.633350881815932,3.545189844674058,5.597667308987877,-0.550120558802798,0.868398778725497,-1.1038857862782627
0.05,5.0,1,48,1,1,1,1,1,3.615224300789204,3.153686195803517,5.185370193261188,0.017321564801415577,0.012885170743546495,-0.0400811117976221
0.05,5.0,1,49,1,1,1,1,1,2.887089693679259,5.411333999955499,4.852199462392344,-0.2972365491804341,0.14166977709057738,0.12339763889277484
0.05,5.0,1,50,1,1,1,1,1,7.82026927937662,6.227672828216812,4.600133501776614,0.1673196175820782,-0.20962166263954335,0.27034671027791174
0.05,5.0,1,51,1,1,1,1,1,3.2795035440861975,1.2528554272089154,5.168142376472195,-0.17049532773937326,0.14434839077736628,-0.023211781871408172
0.05,5.0,1,52,1,1,1,1,1,6.144175177637264,13.885649238056908,5.315236345684677,0.7172604138023938,-0.8490594882651451,0.9013547025102715
0.05,5.0,1,53,1,1,1,1,1,13.257769062597463,13.422254869496458,5.681392579295865,0.24881452166370185,0.05625871087667745,-0.5029204920173485
0.05,5.0,1,54,1,1,1,1,1,1.82357808309744,0.785700023626607,5.093462879798767,-0.09490030375510468,0.0315912569468795,0.06416932662640978
0.05,5.0,1,55,1,1,1,1,1,6.8972538108824955,5.766509824773415,5.35393925393219,-0.09607724637628202,0.04314884079259338,0.05314715461680371
0.05,5.0,1,56,1,1,1,1,1,6.686519783205573,4.75629696929093,5.343107584445962,-0.27830659532742263,0.04758977447275237,0.2571315316527493
0.05,5.0,1,57,1,1,1,1,1,18.37266262544109,10.14567420853341,5.945456717778038,-0.5971579768465007,0.8424796561945332,-1.14352357923022
0.05,5.0,1,58,1,1,1,1,1,13.007262080454346,16.1432029764003,5.66847669630883,0.5402005068374304,-0.23416918142138723,-0.31250629212795783
0.05,5.0,1,59,1,1,1,1,1,6.8925359875517325,6.982102936188102,5.353696746958405,0.04567703162032848,-0.06205823086449778,0.05574481710570281
0.05,5.0,1,60,1,1,1,1,1,5.85978077645222,6.283188113393844,4.700234069699973,-0.026393927763732082,-0.023326442898644766,-0.004038213384167265
0.05,5.0,1,61,1,1,1,1,1,0.13623763993313545,6.979703815370972,5.006979641627115,0.8211923294396637,-0.6258805878668448,0.3339762293753542
0.05,5.0,1,62,1,1,1,1,1,4.4313981406092084,7.398704707056997,5.227264669316704,0.45031715614875295,-0.2502199420161311,-0.006935120803179017
0.05,5.0,1,63,1,1,1,1,1,14.268563731508342,14.707120055310186,5.733524154064367,-0.09616577549417975,-0.2185785397250115,0.608467379291663
0.05,5.0,1,64,1,1,1,1,1,6.531117548246082,5.648837143900153,5.335120666892012,-0.32340958273447284,-0.1498097542538609,0.7999885352813725
0.05,5.0,1,65,1,1,1,1,1,1.4362036774818767,0.6773739654035208,5.073602028285978,-0.03769865704174805,0.241994494632773,-0.5238278662763486
0.05,5.0,1,66,1,1,1,1,1,9.710058388985951,6.53541705955729,5.498623304702957,-0.1256932283432567,0.3487792502530259,-0.6455571658237436
0.05,5.0,1,67,1,1,1,1,1,1.2080643240856448,5.645299682133394,4.938129496006901,0.662064543052844,-0.7286441631686875,0.8308662561884468
0.05,5.0,1,68,1,1,1,1,1,15.204378659247796,14.513044061594115,5.7818115856488745,0.04773169684310165,0.05599306572013648,-0.26536235137712966
0.05,5.0,1,69,1,1,1,1,1,5.563371341435073,5.04896274698381,5.285396853379895,0.053049494199165985,0.04685781140734094,-0.12559950275824178
0.05,5.0,1,70,1,1,1,1,1,1.736799901467374,2.7085831548189367,5.089013399033564,-0.5701354851930165,0.2581097659538549,0.13193001315430206
0.05,5.0,1,71,1,1,1,1,1,14.851715281110101,10.873999398651975,5.763611799702894,-0.4132036884579733,0.28067247988300253,-0.10991222152901108
0.05,5.0,1,72,1,1,1,1,1,1.8032351920910152,7.140346715238529,4.907661477626213,-0.4095650939992175,0.5193271641416396,-0.6025165685747436
0.05,5.0,1,73,1,1,1,1,1,7.997411321890098,5.14317343925353,5.41050512631824,-0.0978721520053331,0.3196531246905182,-0.5778562130641545
0.05,5.0,1,74,1,1,1,1,1,0.52073032734576,4.354895539861533,4.973326544474478,0.4910383074796349,-0.5246839196387416,0.5962789089122793
0.05,5.0,1,75,1,1,1,1,1,2.7638746389757474,1.8132152294937198,5.141687903773718,-0.03219982817655805,0.06030559723406464,-0.06690534032929764
0.05,5.0,1,76,1,1,1,1,1,0.9858112082935311,4.196425730111991,5.050514932562019,-0.5705948346654198,0.38774921088011377,-0.02188326669046011
0.05,5.0,1,77,1,1,1,1,1,5.148718400935284,4.878102882271873,5.26409873497506,0.054308804777928925,0.004447637385190541,-0.08921663766435622
0.05,5.0,1,78,1,1,1,1,1,14.076921368458336,8.04497149188691,5.723638254344729,-0.4108881082278194,0.6188329082149425,-0.839192467564104
0.05,5.0,1,79,1,1,1,1,1,10.728294412368209,5.0410923044733496,4.4518289040278,0.47147812372751235,-0.6696232891558059,0.8306212618579837
0.05,5.0,1,80,1,1,1,1,1,11.550358607074271,5.2827793473395435,4.409943089147675,1.125998077512036,-0.3275870031134384,-0.814354096516897
0.05,5.0,1,81,1,1,1,1,1,9.46911127555611,3.2358126478596554,5.48622177458454,-0.5428906987361989,0.569603655890558,-0.49095449605157426
0.05,5.0,1,82,1,1,1,1,1,0.5728641412207759,0.842957793099528,4.970656458699016,0.5383756465642803,0.3329808415025667,-1.477101994525622
0.05,5.0,1,83,1,1,1,1,1,2.18040018983251,1.4869430625555742,5.111760623477478,-0.37417741311137953,0.2656571833167766,-0.1315647714057912
0.05,5.0,1,84,1,1,1,1,1,7.336728809046146,2.4164892650360583,5.3765317280231235,-0.14555958044966327,0.6225453887954022,-1.2048706082974643
0.05,5.0,1,85,1,1,1,1,1,2.7604709191743013,1.0660527906434294,4.858677170064496,0.42003370995008454,-0.4092927773228088,0.3176998900331781
0.05,5.0,1,86,1,1,1,1,1,1.1545925228521075,1.799374692114494,4.940867260439821,-0.05743090949524723,0.001996115344343436,0.17418792386589443
0.05,5.0,1,87,1,1,1,1,1,3.0649868094430923,5.901294095587289,4.843099074919497,-0.16651275340826,0.28176085200756457,-0.3531513215433333
0.05,5.0,1,88,1,1,1,1,1,7.321518106654801,4.492495205325859,5.375749697259877,-0.2601652977582454,0.20422085300672008,-0.13152110332776457
0.05,5.0,1,89,1,1,1,1,1,14.557468923866173,8.371094440604594,5.748429118471543,-0.4652525061648154,0.6156693643224637,-0.6345005103426984
0.05,5.0,1,90,1,1,1,1,1,13.163420313942401,13.832463599321029,4.327803177217431,-0.10390489498997761,-0.017414327767204665,0.2714158301470074
0.05,5.0,1,91,1,1,1,1,1,6.253298671206245,7.188946358058633,5.320843639443956,0.05495420250587499,-0.19438462175313417,0.3105438130088749
0.05,5.0,1,92,1,1,1,1,1,4.432305088516725,1.9052118905865727,5.227311232536101,-0.3605334917241193,0.10371218555721579,0.43005170201561116
0.05,5.0,1,93,1,1,1,1,1,0.12738059401162688,1.1373644938593621,4.993474536679749,0.05073971780319494,-0.2427289962885465,0.469115524841319
0.05,5.0,1,94,1,1,1,1,1,8.601009774855191,0.19642662915108636,5.441552741191984,-0.6667381547010035,0.8343045392844313,-0.9870821670001122
0.05,5.0,1,95,1,1,1,1,1,2.7853567276906728,6.540208822741879,5.142789914967394,0.5278875009946898,-0.33421678188806636,-0.060006134836279514
0.05,5.0,1,96,1,1,1,1,1,12.52842383440797,12.896789584505667,5.6437926798535765,-0.039286992889959904,-0.16887003159832303,0.4032339297858729
0.05,5.0,1,97,1,1,1,1,1,2.5012022055210332,6.114399878129747,4.871942383310931,-0.31489461954528886,0.3012299197719808,-0.27921460522011027
0.05,5.0,1,98,1,1,1,1,1,6.43547923330407,2.626804134538665,4.670829555712511,0.7764117734605525,-0.15986150706447888,-0.6328016599726636
0.05,5.0,1,99,1,1,1,1,1,18.62731540674768,19.047264065177934,5.958620782857695,0.028615091929966866,-0.13323466555212995,0.26933693511777623
0.05,5.0,1,100,1,1,1,1,1,6.813535683796601,5.98580958497668,4.651524345057897,0.3490032927413079,0.035326121163066805,-0.5224044894059595
0.05,5.0,1,101,1,1,1,1,1,4.411414872973791,4.195431766450726,4.774247695953928,0.27673247478326096,0.08727091613704964,-0.49902546306757145
0.05,5.0,1,102,1,1,1,1,1,18.179387995647915,12.023723569062215,4.072794031820851,0.7014564654328798,-0.5841574373753196,0.3637668008583932
0.05,5.0,1,103,1,1,1,1,1,5.920422437929786,5.922076835039575,5.303739779543082,-0.17482316553336746,-0.1923934612256535,0.6913934388786281
0.05,5.0,1,104,1,1,1,1,1,3.769344525190967,4.120188371595784,4.807075170344118,-0.11804222479732218,-0.0954130353544832,0.32198854111301545
0.05,5.0,1,105,1,1,1,1,1,2.974149239682142,5.395159504789511,5.1524752922577175,0.6586573731039267,-0.025343283195898625,-0.8410672577982405
0.05,5.0,1,106,1,1,1,1,1,2.0978790553353943,3.017222198228937,4.892581327339989,0.45140938652646195,-0.5998649456540563,0.6593150788600828
0.05,5.0,1,107,1,1,1,1,1,8.589598682773572,10.045241464088399,5.440965697976629,0.02944238633022748,-0.2880021418178431,0.6867008072694875
0.05,5.0,1,108,1,1,1,1,1,10.755573903059172,8.585050409184486,5.5524528023397535,-0.2966949663637416,0.07158970377312832,0.2337449598839609
0.05,5.0,1,109,1,1,1,1,1,3.4763304694960513,2.1139687659087505,5.178242387410335,-0.3724317264620134,-0.10223238234375104,0.770447160792309
0.05,5.0,1,110,1,1,1,1,1,5.364710528529862,5.341838323517943,5.275192356930955,0.2854536654174039,0.11248004197481444,-0.7389506259645424
0.05,5.0,1,111,1,1,1,1,1,13.817654720267164,7.518238990846294,5.710265416930941,-0.5482184086658238,0.5739251703536132,-0.48894278397115554
0.05,5.0,1,112,1,1,1,1,1,4.564259551141384,2.4336253473551928,4.7664346395573185,0.12782546272649892,-0.32135026132998434,0.6325387745017256
0.05,5.0,1,113,1,1,1,1,1,9.30543334401678,3.405441380730007,4.524366236499793,0.7739789134322587,-0.5038741883575141,0.046090575975726744
0.05,5.0,1,114,1,1,1,1,1,4.438574164842967,3.5491172249677723,5.227633091029831,-0.181257071976182,-0.05507665850963603,0.33982391564477776
0.05,5.0,1,115,1,1,1,1,1,0.48931225832485703,1.6010251359747145,4.974935685314871,-0.10623514500554818,0.038230441539940416,0.07377644082999715
0.05,5.0,1,116,1,1,1,1,1,5.844052297187845,6.679458805684987,4.701037537233552,0.004573265489037722,0.07473669392829697,-0.1185497404770021
0.05,5.0,1,117,1,1,1,1,1,2.0565936362384627,0.49830036855973964,4.894694223356147,-0.09465410766659607,-0.3844905463073463,1.0138933457114667
0.05,5.0,1,118,1,1,1,1,1,7.116685710935194,5.042227307932335,5.365219175246933,-0.19302262469348969,0.12626508766946737,-0.06258208154815444
0.05,5.0,1,119,1,1,1,1,1,9.79328699283163,9.329038232774565,5.502907413575302,-0.07698888825605579,-0.05375865754342082,0.24864924780713943
0.05,5.0,1,120,1,1,1,1,1,2.1305889994549343,2.8311299488220607,4.890907335296984,-0.12651854733657208,-0.039013186154299016,0.30067885853646686
0.05,5.0,1,121,1,1,1,1,1,5.8760379461278065,5.504524415904507,5.301459423694505,0.3237244258901594,0.19572744724272634,-0.9561758446473405
0.05,5.0,1,122,1,1,1,1,1,4.395683365806161,3.512785157296243,5.225431068925636,0.08494475390998536,0.13105258239272627,-0.3266548380260584
0.05,5.0,1,123,1,1,1,1,1,1.7663097926651616,1.2939650903016167,5.090526473592261,0.015819541672656742,0.013683810518988615,-0.05764747170752619
0.05,5.0,1,124,1,1,1,1,1,5.666714530998448,9.01031118077102,4.710097017573534,-0.46302686408515303,0.16010498569370826,0.2466239065244003
0.05,5.0,1,125,1,1,1,1,1,3.1963099906336705,4.493423291807585,4.836381699655201,-0.020132613194023614,0.12390554037815939,-0.29513623813360773
0.05,5.0,1,126,1,1,1,1,1,13.140044953708006,7.375208385683329,5.675322648408695,-0.5767752847675514,0.4671723563631976,-0.22384295382364053
0.05,5.0,1,127,1,1,1,1,1,3.319693092189197,3.073150627544339,5.1702045911005845,0.265440005685514,0.13907715818397046,-0.7392936045958175
0.05,5.0,1,128,1,1,1,1,1,2.515870471323501,1.257533088893052,5.1289663567272905,-0.0997973292379737,0.06387973885280723,0.0034650938387874404
0.05,5.0,1,129,1,1,1,1,1,10.725156955500161,9.657826890115546,4.4519887959135644,0.2879749592149621,-0.044291697063751155,-0.3002974298001455
0.05,5.0,1,130,1,1,1,1,1,1.5154262988117095,1.0527016269155955,5.077663500642792,-0.053868794748188856,0.30541301659561604,-0.6352205765643859
0.05,5.0,1,131,1,1,1,1,1,1.8245137361602615,4.27175028843557,5.093510855676012,0.1920619151948895,-0.34544912355840574,0.43807732439886965
0.05,5.0,1,132,1,1,1,1,1,13.408741383469968,11.39807690843026,5.689177319673648,-0.08627935963847791,0.18544697964473492,-0.31077846762904904
0.05,5.0,1,133,1,1,1,1,1,15.67683425943638,9.701804945749597,5.806198358716993,-0.6376525827894036,0.45839587889751543,-0.11810994529376032
0.05,5.0,1,134,1,1,1,1,1,3.9116414860762734,3.906535192658888,4.799798990418772,0.17975640494494663,0.046395797827994446,-0.41103034418469464
0.05,5.0,1,135,1,1,1,1,1,3.3015042425332033,4.853015055810361,4.831001168290913,0.06754224053700433,0.22349976226840187,-0.6466451318714794
0.05,5.0,1,136,1,1,1,1,1,3.9363544475934464,7.303892632002755,5.201851920404943,0.24535975067985408,-0.4581869039866475,0.6436169506943973
0.05,5.0,1,137,1,1,1,1,1,11.896087583149084,12.144979084557352,5.611204706551398,0.1992372895621567,0.008226786269172223,-0.35764660372290863
0.05,5.0,1,138,1,1,1,1,1,12.303195573867923,8.75297240072727,5.632184201803884,-0.32419167979948055,0.27218912556966307,-0.2278150551232614
0.05,5.0,1,139,1,1,1,1,1,2.801271491007206,2.5226219226453326,5.143606334988474,0.041058910662377573,0.00157088828551848,-0.022116101143587977
0.05,5.0,1,140,1,1,1,1,1,1.4471818696160248,0.31246442797474316,5.074164833212504,-0.1971199517525489,-0.020902849943802537,0.32682763938220766
0.05,5.0,1,141,1,1,1,1,1,8.229814741853337,7.789489018955519,5.422458302235457,-0.12418038084674224,-0.08823938163992234,0.3907746610517294
0.05,5.0,1,142,1,1,1,1,1,1.3776071338814693,3.9322228859119734,5.070598085261311,-0.4365617197690068,0.4965313448350945,-0.4838764107674348
0.05,5.0,1,143,1,1,1,1,1,7.879144046296666,7.755660216705532,5.404422820726924,0.2891453232288725,0.13687663121519889,-0.6950086894499927
0.05,5.0,1,144,1,1,1,1,1,1.0705000126464206,5.300309913534908,5.054855689209338,0.7668829939510906,-0.24056682389754755,-0.45236314292926755
0.05,5.0,1,145,1,1,1,1,1,4.609260851566374,1.653446566356725,4.764134391142144,-0.0020180028958852376,-0.5491592566986105,1.2158234289358505
0.05,5.0,1,146,1,1,1,1,1,3.774962554386474,0.2108273946510512,4.806787889758517,0.47006360320977797,-0.39583150884776763,0.2911720381473894
0.05,5.0,1,147,1,1,1,1,1,16.10663538751678,18.951619699608663,5.82838831658028,0.5709430428244964,-0.15955967974142296,-0.3908337406153364
0.05,5.0,1,148,1,1,1,1,1,3.5093870334998707,0.9825040712029022,4.820369081148222,0.17999204783726505,-0.35745099369048283,0.5540012019787347
0.05,5.0,1,149,1,1,1,1,1,0.4022355405860025,5.271990843359163,5.020608417111981,0.7270918422945873,-0.3752317152989298,-0.17182915540994928
0.05,5.0,1,150,1,1,1,1,1,2.538905926207187,0.034313331688042376,5.130147911631374,-0.11600361547534055,0.268292520598456,-0.4028438028629849
0.05,5.0,1,151,1,1,1,1,1,2.280703611217323,6.00128615643941,5.116904730128234,0.30175905080453463,-0.4794738969216777,0.5696448878889356
0.05,5.0,1,152,1,1,1,1,1,2.9644301957586876,0.9650504561962625,5.151976666975613,-0.3474234818274216,0.32999090321316493,-0.2527655470401762
0.05,5.0,1,153,1,1,1,1,1,8.110544371737525,5.361892348155867,5.416323714962377,-0.18317505224902134,0.23949796170010593,-0.3582015547687831
0.05,5.0,1,154,1,1,1,1,1,0.1450186166210284,4.503491827840284,5.007429519052238,0.5775506598318522,-0.3938196318437538,0.04696550607558267
0.05,5.0,1,155,1,1,1,1,1,3.3591958314251795,4.181621785694318,5.172231603453276,0.01580515600875805,-0.20179581337448874,0.35905110053274075
0.05,5.0,1,156,1,1,1,1,1,12.52654410375025,13.782802409078515,5.643695791474744,0.31505082306073223,-0.0743940375491237,-0.28316582207522734
0.05,5.0,1,157,1,1,1,1,1,13.04368789752087,7.040168424043468,5.670354675983328,-0.27732902605566606,0.704615520546887,-1.2227975750831894
0.05,5.0,1,158,1,1,1,1,1,3.239465734574725,2.314976861521177,5.16608798809456,-0.31794151209568555,-0.13668975879813108,0.766329834047001
0.05,5.0,1,159,1,1,1,1,1,11.067802024796682,6.495271906946849,5.568533530323104,-0.20738303454169307,0.5178453537511297,-0.9388522963895548
0.05,5.0,1,160,1,1,1,1,1,7.0514472258375696,1.270182211801617,4.639377369871818,0.9720375351671384,-0.35137513249139257,-0.5132445752525427
0.05,5.0,1,161,1,1,1,1,1,5.776590244778935,3.259398529173254,5.296350247465785,-0.17340606081328316,0.21424223245042587,-0.2586440397777702
0.05,5.0,1,162,1,1,1,1,1,0.8059001441320764,0.0031133969516146786,4.958722115410807,0.029963715624458185,-0.18260166497258826,0.3463825452025529
0.05,5.0,1,163,1,1,1,1,1,1.8280000866712907,2.956083698179779,5.093689619484129,-0.3524401204251028,0.4692239322290184,-0.5161896436409597
0.05,5.0,1,164,1,1,1,1,1,12.772203562789645,5.368969008438678,5.656358755806347,-0.7771563263270329,0.5997519534750083,-0.21900699059035172
0.05,5.0,1,165,1,1,1,1,1,7.860228216997402,12.216278316069678,4.598094234182361,-0.4078954197249398,0.3655208494657459,-0.25872046037008717
0.05,5.0,1,166,1,1,1,1,1,0.48951064510864684,0.826081684118699,4.974925524451482,0.15364133818591097,0.07892993619021799,-0.4880629286107231
0.05,5.0,1,167,1,1,1,1,1,0.34771126913637873,3.3669245979221367,5.017814645474731,0.3574249947435891,-0.32085538426495286,0.23355588986913003
0.05,5.0,1,168,1,1,1,1,1,1.0748076999240594,1.728110024404826,4.944952388421033,-0.16091652653079205,-0.07933314405273507,0.31481257259074136
0.05,5.0,1,169,1,1,1,1,1,3.103309787508603,4.640375303286682,5.159101962236971,-0.8091553530997136,0.6412144685244415,-0.25614917725596303
0.05,5.0,1,170,1,1,1,1,1,2.7713096040857277,1.620471289726318,5.142069309269584,0.1741642480963273,0.22631550880407142,-0.7900555980182853
0.05,5.0,1,171,1,1,1,1,1,13.570424215250487,8.731619983964999,5.697514973002544,-0.5613457568820727,0.3288694581443907,0.09340327040278523
0.05,5.0,1,172,1,1,1,1,1,1.8341458603453626,0.5920589827358147,4.906079338740029,0.11448087816952045,-0.19839971812817903,0.23596197065727914
0.05,5.0,1,173,1,1,1,1,1,0.6731648442161101,0.943127260397259,4.965519648217341,0.3806123825174408,-0.08119965912476088,-0.3830156104720526
0.05,5.0,1,174,1,1,1,1,1,6.032478724799704,0.0683284299623333,5.309497149987434,-0.675149415095173,0.4395799152341753,-0.0040685136193501495
0.05,5.0,1,175,1,1,1,1,1,1.76849907938586,7.433506961498085,4.909439447430679,-0.7545746670833082,0.34024034216127386,0.29442653859086626
0.05,5.0,1,176,1,1,1,1,1,11.95122958451321,10.740575271349783,5.614046095211349,0.05068047899148307,0.14611148620177586,-0.448188379582131
0.05,5.0,1,177,1,1,1,1,1,5.040155890676706,0.7767115905630686,4.742111681569951,0.7563624215497645,-0.4982645205723921,0.1554646138432355
0.05,5.0,1,178,1,1,1,1,1,4.846897097148945,3.206097959600228,5.248598778803734,-0.15524200832769539,0.0887615665531027,0.05003632348354823
0.05,5.0,1,179,1,1,1,1,1,7.918796754487791,7.570518980817202,5.406462059917792,0.15298828394754196,0.0898751024182571,-0.2946311572017136
0.05,5.0,1,180,1,1,1,1,1,2.712841769458589,5.205551080718922,4.861113940005185,-0.14153542167953923,0.2462637724010094,-0.25634524752759424
0.05,5.0,1,181,1,1,1,1,1,0.7690844631605034,3.0492621864334732,5.039407338173209,-0.5406470252711494,0.17814114854074528,0.2868269679737173
0.05,5.0,1,182,1,1,1,1,1,0.7448035234407778,2.4144651014065133,5.038162974109843,0.20160587190579438,-0.2118443191741292,0.13583405931221326
0.05,5.0,1,183,1,1,1,1,1,9.646485988046958,6.8159655410719635,5.495351096339684,-0.3758423008216955,0.13089777186619064,0.27833962168782966
0.05,5.0,1,184,1,1,1,1,1,6.027604076311915,6.904997733536896,5.309246687548056,0.26124539145696263,-0.042030995940973884,-0.2489585668578076
0.05,5.0,1,185,1,1,1,1,1,9.162886292336513,10.7477605617693,5.470462501064335,0.19798536253436363,-0.20220907413016098,0.1808776559956484
0.05,5.0,1,186,1,1,1,1,1,2.331379085748204,2.7858076587834963,4.880632115629351,-0.1126082355139007,-0.0660861116828724,0.3886780598000278
0.05,5.0,1,187,1,1,1,1,1,26.07499006884438,23.572274626506637,6.344346475056607,-0.16584125325424065,0.19801505468012337,-0.2938794136237824
0.05,5.0,1,188,1,1,1,1,1,21.04126524457556,20.898439334338597,3.9275770770822582,-0.14845556331350346,-0.1742436918891168,0.6698148280660481
0.05,5.0,1,189,1,1,1,1,1,7.581411493435419,4.96126703802803,5.3891124434813396,-0.09879612884280285,0.2790606015931853,-0.5175148480104317
0.05,5.0,1,190,1,1,1,1,1,10.314935827382616,11.086508488486754,4.472896699066271,-0.1412702157426419,-0.03790638227452624,0.22902988317869805
0.05,5.0,1,191,1,1,1,1,1,0.4900625648381151,6.456464054342188,4.974897256540486,0.8355358291740488,-0.6347727826576395,0.30274330258704574
0.05,5.0,1,192,1,1,1,1,1,1.8511932944520666,0.737783156964979,5.0948788668410065,-0.24071240362608665,0.1849236079051726,-0.07864864904805105
0.05,5.0,1,193,1,1,1,1,1,0.6816643976234749,7.02763915897062,5.034927251583085,-0.6835213130985489,0.7138684623494997,-0.7156110531699948
0.05,5.0,1,194,1,1,1,1,1,5.498952135615832,4.813855788696378,5.282087760483454,-0.31069254341232966,-0.1819158582717421,0.7202297115665027
0.05,5.0,1,195,1,1,1,1,1,2.4374451086797877,3.5754506823824217,4.87520470572156,0.6863005515856044,-0.5865401260948374,0.3319388368677819
0.05,5.0,1,196,1,1,1,1,1,7.462660267846653,6.11997166812898,5.383006489233928,-0.23789887320508143,-0.01824899623020762,0.38736780607540156
0.05,5.0,1,197,1,1,1,1,1,3.2200772036813614,2.0262132702785878,4.835166017494007,0.06233365337426996,-0.22307065346106966,0.3837254649997298
0.05,5.0,1,198,1,1,1,1,1,7.097020426205124,2.029927792072245,5.364208229825429,-0.24781644930334584,0.5806914883452937,-0.928648267953516
0.05,5.0,1,199,1,1,1,1,1,7.270153048338213,4.15991803527045,5.373108898542101,-0.23600627396563362,0.2692763048410329,-0.26710837982360347
0.05,5.0,2,0,2,1,2,2,1,22.40272176206824,1.2901635275630436,-0.9981813861944636,6.153979291440611,-0.07323119619156485,-0.35920484257495755
0.05,5.0,2,1,2,1,2,2,1,25.38894403322575,2.3758800560773974,-0.5184713325601903,6.308756534465839,0.09069856716781081,-0.8446148019716049
0.05,5.0,2,2,2,1,2,2,1,15.90660028405495,2.442242731727004,-1.0485850544129034,5.818060239179323,0.14507556711357192,-0.3221588515419443
0.05,5.0,2,3,2,1,2,2,1,21.0956382390426,2.2477702349819957,-0.2731995041658389,6.086303487330761,-0.030175257960491114,-0.2945213006726876
0.05,5.0,2,4,2,1,2,2,1,9.25212146339315,1.505016041658109,-0.6767519870409515,5.4750545725962,0.09868078715696954,0.16084071196681055
0.05,5.0,2,5,2,1,2,2,1,23.103170359080057,2.208564317428264,-0.0706785941084025,6.1902636157606254,0.2746966113203772,-1.1135982152169115
0.05,5.0,2,6,2,1,2,2,1,29.07598951053568,2.3147677605213057,-0.8236949122007821,6.500169124703146,-0.12739943380836022,-0.6095684984323126
0.05,5.0,2,7,2,1,2,2,1,24.411637509382373,2.1583032617258766,-0.7896392942822542,6.258077471363635,0.02987697560214748,-0.6595246291376262
0.05,5.0,2,8,2,1,2,2,1,1.314930808487757,1.7167885644837426,-0.09576573847373701,5.06738508789121,0.539983056358274,-0.2755622982476951
0.05,5.0,2,9,2,1,2,2,1,6.380752605109843,1.5320070512744577,-0.6508005690840546,5.327393218018175,0.017974496496332617,0.5404948209455704
0.05,5.0,2,10,2,1,2,2,1,19.67792871536125,2.1465342978366415,0.2418058688432435,6.012948666529651,-0.09165016415120479,-0.06817483273139961
0.05,5.0,2,11,2,1,2,2,1,27.443972103476167,2.0766687835633655,-0.6792284183955093,6.4154006305260785,-0.25352249306180025,-0.23425158035018812
0.05,5.0,2,12,2,1,2,2,1,14.518967497704732,1.2487892224049317,-0.4830551264814776,5.746442662508058,-0.3183329451332098,0.726913604083629
0.05,5.0,2,13,2,1,2,2,1,7.99170828804452,1.7801342661377715,-0.1360779531019308,5.410211819932286,0.2476325762405798,-0.06772226218707522
0.05,5.0,2,14,2,1,2,2,1,26.69727387442296,2.082398691483372,-0.8891415137665374,6.376638933960914,0.10354881470219635,-0.9833639637399318
0.05,5.0,2,15,2,1,2,2,1,10.677235793092398,2.2751831926776127,-0.6240002081695952,5.548418528269398,-0.09841854980089211,0.5687131294507007
0.05,5.0,2,16,2,1,2,2,1,27.509046343231187,1.3392169940380028,-0.5052167216450394,6.418779354872795,-0.5002321699541229,0.2625343985228678
0.05,5.0,2,17,2,1,2,2,1,8.083553517500274,1.1425338777962657,-0.6411271053677919,5.414935508965269,0.4266428512812873,-0.5232240922529584
0.05,5.0,2,18,2,1,2,2,1,13.783869134388446,2.34307160468096,-0.05170489819820908,5.708522898751647,0.27889212902096433,-0.4861623336883103
0.05,5.0,2,19,2,1,2,2,1,16.06957623926333,1.6337800800950222,-0.8067809145265621,5.826474827585016,-0.29776628443470393,0.6041443651268604
0.05,5.0,2,20,2,1,2,2,1,20.343176711481146,1.4194439942451484,-0.32279023787544553,6.047363466631326,-0.24772988088548822,0.18332393545176376
0.05,5.0,2,21,2,1,2,2,1,9.541689565343429,0.8328703678538555,-0.15134450366603655,5.489957220361472,0.4066601689669996,-0.600640168682001
0.05,5.0,2,22,2,1,2,2,1,0.4469150640584966,0.39100217654475566,-0.3285611330367156,4.977107183674331,0.4985415483313856,-0.16521473633092265
0.05,5.0,2,23,2,1,2,2,1,22.33785875822816,0.4931261999396061,-0.7476083882103589,6.150619914448752,-0.48473686734053656,0.5140432390162144
0.05,5.0,2,24,2,1,2,2,1,6.201586914890036,2.7521165838641943,-0.7298789688046072,5.318186401665829,0.08181273937905746,0.5023546538788431
0.05,5.0,2,25,2,1,2,2,1,23.68208914213473,1.2552306498967585,-0.527164829143057,6.2202618681500965,-0.17545287398179593,-0.2185806911087107
0.05,5.0,2,26,2,1,2,2,1,11.587216141126973,1.0961838882128678,-0.4484392097464306,5.595290415065863,0.37091632933783736,-0.6385912591078015
0.05,5.0,2,27,2,1,2,2,1,13.70021113633179,0.9163158978905733,-0.4041559281769953,5.704208295284022,-0.36174195561804146,0.8559944552150537
0.05,5.0,2,28,2,1,2,2,1,11.341543001543338,0.9421264914849136,-0.317259318210276,5.582634065064901,0.09539281000583984,-0.0167475658315132
0.05,5.0,2,29,2,1,2,2,1,13.75218912748153,1.9764341135579353,-0.8152044195099132,5.706889003558957,-0.04101654231663119,0.20666129001871647
0.05,5.0,2,30,2,1,2,2,1,16.60542782354113,2.708724519226359,-1.2501780273788832,5.854146021700287,-0.2559928734088075,0.555756257361237
0.05,5.0,2,31,2,1,2,2,1,18.02365725514135,0.5536101877749517,-0.7659252759108447,5.927417830229526,-0.419929916023345,0.6653441406138179
0.05,5.0,2,32,2,1,2,2,1,23.379462529248507,1.3164974370290692,-0.4780342875512043,6.204579389591139,-0.5268344513199564,0.6023490318060857
0.05,5.0,2,33,2,1,2,2,1,33.01068919421116,2.043085046063551,-0.9211186103268194,6.704818819642075,-0.4990902449650224,-0.05916776924658294
0.05,5.0,2,34,2,1,2,2,1,10.877578558570654,0.6093214016579468,-0.10785117081711106,5.558736133335587,0.14782341067887017,-0.12873143687253924
0.05,5.0,2,35,2,1,2,2,1,12.249215080724426,1.4646051129991602,-0.26716608382379203,5.629402185517157,0.3346580069206311,-0.5742468079781875
0.05,5.0,2,36,2,1,2,2,1,10.863790755953389,1.8299259656694666,-0.4840814275536175,5.558026032444043,-0.07318605683095668,0.4644722515147401
0.05,5.0,2,37,2,1,2,2,1,17.174085172076804,1.688675045316229,-0.8729967753116838,5.883519207785834,0.13266000677897466,-0.43754234490143873
0.05,5.0,2,38,2,1,2,2,1,17.000535072144547,1.3341811648755368,-0.16879167080301297,5.874553860279122,0.13036812620578936,-0.447906380023932
0.05,5.0,2,39,2,1,2,2,1,11.550889106465434,1.3268197380963531,-0.7027347187914125,5.593418858628359,0.11924772578813037,-0.055005300843398997
0.05,5.0,2,40,2,1,2,2,1,26.44020874889961,2.2829697773876654,-0.24941610854455612,6.363297746968305,-0.07766014065694533,-0.5459841563862767
0.05,5.0,2,41,2,1,2,2,1,8.922659435419497,2.1734295022974495,-0.07728931669663987,5.458101340774995,-0.3337291608651075,1.2165564104982394
0.05,5.0,2,42,2,1,2,2,1,11.306671802950458,1.2725286950270551,-0.9970461419579361,5.580837727496838,-0.05823515170579729,0.35765929792937057
0.05,5.0,2,43,2,1,2,2,1,17.83979144433374,1.6716176097747526,-0.9178927343959509,5.917915674000111,0.1331916255448625,-0.4849360770669761
0.05,5.0,2,44,2,1,2,2,1,24.507887118858456,0.43899786845671235,-0.11304777499658743,6.263067504238422,-0.2383465520857142,-0.19535142503160838
0.05,5.0,2,45,2,1,2,2,1,8.10913845286718,2.8119168555511047,-0.5171208706412819,5.416251404646756,0.2554817193228036,-0.014109914204930884
0.05,5.0,2,46,2,1,2,2,1,10.970422225571893,1.3510717785280502,-0.3881562951546437,5.563517902233338,0.1037639892913909,0.020957183316426264
0.05,5.0,2,47,2,1,2,2,1,17.318916362366426,1.433112397846011,-0.22957812265862826,5.891001559025008,0.07231163270112213,-0.33171719404631544
0.05,5.0,2,48,2,1,2,2,1,23.346145797957515,2.7639627984968866,-0.536167926393978,6.202853017609003,-0.2807303434749127,0.15746404419811721
0.05,5.0,2,49,2,1,2,2,1,27.62497694878644,2.721526763776856,-1.0812338905958487,6.4247988620897605,-0.43206937007244084,0.20646738145824356
0.05,5.0,2,50,2,1,2,2,1,23.290984190897703,2.343226020692309,-0.3301260730854341,6.199994772103386,-0.14670805236024845,-0.17357421291835545
0.05,5.0,2,51,2,1,2,2,1,2.4771774445108314,0.8898460390684119,-0.052023737728142845,5.126981709696552,0.34811161281849,0.012056597915793122
0.05,5.0,2,52,2,1,2,2,1,16.013082745545187,0.6289060624164198,-0.1984220878586979,5.8235579442625145,0.21390161755250509,-0.6219563464375155
0.05,5.0,2,53,2,1,2,2,1,8.29596423221941,0.962385387793845,-0.7181426199673442,5.425860808468798,0.3488586353491301,-0.3775782797606576
0.05,5.0,2,54,2,1,2,2,1,23.680788786177125,1.4037480346988893,-0.7417091420397154,6.220194477171768,-0.3894418073856167,0.2763883258106446
0.05,5.0,2,55,2,1,2,2,1,18.474728591381822,1.8272814194659819,0.010186940474427695,5.950732737138701,0.09442830673001198,-0.4292526622555512
0.05,5.0,2,56,2,1,2,2,1,18.17682716407358,1.7888746106213687,-0.5293720717949679,5.935334277934186,-0.06797637635513434,-0.047106686555936875
0.05,5.0,2,57,2,1,2,2,1,14.636047337384227,1.9770488902609997,-0.7856253717349586,5.7524834362472745,-0.46642201470699945,1.1132627719279007
0.05,5.0,2,58,2,1,2,2,1,17.878871871833564,0.25891942083540215,-0.5609307336123392,5.919935273021179,-0.1914329811158577,0.09443225521665284
0.05,5.0,2,59,2,1,2,2,1,14.023583355974894,0.9635285807848228,-0.5113373638786105,5.720886969491749,0.20823198556564268,-0.44957728609193875
0.05,5.0,2,60,2,1,2,2,1,11.441101708637534,1.5196727520926494,-1.318797423421637,5.587762850941896,-0.03070956120354818,0.3053764096742088
0.05,5.0,2,61,2,1,2,2,1,2.1076599762273402,2.807632070935509,-0.4775268187200989,5.108030265969193,0.5645487499760702,-0.3004815603763263
0.05,5.0,2,62,2,1,2,2,1,11.185283794011939,2.4384525951395233,-0.21902990675425293,5.574584844383035,-0.012159070079258476,0.35135691052092055
0.05,5.0,2,63,2,1,2,2,1,28.370675416932805,1.3993424069351112,-0.7406166464134245,6.4635261759271385,-0.31223955768157674,-0.21643295571997265
0.05,5.0,2,64,2,1,2,2,1,11.606219922854068,3.388631949994599,-0.9252025141079593,5.596269496635308,0.1399875375859319,0.052812009890495004
0.05,5.0,2,65,2,1,2,2,1,8.707506994301054,1.8216902228780596,-0.9140578532602934,5.447031644349188,0.5537144346028148,-0.7963348269915226
0.05,5.0,2,66,2,1,2,2,1,15.592724706936842,1.4673375607127737,-0.5134685229666076,5.801856458874667,0.40399334727470143,-0.9532566952223385
0.05,5.0,2,67,2,1,2,2,1,20.467143097793876,2.117202448574366,-0.5535745897928195,6.053777766072431,-0.5475956084375233,0.9104931650458991
0.05,5.0,2,68,2,1,2,2,1,18.721703996059972,2.583455888292667,-1.1086096716240956,5.963500538463201,0.04476590399871146,-0.27654113672793734
0.05,5.0,2,69,2,1,2,2,1,9.846639007536536,0.9446294883344548,-1.2105621083481148,5.5056537465027535,-0.2711674632159672,0.9153733785874588
0.05,5.0,2,70,2,1,2,2,1,14.50772192363328,1.0228026018839769,-0.504037721629288,5.745862461492009,-0.4507249510142264,1.0121215058944366
0.05,5.0,2,71,2,1,2,2,1,13.8419540366621,1.7432363266023765,-0.5685299127109705,5.711518691054965,0.029031420269489662,0.024661539940428953
0.05,5.0,2,72,2,1,2,2,1,12.928078705051805,2.058979642334943,-0.5034521733666572,5.664394411059201,0.0074720481034765765,0.15947960307990586
0.05,5.0,2,73,2,1,2,2,1,20.06285277449252,0.8914357245550979,-0.8062481965738771,6.03286030657011,-0.04489936127334142,-0.29530379952293606
0.05,5.0,2,74,2,1,2,2,1,20.90492352725425,2.878488876030245,-0.5184017634176964,6.076432613815531,0.05532955379720326,-0.42523840530438045
0.05,5.0,2,75,2,1,2,2,1,20.43474388177652,2.6780705604454975,-0.5014948872331982,6.052101320371161,-0.3426383585462776,0.489116841260924
0.05,5.0,2,76,2,1,2,2,1,10.444520278300182,1.4749530472467514,-0.7267299644578155,5.53643500032973,0.09068676109367024,0.09563366835489259
0.05,5.0,2,77,2,1,2,2,1,4.2002300713376055,1.3224640595334352,-0.32276411735117877,5.215397041570992,0.5641786002037655,-0.5543506353086078
0.05,5.0,2,78,2,1,2,2,1,19.517106051036052,2.2184873640827583,-1.1198835072525326,6.004630618802697,0.09885202400596559,-0.47939979615881895
0.05,5.0,2,79,2,1,2,2,1,27.56529579266754,0.8985344919007769,-0.6740453935612358,6.4216999730782485,-0.18157335203791192,-0.4943021499086326
0.05,5.0,2,80,2,1,2,2,1,9.73677972802977,0.9593264912661026,-0.29584275679124267,5.4999987398577765,0.37273984283909567,-0.5284459995242398
0.05,5.0,2,81,2,1,2,2,1,13.097186688219315,1.0903704976690036,-0.8216079901110402,5.67311293519835,-0.2110465891113462,0.5678916619686792
0.05,5.0,2,82,2,1,2,2,1,8.576278465675337,2.5125458714063265,-1.0977752972448347,5.4402804440288275,0.15599326274610117,0.1550963044752186
0.05,5.0,2,83,2,1,2,2,1,17.749605529732747,1.365712655894682,-0.18177797220603512,5.913255191684572,0.33225587170841736,-0.9463883110127562
0.05,5.0,2,84,2,1,2,2,1,9.896252531150227,1.5301653896512426,-0.36757115124136347,5.508207702091396,-0.2184941671887175,0.8371738358414369
0.05,5.0,2,85,2,1,2,2,1,21.118096165958256,0.868057016153018,-0.6974016222245981,6.0874659088465135,-0.22573132862298775,0.03875150827972255
0.05,5.0,2,86,2,1,2,2,1,15.519701463781471,1.433669366089399,-0.5009415960428655,5.7980870005312894,-0.040268165056134494,0.04328214638142444
0.05,5.0,2,87,2,1,2,2,1,8.014106739626829,1.1517480312318158,0.3327741657100489,5.411363774456779,0.34583717034958,-0.33750650081985706
0.05,5.0,2,88,2,1,2,2,1,25.15731601859751,2.4204665713703823,-0.5738154329279496,6.296743081220068,-0.24046420275728284,-0.08264369618840745
0.05,5.0,2,89,2,1,2,2,1,15.78209429883178,1.3594070466106878,-0.6789912503856819,5.8116323391468585,0.197528421486494,-0.5139871023481067
0.05,5.0,2,90,2,1,2,2,1,32.49620314618595,0.9118070682254312,-0.3678424219851242,6.67803728821848,-0.28099974038978137,-0.6024866194409743
0.05,5.0,2,91,2,1,2,2,1,15.489844292163186,2.6471464786072043,-0.9972353772047693,5.796545812613621,0.13201247622637308,-0.24903358389220032
0.05,5.0,2,92,2,1,2,2,1,24.796985750772848,2.280894570145503,-0.16294521099550563,6.278057147383801,-0.19670387987417476,-0.16767196674655302
0.05,5.0,2,93,2,1,2,2,1,6.79815990332837,1.8912122356126135,-1.0078966691477658,5.348845716362494,-0.15287652270008753,0.9276963377388899
0.05,5.0,2,94,2,1,2,2,1,15.753474935205363,2.284598471360197,-0.1445144526839456,5.810154855665007,-0.17577293374403147,0.39894698585445376
0.05,5.0,2,95,2,1,2,2,1,23.754277707475786,2.4876805923927465,-0.5368609826203997,6.224003109331619,-0.40865346940226305,0.39837687478884
0.05,5.0,2,96,2,1,2,2,1,21.05817760194367,1.9448980282006767,-0.8525358389092432,6.084364554399857,-0.32342740783729057,0.34667958943702104
0.05,5.0,2,97,2,1,2,2,1,42.16354440148265,1.5050670724910482,-0.9382730672262298,7.182395352281695,-0.8473182904089963,0.06882798845432697
0.05,5.0,2,98,2,1,2,2,1,11.795408149604018,2.902359213845947,-0.372183584662086,5.6060170361798844,-0.021207700165872964,0.3660595055168108
0.05,5.0,2,99,2,1,2,2,1,10.790231839837103,1.163479070956818,-0.1852403940107067,5.554237673968331,0.10132537375811214,0.024227318863818733
0.05,5.0,2,100,2,1,2,2,1,17.800081536775796,1.3412817688191816,-0.7048681819761833,5.915863584141035,0.017288462812002983,-0.24766195656394824
0.05,5.0,2,101,2,1,2,2,1,33.31615166978524,2.100120397175652,-0.8678213594596199,6.720722826061467,-0.2916000326614855,-0.5431997818276622
0.05,5.0,2,102,2,1,2,2,1,24.528601850615992,2.1049577948020564,-1.0490954500382867,6.26414148409653,-0.37433004501496814,0.23851910349248073
0.05,5.0,2,103,2,1,2,2,1,5.768312397919938,2.168685286402189,-0.4246665818071965,5.295924980049992,0.33544749353847686,-0.08435866270731744
0.05,5.0,2,104,2,1,2,2,1,15.883940590387157,1.4177580428770535,-0.1766060533282402,5.816890352733498,0.2701645786783681,-0.6787258832789097
0.05,5.0,2,105,2,1,2,2,1,4.50191517926664,1.8596668245307326,-0.12993860821501801,5.2308851155123035,0.2971366623729862,0.06370323910403171
0.05,5.0,2,106,2,1,2,2,1,17.842389618571215,1.5539085718506405,-0.254714214841913,5.9180499412991745,-0.11299061997343032,0.05896018968014488
0.05,5.0,2,107,2,1,2,2,1,20.371121531383093,1.2053216843301355,-0.46599626007202655,6.048809360548765,-0.0180890808428849,-0.35239446579447237
0.05,5.0,2,108,2,1,2,2,1,20.397559614389102,2.6452272003969206,-0.2927080891807923,6.050177312487206,0.06194518916941426,-0.4236870632536183
0.05,5.0,2,109,2,1,2,2,1,8.333440349240567,1.7690542715365603,-0.5644517476137723,5.427788502009017,-0.0009868799831552252,0.4686631203917842
0.05,5.0,2,110,2,1,2,2,1,20.260365439319486,2.125416328824458,-0.49911763954124544,6.0430788414297725,0.2514503147019638,-0.8773874449762761
0.05,5.0,2,111,2,1,2,2,1,22.31997101699948,1.5701645458219924,-0.6720165755271139,6.149693493381348,-0.5452973007712539,0.7363481767975479
0.05,5.0,2,112,2,1,2,2,1,10.91034542567596,2.7529599202831867,-0.4423800941155233,5.5604237152110745,-0.3464479246840288,1.1543853439518479
0.05,5.0,2,113,2,1,2,2,1,14.65050705319092,1.8503578582837588,-0.4501795389084977,5.753229514092239,0.3578492499767576,-0.7581804056443602
0.05,5.0,2,114,2,1,2,2,1,26.890318940367113,1.9588149456899353,-1.2378307818681473,6.386658702799601,-0.4484507941814519,0.234893979883465
0.05,5.0,2,115,2,1,2,2,1,27.221232065089414,2.078285285052806,-0.43347827295055574,6.4038365407208975,-0.2567160702575451,-0.21191659325248027
0.05,5.0,2,116,2,1,2,2,1,22.708480313434574,1.3396180509892937,-0.9667704452935126,6.1698165338703195,0.008885810244032703,-0.5602118583505732
0.05,5.0,2,117,2,1,2,2,1,9.315853721819378,1.1295340494693147,-0.12630321126483923,5.478334378164772,0.143577069129861,0.026495341512334018
0.05,5.0,2,118,2,1,2,2,1,26.45836428049933,1.9082905431133088,-0.5854637487643451,6.364239929323393,-0.15589276900707255,-0.40018995467673657
0.05,5.0,2,119,2,1,2,2,1,10.178212775276911,1.6877544283513148,-0.5680740539557761,5.522723345006244,-0.008823910516580194,0.3545829973538001
0.05,5.0,2,120,2,1,2,2,1,8.472479198603425,0.8585493739363247,-0.37603145868855015,5.434940679308687,0.08082787927679433,0.2042798355947583
0.05,5.0,2,121,2,1,2,2,1,16.202198322157816,1.8418383338362143,-0.4399896983603559,5.833322713310707,0.04914768576044031,-0.17290175651375775
0.05,5.0,2,122,2,1,2,2,1,27.67137939738837,1.5355229915024229,-0.4964744194817631,6.427208328809263,-0.4944536500436471,0.25348828857701944
0.05,5.0,2,123,2,1,2,2,1,28.926644998423928,1.9997054014838498,-0.6568407543450008,6.492409226521525,-0.48082022208653563,0.17302827425844358
0.05,5.0,2,124,2,1,2,2,1,14.949318497869346,1.9674611269056677,-0.6477908422822317,5.768648464226116,0.2881132385230945,-0.6138564290378897
0.05,5.0,2,125,2,1,2,2,1,17.797807732471497,1.0542216866058807,0.013826044406731942,5.915746081904137,-0.012578790091711641,-0.20250150866291933
0.05,5.0,2,126,2,1,2,2,1,11.757792586364303,2.491130502379426,0.29698781957406145,5.604078898938014,0.3191045280601162,-0.42811525265065814
0.05,5.0,2,127,2,1,2,2,1,17.081458186424545,1.3625154550675376,-0.9701807312211563,5.878734137025423,-0.0799686657411031,0.021524092341123884
0.05,5.0,2,128,2,1,2,2,1,5.9480720521920425,1.4937916720142719,-0.2821612532417219,5.305160367343539,0.34612743410015634,-0.17220253844909095
0.05,5.0,2,129,2,1,2,2,1,24.276251807215083,0.9577857114985292,-0.4982403399669041,6.251058835817609,-0.06153551843778314,-0.5373300386909675
0.05,5.0,2,130,2,1,2,2,1,25.803374170665773,1.0938566131857148,-1.2650089846320718,6.330254460078797,-0.4845862983370853,0.3242223358614885
0.05,5.0,2,131,2,1,2,2,1,19.19970901183755,1.995056332397941,-0.9036616362889806,5.988216167835226,0.01920493925755758,-0.29650941115243323
0.05,5.0,2,132,2,1,2,2,1,28.774329109720384,2.0623870374577113,-0.8595870893142952,6.484495518854616,-0.6204282742595922,0.5054838997505161
0.05,5.0,2,133,2,1,2,2,1,21.983012902736416,2.54135615255696,-0.4565433820428984,6.132243661629866,-0.09749117231330086,-0.18067222824921728
0.05,5.0,2,134,2,1,2,2,1,18.569768308344592,1.908917576510095,-0.6051080701261251,5.95564579011921,0.22248143876689547,-0.7156088562992473
0.05,5.0,2,135,2,1,2,2,1,16.692875887704496,2.4202968647111853,-0.36816758845623043,5.8586624967672005,-0.1384190969258294,0.26101899523108246
0.05,5.0,2,136,2,1,2,2,1,9.526425727311803,2.2260773106323963,-0.0243472745952064,5.489171613030483,0.4866341421487608,-0.6716065525245131
0.05,5.0,2,137,2,1,2,2,1,9.376892018958689,1.699930831556151,-0.49586519745123003,5.48147564202961,0.12257598758782698,0.1134825225124395
0.05,5.0,2,138,2,1,2,2,1,7.432497828065111,2.072465466022337,-0.3898874674825606,5.381455652297236,0.5674241438892845,-0.7220546287448893
0.05,5.0,2,139,2,1,2,2,1,13.757781985270741,2.937432852905336,-0.9273714477280306,5.707177453158327,0.14949723650136118,-0.1489112621457397
0.05,5.0,2,140,2,1,2,2,1,34.105308139047054,2.560442999034191,-0.8655067939909956,6.761821496232276,-0.30545033643719166,-0.5301535596354557
0.05,5.0,2,141,2,1,2,2,1,19.009124727298545,1.857654997709996,-0.9467232833279864,5.978361164926217,-0.11914739607860635,0.017184259330079506
0.05,5.0,2,142,2,1,2,2,1,34.777087366968345,1.3970904216715878,-0.5607102783719882,6.796819719691552,-0.777557647740697,0.4034703805503808
0.05,5.0,2,143,2,1,2,2,1,21.436040397810594,3.2198702356341653,-0.9203353660079832,6.103924057891793,-0.20771634118661705,0.15712376303416503
0.05,5.0,2,144,2,1,2,2,1,13.59848183995329,0.8436435512707651,-0.2783655054991647,5.698961914361976,0.04092175831360018,-0.054663380414226366
0.05,5.0,2,145,2,1,2,2,1,6.122263480594472,1.4887404919601446,-0.7599046002613822,5.314110452528368,0.3778742708448394,-0.25536967658351134
0.05,5.0,2,146,2,1,2,2,1,20.563152309300904,2.064791894783681,-0.24505406092514356,6.058745765047003,-0.22212402879452672,0.16006556716233605
0.05,5.0,2,147,2,1,2,2,1,23.338579065356384,0.7639098738971117,-0.7026605658365326,6.202460936382283,-0.5485696212313411,0.6120434704655449
0.05,5.0,2,148,2,1,2,2,1,33.98145394666597,1.9830835968815377,-1.413443744428375,6.755370216938161,-0.302493212003255,-0.5723958662655948
0.05,5.0,2,149,2,1,2,2,1,19.211813242984395,1.826861406836168,-0.5796583615971118,5.988842101562318,0.055469514887587966,-0.3916090180833728
0.05,5.0,2,150,2,1,2,2,1,24.21834716064106,2.0503384457026934,-0.7144793166917935,6.248057097517731,-0.12437996378949459,-0.30885062481972764
0.05,5.0,2,151,2,1,2,2,1,22.100085681560863,1.341332144423382,-1.1209910434337844,6.138306108634322,-0.34420571580707426,0.276547311988697
0.05,5.0,2,152,2,1,2,2,1,28.6473166375929,1.7672060036544475,-1.2860601230348403,6.477896922393797,-0.3043589521714739,-0.22464345538603142
0.05,5.0,2,153,2,1,2,2,1,13.32905206107441,2.281473931615253,-0.8342656870052327,5.685068146085212,-0.22628013432387348,0.6786270765900629
0.05,5.0,2,154,2,1,2,2,1,16.50661304119446,1.0868273240974253,-0.4800058361433504,5.849042715797671,0.2680822168790773,-0.7411347442074094
0.05,5.0,2,155,2,1,2,2,1,13.840059074930119,2.766567789181334,-1.074055373201113,5.7114209549933275,-0.12462083659397719,0.45061745153890653
0.05,5.0,2,156,2,1,2,2,1,20.992201657740836,1.1052449223071004,-0.5809854142937185,6.080949777907039,-0.29246774335472026,0.21637695171565965
0.05,5.0,2,157,2,1,2,2,1,16.75203258172541,1.5296921753982313,-0.522254169158739,5.861717902187692,-0.4691665978135597,0.9399343243982817
0.05,5.0,2,158,2,1,2,2,1,14.285074451795362,1.0635626976512031,-0.49940617665075493,5.734375905268778,0.2906527504071908,-0.6437240504255183
0.05,5.0,2,159,2,1,2,2,1,16.200872687274845,2.023675466874966,-0.19989710325210028,5.8332542625161015,-0.09485676756845117,0.16547730886308357
0.05,5.0,2,160,2,1,2,2,1,7.11325236680866,1.6641918363180317,0.027022237236178012,4.636222034837147,0.38025550806983915,0.6514083606610112
0.05,5.0,2,161,2,1,2,2,1,17.569542075618244,2.409802431080611,-0.6349436656990367,5.903950776199511,0.09803381819169008,-0.33158065344511256
0.05,5.0,2,162,2,1,2,2,1,23.439886029919013,0.968010223904682,-0.12677822560614474,6.207710423760701,-0.2767762358824384,0.004200611141881735
0.05,5.0,2,163,2,1,2,2,1,24.087585046839273,0.7103065921768918,-0.2887317422554585,6.241278788638194,-0.4010565294016277,0.2216610791504342
0.05,5.0,2,164,2,1,2,2,1,20.27387089063825,1.4318623519967402,-0.07247818201022686,6.0437775967709655,-0.11623365720574699,-0.10787441074002185
0.05,5.0,2,165,2,1,2,2,1,21.550299988794464,1.6211944384149393,-0.369079613683592,6.109839245123091,-0.007553196430281424,-0.423878604322955
0.05,5.0,2,166,2,1,2,2,1,24.44887130301573,2.1907460324128443,-0.9681818511013179,6.260007818721674,-0.04323364891693715,-0.49580835716023475
0.05,5.0,2,167,2,1,2,2,1,15.804604183238277,1.8119261066592638,-0.6575383781348995,5.812794433372755,0.08575395396881451,-0.2304810572101613
0.05,5.0,2,168,2,1,2,2,1,14.458304579690266,0.7589309762575948,-0.37406820253229056,5.743312874545388,0.11283587464546753,-0.280876138138288
0.05,5.0,2,169,2,1,2,2,1,27.21389160057415,2.39847945250443,-0.889723069486611,6.403455464076235,-0.4529778878359986,0.25692457214411735
0.05,5.0,2,170,2,1,2,2,1,18.037870457474902,1.0131513773336762,-0.09350925187535306,5.928152401788698,-0.1021638265826985,-0.02022891974583045
0.05,5.0,2,171,2,1,2,2,1,9.370143915791955,0.8574079517351157,-0.9252372530141661,5.4811283542714,-0.05420232356736554,0.4483210843904786
0.05,5.0,2,172,2,1,2,2,1,25.503633561732357,3.21884402311036,-1.5569965961659633,6.314705442240243,-0.2866788545503488,0.05966073725466733
0.05,5.0,2,173,2,1,2,2,1,30.398587330337488,1.2709709118281358,-1.4464260736634567,6.5689156118941465,-0.46627358570407,-0.015554630893334967
0.05,5.0,2,174,2,1,2,2,1,28.877461788832374,2.187536014167745,-0.45553879186179214,6.489853804767918,-0.3617433597088554,-0.07870082212651419
0.05,5.0,2,175,2,1,2,2,1,19.607779463635598,1.645014218272479,-0.28583709135379354,6.009320336322741,-0.13336865818213658,-0.007757525995975775
0.05,5.0,2,176,2,1,2,2,1,15.183534972744784,2.6785743353438907,-0.6100461761455673,5.780735825123311,0.03955754898867569,-0.01819838664002204
0.05,5.0,2,177,2,1,2,2,1,13.895637509638801,1.7046412825317219,-0.4653928212043616,5.714287550327552,0.17447943920962403,-0.30872335295896824
0.05,5.0,2,178,2,1,1,2,0,11.589718225197641,1.5582433444889718,0.39572462766661703,5.59541932280498,-0.0998551737118031,0.4543362580497307
0.05,5.0,2,179,2,1,2,2,1,9.235520486525598,2.5507690066340825,-0.7062304947924501,5.474200265677063,0.4893180627571774,-0.6331222897898277
0.05,5.0,2,180,2,1,2,2,1,19.262859902528657,2.704379604470202,-0.6591719013787595,5.991481865932453,-0.22437209795472482,0.30273959101751674
0.05,5.0,2,181,2,1,2,2,1,24.47886015978128,2.266870743232978,-0.8064171707378476,6.261562585349189,-0.14686872248370406,-0.25930151854283623
0.05,5.0,2,182,2,1,2,2,1,13.399158601133085,0.47645418005452805,-0.7741344700450088,5.68868317581153,-0.13372363117958602,0.32479382239194926
0.05,5.0,2,183,2,1,2,2,1,9.665726253871322,1.4555035605719184,-0.3746320762654789,5.496341423540322,0.264086683976981,-0.2427278795720018
0.05,5.0,2,184,2,1,2,2,1,4.507464748065457,1.2475372430765075,-0.2825274815661141,5.231170043644083,0.12379306713137979,0.4067792457291133
0.05,5.0,2,185,2,1,2,2,1,27.387965811791656,1.6566059260444574,-1.0435084558421963,6.412492809663882,-0.07644470638509925,-0.6601681843645089
0.05,5.0,2,186,2,1,2,2,1,17.965993584603517,2.3286016549843795,-0.7612768391133671,5.924437689043631,0.009732818376217362,-0.16630616014992444
0.05,5.0,2,187,2,1,2,2,1,13.519482522608428,1.7127699732909651,-0.7996131837998393,5.694887943014418,0.3523512066559541,-0.6802424302453983
0.05,5.0,2,188,2,1,2,2,1,15.254655451146393,0.6320630282925715,-0.33021458755582195,5.7844064589915,-0.14104807723215457,0.22714448121735972
0.05,5.0,2,189,2,1,2,2,1,13.953571403118252,1.9847622838456482,-0.716109963814829,5.717275717023415,0.17736024525935418,-0.29762329793065473
0.05,5.0,2,190,2,1,2,2,1,37.679899569757545,1.4964260749820841,-0.5933381922096542,6.948181810704263,-0.8007771570527237,0.2666158364305041
0.05,5.0,2,191,2,1,2,2,1,12.903474175951786,2.1931564378320068,-0.9381818220078662,5.663125960925425,0.29152002537776034,-0.4662845419867803
0.05,5.0,2,192,2,1,2,2,1,19.0950236361755,0.9783056306785802,-0.3786663089305786,5.982802834290971,0.12050441361209009,-0.5941674368759584
0.05,5.0,2,193,2,1,2,2,1,23.126702912704626,0.9337067296269846,-0.568147915006328,6.191482853869265,-0.4257216773207307,0.36015687806678415
0.05,5.0,2,194,2,1,2,2,1,4.675814063222356,2.26538115498269,-0.5234403551668414,5.239813866716127,0.6664447935980081,-0.7418965571110501
0.05,5.0,2,195,2,1,2,2,1,16.200156514167638,1.2981929174731808,-0.9270968839445523,5.833217282051514,0.02891021563676636,-0.16882559066312502
0.05,5.0,2,196,2,1,2,2,1,25.153391350817817,1.3807297207986309,-1.022435706235456,6.296539538899508,-0.4969539287322093,0.41857712375554457
0.05,5.0,2,197,2,1,2,2,1,17.900432066130215,1.4071882322617197,-0.6447617595804589,5.921049477604668,-0.2236348250473045,0.29386668554659784
0.05,5.0,2,198,2,1,2,2,1,14.933779947827787,2.0322334962046926,-0.32576442313235365,5.767846605095462,0.5817507734397779,-1.2602364082784283
0.05,5.0,2,199,2,1,1,2,0,5.414191423172637,1.358953225730978,0.6880158107191141,5.277733921272847,0.5478885110105197,-0.5972797201463401
0.05,5.0,3,0,3,1,2,2,1,8.178385464060597,82.74727294392004,-2.060762043431858,2.337656339970248,5.419813029866814,-1.070912126135826
0.05,5.0,3,1,3,1,2,2,1,4.450579162015924,82.7214870133284,-2.4761116284251954,2.505800023522841,5.2282494382126545,-0.8929941160978099
0.05,5.0,3,2,3,1,2,2,1,8.899992335736185,82.02624704171232,-2.2038940176537336,2.0734709339551944,5.456935052846548,-0.8485895943806476
0.05,5.0,3,3,3,1,2,2,1,8.227015408507919,81.81182862049553,-1.8143379836917963,2.761454328896954,5.422314316410354,-1.713057399385018
0.05,5.0,3,4,3,1,2,2,1,16.240660162005707,82.16489318261144,-1.3839207182121682,1.894118443618286,5.835308757196135,-1.3942485304224201
0.05,5.0,3,5,3,1,2,2,1,6.6862991769354645,81.1776018833493,-2.1077857106713926,2.6195100298992244,5.343096245929533,-1.4052265666046286
0.05,5.0,3,6,3,1,2,2,1,1.462520906739958,82.12778474043108,-2.1330681868714265,2.5865832940082245,4.925102258533948,-0.4014842635351819
0.05,5.0,3,7,3,1,2,2,1,3.8705421697364613,82.68244000052402,-2.7390861441359675,2.315812996740595,5.198473951756631,-0.5768475650813569
0.05,5.0,3,8,3,1,2,2,1,4.25907026036351,82.76797776778461,-1.9874519950909078,2.14281493872407,5.218417632201827,-0.3790023632848181
0.05,5.0,3,9,3,1,2,2,1,8.27792906672853,82.75349951244226,-2.2900438147859705,2.657285406507918,5.42493312961693,-1.5087815465525831
0.05,5.0,3,10,3,1,2,2,1,13.71123659657398,82.10287810179388,-2.098304117702867,2.043314466962504,5.704776915705404,-1.3251263010820897
0.05,5.0,3,11,3,1,2,2,1,2.1068986521617745,82.9176116445608,-1.8763730019398583,2.1150896723050745,5.107991223466012,-0.09402096524729041
0.05,5.0,3,12,3,1,2,2,1,13.053470388091432,83.23408002663503,-1.7795084868619355,1.6539524787474267,5.670859030505193,-0.6418741096247438
0.05,5.0,3,13,3,1,2,2,1,3.75416649403596,82.15902263880635,-2.1211264494105246,2.9871639283660425,5.192500964264303,-1.5030724639792465
0.05,5.0,3,14,3,1,2,2,1,18.544933082204302,83.16912761470479,-2.3215310002808183,2.378636474859951,5.954361917697964,-2.2141242426633103
0.05,5.0,3,15,3,1,2,2,1,15.566877743106105,82.13380782029375,-2.12696355031615,2.232678406795153,5.800522223766286,-1.7770686902610786
0.05,5.0,3,16,3,1,2,2,1,1.8858478093798847,82.84492193651883,-2.2134825467226293,2.698852892417859,5.096655825520914,-0.8633803511392689
0.05,5.0,3,17,3,1,2,2,1,18.39207687709466,83.54701177385105,-2.321455293547353,2.0552235839269453,5.946460263880531,-1.7384236034574956
0.05,5.0,3,18,3,1,2,2,1,4.5808632585854125,83.06027001762843,-2.3363660666322965,2.7163262803178503,5.234938571257592,-1.1635335806104192
0.05,5.0,3,19,3,1,2,2,1,18.894953004508938,83.00693504171068,-2.316970174117808,1.838985586971264,5.972457850206259,-1.543727131700029
0.05,5.0,3,20,3,1,2,2,1,8.884962123085616,81.58331179973881,-1.4600107327724847,2.3821248743490187,5.456161711986225,-1.2956183959089698
0.05,5.0,3,21,3,1,2,2,1,8.180815971151617,81.9805823489227,-1.770645270951395,2.5100135062791797,5.419938041857531,-1.3602452572526043
0.05,5.0,3,22,3,1,2,2,1,0.5068827521742363,82.02286081352263,-1.9366980882818745,2.8544778779079234,5.0259706485821445,-0.9841830713450067
0.05,5.0,3,23,3,1,2,2,1,2.0334059010776957,83.44778765123893,-2.072211712823189,2.3455950822154255,5.104222409209296,-0.35784394270765324
0.05,5.0,3,24,3,1,2,2,1,0.14115467546977395,81.98879504669509,-2.233818917298224,2.6363501893368033,4.992768941223987,-0.6235518544667162
0.05,5.0,3,25,3,1,2,2,1,16.37248569722539,82.67491717876791,-2.176513656192048,2.140233823847768,5.842116080391464,-1.6997717827705816
0.05,5.0,3,26,3,1,2,2,1,10.498175168193647,82.56196150865023,-1.89313037045224,2.2392777112205766,5.539197801884147,-1.204925993279707
0.05,5.0,3,27,3,1,2,2,1,8.52755401728416,80.71275297608838,-1.921269918946377,3.3155538194552183,4.564043751840878,-0.7155664711518854
0.05,5.0,3,28,3,1,2,2,1,2.7406198461397016,82.81912815065458,-2.267635684812376,2.4894167071180933,5.140494967524816,-0.6771509399173306
0.05,5.0,3,29,3,1,2,2,1,15.230128449588536,82.17614663752079,-1.6616136886820905,2.247208281060165,5.783140569504363,-1.757007367060881
0.05,5.0,3,30,3,1,2,2,1,2.8511629414079915,83.32056336022671,-2.428723861906875,2.477649897157855,5.146165784480772,-0.6351271293320161
0.05,5.0,3,31,3,1,2,2,1,20.35261166556742,82.768995287806,-2.3842915457213216,2.4505479756374915,6.04785163872091,-2.53322134118915
0.05,5.0,3,32,3,1,2,2,1,13.494620456896888,82.0192279017181,-1.647881829599758,2.24150065341631,5.693605846150085,-1.5736942796561892
0.05,5.0,3,33,3,1,2,2,1,3.0488600179300605,80.99778544928824,-2.2864994092731368,2.4129286162395602,5.156308328764866,-0.7465416688474739
0.05,5.0,3,34,3,1,2,2,1,13.216897041210832,83.3595845767136,-2.520380559819018,1.8949729947597613,5.67928515203547,-0.9762964289729885
0.05,5.0,3,35,3,1,2,2,1,19.577782155316612,82.13516612002388,-1.9708797757206358,1.6776050399209583,6.00776882325318,-1.4665847106730172
0.05,5.0,3,36,3,1,2,2,1,5.386291471560809,82.72277768071888,-2.1243737388058177,2.502192802539239,5.2763008450120905,-0.9899715528523074
0.05,5.0,3,37,3,1,2,2,1,1.0328070685020483,81.8679754915882,-2.399968423009493,2.789549826213202,5.05292370097421,-0.9662293702719716
0.05,5.0,3,38,3,1,2,2,1,6.7817462699938185,81.59911275635454,-1.9952633459387321,2.510908205981901,5.348002061042586,-1.238547371974963
0.05,5.0,3,39,3,1,2,2,1,17.784575927275068,82.79478602473367,-1.7470477865296314,1.4342338859824901,5.915062311174716,-0.8929441218978262
0.05,5.0,3,40,3,1,2,2,1,1.8875721372093837,82.56245498400077,-2.5449977621411475,3.155595498713219,5.096744243624661,-1.4940647333250079
0.05,5.0,3,41,3,1,2,2,1,1.8252800383986165,83.06439487185337,-2.5492257537632983,2.588336893830066,5.093550148057821,-0.6916071632117192
0.05,5.0,3,42,3,1,2,2,1,9.723523104645349,81.60337288929578,-2.4250332078413894,2.569044447430079,5.499316375635694,-1.6343790906956381
0.05,5.0,3,43,3,1,2,2,1,19.71741276717747,83.21409383620224,-1.4093947917258491,2.1134171530307793,6.014990955021084,-1.9842917448264834
0.05,5.0,3,44,3,1,2,2,1,7.122558959684813,82.09167743279863,-1.557326526284833,2.5389240264292123,5.365521106849046,-1.2757759786455516
0.05,5.0,3,45,3,1,2,2,1,16.38834205369476,81.91976433025083,-1.587415423806508,1.7889583711427293,5.842934914404181,-1.2872622931693052
0.05,5.0,3,46,3,1,2,2,1,11.863965801949943,82.16340492865446,-2.083335305704571,2.295327387410015,5.609549552229365,-1.4582570347447836
0.05,5.0,3,47,3,1,2,2,1,16.325935260293218,82.24879041689032,-2.0404484438190775,1.9651760566690233,5.8397122178872305,-1.4924568494951302
0.05,5.0,3,48,3,1,2,2,1,5.98302876839739,81.78066736334851,-2.255403314158946,2.497765216631472,5.306956408422336,-1.120402968482059
0.05,5.0,3,49,3,1,2,2,1,2.966677772541574,83.84376740718209,-2.086332822952355,2.7023541241326847,4.848128009502647,-0.2617034763817566
0.05,5.0,3,50,3,1,2,2,1,4.719454417358329,83.18889712578799,-2.2421468467923913,2.881230838555515,5.242054677781698,-1.3888305058119568
0.05,5.0,3,51,3,1,2,2,1,1.443631399882481,82.28779053400669,-1.9887574580683478,2.693345593619545,5.073982815494659,-0.8502363138951542
0.05,5.0,3,52,3,1,2,2,1,8.57862271478756,82.09229552108906,-2.3692535693334404,1.7492004920969015,5.440401042788266,-0.369123339855901
0.05,5.0,3,53,3,1,2,2,1,3.2021444215397397,80.98264494383479,-1.4999583518216595,2.6596624396722786,5.164173022572296,-1.0957064746819511
0.05,5.0,3,54,3,1,2,2,1,0.2232736321216863,82.23164148610351,-1.8780517305405229,2.736218144608934,5.011438858062178,-0.7790318639695366
0.05,5.0,3,55,3,1,2,2,1,2.7413692423622855,82.40521388899901,-2.744318755127853,2.6793806652668835,4.859654430171385,-0.36529567939881236
0.05,5.0,3,56,3,1,2,2,1,11.876319181762081,81.75996763163636,-1.913428598057686,1.8093002263788862,5.610186087646136,-0.8362595385650349
0.05,5.0,3,57,3,1,2,2,1,5.8499336980078125,82.81433280245312,-2.857213786950261,2.356228713901159,5.300118280676948,-0.837214947461948
0.05,5.0,3,58,3,1,2,2,1,6.734905840312886,82.76731882768179,-2.4204306599960974,3.1196541676525484,4.655539234400073,-0.4925510149606591
0.05,5.0,3,59,3,1,2,2,1,16.887515911444453,81.9877908425366,-1.206310882448602,1.7309096204545897,5.868715861811998,-1.2581020924399147
0.05,5.0,3,60,3,1,2,2,1,12.026474781092766,82.11585862536674,-2.3564158272877553,2.456587207768376,5.617923496170555,-1.6947274727151522
0.05,5.0,3,61,3,1,2,2,1,7.177832226624673,82.34142197782732,-2.4742118460118,3.2078531806465795,4.632925143858608,-0.5947441745121145
0.05,5.0,3,62,3,1,2,2,1,1.7333823152674728,82.58824327818203,-2.2253748280723924,2.7364299959972005,5.088838168933283,-0.9166546763274216
0.05,5.0,3,63,3,1,2,2,1,11.541403433431164,81.78137791000246,-2.2210986195445095,1.7126376295579442,5.592930165450137,-0.6670888501867052
0.05,5.0,3,64,3,1,2,2,1,12.685002714506004,82.26520265033928,-2.14557513830071,2.24351853604885,5.6518636554712645,-1.4701081127539957
0.05,5.0,3,65,3,1,2,2,1,8.856705172840234,82.51677893833615,-1.8718830103992583,2.076266945696441,5.454707838780051,-0.8103883716448703
0.05,5.0,3,66,3,1,2,2,1,11.018525351898202,82.70414039906163,-2.1324055692900754,1.9234968833294261,5.5659954642455105,-0.8253405828169946
0.05,5.0,3,67,3,1,2,2,1,9.392537440179575,81.60345344243767,-2.1532970661937036,2.199216279257108,5.48228083021516,-1.1036606911738647
0.05,5.0,3,68,3,1,2,2,1,6.86837875550022,82.04394337465554,-2.2103503066320633,2.7301448554299226,5.352455018397813,-1.5069267626293346
0.05,5.0,3,69,3,1,2,2,1,12.998359423252353,81.54681144203522,-1.6606302408924083,1.6686946790404253,5.668017713484443,-0.7844026971760488
0.05,5.0,3,70,3,1,2,2,1,4.379750354416422,83.03346582389395,-2.7728987133603398,2.8568688313510453,5.224613076708519,-1.3312227614070713
0.05,5.0,3,71,3,1,2,2,1,3.360312042391896,81.68395092746675,-1.6418840916726902,2.4838795372665445,5.172288880388534,-0.8238367708425672
0.05,5.0,3,72,3,1,2,2,1,1.3962782407207308,80.8146404435938,-1.966605532027153,2.912351859767963,5.071555247432138,-1.2497377145779187
0.05,5.0,3,73,3,1,2,2,1,7.877216424765777,81.72247683591182,-2.448536365834451,3.345824420188363,4.597227268682923,-0.749904646293462
0.05,5.0,3,74,3,1,2,2,1,11.556922297040852,83.26599147034106,-2.0199310660366865,1.8341783462547772,5.5937296842522874,-0.7204533219157931
0.05,5.0,3,75,3,1,2,2,1,3.0349592317124023,82.32585779676756,-2.067655711849797,2.759958748618459,5.155595138342736,-1.1096699366720686
0.05,5.0,3,76,3,1,2,2,1,12.22916810668489,80.73154979293572,-1.6351581503945694,2.464015345327093,5.6283690345052735,-1.830962703222747
0.05,5.0,3,77,3,1,2,2,1,5.668225191050631,82.68496235106741,-2.0993962341519743,2.4406635219436796,5.29078321995744,-0.9409272297400526
0.05,5.0,3,78,3,1,2,2,1,6.639144157572097,83.27223528578814,-2.3085987222607858,2.0602051132159818,5.340672643997371,-0.48891835243974596
0.05,5.0,3,79,3,1,2,2,1,1.4501024520221895,82.94615445546577,-1.7622404101142501,2.7805622621701835,4.9257380000222994,-0.6015397418376401
0.05,5.0,3,80,3,1,2,2,1,6.940446452961049,82.42778540040229,-2.3590315475424237,2.6382558480050275,5.356159481060437,-1.3631582716630615
0.05,5.0,3,81,3,1,2,2,1,4.774670234289805,82.49022329086056,-2.4822352678740978,2.768381939169001,5.2448899251094705,-1.297248396535921
0.05,5.0,3,82,3,1,2,2,1,0.9697027500364698,82.39548459697927,-2.1340257977102772,2.9852813810957546,5.049689307753242,-1.1808064541186583
0.05,5.0,3,83,3,1,2,2,1,9.181380531395012,81.90494737596441,-2.4810948096792127,2.3513364851388023,5.471414204322987,-1.2619783412519534
0.05,5.0,3,84,3,1,2,2,1,10.170077836723701,82.05018698267837,-2.1683854620757703,2.38951793369192,5.522304520885489,-1.409351492023205
0.05,5.0,3,85,3,1,2,2,1,13.255299887791182,82.73492088032015,-2.375708065496351,2.4826512953927042,5.681265263472706,-1.8154355369695234
0.05,5.0,3,86,3,1,2,2,1,4.725379627009219,82.61069023687187,-2.126522502121127,3.301326955573134,4.7581991953066165,-0.9664633578072226
0.05,5.0,3,87,3,1,2,2,1,14.318069130458904,82.05288684014455,-1.6244747479210362,1.9833179971899484,5.73607804764684,-1.3141830073853027
0.05,5.0,3,88,3,1,2,2,1,14.591068053386543,81.17321311714242,-1.949304440629558,2.0390957130575997,5.750162674129433,-1.4851314930535078
0.05,5.0,3,89,3,1,2,2,1,7.536755185693709,82.18046682746228,-1.9163220171673396,2.0129654546721327,5.3868162625431735,-0.6064254504204935
0.05,5.0,3,90,3,1,2,2,1,10.789870719693807,82.78632530631184,-1.9156747859409895,2.714418692674409,5.554219076251586,-1.8537440536347538
0.05,5.0,3,91,3,1,2,2,1,5.427198646737572,83.28834705719693,-2.452484657746372,2.882967987094183,4.722334174739353,-0.27790129824671955
0.05,5.0,3,92,3,1,2,2,1,5.687932969085746,81.53939076103048,-2.077904272318284,2.372169230638196,5.29179564385055,-0.9380996379148571
0.05,5.0,3,93,3,1,2,2,1,16.194714312718194,82.82381317086576,-1.5042852608382036,2.130940148562356,5.832936267819622,-1.6570317683625844
0.05,5.0,3,94,3,1,2,2,1,18.86524556497057,82.86930499246665,-1.3911640353996708,1.5275017213101907,5.970921863838974,-1.1312722398401351
0.05,5.0,3,95,3,1,2,2,1,9.47698187153759,81.86180839069951,-2.1633233308629958,2.5737551800686154,5.486626850544757,-1.5945448212401045
0.05,5.0,3,96,3,1,2,2,1,8.73229723693089,82.32403653793331,-2.462601338685383,1.6489643558086502,5.4483070550076205,-0.23171692111503606
0.05,5.0,3,97,3,1,2,2,1,5.6986296819349,81.68616996047325,-2.832113832444407,2.696847277401975,5.292345157244326,-1.3627860873196935
0.05,5.0,3,98,3,1,2,2,1,13.762117787339841,82.0886785626159,-1.8683514846400313,1.9629277420271527,5.7074010711093175,-1.223688297595707
0.05,5.0,3,99,3,1,2,2,1,8.517073955320068,83.34938647127778,-1.500887113607527,2.433276132275303,5.437234742418149,-1.190405206199902
0.05,5.0,3,100,3,1,2,2,1,11.718693388152532,82.78804736614016,-2.211085999767741,2.2868366159389897,5.602064355289562,-1.383890807473288
0.05,5.0,3,101,3,1,2,2,1,1.4670252920555644,82.54771150692687,-2.357311626932409,2.7330617314755874,4.924871665205894,-0.5661303932343342
0.05,5.0,3,102,3,1,2,2,1,5.280008796367582,82.29240203237643,-2.6485103330487076,2.6595479099400894,5.270841832207437,-1.2216996379157872
0.05,5.0,3,103,3,1,2,2,1,0.4925999289373087,82.09921386254602,-2.352115932979996,2.965855693181941,4.974767299366221,-1.0184119589769611
0.05,5.0,3,104,3,1,2,2,1,3.2194061974540973,81.83794866831583,-2.6880407870254244,3.0539162475067667,5.165058724099965,-1.5579874803805278
0.05,5.0,3,105,3,1,2,2,1,14.504173598026027,82.02581306750088,-1.999959179771676,2.126315142127882,5.745679390829758,-1.528189687005
0.05,5.0,3,106,3,1,2,2,1,5.303654614900568,82.79709427599026,-1.9277329505003757,2.4191484264502994,5.272056331406885,-0.8638217033221448
0.05,5.0,3,107,3,1,2,2,1,6.45541875086473,82.23845566243267,-2.294176594891285,2.6840286106691496,5.331230336943311,-1.386014396962123
0.05,5.0,3,108,3,1,2,2,1,1.9927484085421823,82.5039378740122,-2.433027680968909,2.2779955163057237,5.102137492421096,-0.3340197751849444
0.05,5.0,3,109,3,1,2,2,1,3.652932458087846,82.44190257444103,-1.6743570072511056,2.4032065659148554,5.187305398024402,-0.6894726969291781
0.05,5.0,3,110,3,1,2,2,1,3.264074447252451,82.86658145534139,-2.3832955776892217,2.8457668677798145,5.167350686120282,-1.2080945669166512
0.05,5.0,3,111,3,1,2,2,1,7.9269156182254505,82.13491157258214,-1.461421172326976,1.951512075869783,5.406879597554464,-0.5693926801939722
0.05,5.0,3,112,3,1,2,2,1,1.861516116958343,81.21057286178086,-2.447385440682756,2.785116613598724,4.904678433030576,-0.6948965525526218
0.05,5.0,3,113,3,1,2,2,1,5.1180199749218795,81.57047454950477,-1.5290116206664566,2.129795722957674,5.262522120853699,-0.5468552533966012
0.05,5.0,3,114,3,1,2,2,1,9.285257591482994,82.55908019707637,-2.235431474323975,1.99903565555614,5.476759819655238,-0.7495050602839656
0.05,5.0,3,115,3,1,2,2,1,14.408016473066123,82.10675774493713,-1.9151648686944178,2.103791966109813,5.740718425482537,-1.4815044456029152
0.05,5.0,3,116,3,1,2,2,1,3.5414409907657056,81.92069390880407,-1.4923262264949568,2.204025747211081,5.181583693476002,-0.4481724195241189
0.05,5.0,3,117,3,1,2,2,1,0.09348860871703607,82.71513113548066,-2.6481673058456785,2.734198791280046,5.00478950002713,-0.7252098503775345
0.05,5.0,3,118,3,1,2,2,1,17.08791791189365,83.4361400737363,-2.0159218440008515,2.0407397381142958,5.879067836686467,-1.586533717881696
0.05,5.0,3,119,3,1,2,2,1,2.3484485352483095,82.54543455124958,-2.127816949066192,2.2527111157634736,5.120379201847544,-0.3356303373888942
0.05,5.0,3,120,3,1,2,2,1,11.236691918518117,81.72721355708732,-2.078107461065561,2.8514461249742515,5.5772329107677745,-2.1629162517004383
0.05,5.0,3,121,3,1,2,2,1,5.341731837004426,82.39673020869853,-1.9968608838766204,2.7302835549867557,5.274012087433206,-1.3150820700717194
0.05,5.0,3,122,3,1,2,2,1,11.745720216515577,82.53995174371676,-1.5681992731991192,2.2026205314676126,5.603456879115046,-1.2928354520153373
0.05,5.0,3,123,3,1,2,2,1,1.0160552250811383,82.69391897623606,-1.9034848405671834,3.001784006313502,5.052065080474157,-1.1852526621366761
0.05,5.0,3,124,3,1,2,2,1,7.2768103566355915,83.07676627094158,-2.257301805051566,2.1955837007567847,5.37345116272031,-0.7564511753191452
0.05,5.0,3,125,3,1,2,2,1,0.7471905867547278,82.57710637970047,-2.458768228214124,2.448527469824672,5.038285307099189,-0.42261351546430065
0.05,5.0,3,126,3,1,2,2,1,13.712353345101157,83.0838673823287,-2.2666249059359234,2.0090150423923006,5.7048345103894444,-1.2048013960582882
0.05,5.0,3,127,3,1,2,2,1,4.055543527528469,81.49452403201136,-2.2709832954618467,2.3524135702646976,5.207969854009472,-0.7370212652982968
0.05,5.0,3,128,3,1,2,2,1,2.98453468699069,82.52488020241952,-1.7574200719383315,2.417631188396264,4.847214532777284,0.024308543132325645
0.05,5.0,3,129,3,1,2,2,1,19.748813214552705,82.37347772043836,-1.7824495718044433,2.068539627369376,6.016615152090421,-1.9909638847018698
0.05,5.0,3,130,3,1,2,2,1,10.306736664622292,81.42588707421575,-1.594978231849619,1.9872301223602968,5.529340567642596,-0.9311872866357143
0.05,5.0,3,131,3,1,2,2,1,25.466348687127386,82.20743939842717,-2.374278265744492,1.6219160381859843,6.312771451651725,-2.022057400590039
0.05,5.0,3,132,3,1,2,2,1,6.360554251986642,83.26747262626215,-2.5665044313114147,2.2681792584804987,5.326355241721794,-0.7398454521483109
0.05,5.0,3,133,3,1,2,2,1,12.090675924482618,82.47831428362676,-1.676051107551002,2.128858401559498,5.621231907267249,-1.2358879507376237
0.05,5.0,3,134,3,1,2,2,1,9.7593925697782,82.39717659966854,-1.517209179362834,2.3089649656464153,5.50116271116043,-1.2307890256481548
0.05,5.0,3,135,3,1,2,2,1,6.726062711301639,82.55653100545135,-2.1102954056297674,2.5795777946214913,5.345139994897885,-1.2518098910211113
0.05,5.0,3,136,3,1,2,2,1,0.34707049874496,82.29699387913777,-2.7040249715575166,2.770156254787614,5.0177818134531975,-0.8329065627149367
0.05,5.0,3,137,3,1,2,2,1,10.74111274807863,82.36584543481727,-1.6025362597559318,2.05225854591992,5.551708066837447,-0.9947300431404512
0.05,5.0,3,138,3,1,2,2,1,3.3898632807530387,82.48702999487726,-2.1822999358005375,2.4231018396301467,5.173805275657789,-0.6840301225522895
0.05,5.0,3,139,3,1,2,2,1,9.648273911955277,83.40969754490318,-2.0808159076686263,2.2119577599570532,5.495443123246006,-1.0115083011526895
0.05,5.0,3,140,3,1,2,2,1,5.612434212569575,82.87387884903282,-2.0468382553818545,2.878461082166223,5.287917190148242,-1.5057027966315446
0.05,5.0,3,141,3,1,2,2,1,12.51561513851178,81.70416622234966,-1.7405953981102091,2.0579375962183106,5.643132473314655,-1.245345953440693
0.05,5.0,3,142,3,1,2,2,1,19.544307652331497,83.95756551593452,-2.0406548245776657,1.9785050863404197,6.00603749042313,-1.7292912489061476
0.05,5.0,3,143,3,1,2,2,1,3.350237349628603,82.213136876958,-1.9488158828104847,2.867581049072233,5.1717719115705805,-1.2961193430853595
0.05,5.0,3,144,3,1,2,2,1,12.000345069143274,81.16301293247069,-1.5971765712808574,2.317037267410808,5.616577010431646,-1.5777177161490297
0.05,5.0,3,145,3,1,2,2,1,11.398604777160518,82.24731223653717,-1.9509596616396927,2.3547899912847985,5.585573582897252,-1.4810907462120153
0.05,5.0,3,146,3,1,2,2,1,4.343346610203261,82.23015089916181,-2.2484911005897734,2.1090946664442534,5.222744151963443,-0.3835909558689188
0.05,5.0,3,147,3,1,2,2,1,4.057765941100337,82.90909777614134,-1.9364779323684003,2.8085546973411306,5.2080839330962085,-1.2414481852679895
0.05,5.0,3,148,3,1,2,2,1,0.8157706690824261,82.88480097914696,-2.2145696769306014,2.8695154137104795,5.041799982088451,-0.9723706707036234
0.05,5.0,3,149,3,1,2,2,1,13.54146265790091,81.87110812311646,-1.5537500035447045,2.4493685477399576,5.696021436300566,-1.867213751696431
0.05,5.0,3,150,3,1,2,2,1,4.186506789178315,81.29538658353857,-1.8247178437103626,2.465295866917757,5.21469256246549,-0.9183753414480531
0.05,5.0,3,151,3,1,2,2,1,12.314452341607556,82.64365950922681,-1.4366742426056724,2.441246697653984,5.632764355999583,-1.6657497134960182
0.05,5.0,3,152,3,1,2,2,1,7.78274553707676,82.49005764405466,-2.4563185403748773,2.4691997997198047,5.399465452047873,-1.2237581001861726
0.05,5.0,3,153,3,1,2,2,1,7.371223372849253,83.67275095615918,-2.260272720515034,2.274133764136764,5.378305225161249,-0.8272654419896663
0.05,5.0,3,154,3,1,2,2,1,0.17637670394550742,82.3215757019065,-2.580366622655235,2.7233450736623372,4.990964668012767,-0.7111864930133329
0.05,5.0,3,155,3,1,2,2,1,18.873305372895317,83.0931432785633,-1.8887861854747385,1.7798730348160325,5.9713385840245845,-1.455505991391469
0.05,5.0,3,156,3,1,2,2,1,9.328650588329486,82.35556887439732,-2.531716004340424,2.6106689942971313,5.478992946033816,-1.590344617325736
0.05,5.0,3,157,3,1,2,2,1,0.27734506840206036,82.48794597789504,-2.1166608106568177,2.441848715704977,5.014209258346099,-0.36904719978616907
0.05,5.0,3,158,3,1,2,2,1,5.072903945945554,81.94562904538364,-1.965095477608713,2.1695203580081794,5.260205088286432,-0.5669418442643839
0.05,5.0,3,159,3,1,2,2,1,5.075769508359068,81.9017877492985,-2.6422192521318144,3.0859853259482994,4.740291704468448,-0.6946534388179026
0.05,5.0,3,160,3,1,2,2,1,4.4699023564676255,83.461570048759,-2.4794597601398567,2.5964412198930376,5.229241515704495,-0.9604849659746643
0.05,5.0,3,161,3,1,2,2,1,2.3764177604390104,82.34657243214453,-2.5053570489754913,3.023328296440035,4.878327447445409,-0.8713215092162099
0.05,5.0,3,162,3,1,2,2,1,11.305014447251953,82.15480921658862,-1.8278389565091546,1.9302616031802187,5.580752352061091,-0.9075227021816463
0.05,5.0,3,163,3,1,2,2,1,2.7297965897099057,81.72320652837719,-1.9046517929383846,2.099712689686023,5.139939755200198,-0.23294648028751283
0.05,5.0,3,164,3,1,2,2,1,13.843574917899534,81.63785066586625,-1.9757213453504914,2.1303531466985812,5.711602290993544,-1.4914243287385565
0.05,5.0,3,165,3,1,2,2,1,5.289129653050776,82.08343397412622,-1.9011452470106063,2.471657789736671,5.2713102970175525,-0.987028687744218
0.05,5.0,3,166,3,1,2,2,1,4.473385395918055,82.18043386616955,-2.1501988465699733,2.438240203736265,5.229420340394965,-0.8459005431153065
0.05,5.0,3,167,3,1,2,2,1,16.639290950371542,83.19649148687574,-2.0480038000027436,2.181585037222956,5.855894945135158,-1.7445411311015881
0.05,5.0,3,168,3,1,2,2,1,10.52631128857326,82.44084319543781,-1.6468376922284218,2.5819762035005853,5.5406466179813165,-1.6753153935589578
0.05,5.0,3,169,3,1,2,2,1,11.06057494382995,82.27703580421849,-1.9234213368189441,1.8133774512071912,5.568161285280484,-0.7134744034854557
0.05,5.0,3,170,3,1,2,2,1,9.275362511686822,82.0612554891267,-1.6443370250843259,2.394199654339153,5.476250597475046,-1.3179025562542708
0.05,5.0,3,171,3,1,2,2,1,2.1486422144766433,82.67741857411261,-2.4804771865360813,2.642192800819612,5.110131953717607,-0.828694056246569
0.05,5.0,3,172,3,1,2,2,1,17.265500266753236,83.17893293713638,-2.7138871878857955,1.9152013732208217,5.888241884803141,-1.4566518297865982
0.05,5.0,3,173,3,1,2,2,1,7.857647093484616,82.28489296299205,-2.707914649322883,2.395265349001769,5.403317302927072,-1.1483228071686244
0.05,5.0,3,174,3,1,2,2,1,8.969464466433672,82.90484908990886,-3.1997920333092336,2.5324846797996945,5.4605096359950185,-1.4055374078823215
0.05,5.0,3,175,3,1,2,2,1,3.7271055058534888,82.92386554684386,-2.4939261681188816,2.5688824693206396,5.19111210626454,-0.8835104997591379
0.05,5.0,3,176,3,1,2,2,1,14.53856179051492,82.8030972650972,-2.041601458423246,1.9336800139426982,5.747453612598844,-1.2144290857911986
0.05,5.0,3,177,3,1,2,2,1,5.1038115454677015,82.14639132386503,-1.9267240048697474,2.043131069396738,5.26179241031074,-0.38387387590614586
0.05,5.0,3,178,3,1,2,2,1,12.371089957673615,82.82391917229089,-2.4406555377068315,2.8332268158693443,5.635683408394828,-2.1784108345951148
0.05,5.0,3,179,3,1,2,2,1,5.245553063311566,82.44100738565622,-2.094416888042414,2.4556981878298076,5.269072138042246,-0.933653063185315
0.05,5.0,3,180,3,1,2,2,1,18.56270783755022,81.53149465227283,-1.530356595823372,2.121376476833916,5.955280793119023,-1.9970375308646366
0.05,5.0,3,181,3,1,2,2,1,12.801190141118342,82.20226413960182,-1.7904841210503761,2.3217526910550306,5.657853021902644,-1.5921225700313117
0.05,5.0,3,182,3,1,2,2,1,20.24618586705997,83.09945455307763,-1.5461321222966127,1.6369087172295311,6.04234521285997,-1.4113319920513616
0.05,5.0,3,183,3,1,2,2,1,10.869841090168169,81.9871721980501,-1.9286273910907177,2.2463699507251684,5.558337636818553,-1.298307452942119
0.05,5.0,3,184,3,1,2,2,1,11.671212710101525,82.35227775360794,-2.2522955587662086,1.8836302469221455,5.599618016681543,-0.869311850394245
0.05,5.0,3,185,3,1,2,2,1,4.498354232954949,82.11143560250481,-2.1808507758849385,2.503843511487915,5.230702288420373,-0.9419961597134313
0.05,5.0,3,186,3,1,2,2,1,18.71699016571904,82.37127851843726,-1.4903398166756674,1.6343193717287687,5.963256834818457,-1.2972000713538208
0.05,5.0,3,187,3,1,2,2,1,7.503097785681471,82.50799333375741,-2.429452024810776,2.5449941203266566,5.385085667073448,-1.2934797054763636
0.05,5.0,3,188,3,1,2,2,1,14.501240956488246,81.40374999774764,-1.7207545198620364,2.033696390613795,5.74552808572446,-1.4507794540453933
0.05,5.0,3,189,3,1,2,2,1,18.150584590096674,82.55077380404371,-1.2387849837397231,1.8655010411058413,5.933977912322046,-1.5334553273048435
0.05,5.0,3,190,3,1,2,2,1,5.759057636634233,83.33746776520421,-2.189061010767695,1.7054654858063751,5.295449526511257,0.0952753604112728
0.05,5.0,3,191,3,1,2,2,1,20.092870065584048,83.3069273593913,-1.3510242044251852,1.8463880285271546,6.034413220670713,-1.6607187103656627
0.05,5.0,3,192,3,1,2,2,1,1.1461051754726055,81.92309888213629,-2.311379562436475,2.5580967515396758,5.058731011917036,-0.6638161002093484
0.05,5.0,3,193,3,1,2,2,1,19.38152794909092,81.1326982162493,-1.335937300445427,1.7065228675218096,5.997618773885181,-1.560109689003384
0.05,5.0,3,194,3,1,2,2,1,8.595929552569004,82.16631238010167,-1.9072556103979923,2.150367949682545,5.441291388938386,-0.9085647882176806
0.05,5.0,3,195,3,1,2,2,1,10.494945119700521,82.78753430826544,-2.2647888854906943,2.3341419507368775,5.539031477942539,-1.3146245220237611
0.05,5.0,3,196,3,1,2,2,1,8.227703391288278,82.97451934874029,-1.6623121015312765,2.5178677086363686,5.4223497033061046,-1.300612777604954
0.05,5.0,3,197,3,1,2,2,1,1.2965851379517912,82.6678173693503,-1.9152837104817577,2.13833910891809,5.066444646252975,-0.05578836552067289
0.05,5.0,3,198,3,1,2,2,1,9.169327355182174,82.54556909042317,-1.971308389397296,2.2601467544022924,5.470793953602367,-1.0898368820555688
0.05,5.0,3,199,3,1,2,2,1,7.04686768135797,81.5340798414555,-2.001774415965988,2.782291556989698,5.361630040649738,-1.6341578429684134
0.05,5.0,4,0,4,1,2,2,1,11.16688416232199,28.325710514571433,-0.6250877099574192,0.943264121375145,-0.5443138486452536,5.573637083364715
0.05,5.0,4,1,4,1,2,2,1,11.634912104715138,27.503241591310548,-0.20463606319348704,0.7997259166015834,-0.43922476535487975,5.59774774521321
0.05,5.0,4,2,4,1,2,2,1,5.492953361225491,28.129896593854735,-0.28903443922213423,0.33631403817686895,0.19391595862591182,4.7189745441793525
0.05,5.0,4,3,4,1,2,2,1,1.633735407331845,26.60102479116912,-0.6641211388406599,0.8652246699364454,-0.2325535713594084,5.083729095559138
0.05,5.0,4,4,4,1,2,2,1,3.948567684452301,27.310830632955195,0.13277455041795513,0.8378674532316739,-0.29006411210683025,5.202478805202648
0.05,5.0,4,5,4,1,2,2,1,12.512871918303091,27.43903879727318,-0.32487382795537195,0.24964570434936567,-0.1194367316939008,5.642991078354305
0.05,5.0,4,6,4,1,2,2,1,20.521983543467954,27.89416614103731,0.06445442733905886,0.2956618142057937,-0.33628762333658674,6.056615457762263
0.05,5.0,4,7,4,1,2,2,1,3.2690220711638607,27.558593428030072,-0.9199325576056419,0.6505951378267089,-0.027823112847636933,4.832662554141976
0.05,5.0,4,8,4,1,2,2,1,5.748405154502671,29.165376251754683,-0.47298423772940845,0.38813014849148936,0.1322490263278761,4.705923671524197
0.05,5.0,4,9,4,1,2,2,1,18.707158379742413,28.07097465731332,-1.2353912930756301,0.8712511859160631,-0.6542559629391215,5.9627485361735335
0.05,5.0,4,10,4,1,2,2,1,0.09576145178754403,27.220758678892224,-0.5310949158057029,0.7349525326678649,-0.13667400252637218,4.995094286802164
0.05,5.0,4,11,4,1,2,2,1,0.2762893439160695,27.7210761561362,-0.290668555572007,0.8459009703604081,-0.2295199818081942,5.01415516662145
0.05,5.0,4,12,4,1,2,2,1,6.5539734307341035,26.985035871050098,0.2198956179619327,0.2690249039380738,0.013082275462755491,5.336295309885413
0.05,5.0,4,13,4,1,2,2,1,16.613386971448694,28.00393757154874,-0.24264105445862102,0.6052494031005716,-0.4449912828012181,5.854557083927433
0.05,5.0,4,14,4,1,2,2,1,8.418700418639675,26.5386055227608,-0.8270939044949471,0.19541764745629936,0.033277964151383545,5.432174234022523
0.05,5.0,4,15,4,1,2,2,1,21.222068441959493,27.598733830594483,-0.9844944604875697,1.0433667007381082,-0.7967814395489612,6.092847676221223
0.05,5.0,4,16,4,1,2,2,1,2.0979704560776278,28.025350034945035,0.011243677265305356,-0.19297314321839099,0.4509499767603344,4.892576649700303
0.05,5.0,4,17,4,1,2,2,1,17.43025689137971,27.87394201986289,-0.6958710592476312,0.2823164392418207,-0.2605770486732778,5.896754056174283
0.05,5.0,4,18,4,1,2,2,1,2.1294696311601515,27.69245340254311,-0.45703000150814616,0.6482777667024736,-0.1478465378915593,5.109148722943233
0.05,5.0,4,19,4,1,2,2,1,6.000450243948681,28.64133666235614,-0.2978741825273623,0.3487280147357062,-0.08027948502988906,5.307851517830559
0.05,5.0,4,20,4,1,2,2,1,12.961902158525533,27.916644150310866,-0.149629123805803,0.5736219510530713,0.21731772988485182,4.338061299494059
0.05,5.0,4,21,4,1,2,2,1,3.749057617491448,27.64622749685488,-0.35925728824746345,-0.100645911492336,0.27957438616257646,5.192238758685964
0.05,5.0,4,22,4,1,2,2,1,23.45555593523672,27.964537005539434,-0.8859946476886896,0.9616128568008038,-0.8076244873312186,6.2085224243764365
0.05,5.0,4,23,4,1,2,2,1,21.19894218789384,28.1765033626444,-0.5197294287717301,0.39424960784108154,-0.42079864746952195,6.091650601586648
0.05,5.0,4,24,4,1,2,2,1,5.817496109979808,27.842193619189054,-0.1665666275165326,0.14370615500406042,0.07703444678947645,5.2984517770792285
0.05,5.0,4,25,4,1,2,2,1,4.111457369689515,28.229143344564587,0.09394454147131173,1.050998294805984,-0.2769942178581253,4.78958250387469
0.05,5.0,4,26,4,1,2,2,1,19.54222917368679,27.879770907197088,-0.06875386147363342,-0.36584014975840634,0.09305933820121948,6.005929990481904
0.05,5.0,4,27,4,1,2,2,1,14.996500854928742,27.454099804288607,-0.5113876941969131,0.7937816974436465,-0.5063932173184806,5.771083323502097
0.05,5.0,4,28,4,1,2,2,1,13.2306909985413,28.003999867324158,-0.5177371953689136,0.5759308800622521,0.21878271924563483,4.324379040770571
0.05,5.0,4,29,4,1,2,2,1,19.9984682251199,27.35523695014476,-1.1018946037900295,1.0893898153844883,-0.7901095435852348,6.029529513936559
0.05,5.0,4,30,4,1,2,2,1,13.268372996503498,27.13175042462222,-0.7689929088464985,0.4758553260780746,-0.26403834661674863,5.681939342075127
0.05,5.0,4,31,4,1,2,2,1,19.40622029747382,26.67585287941504,-1.395885186291367,0.9868626848021157,-0.6922565370128901,5.998895781245037
0.05,5.0,4,32,4,1,2,2,1,1.0402526671721033,28.587220192617266,0.15031319938702542,-0.0218588324012132,0.2574782180325782,5.0533053295048855
0.05,5.0,4,33,4,1,2,2,1,3.468678881605511,27.939063384995077,-0.20152045881023845,-0.015503897377640966,0.22297428661542906,5.177849734384008
0.05,5.0,4,34,4,1,2,2,1,12.36459376579045,27.321449914853076,-0.7125073453008504,0.77279311737527,0.1024928197509396,4.368472736612398
0.05,5.0,4,35,4,1,2,2,1,0.6646233618315047,27.0519697555975,-0.6606160683422091,0.3119649228377023,0.11211389930527982,5.034053958135551
0.05,5.0,4,36,4,1,2,2,1,4.708320826257564,27.46280854330394,-1.085009944697392,0.9964273439796791,-0.4080929762471679,5.241482994245358
0.05,5.0,4,37,4,1,2,2,1,11.524759844308036,27.602921119918825,-0.5624586467844694,0.5316293111793671,-0.27652614652140606,5.592072708463087
0.05,5.0,4,38,4,1,2,2,1,9.442253431925463,27.838469143664682,-0.9222773626712915,1.0644723355657348,-0.15660306950920647,4.517388971917705
0.05,5.0,4,39,4,1,2,2,1,11.465040264309355,28.598644129612033,-0.18123731802854276,0.25814213311869894,-0.14144745426982788,5.588996087378661
0.05,5.0,4,40,4,1,2,2,1,18.934924300228765,28.244156811596273,-0.7473403264048846,0.8008238117599888,-0.62225774645747,5.97452455167503
0.05,5.0,4,41,4,1,2,2,1,8.109447395436394,27.91438818299493,-0.15379465885675334,1.0517427101331005,-0.5304279894330977,5.416267294417625
0.05,5.0,4,42,4,1,2,2,1,13.20577339643476,28.199792180180843,-0.2376859782164562,0.27301955001429684,-0.17466620094601623,5.678711606267694
0.05,5.0,4,43,4,1,2,2,1,6.071290631346632,27.495575429510794,-0.518689504071037,0.8400807662513526,-0.34347322391543567,5.311491350885263
0.05,5.0,4,44,4,1,2,2,1,7.871704588807907,28.128630655686504,-0.5253692630019392,0.912258786951838,-0.1076454642817322,4.59750855546142
0.05,5.0,4,45,4,1,2,2,1,7.631065960931166,28.157880248978532,-0.7091064143522811,0.9165195724300239,-0.11643394681485944,4.60978985876831
0.05,5.0,4,46,4,1,2,2,1,7.10046479641899,27.169589930432757,-0.3497502153076189,0.5488976244626297,-0.1767568647047218,5.364385295988801
0.05,5.0,4,47,4,1,2,2,1,17.900197733169172,27.415902010273218,-0.8302019147909058,1.0766030030299416,-0.7393317050440261,5.921037367499628
0.05,5.0,4,48,4,1,2,2,1,0.2599595613828893,28.02889977638422,-0.5086672757132961,1.1448751873118315,-0.4103730737293809,4.986683201372761
0.05,5.0,4,49,4,1,2,2,1,11.38445434834505,27.826299753000697,-0.6664075101148341,0.32102740815812975,-0.1520113731815948,5.5848446207711815
0.05,5.0,4,50,4,1,2,2,1,9.508584908813363,27.5121705061567,-1.2126164205192853,1.0523679569195798,-0.5472399993171719,5.488253379714347
0.05,5.0,4,51,4,1,2,2,1,4.688738081417374,27.497296090382772,-0.5523079737778968,0.8905371402854048,-0.3444280339268794,5.240477474208535
0.05,5.0,4,52,4,1,2,2,1,2.872098165508357,27.572818811370976,-0.603634811310769,0.9083270619003115,-0.3186018739958077,5.147239787623281
0.05,5.0,4,53,4,1,2,2,1,12.979001588518996,26.580851054767045,-0.3161939372042692,0.45625177892273494,-0.22709748684628306,5.6670197134262095
0.05,5.0,4,54,4,1,2,2,1,4.957587068676483,27.59549142425954,-0.530550307134328,0.6174882044276335,-0.18686852997937367,5.254282969049511
0.05,5.0,4,55,4,1,2,2,1,18.439326433002467,27.99030373715874,-0.5246236023125769,0.2671744114797404,-0.27705695874567254,5.948902690179457
0.05,5.0,4,56,4,1,2,2,1,11.471799794854576,29.00848644249649,-0.12869576428355933,0.31262098664317634,-0.18898594238332952,5.589344318989032
0.05,5.0,4,57,4,1,2,2,1,11.451590109783705,27.305087464984403,-1.1535946544624611,0.7312203807817926,-0.3867107857630317,5.58830317744251
0.05,5.0,4,58,4,1,2,2,1,23.10121039193077,28.310247381898506,-0.35659736997324876,0.47815840323088155,0.48308039352011994,3.8231770738215785
0.05,5.0,4,59,4,1,2,2,1,4.633165243037341,28.391864126815637,0.930716487347198,0.1961964143219789,0.05154118277198072,5.2376240142646076
0.05,5.0,4,60,4,1,2,2,1,3.8160755557566164,27.427998882407657,0.20620528654058767,0.11705384241657787,0.3166985329594505,4.8046855809143425
0.05,5.0,4,61,4,1,2,2,1,16.0617524778147,26.17083228370844,-1.061969467711541,0.7421267271428231,-0.4543464030551464,5.826070864779003
0.05,5.0,4,62,4,1,2,2,1,7.950358091350827,27.263920935854504,-0.6634711527645417,0.6636142118311267,-0.2684794265904738,5.408085208401731
0.05,5.0,4,63,4,1,2,2,1,4.6394586671447735,28.089634392258805,-0.032574594468173165,0.5471523861772818,-0.15377626444650744,5.237947154457512
0.05,5.0,4,64,4,1,2,2,1,2.7001022107243995,28.328123690737524,-0.7526512065952731,0.22267569274651738,0.07944886297808601,5.1384165054894515
0.05,5.0,4,65,4,1,2,2,1,1.8657671863435945,29.28879650901115,0.12953938739732532,0.21691151788271723,0.06826580438902524,5.095626159852854
0.05,5.0,4,66,4,1,2,2,1,10.002142031039922,28.299982724042504,-0.4744713169009573,0.761102029163345,-0.40746771984233243,5.513658783159547
0.05,5.0,4,67,4,1,2,2,1,17.192496780473906,27.764985964793972,-0.6317553493478917,1.1943300578394913,-0.8071753344159138,5.884470369424851
0.05,5.0,4,68,4,1,2,2,1,12.013760700570982,27.928783152982138,0.07137332670607568,0.49699325082541607,-0.2770173174386415,5.61726832690706
0.05,5.0,4,69,4,1,2,2,1,1.557300508280743,27.81748859937447,-0.38491544628048385,1.0558191358169806,-0.3210746795861002,4.920250306289967
0.05,5.0,4,70,4,1,2,2,1,10.178555061576667,27.523977680361995,-0.8319910035647461,1.3201805975434637,-0.7242992581886586,5.52274096751858
0.05,5.0,4,71,4,1,2,2,1,7.331224308524059,27.533642583827714,-0.7713115604726113,0.6868061230599488,0.03883432892430051,4.625094682751502
0.05,5.0,4,72,4,1,2,2,1,1.5278655309477196,27.020418736466183,-0.3222857741929733,0.6274496809024617,-0.09922815839335519,5.078301231714228
0.05,5.0,4,73,4,1,2,2,1,24.327712582020755,27.81335911865249,-0.5022320081115081,0.32533157005271457,-0.4338001039339504,6.25372659927258
0.05,5.0,4,74,4,1,2,2,1,12.59326699173111,27.874073295086877,-0.2682906896884146,0.6987202486765833,0.1339755200192973,4.35682899124804
0.05,5.0,4,75,4,1,2,2,1,9.051371468940927,27.992079481978013,-0.13876617805735603,0.4827771810985364,-0.20642566807284587,5.464724192255006
0.05,5.0,4,76,4,1,2,2,1,1.7806592967585395,27.283349572495705,-0.5609468439816885,0.48052878004393096,-0.02356941977368635,5.091262230350431
0.05,5.0,4,77,4,1,2,2,1,15.404501963394544,26.783738158374803,-0.8516640872285683,0.7441727510976202,-0.4622196350203836,5.792140677681329
0.05,5.0,4,78,4,1,2,2,1,2.826627603308312,27.44791486370795,-0.9703168619414908,0.589603577937489,-0.11864966370799962,5.1449071049559665
0.05,5.0,4,79,4,1,2,2,1,15.812819554989494,28.409834449693502,-0.6634794791416844,1.0647309401803124,-0.03835105617230259,4.1930313597030695
0.05,5.0,4,80,4,1,2,2,1,5.869379004918861,28.007831318254794,-0.32018503825376665,0.017411514906131385,0.14819397821080169,5.3011173094596975
0.05,5.0,4,81,4,1,2,2,1,10.60458539273308,27.732607564884514,-0.9269146648289631,0.7569084727337667,-0.3986232047399543,5.54467729898749
0.05,5.0,4,82,4,1,2,2,1,9.620434399152826,28.11647302990551,-0.6048809316561711,0.5545605208326947,-0.26685485800362574,5.494010194281496
0.05,5.0,4,83,4,1,2,2,1,4.478414877274086,27.33707366885231,-0.7029917629803502,1.0684021249577995,-0.4426523449614679,5.229678562366677
0.05,5.0,4,84,4,1,2,2,1,10.91982524731605,28.436473585368525,-0.7941253536640767,1.0229869942660346,-0.5911457481153329,5.560911956580288
0.05,5.0,4,85,4,1,2,2,1,6.964950057319163,27.743328271243243,-0.7391448970031891,0.30870862630096085,-0.04596758486006458,5.35741905822393
0.05,5.0,4,86,4,1,2,2,1,1.4924489370932958,27.114575998290178,-0.40594455294542625,0.8204915825930722,-0.21967702341263726,5.07648551387126
0.05,5.0,4,87,4,1,2,2,1,0.05664754005589437,26.753013405022553,-0.4955706736379019,0.019345559605632914,0.31607293805230113,5.002902075022289
0.05,5.0,4,88,4,1,2,2,1,14.82443007968329,28.694737769772058,-0.969748249664452,1.2518340116021451,-0.8224302590653157,5.7622038315669
0.05,5.0,4,89,4,1,2,2,1,17.83443464968096,27.343583834298798,-0.4764416202967003,0.16812031962835428,-0.1811857746701491,5.917638848472585
0.05,5.0,4,90,4,1,2,2,1,5.267514909369983,26.580013621425522,-0.29713782881541234,0.7114769209317245,-0.21653871460838892,5.270200125431295
0.05,5.0,4,91,4,1,2,2,1,30.965745648182498,27.026018653393365,-0.32691224086818305,0.4010149685080077,-0.5964673471685855,6.598409173573135
0.05,5.0,4,92,4,1,2,2,1,22.913813321341966,27.854319520554608,-0.665707041428853,0.5588782267430978,-0.5474038167199454,6.180453404322595
0.05,5.0,4,93,4,1,2,2,1,11.836152501095398,27.703643139577217,-0.4239455812246011,0.5515832066086883,-0.2988907498777795,5.6081164239807535
0.05,5.0,4,94,4,1,2,2,1,3.466272913870716,27.51750249303027,-0.12663015212533624,0.49425544827847184,-0.07649666971122722,5.177726268744204
0.05,5.0,4,95,4,1,2,2,1,3.8428302150487217,28.10610770014507,-0.7205013983974426,1.112409699561505,-0.3159113341220787,4.80331750697796
0.05,5.0,4,96,4,1,2,2,1,19.891260267641815,28.008846912514937,-0.05397696035940798,-0.3006574778080385,0.04072746102911712,6.0239835789084335
0.05,5.0,4,97,4,1,2,2,1,7.3958671676614625,26.473840843792402,0.7345735774242464,-0.2885774358190244,0.6789013348506426,4.621794926565369
0.05,5.0,4,98,4,1,2,2,1,17.740745527543055,27.808373655065136,-0.5793424962386651,0.29587853713399526,-0.2733859283926812,5.912797349836386
0.05,5.0,4,99,4,1,2,2,1,12.27805148413669,26.238087806894224,-0.42196408335429,1.3085903790763262,-0.18944034515223795,4.37287969670394
0.05,5.0,4,100,4,1,2,2,1,4.169981179641953,29.031496534025752,-0.40377363873411826,0.6241468494095921,-0.22274003076322813,5.21384423328443
0.05,5.0,4,101,4,1,2,2,1,13.350720228168619,26.286449000740145,-0.17414201559737164,0.2211388769250058,0.4988206500449288,4.318269727575112
0.05,5.0,4,102,4,1,2,2,1,18.590137342284805,27.5499899491063,-0.5927490175944226,0.9033963200708617,-0.6536835513924907,5.9566987915762075
0.05,5.0,4,103,4,1,2,2,1,2.538719821651806,29.13656492166883,-0.47718781362044743,0.0706164227155921,0.14911263964073015,5.130138365738883
0.05,5.0,4,104,4,1,2,2,1,7.889256540026863,27.78977474475186,-0.3965466054751112,-0.13292257898852353,0.2047461013341541,5.404942877133282
0.05,5.0,4,105,4,1,2,2,1,10.980836709746441,26.42452310013906,-0.894279810100378,0.41303219010077424,-0.1520380172408318,5.56405429758028
0.05,5.0,4,106,4,1,2,2,1,16.623015813113103,27.219494771568563,0.12030126121408549,0.22956582172014872,-0.18857375830881346,5.855054382146772
0.05,5.0,4,107,4,1,2,2,1,10.254603300949006,27.0253940791116,-0.5769668123829746,0.7375940873976422,-0.35531975269216487,5.5266563623572775
0.05,5.0,4,108,4,1,2,2,1,7.047191771276387,26.745194386098035,-0.6446079671167763,1.337150294862647,-0.6408528445090602,5.361646700853787
0.05,5.0,4,109,4,1,2,2,1,1.932103285714807,27.86372446690897,-0.5102895880833294,0.500396960403176,-0.05880399093895972,5.099027686523905
0.05,5.0,4,110,4,1,2,2,1,13.423630609546459,28.017056851675193,-0.471379342034518,0.5738969939475917,-0.3574461434826547,5.689945099149632
0.05,5.0,4,111,4,1,2,2,1,10.062073018014647,27.94081994234522,-0.5448840675741402,0.5087084280253816,-0.24237547007631122,5.51674409269733
0.05,5.0,4,112,4,1,2,2,1,10.02389188312902,28.4142065820524,-0.7065215198500839,1.0810828654842672,-0.6063529482909191,5.5147784777357
0.05,5.0,4,113,4,1,2,2,1,4.362842302404394,27.623587871653257,-0.16975538108557628,0.3747557598388201,-0.026169705043125678,5.223745033385833
0.05,5.0,4,114,4,1,2,2,1,4.301621724431323,28.00348400141989,-1.0708537124831403,1.025266882917223,-0.43519571668028834,5.220602086993791
0.05,5.0,4,115,4,1,2,2,1,1.5082190762420835,28.581245465892053,-0.17994440060970318,0.022940274361749075,0.21985063312925016,5.077294004544292
0.05,5.0,4,116,4,1,2,2,1,33.67580797846721,28.03341202739704,-0.5628717762127953,0.7045571906702364,-0.8736094159532726,6.7394514912131305
0.05,5.0,4,117,4,1,2,2,1,0.31170253966922246,28.456618255520436,-0.04556916255246122,0.6722423611844321,-0.14921316434992365,5.015969633288195
0.05,5.0,4,118,4,1,2,2,1,11.426460133159045,27.253529022453776,-0.3547443974740759,0.6165956095589615,-0.3145058590563961,5.58700857174986
0.05,5.0,4,119,4,1,2,2,1,4.244465244586911,27.370811740188977,-0.467305919284663,0.3351290248617073,0.19346866395200257,4.782782429660016
0.05,5.0,4,120,4,1,2,2,1,6.021714567184423,28.450719568845827,-0.15487026799777867,0.7232815347472624,-0.3036139618799091,5.308944081739037
0.05,5.0,4,121,4,1,2,2,1,8.306850506378128,28.01326022252325,-0.12914182081825198,0.8350443055139387,-0.40625315274701246,5.426420772144783
0.05,5.0,4,122,4,1,2,2,1,12.643187036455974,27.334320113619214,-0.4305222064868292,-0.22224569294140828,0.17240561061581544,5.649708174690706
0.05,5.0,4,123,4,1,2,2,1,18.37670990946534,28.015159692173018,-0.5956166275332415,0.1363106209794009,-0.19618176634232948,5.945665925990362
0.05,5.0,4,124,4,1,2,2,1,4.1702889522159206,28.422448041680113,-0.7826405224455598,1.0136597469170046,-0.4395401215662116,5.213860032485186
0.05,5.0,4,125,4,1,2,2,1,7.894936807077864,28.874770629946802,-0.1911508209357493,0.4129916934808923,-0.1686571687047995,5.405234998021511
0.05,5.0,4,126,4,1,2,2,1,10.126963170206619,28.219922970788446,-0.7317920212398004,0.6808986678678077,-0.35849808888645934,5.5200848069419886
0.05,5.0,4,127,4,1,2,2,1,12.078781402641932,28.232374820977185,0.024517284146138265,0.3762979670328105,-0.21479835426265267,5.620618951358488
0.05,5.0,4,128,4,1,2,2,1,26.48189000743767,27.892576955804525,-0.4118396325230882,0.8239501981574393,-0.7867855596407408,6.365460810688077
0.05,5.0,4,129,4,1,2,2,1,0.5931620373512199,26.881220465443462,-0.4896742832529151,0.478842831776069,0.016881635635795582,5.030391894407415
0.05,5.0,4,130,4,1,2,2,1,2.8498328273382008,28.560451600250868,-0.1797395256765646,0.8663662858072084,-0.20297109068755215,4.854105450100193
0.05,5.0,4,131,4,1,2,2,1,12.531705803355308,28.51117538170576,-0.6287468780002371,1.3681301641114267,-0.8372147635321365,5.643961845074022
0.05,5.0,4,132,4,1,2,2,1,3.1302157698352957,27.714690517257633,-0.5696189204091807,0.8150395477101005,-0.2721207448062859,5.16048244456438
0.05,5.0,4,133,4,1,2,2,1,13.944490566119134,28.479344615532355,-0.6196663812554734,0.5855682044259448,0.21213867553176308,4.288052943127731
0.05,5.0,4,134,4,1,2,2,1,7.276043159381991,27.62184484247903,-0.758228872129013,0.8930440621260219,-0.40600451397434323,5.373411719674697
0.05,5.0,4,135,4,1,2,2,1,6.603487631991257,27.952943405459614,-0.9737925075734873,0.826077015382812,-0.07642964926619478,4.662249874760089
0.05,5.0,4,136,4,1,2,2,1,9.857811601132987,27.722248086780297,-0.1106098282110323,0.3310297815592926,-0.12163124336394145,5.50622887276252
0.05,5.0,4,137,4,1,2,2,1,0.2430523419577474,28.472170780658733,0.1956463823932002,0.6073334792621772,-0.0980283661569622,4.987549246405684
0.05,5.0,4,138,4,1,2,2,1,4.430768928824283,27.504985103837566,-0.40271950582026717,0.5182730078648187,-0.1116476839879947,5.2272323652392965
0.05,5.0,4,139,4,1,2,2,1,10.590253311741884,27.11908421843692,-0.4338670636924045,0.59034164396036,-0.2758231776967676,5.543939265018774
0.05,5.0,4,140,4,1,2,2,1,24.01713610608929,27.502631589429306,0.2897955945902087,0.15121879246179065,-0.3098817807692824,6.237627109817105
0.05,5.0,4,141,4,1,2,2,1,23.26673432241659,28.2819297873724,-0.5010317276362722,0.7202424564195269,-0.6677863457346616,6.198738268920179
0.05,5.0,4,142,4,1,2,2,1,0.5404733437580149,27.484407106829348,-0.506403367763467,1.1541494536307686,-0.39148016432846927,4.972315378018106
0.05,5.0,4,143,4,1,2,2,1,12.721333542258849,27.808654227813506,-0.33091581185383284,0.05803566160935007,-0.01861311497315288,5.6537364433233535
0.05,5.0,4,144,4,1,2,2,1,18.333480308339333,27.8788769398011,-0.39811392762901626,0.6027454456605342,-0.4763018334889591,5.943431365462878
0.05,5.0,4,145,4,1,2,2,1,9.646579633948495,27.42853066109302,-0.3388064569343566,-0.08955210021050336,0.5715744120520333,4.506970038895013
0.05,5.0,4,146,4,1,2,2,1,11.662604960229368,27.975282516106592,-0.9774773000480876,0.60283345363353,-0.3356496832271478,5.599174527170005
0.05,5.0,4,147,4,1,2,2,1,3.658480141878421,27.438440263567514,-0.3714370468902447,1.0834174387383375,-0.43755505558553864,5.1875901114167915
0.05,5.0,4,148,4,1,2,2,1,2.3612924359393843,27.143508882409893,-0.03172753427250252,0.62165668639664,-0.015689064659224258,4.879101417816588
0.05,5.0,4,149,4,1,2,2,1,1.9170676193506966,27.467368272771235,-0.3494303252152819,0.5935521874487898,-0.01908800574596076,4.901835169858743
0.05,5.0,4,150,4,1,2,2,1,25.02819044520503,26.85604322277455,-0.6971652909494699,1.3079115874277794,-1.013253334279581,6.290046535779652
0.05,5.0,4,151,4,1,2,2,1,21.488548862949283,27.18393085177995,-0.8634991878960755,0.747346917899476,-0.608807089805951,6.106642365571169
0.05,5.0,4,152,4,1,2,2,1,7.526808015337137,27.62559944674997,0.008192427932660477,0.4648431588169458,-0.15001820972925042,5.386304796193409
0.05,5.0,4,153,4,1,2,2,1,11.269789832888733,28.102607655525077,-0.4759968231273522,0.7316024177362559,-0.4101352810700344,5.5789378413045
0.05,5.0,4,154,4,1,2,2,1,5.147430552248821,27.601526235897104,-0.9137558454450264,1.552825496302853,-0.7591394358507023,5.264032592984839
0.05,5.0,4,155,4,1,2,2,1,0.942026419375056,27.800783953684856,-0.9388170805692259,1.1992929857054664,-0.46155695599696966,5.048270797007185
0.05,5.0,4,156,4,1,2,2,1,2.1494098669532473,28.087695469067157,-0.17567443715955172,0.2306692780107446,0.18787444969864095,4.889944154612219
0.05,5.0,4,157,4,1,2,2,1,14.509775019451148,27.70946648110642,-0.9874810699027065,0.5535467849586047,-0.35797237315524477,5.745968388108177
0.05,5.0,4,158,4,1,2,2,1,5.236244717856632,27.105694937183962,-0.5696465372406195,0.9100346621203013,-0.1285064838425713,4.732091267247898
0.05,5.0,4,159,4,1,2,2,1,1.851998691918458,28.40552495905751,-0.19257756136134666,0.48021888442442456,-0.06316327275296635,5.094920164380558
0.05,5.0,4,160,4,1,2,2,1,15.586813019438562,28.30982405371215,-0.05795354711367182,1.031262800858435,-0.692394862282317,5.801551292688776
0.05,5.0,4,161,4,1,2,2,1,1.8225479355343712,29.108312613608692,0.26128665366428766,0.41833662399072313,0.030445347967183126,4.906672966844098
0.05,5.0,4,162,4,1,2,2,1,2.8993503583906763,27.56157779221792,-0.6194677234184643,0.8559128933002882,-0.16152006412890862,4.851572238574656
0.05,5.0,4,163,4,1,2,2,1,9.126479316203039,27.522942509485414,-0.8823846602409964,0.7176260032577683,0.059233311591316666,4.53349286262341
0.05,5.0,4,164,4,1,2,2,1,9.584113204548142,28.415274923737847,-0.12945322111494745,0.3194238337987643,-0.13215889378500262,5.492140733507219
0.05,5.0,4,165,4,1,2,2,1,17.76888345426606,27.535548657808953,-0.7236272357702677,0.33543170302174286,-0.2889649288657758,5.914251387960203
0.05,5.0,4,166,4,1,2,2,1,6.734737004659069,27.80382444739269,-0.056839124773102,-0.051910340023973114,0.17918880363968887,5.34558583775031
0.05,5.0,4,167,4,1,2,2,1,5.071816828795001,28.45027628550883,0.0695772462375383,0.03557491842510676,0.13915584322510538,5.260149257631377
0.05,5.0,4,168,4,1,2,2,1,3.413559319683742,28.222877420399453,-0.5532441695641478,0.3019807573888148,0.01874594046722737,5.175021232419135
0.05,5.0,4,169,4,1,2,2,1,17.543628048172916,26.72510827191374,-0.8599215564338218,0.6868005296390601,-0.4713855214964893,5.90261178842975
0.05,5.0,4,170,4,1,2,2,1,17.613293677526737,27.390289501109024,-0.4661511396053958,0.9269464619131867,0.11957515116048001,4.1015427355067615
0.05,5.0,4,171,4,1,2,2,1,2.8935993312474872,28.97412186285144,-1.1158743389435126,1.2850428715489959,-0.5953174402148322,5.148342835697795
0.05,5.0,4,172,4,1,2,2,1,9.728629375200928,27.61925814611147,-0.5038298677830362,0.3774983451579989,0.2779746117975759,4.502786478346805
0.05,5.0,4,173,4,1,2,2,1,12.175991859607585,27.6208320535996,-0.09361296298951861,0.6339018550810781,0.17332194848996318,4.3780770797404
0.05,5.0,4,174,4,1,2,2,1,16.579933981110635,27.753176034413507,-0.7424130736266695,0.4147410624637334,-0.3192605901508223,5.852829364408869
0.05,5.0,4,175,4,1,2,2,1,14.86722135882074,28.311207095731586,0.0034783330831300624,0.8010744429468842,-0.5371324447984824,5.764411951070464
0.05,5.0,4,176,4,1,2,2,1,3.7474029634392925,28.18899995506938,-0.4647179619421289,0.958445684659057,-0.38894141722917597,5.1921538361392825
0.05,5.0,4,177,4,1,2,2,1,2.916292658338802,27.92388387009192,-1.1499017036039059,0.4602788446892137,-0.05749623598676713,5.14950705632345
0.05,5.0,4,178,4,1,2,2,1,11.915345947891868,27.34865915563186,-0.6700394436934671,0.4072708855798767,-0.20015705392192126,5.612197053924032
0.05,5.0,4,179,4,1,2,2,1,21.899250493221718,27.458006310945624,-0.5522784837130785,0.4709606867221536,-0.45843624840659436,6.127906357134638
0.05,5.0,4,180,4,1,2,2,1,5.755425109035047,28.295137061168568,-0.3719929115631296,0.9766164685508432,-0.19836019129603502,4.705565049392891
0.05,5.0,4,181,4,1,2,2,1,22.892315708414966,28.19359795763222,-1.1205052785008383,1.2234285696512235,-0.9615686868719893,6.179339713050061
0.05,5.0,4,182,4,1,2,2,1,0.3600769506683802,28.25816705196911,-0.007196749135521005,0.4217121744541723,0.0256694472267282,4.9815549960627035
0.05,5.0,4,183,4,1,2,2,1,16.710881521131423,27.619188293955478,-0.17547555691568337,0.7741005204770454,-0.5369793226386186,5.859592466884733
0.05,5.0,4,184,4,1,2,2,1,11.652948544865799,27.889581204397224,-0.8392267671626827,1.1394800100646307,-0.6590495474067971,5.598677010407153
0.05,5.0,4,185,4,1,2,2,1,20.259014167307576,28.692250904237195,-0.4263575308887446,0.6136857246468796,-0.5520354319993189,6.043008928541168
0.05,5.0,4,186,4,1,2,2,1,1.8409847577054248,28.036905286376683,-0.37518633576791954,1.110681008448229,-0.4352104262497331,5.094355415582573
0.05,5.0,4,187,4,1,2,2,1,6.455370676969769,27.618248443940818,-0.45348716578706166,0.6347488588520513,0.04885317719615865,4.669813723121317
0.05,5.0,4,188,4,1,2,2,1,14.91861124748828,28.05153835292035,-0.30418507064197187,0.8308979062801515,-0.5475637467762677,5.767063837738133
0.05,5.0,4,189,4,1,2,2,1,4.8126807623976315e-05,27.698972571679473,-0.6272718331563261,1.034423306138866,-0.33763852004212774,4.999997534479442
0.05,5.0,4,190,4,1,2,2,1,8.06670217493713,26.82223548228454,-0.9910983184940427,0.6325889515939372,0.11229500925471927,4.5875576592715
0.05,5.0,4,191,4,1,2,2,1,8.737105127551873,28.084275723794686,-0.25718351095984965,0.5527597169590625,-0.2456008246385174,5.448554413587791
0.05,5.0,4,192,4,1,2,2,1,2.337478343713475,26.895555442310606,-0.2042856539868841,0.47400033735174024,-0.0184456276583583,5.119816559720462
0.05,5.0,4,193,4,1,2,2,1,13.302124543748024,27.239429930205624,-0.3435829225958895,0.47806227340602586,-0.26981204288381744,5.683679666904017
0.05,5.0,4,194,4,1,2,2,1,2.130308020564565,28.604234562618394,-0.09206048857271426,0.5117512256966595,-0.09529648260551113,5.109191718013995
0.05,5.0,4,195,4,1,2,2,1,22.611896945202904,28.543680768059783,-0.23174396926038832,-0.19477750522537415,-0.10183795245389438,6.164813591957179
0.05,5.0,4,196,4,1,2,2,1,2.744480187257999,27.787303346649498,-0.36557970957301555,0.7334106962016267,-0.2164310349913421,5.140692996339666
0.05,5.0,4,197,4,1,2,2,1,1.6056962816775127,28.60319862136167,-0.4485200540060394,0.8244085545729753,-0.205690257480036,4.917772919002849
0.05,5.0,4,198,4,1,2,2,1,0.5421655537501943,26.391946709242607,-0.6658818218605465,0.7290618345995655,-0.1186665123630995,5.027778637581943
0.05,5.0,4,199,4,1,2,2,1,7.596713414709493,28.78014406472248,-0.49957239221999955,0.3805189445911795,0.19018433780839863,4.6115432029692105
0.05,10.0,1,0,1,1,1,1,1,11.136694254762332,9.992994662241095,11.173802953437662,-0.3727131428081326,-0.04410357421865506,0.6215897974519862
0.05,10.0,1,1,1,1,1,1,1,8.009244705256487,7.2841778365377925,10.842911952155653,-0.0745332518273671,0.023178239383007237,-0.015476905048550385
0.05,10.0,1,2,1,1,1,1,1,5.7802802876786386,4.1228434910186165,10.60768389660125,-0.3316829182220557,0.1527348150316357,0.10838949118485434
0.05,10.0,1,3,1,1,1,1,1,7.088553782186102,4.961995554852794,10.745688611063024,-0.10131598142369062,0.4549969146192265,-0.8838105693565228
0.05,10.0,1,4,1,1,1,1,1,0.7954358024253974,0.4738468843482337,9.916637161693883,0.1434121678623551,-0.4445099680585534,0.7918738889348462
0.05,10.0,1,5,1,1,1,1,1,11.89038742476185,10.70130984019915,11.253692936071252,-0.0927220298293821,0.155554007738948,-0.24314276981475488
0.05,10.0,1,6,1,1,1,1,1,3.7284664883937446,3.649328198285917,10.391592263175669,-0.11033565623585292,-0.19563810651558353,0.5745225655258687
0.05,10.0,1,7,1,1,1,1,1,10.06392571204624,9.417556526136234,11.06019054252697,-0.15409798116622336,-0.05279014636043561,0.3389386735162493
0.05,10.0,1,8,1,1,1,1,1,0.8358110391682622,0.7887710093510364,10.087662342313239,-0.12697873209473692,-0.21035197064621622,0.6667102845828698
0.05,10.0,1,9,1,1,1,1,1,4.44777268015678,1.3521459902574189,10.467299599045333,-0.6279090326040442,0.40532396766689277,-0.12086662277990612
0.05,10.0,1,10,1,1,1,1,1,3.9681512926360276,3.8020466295909143,10.416813442757324,0.12256642489764974,-0.01493703651907055,-0.18930319957952219
0.05,10.0,1,11,1,1,1,1,1,3.144944335466808,4.423861062715772,10.330214384757141,0.229567992966004,-0.3941373059203885,0.5789750718637521
0.05,10.0,1,12,1,1,1,1,1,7.338027233067721,6.384075091275312,10.772024142353347,0.107648266452227,0.22794358857526711,-0.5979341749008741
0.05,10.0,1,13,1,1,1,1,1,13.134116204159039,12.244498208018404,11.385651275063907,-0.03292554025469832,0.09483719495372644,-0.2498705997174512
0.05,10.0,1,14,1,1,1,1,1,1.551325042875969,0.4648071040206429,10.162763074351668,-0.14442985021767382,0.10354038948722477,-0.04523790922741912
0.05,10.0,1,15,1,1,1,1,1,6.118431241216301,3.829693250004871,10.643337644587136,-0.33493897438888875,0.35453441632406424,-0.2790589744990156
0.05,10.0,1,16,1,1,1,1,1,5.264750039968418,3.5234236951609184,10.553349850435424,-0.2811342646585766,0.21916026726810917,-0.03979953909659619
0.05,10.0,1,17,1,1,1,1,1,6.3327843220430236,4.04639016893815,10.665944421615107,-0.26713750187258084,0.39294344741407927,-0.5462324695055625
0.05,10.0,1,18,1,1,1,1,1,3.899494350508611,1.9445370135692026,10.409588328061963,-0.20326216110261022,0.338116219199036,-0.4581029850151744
0.05,10.0,1,19,1,1,1,1,1,4.240950490230724,5.774494048026587,10.445526143703145,0.615357193094596,-0.21787575879451937,-0.3319952056193362
0.05,10.0,1,20,1,1,1,1,1,12.538784921290699,11.270366599152448,11.322467723301893,-0.35348225734277755,0.006323816816315562,0.48100188894050455
0.05,10.0,1,21,1,1,1,1,1,11.1148222680234,10.759712566103191,11.17148542293978,-0.296413930964205,-0.24334025081719626,0.9462761019844286
0.05,10.0,1,22,1,1,1,1,1,0.1158221799746768,2.9858296521967516,9.9878577341281,0.7404637171625273,-0.6279909972302778,0.3475097022393335
0.05,10.0,1,23,1,1,1,1,1,2.765505317370365,4.572079556567539,10.290321337534824,0.6738358338330525,-0.26933076586620436,-0.38393439722070244
0.05,10.0,1,24,1,1,1,1,1,2.4493606390153704,1.0177529348998176,10.257093877988451,-0.053810144815045605,0.2757380799660045,-0.5111059905906208
0.05,10.0,1,25,1,1,1,1,1,4.543577117057695,1.9941638513171323,10.477386981274273,-0.5453917363693881,0.30274570510484655,0.20538011225644154
0.05,10.0,1,26,1,1,1,1,1,8.680717447657601,8.094566755788351,10.913872111309024,-0.09647053032359401,-0.03391961613052931,0.17845133050343343
0.05,10.0,1,27,1,1,1,1,1,3.7671452176926024,2.6012764587985133,10.39566189845409,-0.3222748105309114,0.008226628278830186,0.4479857415107029
0.05,10.0,1,28,1,1,1,1,1,11.962920516895124,7.742100798400933,11.261384327758467,-0.42874121201991944,0.899908100976268,-1.3275829650068982
0.05,10.0,1,29,1,1,1,1,1,1.9816562410134337,4.692965627675766,10.207955536990195,0.7912273075323263,-0.4722757427369834,-0.042582295317556106
0.05,10.0,1,30,1,1,1,1,1,9.942289183393253,8.348784179742024,11.047315859473079,-0.487589533412945,0.024721863769268507,0.6580224181895651
0.05,10.0,1,31,1,1,1,1,1,9.351567226134435,6.032622880911131,10.984811801179607,-0.4875202931146248,0.5681225876664193,-0.6276030699946996
0.05,10.0,1,32,1,1,1,1,1,2.195957536191247,3.089644915819614,10.23046791558849,0.29255610038946284,-0.23129180775525957,0.09616003804510811
0.05,10.0,1,33,1,1,1,1,1,1.4237904230535054,3.166566298009469,10.149373221441158,0.18540638338078608,-0.5710696276136127,0.9872583341903161
0.05,10.0,1,34,1,1,1,1,1,8.455296826165574,8.527186257151817,10.89004495872948,0.3051134573217081,0.030636324715899593,-0.472168585251372
0.05,10.0,1,35,1,1,1,1,1,2.986701800902262,2.687297507310396,9.687315865068896,0.23531688788614383,-0.07068959925607561,-0.1318005186285176
0.05,10.0,1,36,1,1,1,1,1,1.9136439823141815,5.049227751920762,10.200811801644539,0.6318439105835482,-0.7167256473440108,0.6507113052308848
0.05,10.0,1,37,1,1,1,1,1,4.3128853117666965,7.09356461280602,10.453098681954122,0.7736352402588937,-0.5114000700336693,0.03612488254607373
0.05,10.0,1,38,1,1,1,1,1,8.513029694263265,6.647316159776969,10.896146884642219,-0.6165804771382031,0.01975663157986232,0.7634597001099525
0.05,10.0,1,39,1,1,1,1,1,3.3641882982414923,1.814492943739424,10.353271595573151,-0.1368561154626037,0.2586575988891204,-0.32181292533579753
0.05,10.0,1,40,1,1,1,1,1,9.096454015656123,7.353691298333233,10.957829251277014,-0.24270411711409665,0.23510811251568142,-0.19889058787441807
0.05,10.0,1,41,1,1,1,1,1,0.054392540541357316,1.2902413479411055,10.005702726918958,0.06395027810989412,0.334537341302818,-0.7503743720658618
0.05,10.0,1,42,1,1,1,1,1,2.551121422751034,3.9286569565999283,10.267788054160139,0.4170837349358719,-0.2977444717510071,0.12657996307143327
0.05,10.0,1,43,1,1,1,1,1,3.9690804258273027,2.3076009744370034,10.416911223349985,-0.3632284893383362,0.1424528348600517,0.2757902438951944
0.05,10.0,1,44,1,1,1,1,1,0.9097345683847788,0.11710143738681315,9.904663675774017,0.40890696686372346,-0.19642016787481234,-0.21306355696630927
0.05,10.0,1,45,1,1,1,1,1,3.989424677994592,4.44451651694234,10.419052243840893,0.13394543928696775,-0.20344111587390487,0.2216911162339313
0.05,10.0,1,46,1,1,1,1,1,7.521592385541339,4.760389243173992,10.791406098727851,-0.5194730061417319,0.3692779630987905,-0.1759538987139072
0.05,10.0,1,47,1,1,1,1,1,8.50595255297314,6.6901009358007775,10.895398866472943,-0.46819429825132924,0.10908225564823146,0.42488743265191875
0.05,10.0,1,48,1,1,1,1,1,8.528794358364893,6.9333262781148575,10.897813148329758,-0.3970482952447089,0.08677948939264421,0.3696652156473229
0.05,10.0,1,49,1,1,1,1,1,10.33586700419785,9.23850728830566,11.088979712446843,-0.03433175140104201,0.1643896845611855,-0.3926896710166664
0.05,10.0,1,50,1,1,1,1,1,6.667205991466382,6.9117663477716995,10.701223473812114,-0.06772624320121637,-0.27106287205625806,0.7188537034975715
0.05,10.0,1,51,1,1,1,1,1,0.760953210732865,0.07241023634762407,10.079808183649071,-0.20961805782802562,-0.061993622723636996,0.4608614757890653
0.05,10.0,1,52,1,1,1,1,1,5.188608389643051,6.3191113476678,10.54532720271204,0.3837551537496171,-0.2454008206137748,0.058730210306632925
0.05,10.0,1,53,1,1,1,1,1,8.209527318752926,6.818070686306043,10.864072744100362,-0.4342372408693132,0.000710317893292835,0.659439312523541
0.05,10.0,1,54,1,1,1,1,1,12.623573694455713,11.583452409498973,11.331464315053017,-0.02755823662222544,0.14940169187428573,-0.34326303730398305
0.05,10.0,1,55,1,1,1,1,1,6.1735717598572775,5.6824204240807985,10.649152605713768,-0.1777224977914574,-0.11105310037320527,0.5202380588439123
0.05,10.0,1,56,1,1,1,1,1,7.3192033218660395,7.011961494645919,10.770036787818556,-0.14871745430136787,-0.14930877801931813,0.5945587221334018
0.05,10.0,1,57,1,1,1,1,1,0.22475778298468793,0.06338241882556042,9.976438648532108,0.14801880733988787,-0.08591645499150254,0.07045776597542226
0.05,10.0,1,58,1,1,1,1,1,1.6239293142840026,0.9594034446978376,10.170386519980303,-0.24450784094559758,0.516081523016618,-0.7555206123014178
0.05,10.0,1,59,1,1,1,1,1,1.522107384241376,1.0187982931450386,10.159695370209024,-0.10415712870186998,0.5971555802264619,-1.1324941655307788
0.05,10.0,1,60,1,1,1,1,1,8.648538826196939,6.3167558748107995,10.910470490252786,-0.6805880971998541,0.12736895470757315,0.6592913363847108
0.05,10.0,1,61,1,1,1,1,1,3.4692231074754387,2.015966098402711,10.36431948938782,-0.2587792927426517,0.1415180774211552,0.048149076474717695
0.05,10.0,1,62,1,1,1,1,1,12.334925943277142,10.207193682465663,11.300840051738561,-0.09756744628046715,0.44752777577749026,-0.9136821387158705
0.05,10.0,1,63,1,1,1,1,1,4.013814708711316,2.632349918156792,10.421619095074655,-0.1411953482548118,0.19699178904844095,-0.2408450425308589
0.05,10.0,1,64,1,1,1,1,1,11.61079725612133,9.082534234306307,11.224050236188262,-0.5942297796336244,0.24744671790877254,0.3185968473557444
0.05,10.0,1,65,1,1,1,1,1,5.6764948745119055,2.2126113507181087,10.596743339776019,-0.8392949700004447,0.38793432612713186,0.3631656472261292
0.05,10.0,1,66,1,1,1,1,1,3.5145401467037045,1.8160555765948594,10.369086420602763,-0.361146437927268,0.14791404548468895,0.14394895960140858
0.05,10.0,1,67,1,1,1,1,1,3.568383598139402,2.9066989969294363,10.374750518762928,0.03440593424830035,0.08929783629225155,-0.21812805230915408
0.05,10.0,1,68,1,1,1,1,1,6.20334679038019,3.4745807028081406,10.652292722198709,-0.462530314837147,0.40218118946520687,-0.28879648355577614
0.05,10.0,1,69,1,1,1,1,1,6.435755577253373,6.325028543705332,10.67680594150252,0.15112140088636106,-0.013990845541747265,-0.1914668869347205
0.05,10.0,1,70,1,1,1,1,1,2.1228504241884516,0.5149397613712893,10.222787487319836,-0.21863126280890258,0.22516672343560334,-0.1148610296471141
0.05,10.0,1,71,1,1,1,1,1,2.942891735008565,4.965345132797596,10.30896940222406,0.3687700993087271,-0.5406554591635252,0.6430496908468019
0.05,10.0,1,72,1,1,1,1,1,0.4406168704349513,2.435380110956934,9.953814897998067,0.48432077645804833,-0.7292197986562133,0.8887104099002955
0.05,10.0,1,73,1,1,1,1,1,12.054833075886988,10.012763858970462,11.271131477285135,-0.49404956760030233,0.14883750601171797,0.2381878467011768
0.05,10.0,1,74,1,1,1,1,1,7.870807706608221,5.729281331703959,10.828287798569377,-0.28056582365432803,0.33567492164644586,-0.40086270922926354
0.05,10.0,1,75,1,1,1,1,1,1.2759324269244703,4.2189007459806875,10.133851655498717,0.6046574614412827,-0.6678655934637823,0.6547354855717461
0.05,10.0,1,76,1,1,1,1,1,9.76191247642768,8.488955635820062,11.028226538620654,-0.31133692567658644,0.035884558670872486,0.2974966480901467
0.05,10.0,1,77,1,1,1,1,1,6.998619915532488,5.567612898439926,10.736196326046487,-0.2342187851837841,0.14241532599048484,-0.038811429162140185
0.05,10.0,1,78,1,1,1,1,1,3.5284409293093257,2.175468916767035,10.370548694962638,-0.276924294128655,0.09535078520943115,0.14735698182475135
0.05,10.0,1,79,1,1,1,1,1,9.089940998790139,8.21014683439521,10.957140475135114,0.07770401315864775,0.1831657545598627,-0.43896479035623137
0.05,10.0,1,80,1,1,1,1,1,6.012472529750083,0.8416689311552336,9.371447856915553,1.2059121854623598,-0.9621463300384794,0.4722092254139907
0.05,10.0,1,81,1,1,1,1,1,7.546973530817126,6.445247575252819,10.794086265575976,-0.050364028173093996,0.15862194632669196,-0.3618601801612916
0.05,10.0,1,82,1,1,1,1,1,1.8989327842088806,1.516397442486195,9.80109366461275,0.766130280434805,-0.7063370974931706,0.5009131020993536
0.05,10.0,1,83,1,1,1,1,1,9.769348053315236,8.864880936380864,11.029013383095169,-0.2930500517432749,-0.06216379442726681,0.5808734948628017
0.05,10.0,1,84,1,1,1,1,1,0.3844530662072211,0.8086806262091344,10.040313905471374,-0.2702801281412124,0.05881966314325107,0.29322556771727487
0.05,10.0,1,85,1,1,1,1,1,15.591427349209233,13.368112198030959,11.64682973732494,-0.16201291399523,0.4346755604671521,-0.7298317598712073
0.05,10.0,1,86,1,1,1,1,1,2.0832576329644814,1.849176391436842,9.78180546494969,0.822202792812887,-0.829023219160617,0.7365468278437914
0.05,10.0,1,87,1,1,1,1,1,6.0527035653162695,3.545812477230932,10.636406591425333,-0.36095641244712356,0.4041027649184915,-0.38460003726243314
0.05,10.0,1,88,1,1,1,1,1,7.22332811584641,8.093370417956594,10.75991521377576,0.14060820090694232,-0.3304445485546083,0.5558143374309716
0.05,10.0,1,89,1,1,1,1,1,4.55351317520288,4.988306864066306,10.478433215355883,-0.027148521908880955,-0.3012679949156596,0.726607809475508
0.05,10.0,1,90,1,1,1,1,1,5.976770628941086,5.475236028743855,10.628399923254376,-0.2132889859677884,-0.13563283325912884,0.5649562181792366
0.05,10.0,1,91,1,1,1,1,1,9.655094650662857,8.99462538652628,11.01692352324601,0.14609314940707074,0.1528731411515538,-0.5474375777341277
0.05,10.0,1,92,1,1,1,1,1,4.328490603438374,3.4768480866839906,10.454741510774214,-0.0221123795215748,0.11123695271592371,-0.17824976381877844
0.05,10.0,1,93,1,1,1,1,1,8.064573214386751,7.631923260660357,10.84875726331291,-0.026353834541618118,-0.03223383436493253,0.11039460594588225
0.05,10.0,1,94,1,1,1,1,1,4.781421411012761,4.133450157126611,10.502433919545421,0.012656355409218393,0.06710656708605947,-0.16022269075401552
0.05,10.0,1,95,1,1,1,1,1,8.315230970231925,5.616204285830606,10.875242456342715,-0.6396545607575962,0.27112441529631814,0.2671452613500575
0.05,10.0,1,96,1,1,1,1,1,6.068661096323716,3.7873536467749664,10.63808929009028,-0.42280116384097133,0.2844795503046287,-0.11880690768089512
0.05,10.0,1,97,1,1,1,1,1,4.4230043868845765,6.56746610773061,10.464691860888053,0.6645729908273991,-0.38018597507300117,-0.06373652667309526
0.05,10.0,1,98,1,1,1,1,1,0.37472111446710754,0.11105199113692457,10.039293226794568,0.17793924736217065,0.062085340075501,-0.38151015824190043
0.05,10.0,1,99,1,1,1,1,1,7.046933093266975,7.2248475915091905,10.741295554780564,0.1360469710731036,-0.11718107771088718,0.04698671733802149
0.05,10.0,1,100,1,1,1,1,1,1.8240250709370787,0.7119974227859275,10.191399297096389,-0.2556697754473632,0.49228869619940674,-0.7002735314011118
0.05,10.0,1,101,1,1,1,1,1,3.0311837056456494,3.06687531056371,9.682665683959438,0.040184366586018774,-0.09434972425162172,0.20371265556240709
0.05,10.0,1,102,1,1,1,1,1,5.743405517631344,4.1433402044125645,10.603796612552475,-0.16661015790046335,0.24641177861394947,-0.32104176139746843
0.05,10.0,1,103,1,1,1,1,1,10.332216649995276,10.300707103808307,11.088593216878513,0.38247708473898495,0.10760615256506648,-0.8174119897578491
0.05,10.0,1,104,1,1,1,1,1,4.386616544945899,6.665936413933229,10.46086086626075,0.3352780148406404,-0.6442244387164834,0.9462001732659033
0.05,10.0,1,105,1,1,1,1,1,2.0609895966242253,2.902136452308691,10.216288980162995,0.4462815124880655,-0.1067167221618661,-0.32114730943132846
0.05,10.0,1,106,1,1,1,1,1,2.231737696936088,1.0832935331830804,10.234227074043305,-0.2422831995404709,0.058283085413985594,0.2185106751723179
0.05,10.0,1,107,1,1,1,1,1,8.920699791454258,8.084309246102581,10.939244076981506,-0.41638498937327806,-0.1698438025405151,0.9339654479385671
0.05,10.0,1,108,1,1,1,1,1,7.995772481006065,8.740790507952429,10.84148869383843,0.3815608742440472,-0.1324018039621393,-0.23892418829243792
0.05,10.0,1,109,1,1,1,1,1,9.61593677525678,9.27446547964373,11.01278028895021,0.09971576246917756,0.018351153220895547,-0.21787072344664377
0.05,10.0,1,110,1,1,1,1,1,8.987920637251198,5.425324037477399,10.946351994444399,-0.7342533031781812,0.4795811542507437,-0.07750809412091016
0.05,10.0,1,111,1,1,1,1,1,7.022365211569474,7.269638197883862,10.738702501047001,-0.18392153013388898,-0.34747628285326554,1.0932802463046993
0.05,10.0,1,112,1,1,1,1,1,4.09106399318479,1.3538506449612866,10.429749344193418,-0.2194955863649123,0.5682884043675762,-1.0460077945611297
0.05,10.0,1,113,1,1,1,1,1,1.969222072603625,0.5639948249256137,10.206649467132857,-0.5928289079872756,0.258625134130759,0.2227976986047491
0.05,10.0,1,114,1,1,1,1,1,4.934648124418469,4.754738737569704,10.51857294593905,-0.043363144470001995,-0.11684481496879924,0.3568757548623507
0.05,10.0,1,115,1,1,1,1,1,1.8912973379464142,3.3035078439154426,10.19846470066201,0.5136416678707099,-0.24480130980688977,-0.14389982242335955
0.05,10.0,1,116,1,1,1,1,1,0.78140322377858,0.6288323652959839,10.081953763957978,-0.508988691807153,-0.034400787320881136,0.8277138603540769
0.05,10.0,1,117,1,1,1,1,1,6.196972398420104,4.90332416024615,10.651620462384411,0.13395419275929907,0.3482964173082892,-0.9941866325872496
0.05,10.0,1,118,1,1,1,1,1,1.6826626945374898,1.1397002365504545,10.176553908584514,-0.16069976580311626,-0.07878696172875357,0.3979759291923289
0.05,10.0,1,119,1,1,1,1,1,3.2451331716919203,4.059936593231481,10.340750337607965,0.09250093342027524,-0.3436005612142093,0.5954608743409731
0.05,10.0,1,120,1,1,1,1,1,3.0522169587169174,5.273740687142528,10.320463982486414,0.36242711712188214,-0.6012126508699761,0.8810476430972731
0.05,10.0,1,121,1,1,1,1,1,2.1441586067515024,1.0440936702190327,9.775433383910737,0.4350508505342123,-0.19731819223848873,-0.20382937583530397
0.05,10.0,1,122,1,1,1,1,1,8.067905053528076,5.546664686216885,10.849109273176415,-0.6033662565654475,0.2335490734874242,0.21544484179468956
0.05,10.0,1,123,1,1,1,1,1,4.16073620074108,1.755799974762676,10.437082642744981,-0.3624518420560585,0.3723357261311079,-0.3262667797730183
0.05,10.0,1,124,1,1,1,1,1,7.101014498221363,6.112754561562873,10.747003871312295,-0.10844134611280444,0.08652129633148643,-0.08913505133332933
0.05,10.0,1,125,1,1,1,1,1,6.060902316163237,7.745808192248214,10.637271134698839,-0.1534468933723969,-0.7790575256988359,2.024965001718802
0.05,10.0,1,126,1,1,1,1,1,4.707299249454531,0.27540149480584786,10.494627644160113,-0.5370730882442079,0.8979887078252726,-1.2560193498702283
0.05,10.0,1,127,1,1,1,1,1,4.067148904466897,6.917957601212398,10.42723229083574,0.667755350835721,-0.6058683859752899,0.35785699781357383
0.05,10.0,1,128,1,1,1,1,1,3.0402284543661726,3.3658693606633756,10.319203438825898,0.2375866116156906,-0.08224702021816548,-0.05754328228185947
0.05,10.0,1,129,1,1,1,1,1,0.07399116561124193,0.162763798582616,9.992242951092905,0.27289451126231606,0.07005441486388558,-0.5417684838039971
0.05,10.0,1,130,1,1,1,1,1,5.344045823867707,4.643074612937979,10.561705451636486,-0.23247970046674982,-0.08380087451573075,0.48597933071389915
0.05,10.0,1,131,1,1,1,1,1,1.0842290667634513,0.8596814832039532,9.886386838900304,-0.018977720466028032,-0.22412493577039036,0.5044969716183613
0.05,10.0,1,132,1,1,1,1,1,2.7076365499305783,3.406153621459805,9.716494113475575,-0.1189094527772947,0.006619263584060088,0.17590998349408365
0.05,10.0,1,133,1,1,1,1,1,5.7057806576789165,6.3359431197981175,10.599830395943153,-0.049151540584993894,-0.3801424386193813,0.9227739732125099
0.05,10.0,1,134,1,1,1,1,1,3.969554480081493,3.433638266044892,10.416961112146728,-0.1257497819705733,-0.06413348154672632,0.26893557276184166
0.05,10.0,1,135,1,1,1,1,1,5.448796541603655,6.4050160073466005,10.57274427299463,0.49450074096280444,-0.11622917103405561,-0.37366677624318695
0.05,10.0,1,136,1,1,1,1,1,1.8151038794606784,3.5259111822678495,10.190462365248978,0.3580321149605196,-0.44263066658282874,0.5133659140427491
0.05,10.0,1,137,1,1,1,1,1,4.1744577553920355,4.770245739117684,10.438526952597996,0.2327389681281414,-0.1762152515955292,0.10710519550297118
0.05,10.0,1,138,1,1,1,1,1,7.374334274779122,5.767907380401566,10.775857397777813,-0.1297855633806041,0.2694034534982918,-0.4444018228321597
0.05,10.0,1,139,1,1,1,1,1,6.106830342993178,5.369120545586371,9.3616122403621,0.6325002990932601,0.058866157798163635,-0.9832834867224363
0.05,10.0,1,140,1,1,1,1,1,5.998668603899379,6.497502900138081,10.630708872607384,0.44227051197537354,-0.012110357779749554,-0.6030448476580819
0.05,10.0,1,141,1,1,1,1,1,2.979981451537138,5.1606258598062045,10.312868923608075,0.7243752471852979,-0.35283276920830187,-0.24855775283629927
0.05,10.0,1,142,1,1,1,1,1,0.5804481304146948,4.560389423102788,10.060871713604158,0.8235839064014575,-0.8471059252242233,0.7703690512966751
0.05,10.0,1,143,1,1,1,1,1,0.5648839237606796,1.7758280959312354,9.940792832582943,0.7442658447194714,-0.37582930527339065,-0.09308022533797299
0.05,10.0,1,144,1,1,1,1,1,0.056028589477099704,2.7856002156737576,9.994126052407616,-0.5725990148757307,0.3363987756368426,0.005485854811793928
0.05,10.0,1,145,1,1,1,1,1,2.068762942989206,2.441981000720303,9.783322101745323,0.03370409819032017,0.00415765798180882,-0.04430673277152681
0.05,10.0,1,146,1,1,1,1,1,10.067427659289303,8.251983703076444,11.060561230100058,-0.45505604179055215,0.11685215291963232,0.4064018082624391
0.05,10.0,1,147,1,1,1,1,1,4.681985547403662,2.800147241185238,10.491961823824228,-0.4882352863780088,0.1210683758432437,0.41510734472532407
0.05,10.0,1,148,1,1,1,1,1,5.300613510156205,3.682912148976235,10.557128798540287,-0.22831616138865624,0.20456362305325254,-0.23329525649123947
0.05,10.0,1,149,1,1,1,1,1,0.15519045882447452,3.1424552061450233,9.983730849645506,-0.5259944540801327,0.45139302127157704,-0.29549087257717566
0.05,10.0,1,150,1,1,1,1,1,3.335680951981807,3.900041123062861,10.35027329344673,0.470913707675353,-0.0037391180022019015,-0.5737027767553461
0.05,10.0,1,151,1,1,1,1,1,12.073000156133421,13.085908625696668,11.273058162157938,0.3424809788799177,-0.2548494518518464,0.004228070881360223
0.05,10.0,1,152,1,1,1,1,1,2.150582171648119,1.3549756118304022,10.22570084397754,0.04991407666746059,0.1472159098279396,-0.3255871646826362
0.05,10.0,1,153,1,1,1,1,1,2.9732934805646827,2.232615890941189,10.312165756635935,-0.0014460740555439235,0.09232049605902651,-0.15816141093710365
0.05,10.0,1,154,1,1,1,1,1,0.7917786122389211,2.6591361518816137,10.083042347918523,0.3606543420013754,-0.49563942619409546,0.5322234371946982
0.05,10.0,1,155,1,1,1,1,1,2.664922427448674,2.7467866836651464,10.279748781791886,0.14852004421213247,-0.06462883054681218,0.02005263507525269
0.05,10.0,1,156,1,1,1,1,1,5.282113172993942,5.2110253603952,10.55517939453192,-0.13397816631591436,-0.21124472726049628,0.7128824204867895
0.05,10.0,1,157,1,1,1,1,1,1.3084674744168099,2.4123739390696914,10.137266872433514,0.467456027741004,-0.17810050544941539,-0.239901270275608
0.05,10.0,1,158,1,1,1,1,1,1.6294593977261678,1.8108049348335225,10.170967200144297,0.137033672109638,-0.10583444016461091,0.07893713892133464
0.05,10.0,1,159,1,1,1,1,1,5.835362701233529,2.2401208284655203,10.61349085813061,-0.7108501068396581,0.513220380286463,-0.14419331639936533
0.05,10.0,1,160,1,1,1,1,1,4.7682636226689725,4.928980968110604,10.501048149065603,0.4244876201580006,0.07938777414499382,-0.8571328864461955
0.05,10.0,1,161,1,1,1,1,1,3.060182727354963,2.9943767103789716,10.321301559414154,0.1355214281450243,-0.03655270124333858,-0.15647372427894826
0.05,10.0,1,162,1,1,1,1,1,9.90768624296972,8.46248433696773,11.043653565536305,-0.29089319957547066,0.11121234149831369,0.2015633987946465
0.05,10.0,1,163,1,1,1,1,1,9.945935842131604,7.250962851449679,11.0477018203036,-0.5034092125654721,0.36273434366115764,-0.08539260841508155
0.05,10.0,1,164,1,1,1,1,1,9.558825742621739,9.461204389964777,11.006737736046931,0.012615751520989038,-0.11841270022557207,0.18993451033713185
0.05,10.0,1,165,1,1,1,1,1,8.900272627486478,9.347969398085171,10.937084203369801,0.21308658415615336,-0.15533518949182618,0.0007305743702226196
0.05,10.0,1,166,1,1,1,1,1,5.2912735873222765,4.603876362549447,10.556144634720313,0.05271310700950603,0.10132913380005282,-0.3538310012739345
0.05,10.0,1,167,1,1,1,1,1,0.14282967926140513,2.058066184662948,9.985026584544833,0.5538324217987839,-0.46382964578348884,0.29507688480293065
0.05,10.0,1,168,1,1,1,1,1,7.597449181129719,5.493528328029898,10.799416523673825,-0.11302186638954748,0.4430838976661949,-0.7874159674495937
0.05,10.0,1,169,1,1,1,1,1,9.868641549424439,8.331837114355684,11.03952131191377,-0.34383553259663713,0.0948039315509088,0.17395491564573226
0.05,10.0,1,170,1,1,1,1,1,5.741836664731638,3.8279090644590865,10.603631229416068,-0.13035214325116432,0.36641296608890905,-0.6941568303582808
0.05,10.0,1,171,1,1,1,1,1,9.40043579515821,7.845903296663688,10.989981230181183,-0.3445262934676663,0.10789441254810271,0.2478986638462876
0.05,10.0,1,172,1,1,1,1,1,5.353640144053653,5.378082556043963,10.562716472718286,0.09858617550380093,-0.08901818239383943,0.0685240856237675
0.05,10.0,1,173,1,1,1,1,1,2.966623459669999,1.9242177854817009,10.311464481382236,-0.11280810492813836,0.10914112867107201,-0.09727110897959293
0.05,10.0,1,174,1,1,1,1,1,4.646217529503224,6.377778018278417,10.488195154934314,0.7815122107598839,-0.17209118612818616,-0.6831411524662849
0.05,10.0,1,175,1,1,1,1,1,5.199599336689722,4.362895828966507,10.546485225401035,-0.028597979653840675,0.0958002452159564,-0.2065505856422171
0.05,10.0,1,176,1,1,1,1,1,7.853224835336471,4.320987469203639,10.826430524179708,-0.4677424769493319,0.6524822725050968,-0.8285423862085908
0.05,10.0,1,177,1,1,1,1,1,2.20505453959894,0.6599936674644236,10.231423658707493,-0.2691776708584327,0.17159251955166263,0.0822876774559549
0.05,10.0,1,178,1,1,1,1,1,6.627643699387767,7.64079603173891,10.697049353462935,0.5279582563321735,-0.11824141700927712,-0.480299569093158
0.05,10.0,1,179,1,1,1,1,1,1.4183950264657947,0.1897843434303412,9.851394237322184,0.46070242355146723,-0.22387958178325165,-0.20827066982064416
0.05,10.0,1,180,1,1,1,1,1,10.218764433664047,8.167456116194298,11.07658168882124,-0.47803531423321577,0.17324363988128808,0.2747755548369869
0.05,10.0,1,181,1,1,1,1,1,0.808422943174146,0.1259236505866582,10.084788690724187,0.03416754175801314,0.0974008645473769,-0.26674376300090813
0.05,10.0,1,182,1,1,1,1,1,11.307275413678399,6.593116909543113,11.191879194150275,-0.8204484958847812,0.7860952647208918,-0.614119587263653
0.05,10.0,1,183,1,1,1,1,1,4.641050650384697,4.829782190988903,10.487651050331257,-0.18476392811859532,-0.32822574117371794,1.0225811078310296
0.05,10.0,1,184,1,1,1,1,1,3.64498104185631,1.189520820203625,10.382808739373807,-0.459104484233694,0.3235475486316201,-0.08694353984769226
0.05,10.0,1,185,1,1,1,1,1,1.8171643683237408,1.9557828299950615,9.809651195238873,0.014001384887191572,-0.08225572497476807,0.19583589073595473
0.05,10.0,1,186,1,1,1,1,1,0.026179401300565334,0.8235221920045979,9.9972553544522,0.30579320377354435,-0.20613299325585835,0.011906981858572382
0.05,10.0,1,187,1,1,1,1,1,8.751128691622123,7.6405987331574154,10.92131568934641,-0.23241977057022475,0.04064409618300956,0.20052430570289856
0.05,10.0,1,188,1,1,1,1,1,2.028353570645947,1.2704864545450227,10.212860705660646,-0.01668194260480913,0.09089256826789396,-0.10549269528776155
0.05,10.0,1,189,1,1,1,1,1,3.5150788825220083,5.107646985409651,10.369143091840623,0.4374689144747485,-0.3569237025203003,0.1812337889634491
0.05,10.0,1,190,1,1,1,1,1,1.277838601758843,0.4331357640062981,10.134051744512131,-0.45301028322204395,0.09673314276513881,0.43824268454737925
0.05,10.0,1,191,1,1,1,1,1,7.157313362024288,6.432497400349279,10.752946554207076,-0.09647546444607802,0.01098219367587744,0.062164660239009496
0.05,10.0,1,192,1,1,1,1,1,2.6957886819643644,2.7294407169219776,10.282993114448843,0.13511122827563093,-0.06540675929755928,-0.05808999377679662
0.05,10.0,1,193,1,1,1,1,1,15.016517220511808,11.517773160312881,11.585669851699757,-0.6504388893868054,0.5066386842798032,-0.2685372353953188
0.05,10.0,1,194,1,1,1,1,1,2.3373199358143832,3.4260394969135675,10.245320571011574,0.39305496532034145,-0.2248936849411723,-0.04057117234683194
0.05,10.0,1,195,1,1,1,1,1,7.5168310810700465,7.169088364177365,10.790903327597766,-0.1907049569942086,-0.17462458251857235,0.5734353951214975
0.05,10.0,1,196,1,1,1,1,1,7.407060530327122,4.33134082895604,10.779312711615885,-0.6456970685946073,0.3922469717487235,0.0654364343279204
0.05,10.0,1,197,1,1,1,1,1,3.546138299775036,2.7953726709213176,10.372410374372132,0.025123111536067645,0.11651632265189701,-0.19335272274875479
0.05,10.0,1,198,1,1,1,1,1,3.7952750776326236,5.074829275399802,10.398621714281633,0.3029060972504165,-0.34621529139931845,0.3712593118327851
0.05,10.0,1,199,1,1,1,1,1,3.885384881472477,2.312942436296493,10.408103576365765,-0.37238282422610275,0.10479594357235081,0.3253284622256754
0.05,10.0,2,0,2,1,2,2,1,37.744236661356766,17.327572461795107,-2.154543223572822,14.02918970009538,0.19643903209555025,-0.8190785779141578
0.05,10.0,2,1,2,1,2,2,1,40.4481054807262,17.43137964739139,-2.6327555997452574,14.323428992018675,-0.3018101039955324,-0.04179408360690111
0.05,10.0,2,2,2,1,2,2,1,36.070813624406384,17.755376963068546,-3.2559229186860015,13.847464657606467,0.11282997715989712,-0.3469690786506775
0.05,10.0,2,3,2,1,2,2,1,34.68287555310965,17.004836744235742,-2.2863588773070065,13.69696153168115,-0.3370044025713316,0.7387330653559944
0.05,10.0,2,4,2,1,2,2,1,42.50373239130051,17.758970206433162,-2.712770973700358,14.547633496888979,-0.29556676943263765,-0.2778024076165686
0.05,10.0,2,5,2,1,2,2,1,35.13523186183736,16.98397879093058,-2.5650793236585407,13.745991591555004,0.19702769326346067,-0.5291646325417992
0.05,10.0,2,6,2,1,2,2,1,40.927300493962086,16.707771118134538,-2.7177526472128015,14.37565490015281,-0.3012914697830863,-0.21628997615759019
0.05,10.0,2,7,2,1,2,2,1,43.94392316227731,17.165984562607974,-3.148954987201392,14.704975086897873,-0.4980238102650406,-0.10118704825713933
0.05,10.0,2,8,2,1,2,2,1,42.60010737913814,16.987716670222216,-2.9364313993820352,14.558155772972746,-0.524033984470772,0.10844349334168582
0.05,10.0,2,9,2,1,2,2,1,35.28827343218119,16.991642007207027,-2.736244414926821,13.762584269261325,0.146038212929046,-0.4340474714954073
0.05,10.0,2,10,2,1,2,2,1,43.28551287833351,17.079366204815102,-2.2930564114300704,14.633016622031326,-0.3691026441391309,-0.3185227094868375
0.05,10.0,2,11,2,1,2,2,1,37.16012342329859,17.578310888745552,-2.3437379660444257,13.96572510821715,-0.2885518955194141,0.3866101058792794
0.05,10.0,2,12,2,1,2,2,1,33.509307952098574,17.0911456755162,-2.384534005304832,13.569859235658901,-0.2053591472973457,0.6090986942359791
0.05,10.0,2,13,2,1,2,2,1,45.28243560200973,17.18447852249157,-2.419378721007265,14.851402034116845,-0.535726898318717,-0.19023830105010348
0.05,10.0,2,14,2,1,2,2,1,34.34042412302193,17.66274434167278,-2.1559083257073794,13.659857913797913,0.5426664689495686,-1.091688043853583
0.05,10.0,2,15,2,1,2,2,1,39.610975026218846,17.412879499792684,-3.0457844939281444,14.232250075158412,0.09719962603363527,-0.8298057109154676
0.05,10.0,2,16,2,1,2,2,1,38.997672417023836,17.098581539219442,-2.598194338456768,14.16549628833458,0.10009512852391544,-0.8032587373666507
0.05,10.0,2,17,2,1,2,2,1,36.21122113197863,16.990019115379102,-2.4356204518235147,13.862701046250791,-0.36433817221324016,0.5949870678133651
0.05,10.0,2,18,2,1,2,2,1,38.03809215341293,17.256078873246953,-2.5211840489813895,14.0611308066625,-0.35822185743606855,0.378754380536583
0.05,10.0,2,19,2,1,2,2,1,35.26625864221769,17.413120419133048,-2.7639721835680864,13.760197289547884,-0.12344323500114852,0.23920680938258893
0.05,10.0,2,20,2,1,2,2,1,36.31450279684875,17.14348710932333,-2.6526036576268277,13.873910007725202,0.08626037662712838,-0.4124396176918177
0.05,10.0,2,21,2,1,2,2,1,45.88907414831578,17.78205544472386,-3.5826592166001014,14.917826970986336,-1.102583226328893,1.1137931056411783
0.05,10.0,2,22,2,1,2,2,1,35.08433200998815,16.710468389861433,-2.7545185548327007,13.740473595650387,-0.1311721927654957,0.17365101528700225
0.05,10.0,2,23,2,1,2,2,1,45.73173445371422,17.42212865806948,-2.7956412933150334,14.900595100029202,-0.2939459807647864,-0.7575815179720478
0.05,10.0,2,24,2,1,2,2,1,39.954776207571214,17.067965427425953,-2.4283932346329724,14.269687549411733,-0.23549878999061546,-0.1814165159042089
0.05,10.0,2,25,2,1,2,2,1,35.708208451307115,17.453649910267686,-2.5353846143237218,13.808125812662663,-0.24583973693347305,0.4637739214428631
0.05,10.0,2,26,2,1,2,2,1,37.64796771275451,16.742838898244717,-2.758812364931737,14.018727533488235,-0.31525092497063795,0.25484561653384247
0.05,10.0,2,27,2,1,2,2,1,35.136036529397124,17.571338719597776,-3.186653040700412,13.746078826812939,0.024359005910079612,-0.05270566650744279
0.05,10.0,2,28,2,1,2,2,1,29.332713345449786,17.267520163237347,-2.1639767171790374,13.118668073594794,0.3168419622736807,0.011574961652509442
0.05,10.0,2,29,2,1,2,2,1,39.40137617536656,17.08544068896089,-3.177253176439515,14.209432287259055,-0.30087882692636947,0.04214019322160377
0.05,10.0,2,30,2,1,2,2,1,37.71583037312084,17.058072677339574,-2.9468121015633733,14.026102505981793,-0.03927259897800767,-0.3285665028707795
0.05,10.0,2,31,2,1,2,2,1,33.86820140127255,17.61575466967478,-2.6879094494838145,13.608713812865872,-0.3327538299602898,0.9316336128667635
0.05,10.0,2,32,2,1,2,2,1,35.87102851565,16.796241962842743,-2.2573327351328545,13.8257883942342,-0.1770507621887505,0.1859637566961774
0.05,10.0,2,33,2,1,2,2,1,38.35146778653424,17.35007988154877,-2.8221482961219384,14.095203545544322,-0.3292438822193237,0.28583217758595036
0.05,10.0,2,34,2,1,2,2,1,39.95225565829904,16.308993943366236,-3.3913964694305148,14.26941303509533,-0.3633401291328274,-0.007782862260143278
0.05,10.0,2,35,2,1,2,2,1,42.15615142395683,17.468166424510997,-3.2066073563322672,14.509692436621322,-0.21668282880767142,-0.45341841215793116
0.05,10.0,2,36,2,1,2,2,1,36.18936849754849,16.769514584544044,-2.742745297027776,13.860329563071286,0.17257833624244545,-0.6456797972275099
0.05,10.0,2,37,2,1,2,2,1,38.572857029571324,16.920150553756805,-3.07264480319828,14.119280913620052,-0.22573932471615038,-0.04301705572816165
0.05,10.0,2,38,2,1,2,2,1,43.255372302254514,17.401304182644306,-2.9733736185831035,14.629723602391751,-0.4708088592631941,-0.03588397167836051
0.05,10.0,2,39,2,1,2,2,1,39.82334160914157,17.23266887222977,-2.9407404143459197,14.25537381912862,0.029509716738714935,-0.7337715124508492
0.05,10.0,2,40,2,1,2,2,1,38.372656801663005,17.674382285560736,-2.876282248314422,14.097507754354035,-0.4451659709672771,0.5958432903857033
0.05,10.0,2,41,2,1,2,2,1,40.981880831400034,17.377223401393145,-2.915849541994754,14.381604947137482,-0.23035555663325108,-0.2816192611566984
0.05,10.0,2,42,2,1,2,2,1,39.371782219860684,17.424792631410735,-2.604498352944823,14.206210935480806,0.10354314473963795,-0.8108385604409583
0.05,10.0,2,43,2,1,2,2,1,41.00841039872088,17.515550149960603,-2.974241283238809,14.384497165856095,-0.3494833157779319,0.004610053958971726
0.05,10.0,2,44,2,1,2,2,1,39.97574877920796,17.586333280904793,-2.886214427911988,14.271971708537926,-0.2486551596235438,-0.0756510675643612
0.05,10.0,2,45,2,1,2,2,1,43.80257723625714,17.10755682467948,-2.9569147328866516,14.689523411144057,-0.5359520390473117,-0.005588675691486925
0.05,10.0,2,46,2,1,2,2,1,39.26729089597786,17.946392591750584,-2.5553331831528685,14.194837606075211,0.16239636378472722,-0.8496797828503084
0.05,10.0,2,47,2,1,2,2,1,36.03038027995366,17.336526422063162,-2.718780098058126,13.843077391775903,-0.21128890925838772,0.3247921754394283
0.05,10.0,2,48,2,1,2,2,1,44.5970120536512,16.55151800491388,-2.1619274141731437,14.77639659446402,-0.4399420044883593,-0.4119808652360034
0.05,10.0,2,49,2,1,2,2,1,34.03999003375875,17.24056636646128,-2.8847732090446816,13.627316723893095,0.004460508167887779,0.08683979737448336
0.05,10.0,2,50,2,1,2,2,1,38.09365801384612,16.954691313547364,-2.5923744107059705,14.067171635154422,-0.6392397199545019,0.9655332973787937
0.05,10.0,2,51,2,1,2,2,1,39.57217139865153,17.5380451139275,-2.5932997378465825,14.228025409767623,-0.12873275701595416,-0.29979924607317404
0.05,10.0,2,52,2,1,2,2,1,33.99129468002193,16.53505632630276,-2.292385068161972,13.622043217378943,0.08935418458630481,-0.20512771197882035
0.05,10.0,2,53,2,1,2,2,1,38.56554224575875,17.68129834556952,-3.2423718434488866,14.118485307167816,-0.22263072691807964,0.06681653270685806
0.05,10.0,2,54,2,1,2,2,1,43.684948112109005,16.876415843535273,-2.8584070168523983,14.676665999293107,-0.22556043382184343,-0.7243024196250785
0.05,10.0,2,55,2,1,2,2,1,36.37463970645256,16.494283282897538,-2.5943699672003198,13.880437059749012,0.17134997907082705,-0.7089303771524315
0.05,10.0,2,56,2,1,2,2,1,42.87538667394875,16.642776326121545,-3.1470867479828977,14.588216246906619,-1.054376169189672,1.230924378831499
0.05,10.0,2,57,2,1,2,2,1,45.509145582621315,17.109358436372677,-3.1473295251339386,14.876221541153779,-0.31939726742933044,-0.7184381344260479
0.05,10.0,2,58,2,1,2,2,1,37.96666881098826,17.13970975736924,-2.3783752247909513,14.053366505902781,0.12025701493965427,-0.706635607370339
0.05,10.0,2,59,2,1,2,2,1,46.38416501536322,16.877260808144033,-3.0126253038254327,14.97206627132361,-0.7641018945744958,0.13487214576660764
0.05,10.0,2,60,2,1,2,2,1,39.720227718272945,17.603521335681446,-3.431350348768537,14.244145577279275,-0.5940063718507983,0.7447112002009315
0.05,10.0,2,61,2,1,2,2,1,42.35302043911442,17.18671704820078,-3.2714096564519504,14.531180617502098,-0.15280064326817466,-0.6652513649008196
0.05,10.0,2,62,2,1,2,2,1,36.06488743804921,17.854973822782306,-2.693437487646238,13.846821619470118,0.23990496024537672,-0.6155268343048548
0.05,10.0,2,63,2,1,2,2,1,44.71051755051264,17.03597619998373,-3.139285748804431,14.788814039908441,-0.6104758130289956,0.03215957259890769
0.05,10.0,2,64,2,1,2,2,1,38.28399897547923,17.532623326698523,-2.7809474172737207,14.087866929861237,-0.13280421136666357,-0.1212371014465016
0.05,10.0,2,65,2,1,2,2,1,31.699573390140994,16.715690385984605,-2.419076627808607,13.374135830978936,0.13523405974804367,0.0223754751143979
0.05,10.0,2,66,2,1,2,2,1,44.20690147162632,16.99673189346949,-2.5415370320328687,14.733728930144588,-0.3850499804342564,-0.41662373338586645
0.05,10.0,2,67,2,1,2,2,1,40.594848683958205,17.431286667249267,-2.613148688106513,14.339419523427615,0.030405177052957783,-0.8071962533936876
0.05,10.0,2,68,2,1,2,2,1,28.282569626188778,16.63220574540076,-2.1332000297893625,13.005504934066456,0.33524578037267516,0.012602115620860544
0.05,10.0,2,69,2,1,2,2,1,28.200278929140897,17.086991892052662,-2.5472903276180454,12.996642100394526,0.12847447003022666,0.5589508137079306
0.05,10.0,2,70,2,1,2,2,1,42.48923416646296,17.043140317448053,-2.930431820306088,14.54605065607543,0.018088272784856786,-1.086607620660841
0.05,10.0,2,71,2,1,2,2,1,38.007824554808394,16.6187946237801,-2.3272044123261937,14.057840406913458,0.3470090541902784,-1.2949159663976437
0.05,10.0,2,72,2,1,2,2,1,36.58352148582181,17.634003232599476,-2.79717851697164,13.9031112718115,-0.12242403935762021,0.09589262151235327
0.05,10.0,2,73,2,1,2,2,1,34.45112422392588,17.367639031018278,-2.657920248601755,13.671850623618045,-0.12458920369559498,0.3430696053969415
0.05,10.0,2,74,2,1,2,2,1,39.74182148684482,17.15320369412371,-2.7358544087345495,14.246496867050269,-0.15603353830870642,-0.31916653989214555
0.05,10.0,2,75,2,1,2,2,1,40.50823191276055,16.82155217188403,-2.9741900976341706,14.329980667958248,-0.26548854264863087,-0.22428857231233315
0.05,10.0,2,76,2,1,2,2,1,33.64307330803819,17.22181897076554,-2.716515012156207,13.58433940732931,0.421750942083801,-0.7981437337029261
0.05,10.0,2,77,2,1,2,2,1,33.557947685419045,17.325515452548775,-2.291025178866117,13.575124299337807,0.3091777408377953,-0.5204059307029235
0.05,10.0,2,78,2,1,2,2,1,38.15916650050233,16.581727012595532,-2.498952103904971,14.0742937846695,-0.3412384544964175,0.22123853774434687
0.05,10.0,2,79,2,1,2,2,1,34.94126228151507,17.492765591142145,-2.6856885655999077,13.724965000313405,-0.20923248412245232,0.4887794129975918
0.05,10.0,2,80,2,1,2,2,1,38.85381117250313,17.03912567324128,-2.6530986039628734,14.149843626702133,-0.18026269248133958,-0.16469058937027622
0.05,10.0,2,81,2,1,2,2,1,40.55772325379921,17.16433652346812,-2.4033674673212704,14.33537377305592,0.24048656297589754,-1.3100650670494074
0.05,10.0,2,82,2,1,2,2,1,35.05038184024482,17.190995276783347,-2.544130396562256,13.736793244609899,0.0869575685483671,-0.2400011638014933
0.05,10.0,2,83,2,1,2,2,1,35.28293724068772,17.10913041958517,-2.574669344242014,13.76200568177071,0.02153008424927352,-0.13616471827681326
0.05,10.0,2,84,2,1,2,2,1,44.59169441247791,17.058405083498297,-3.0052794262757208,14.775814880080054,-0.5731659018297165,-0.03324944889910394
0.05,10.0,2,85,2,1,2,2,1,46.792282596494,17.39405643519732,-2.5440347551149847,15.016796528743685,-0.2764141804246533,-0.9403447974437894
0.05,10.0,2,86,2,1,2,2,1,40.68276178725055,16.992318954441632,-2.646283822941927,14.349000440420918,-0.5206507891460803,0.35584723958215825
0.05,10.0,2,87,2,1,2,2,1,34.22238737149045,17.14018741314601,-2.5809964528001403,13.647071780802852,-0.3534421413367482,0.8584509885795849
0.05,10.0,2,88,2,1,2,2,1,43.13037853341281,17.403980074388258,-2.7229898885232817,14.616068372112249,-0.24804060933388108,-0.5211421310312517
0.05,10.0,2,89,2,1,2,2,1,39.40958838365618,17.701069837878123,-3.050647284836247,14.210326216034233,-0.39369392732678515,0.34506816745035385
0.05,10.0,2,90,2,1,2,2,1,36.95659542385133,16.641182780225016,-2.8759527294731524,13.943619850196814,-0.2495092857123995,0.1822920814455652
0.05,10.0,2,91,2,1,2,2,1,36.32246811483645,17.363911295938244,-3.583480458329485,13.874774514276089,0.15226714407339187,-0.5277071450177014
0.05,10.0,2,92,2,1,2,2,1,38.439939115301016,17.553948635461968,-2.4376784327194505,14.104824707755673,-0.13309210593901902,-0.13803168147440312
0.05,10.0,2,93,2,1,2,2,1,38.76830307174796,16.772229908146297,-2.140267811339895,14.140541030432061,0.11257012128310057,-0.8503186349879072
0.05,10.0,2,94,2,1,2,2,1,43.84184287639189,17.419962481636603,-2.8134409829132974,14.693815649641708,-0.35476240410710014,-0.37247119295691833
0.05,10.0,2,95,2,1,2,2,1,34.908486611051565,17.162883164550813,-2.8974707743687502,13.72141245274523,-0.37277630160605757,0.8144675315078478
0.05,10.0,2,96,2,1,2,2,1,45.959233574162184,16.909343314981584,-3.138575498587927,14.925511676699871,-1.1843513432710542,1.1583909935719512
0.05,10.0,2,97,2,1,2,2,1,36.884409380967305,16.807401569153974,-2.722505333851703,13.935780725070781,0.16262205573030755,-0.7091187704834384
0.05,10.0,2,98,2,1,2,2,1,33.56785355512509,16.776539334760702,-2.7254071652825664,13.576196601473855,0.32297878278928893,-0.6354966713391389
0.05,10.0,2,99,2,1,2,2,1,40.36593881042037,17.29943059922858,-2.3173879504821624,14.31447630888248,-0.20710647003093363,-0.2645477317663873
0.05,10.0,2,100,2,1,2,2,1,33.92404021017839,16.923773264576806,-2.266056016209552,13.6147602373673,-0.15584203402525024,0.41598874818495674
0.05,10.0,2,101,2,1,2,2,1,42.917095973908125,17.109124652142622,-2.4698007957773593,14.592771586735632,-0.30719894826038857,-0.4047617227465227
0.05,10.0,2,102,2,1,2,2,1,35.69335593633761,16.925232138289616,-3.3534614945867873,13.806514760934347,-0.04502089886192334,-0.06850699254423656
0.05,10.0,2,103,2,1,2,2,1,40.426309805678244,17.063155952399292,-2.2018404348374565,14.321054119267876,0.0036315556046090844,-0.7809073788685477
0.05,10.0,2,104,2,1,2,2,1,31.37213558452792,17.42451598238748,-2.355745907577344,13.338759374117423,0.06845327394142511,0.32435907324535085
0.05,10.0,2,105,2,1,2,2,1,36.83098660347574,16.85031129152015,-2.1556760612120267,13.92997956527452,0.11257970045204543,-0.5838893840184959
0.05,10.0,2,106,2,1,2,2,1,37.05726627049096,17.547258252749682,-3.1324326103335425,13.95455321546688,0.025188037522994776,-0.312132885438262
0.05,10.0,2,107,2,1,2,2,1,42.14538877357925,17.075824285819785,-3.237584639510068,14.508517813508515,-0.49451257049389663,0.11529215979062982
0.05,10.0,2,108,2,1,2,2,1,39.88226153924212,17.149100623029586,-2.7460604449081707,14.261790203047523,0.12834154186339902,-0.9746624293750046
0.05,10.0,2,109,2,1,2,2,1,37.72146946315814,17.674345722650386,-3.16584361031191,14.026715355381283,0.039626239522830994,-0.41286243371325304
0.05,10.0,2,110,2,1,2,2,1,38.03072168910389,17.086711384546447,-2.3581503123070098,14.060329552527437,-0.08534272627792096,-0.2623838449780705
0.05,10.0,2,111,2,1,2,2,1,35.774918635707884,17.44779795170175,-2.7776978892054918,13.815362145065633,0.3136540138495718,-0.8033819092269239
0.05,10.0,2,112,2,1,2,2,1,42.773513470130084,17.329829911872952,-3.0713346317696733,14.577090783015898,-0.3327989994010898,-0.2945947550529036
0.05,10.0,2,113,2,1,2,2,1,42.72373710847865,17.198061392423266,-3.0804901787635224,14.571655152513099,-0.4669105453821068,-0.005236152806790668
0.05,10.0,2,114,2,1,2,2,1,40.2394069129667,17.297972134353586,-2.857486975385422,14.300691068186588,0.055559112763413236,-0.8367614070586451
0.05,10.0,2,115,2,1,2,2,1,43.43199733781895,17.111188757312203,-2.818847260485966,14.649022182270038,-0.5504509135893764,0.0768619343601436
0.05,10.0,2,116,2,1,2,2,1,42.89909716844149,17.465389060738737,-3.404993725585296,14.590805799682594,-0.4531124346524307,-0.018924525269865076
0.05,10.0,2,117,2,1,2,2,1,37.78011995638216,17.022829746115097,-2.9133745331521186,14.033089614447722,-0.27413793946858306,0.18697302618462178
0.05,10.0,2,118,2,1,2,2,1,45.16817807716496,17.259670638640106,-2.853579917132297,14.838895506258895,-0.6678053340531781,0.13558961077662793
0.05,10.0,2,119,2,1,2,2,1,39.02326842009043,17.040001969133378,-2.6269616389957062,14.168281457694246,-0.03344800349067076,-0.51679867216202
0.05,10.0,2,120,2,1,2,2,1,42.808561098879665,16.93818061064115,-3.04952309438521,14.580918175266365,-0.49877028827820635,0.016080264817280265
0.05,10.0,2,121,2,1,2,2,1,36.413194446162386,16.961971641493484,-2.431397432779085,13.884621854564882,0.12290826992938973,-0.5350396894285426
0.05,10.0,2,122,2,1,2,2,1,36.465771380991775,17.473384845896966,-2.88058369943145,13.89032888933065,-0.21731033365882169,0.30152560283262353
0.05,10.0,2,123,2,1,2,2,1,30.570861721424627,16.91563505408013,-2.2117232819684607,13.252236109768955,0.3987793767779549,-0.38901297704814314
0.05,10.0,2,124,2,1,2,2,1,38.17846713488212,17.109525369869363,-3.0698190261705105,14.07639225414335,-0.3299116960265627,0.27364976081429276
0.05,10.0,2,125,2,1,2,2,1,39.017058494020354,17.387631619325003,-2.9450754087551476,14.167605732833726,0.12992849697317918,-0.8286731466413741
0.05,10.0,2,126,2,1,2,2,1,42.609958174476105,16.844073054632698,-2.959960486338474,14.55923134286618,-0.6309992165412974,0.3280647716762083
0.05,10.0,2,127,2,1,2,2,1,38.33465281078354,17.3835593780845,-2.992327415047294,14.093375026695176,0.10383696987445448,-0.6813639971347962
0.05,10.0,2,128,2,1,2,2,1,47.72434940726415,17.17706455061728,-2.7050345304475845,15.119017621203184,-0.6821373072082719,-0.1828596289240271
0.05,10.0,2,129,2,1,2,2,1,40.948530254901236,17.033982864133637,-2.7929209796082826,14.377969214673206,0.06980673397906675,-1.0013741640620022
0.05,10.0,2,130,2,1,2,2,1,35.62956052250334,17.38319380047575,-2.592196944797866,13.799595134195542,0.030048595693383178,-0.15948923322562203
0.05,10.0,2,131,2,1,2,2,1,39.02470570075141,17.19675669052324,-2.692799454949267,14.168437854051069,0.004587236179354501,-0.5784551765125153
0.05,10.0,2,132,2,1,2,2,1,34.05287074005914,16.423387399447464,-2.7066469284900108,13.62871169233744,-0.11699668022140937,0.23467052155963924
0.05,10.0,2,133,2,1,2,2,1,37.452488701972015,16.640422873771836,-2.3724141904483833,13.997486523898997,0.197921754162952,-0.8877281311213678
0.05,10.0,2,134,2,1,2,2,1,42.51478876963064,16.994056570687825,-3.1161187764433063,14.54884058949448,-0.2992344032860794,-0.3869497167497948
0.05,10.0,2,135,2,1,2,2,1,46.02022861551044,16.80326332005935,-2.914043851495226,14.932193006177382,-0.77939969766121,0.2066184541413345
0.05,10.0,2,136,2,1,2,2,1,31.90438743771006,17.057183726421812,-2.7560251064690076,13.396269601787179,0.023826037346639795,0.29844672218351087
0.05,10.0,2,137,2,1,2,2,1,40.84891091530981,16.838617906690484,-3.100092136768485,14.36710984266024,-0.5984576450692457,0.4873179695749044
0.05,10.0,2,138,2,1,2,2,1,37.83751465471284,17.22221485045977,-2.9877965967619016,14.039327736049165,-0.07271084480605207,-0.24457927937020235
0.05,10.0,2,139,2,1,2,2,1,34.36881423368176,17.104828041960637,-2.5239757567849552,13.662933439485482,0.03590620351734173,-0.0482538795269371
0.05,10.0,2,140,2,1,2,2,1,36.143574145503585,17.184096623949277,-2.8632377158084656,13.855360046237028,-0.463566493202283,0.8598816897570518
0.05,10.0,2,141,2,1,2,2,1,47.020671139618734,17.403196482524447,-3.5530396154999284,15.041835826194983,-0.8705786572516371,0.37313010603881425
0.05,10.0,2,142,2,1,2,2,1,34.9732017490959,17.156444965228047,-2.7706349510578043,13.728427018805926,0.42151586370128624,-0.9820052679907645
0.05,10.0,2,143,2,1,2,2,1,39.0697019234879,17.2126610195584,-3.048838574222916,14.173334184475525,-0.3636302913042165,0.24748355742400582
0.05,10.0,2,144,2,1,2,2,1,40.06317413042214,17.218462902595103,-2.501618949732477,14.281493846938712,-0.3367756093808759,0.05574789777853708
0.05,10.0,2,145,2,1,2,2,1,41.03479257081337,17.14184729236337,-3.1825310310934865,14.387373388263185,-0.2566663833436792,-0.26503872628221914
0.05,10.0,2,146,2,1,2,2,1,43.67834321212451,17.32763239813237,-3.065371553813288,14.675944095662938,-0.5697220386344815,0.12092399723338666
0.05,10.0,2,147,2,1,2,2,1,35.62881637636018,17.23844568098454,-2.6148955270727345,13.799514422199632,0.20732595316226005,-0.5786474876046128
0.05,10.0,2,148,2,1,2,2,1,41.21609748558606,17.384288451053912,-2.452736244811202,14.407141467698148,-0.19487232936514007,-0.39135546129671417
0.05,10.0,2,149,2,1,2,2,1,36.490528825955415,16.96977237842458,-2.4433299312050667,13.893016318843031,0.16806062636873903,-0.6449794633822963
0.05,10.0,2,150,2,1,2,2,1,38.689625582428036,17.026992290232492,-2.612997560434218,14.13198221965099,-0.4166659945063484,0.3898293240506436
0.05,10.0,2,151,2,1,2,2,1,39.39847930939104,17.196037562572894,-3.121717865806062,14.209116954518741,-0.4379442323813429,0.3698572008069733
0.05,10.0,2,152,2,1,2,2,1,42.7765602157257,16.569694592815278,-2.4917861725778345,14.577423499181483,-0.8401147634052961,0.7408091342339074
0.05,10.0,2,153,2,1,2,2,1,36.89375707706202,17.12776502601128,-2.340609481414405,13.936795818322413,-0.010892518204546793,-0.2733377576483414
0.05,10.0,2,154,2,1,2,2,1,38.866848563632864,17.20973696741588,-2.300371110879095,14.151262057011587,0.06972175424857921,-0.7015021948335683
0.05,10.0,2,155,2,1,2,2,1,36.64781481478077,17.278383554944824,-2.9262605162405695,13.91009125048059,-0.2454424368855534,0.31129137479570446
0.05,10.0,2,156,2,1,2,2,1,38.174618748366406,17.37853712893015,-2.5543962653164836,14.075973833642971,-0.37352316933333196,0.41404893961840084
0.05,10.0,2,157,2,1,2,2,1,40.610375654497986,16.922441499186437,-2.9011560729089956,14.341111620267647,-0.2261160361871694,-0.31113081199302245
0.05,10.0,2,158,2,1,2,2,1,40.451018758345604,17.455722312217105,-2.618393273658409,14.323746428624181,-0.16096679165303465,-0.35579116032967895
0.05,10.0,2,159,2,1,2,2,1,40.012101091612045,17.24321879858229,-2.743667376722288,14.275931010046689,-0.16012785535778193,-0.3319718966418915
0.05,10.0,2,160,2,1,2,2,1,37.8871971845897,17.556088909167944,-2.7417259555948057,14.044727912146548,-0.21498527531637865,0.1202677629140795
0.05,10.0,2,161,2,1,2,2,1,42.873237737283844,17.141695324819395,-2.867786836450464,14.587981552673176,-0.026250752424275135,-1.0232728432810532
0.05,10.0,2,162,2,1,2,2,1,37.546999459161945,16.60411207578459,-2.163229683377331,14.00775569447509,-0.14083119823079351,-0.14694966794902767
0.05,10.0,2,163,2,1,2,2,1,31.917164456616156,17.454195412086232,-2.5952191242385845,13.397650527252628,0.6169510962339299,-0.9701207797204887
0.05,10.0,2,164,2,1,2,2,1,36.27746113731377,17.535379478404295,-2.347942819536149,13.869889820388753,0.43419808679898525,-1.1240230061373657
0.05,10.0,2,165,2,1,2,2,1,32.80660338553144,17.249437066856448,-2.129988384824916,13.493821403581116,0.2721222666001988,-0.3500722187062199
0.05,10.0,2,166,2,1,2,2,1,34.96667552443576,16.777851268615347,-2.7868794747915704,13.727719612396239,0.03988049882335166,-0.18590453557645265
0.05,10.0,2,167,2,1,2,2,1,34.57209477051581,16.98725612854365,-2.460497292528029,13.684957430456715,0.22765828623577047,-0.5230014623736848
0.05,10.0,2,168,2,1,2,2,1,40.771517833252005,17.851582228274072,-3.1861233465750165,14.3586740371238,-0.253137366602041,-0.1304049728928277
0.05,10.0,2,169,2,1,2,2,1,38.13502194237948,16.904316807757066,-1.9503909274997695,14.071668711928323,-0.18108763999342725,-0.08841213379954832
0.05,10.0,2,170,2,1,2,2,1,43.447707652933076,16.678606876668887,-2.928010567169001,14.650738895647958,-0.5289530962307892,-0.039731345465403065
0.05,10.0,2,171,2,1,2,2,1,38.55095025625997,17.043487959205265,-2.77170023457013,14.116898198089142,-0.20655274790494937,-0.06469741325827132
0.05,10.0,2,172,2,1,2,2,1,41.36398858905411,17.290078383509528,-1.9573408437102302,14.42326889456843,-0.2395067903811813,-0.3248627172278811
0.05,10.0,2,173,2,1,2,2,1,39.532094810870646,17.216633216931637,-2.736945201267949,14.223662317457201,-0.5505415157268865,0.6112542532839971
0.05,10.0,2,174,2,1,2,2,1,39.4015011617562,17.347154387891667,-2.66280582996913,14.209445892430242,-0.05844226419928063,-0.46406589646127694
0.05,10.0,2,175,2,1,2,2,1,42.01465006616413,17.189948990249402,-3.0676509598538284,14.494250105556286,-0.472592413019183,0.10031288432829104
0.05,10.0,2,176,2,1,2,2,1,32.741043652940554,17.157840843481896,-2.2922534013914286,13.486729952470824,0.4613866758476666,-0.7775750314973929
0.05,10.0,2,177,2,1,2,2,1,40.27068552627659,17.281874529012025,-2.705352544185976,14.304098617186249,-0.6534441066220412,0.7575441583979985
0.05,10.0,2,178,2,1,2,2,1,28.636754365431937,17.0328080642304,-2.6852757536013643,13.043659106592578,-0.10293225884567361,1.0176321841376719
0.05,10.0,2,179,2,1,2,2,1,32.718522851405446,17.48784774775267,-2.9052638842112533,13.48429402948494,0.02212892683317133,0.2599437642500312
0.05,10.0,2,180,2,1,2,2,1,40.51927567911924,17.61994391332488,-2.809646210308214,14.331184092640747,-0.38582377960749237,0.1675114804562147
0.05,10.0,2,181,2,1,2,2,1,36.380025526431375,16.857823236996776,-2.817715510660886,13.881021636261215,-0.3069760721469741,0.4220937239245161
0.05,10.0,2,182,2,1,2,2,1,40.061202155028724,17.521056101113846,-2.8808925198088566,14.281279055839342,-0.2876841288401634,-0.008791889387449995
0.05,10.0,2,183,2,1,2,2,1,35.73457551436304,16.718304148311166,-2.8102019867543007,13.810985903160592,-0.20254836592971862,0.2499469655770145
0.05,10.0,2,184,2,1,2,2,1,38.87037556900349,16.722518966168938,-2.4537687725545205,14.151645787986647,-0.06513894053435368,-0.4737120003609952
0.05,10.0,2,185,2,1,2,2,1,42.05751742285454,17.178482741396156,-2.729673026603823,14.498928087514123,-0.4476658475805161,0.036385764813558416
0.05,10.0,2,186,2,1,2,2,1,43.916136402792745,16.613446291483854,-2.710418393964446,14.701937325249315,-0.5366681779132589,-0.09420149182992946
0.05,10.0,2,187,2,1,2,2,1,34.0265761803355,17.55517343280007,-2.79328739158156,13.62586403431735,0.3219002042186692,-0.5756616053715511
0.05,10.0,2,188,2,1,2,2,1,36.34852463287739,16.874175552271833,-3.410282184661705,13.877602574096883,-0.4702157852334123,0.8002411884285958
0.05,10.0,2,189,2,1,2,2,1,36.010254567204456,17.19435326286545,-2.613179327925176,13.840893691543151,0.28623035407702896,-0.8114971414038767
0.05,10.0,2,190,2,1,2,2,1,39.976771078021464,17.053120972021254,-2.571057338484958,14.272083050040568,-0.0406170732593959,-0.624282312472646
0.05,10.0,2,191,2,1,2,2,1,41.02270985112428,17.293373271419913,-2.8089714960447756,14.38605610378012,-0.33528165076818944,-0.06320162475728958
0.05,10.0,2,192,2,1,2,2,1,39.216839525024454,16.9432110971499,-2.8977402362834552,14.189346645940109,-0.3216176633792798,0.09175924404903943
0.05,10.0,2,193,2,1,2,2,1,41.289932616812266,17.546808090201434,-2.9159590785468907,14.415192855694958,0.11154486952791962,-1.061791801350038
0.05,10.0,2,194,2,1,2,2,1,39.21817537757436,16.820962029513012,-2.676635681518996,14.189492032304738,-0.21555854102324706,-0.1664744677637393
0.05,10.0,2,195,2,1,2,2,1,36.046125755337435,16.972542780877834,-2.1982712194492606,13.844785852313862,0.04701854251468799,-0.3150450587819071
0.05,10.0,2,196,2,1,2,2,1,39.90662127196284,17.113046731047568,-2.7266178946297597,14.26444308468317,0.05752160578343697,-0.8253833865813914
0.05,10.0,2,197,2,1,2,2,1,42.07924981880117,17.208782019339036,-2.635063061222284,14.501299749630869,-0.2918140574179676,-0.3137194791152063
0.05,10.0,2,198,2,1,2,2,1,39.603864847125216,17.06195626643538,-2.924832474194275,14.231475957296084,-0.2850806797395822,-0.023981195837122556
0.05,10.0,2,199,2,1,2,2,1,36.550567758982766,17.263833092428808,-2.879586438552366,13.899533829879923,0.10509007475382147,-0.46745889758722964
0.05,10.0,3,0,3,1,2,2,1,28.447210166461762,143.3254812700551,-9.923925806517008,11.367265600641797,13.02323905830318,-5.346193412832838
0.05,10.0,3,1,3,1,2,2,1,28.935824755326223,142.52751721277235,-9.71496066213836,11.729145173693661,13.07588617571608,-5.984842705246345
0.05,10.0,3,2,3,1,2,2,1,32.4038847183566,142.67701931821514,-9.676768413164263,11.082623286400676,13.450267215364098,-5.905422542203563
0.05,10.0,3,3,3,1,2,2,1,25.86423100794662,142.86443973185806,-9.710941301143901,11.499557460437316,12.745335909528343,-5.043451685583655
0.05,10.0,3,4,3,1,2,2,1,26.453846537983313,143.43038884049568,-9.951074486082451,11.825523469109376,12.80871249284002,-5.465909259535921
0.05,10.0,3,5,3,1,2,2,1,26.88432559297396,142.6939987002923,-10.011623891398521,11.555633570111313,12.855006316555464,-5.341799298041253
0.05,10.0,3,6,3,1,2,2,1,29.51231351639695,143.23472248145316,-10.346942073590583,11.36942231933213,13.138033073027177,-5.57785335334628
0.05,10.0,3,7,3,1,2,2,1,27.13532083002605,143.2650768976247,-10.179218713312837,11.854077848552375,12.88200717340873,-5.661258803552123
0.05,10.0,3,8,3,1,2,2,1,26.58811948714006,142.6453472131895,-9.77628795695751,11.686888917002033,12.823150200676631,-5.443231080380213
0.05,10.0,3,9,3,1,2,2,1,23.570948897046573,142.3296537170836,-9.776964883826775,12.046371756259695,12.49917401940369,-5.298237230734773
0.05,10.0,3,10,3,1,2,2,1,23.75775753501045,142.88761478729518,-10.381376927230194,12.132090221333645,12.519206016094325,-5.35626092661713
0.05,10.0,3,11,3,1,2,2,1,29.55671038345665,142.98741253434423,-9.452638920667592,10.986482062116796,13.142820580072145,-5.169916153436652
0.05,10.0,3,12,2,0,2,2,1,18.60899271338869,143.5989790052642,-10.541007696130569,12.152340359368075,11.968393458711441,-4.224788823325753
0.05,10.0,3,13,3,1,2,2,1,28.61757907546177,142.7068108121976,-10.08553672911825,11.95272728870931,13.041593139179087,-6.155811871236702
0.05,10.0,3,14,3,1,2,2,1,30.195004690236424,143.4503039438242,-10.184095851928216,11.908368588462382,13.211673025732804,-6.315569121630178
0.05,10.0,3,15,3,1,2,2,1,32.627153931641395,142.8940088640775,-9.576600822295028,11.186256201935128,13.474411806944852,-6.041249729165762
0.05,10.0,3,16,3,1,2,2,1,30.69323140971847,142.72668465062037,-9.288428207922404,11.083907221569387,13.265445575563842,-5.553725318046176
0.05,10.0,3,17,3,1,2,2,1,27.62551098990604,142.41160473984147,-9.872065308800874,11.815110071384426,12.934758095585591,-5.837291250440301
0.05,10.0,3,18,3,1,2,2,1,23.87476360355522,143.0938857077075,-10.67782151339049,12.293564638891285,12.53175471072828,-5.5392692713811424
0.05,10.0,3,19,3,1,2,2,1,24.381505262056404,142.97310763863968,-9.751946330774606,11.718786420791192,12.586118017953115,-4.984590776181418
0.05,10.0,3,20,2,0,2,2,1,17.629993396763073,143.21214671418804,-10.436112603308151,13.006172278806044,11.863966044785586,-5.085055661048291
0.05,10.0,3,21,3,1,2,2,1,24.346101849494165,143.0299691062235,-10.34012897526301,12.388813044501013,12.582319082343089,-5.755097570887993
0.05,10.0,3,22,3,1,2,2,1,24.00012506719373,142.16312640594703,-10.164202166072878,11.830486743604148,12.54520105973097,-5.155592175636204
0.05,10.0,3,23,3,1,2,2,1,24.505407627466337,142.92848453242928,-10.533177850407723,11.647774794625441,12.599414274153316,-4.932226015507081
0.05,10.0,3,24,3,1,2,2,1,27.238428726393398,143.34077361217626,-10.169826902582212,11.566546956608152,12.893100895394207,-5.333408000597674
0.05,10.0,3,25,3,1,2,2,1,27.718525241558062,143.27037289499424,-10.253265090705126,11.8481321144661,12.94477043726347,-5.771553897802052
0.05,10.0,3,26,3,1,2,2,1,23.212528102868582,143.3094173652553,-10.160633193871394,11.960146890611068,12.46074957092759,-4.982297186407516
0.05,10.0,3,27,3,1,2,2,1,25.053321280687964,142.5602981372995,-9.853604771765248,11.840110795753889,12.658231013660679,-5.323931334142378
0.05,10.0,3,28,3,1,2,2,1,22.14913691605595,143.01137308642726,-10.407033621426267,11.9563833101118,12.346826087774243,-4.803853503865261
0.05,10.0,3,29,2,0,2,2,1,22.286189429421714,143.33942456101133,-10.209803360106683,12.474918735595237,12.361502350107893,-5.393584555348022
0.05,10.0,3,30,3,1,2,2,1,28.74802277448764,142.78621924566318,-9.677721065165006,11.652861495041021,13.055648035991787,-5.820596891647501
0.05,10.0,3,31,3,1,2,2,1,22.446891469605745,142.82204214029434,-10.111482669878603,11.756543602852803,12.378713562994974,-4.6558213540721125
0.05,10.0,3,32,3,1,2,2,1,28.28880806140467,143.26598788702077,-9.90302895783864,11.11797512297112,13.006176851407405,-5.0274006191930996
0.05,10.0,3,33,3,1,2,2,1,25.270991688870108,142.89953716452715,-10.095695776885293,11.919106038667387,12.681605746653243,-5.412058618179589
0.05,10.0,3,34,3,1,2,2,1,24.08944756118247,142.66419941092394,-10.653675523727108,11.48580158832078,12.554782826543725,-4.693534203043957
0.05,10.0,3,35,3,1,2,2,1,30.215087242202117,142.38135740294,-9.6447036456288,12.059809333870696,13.21383999899662,-6.647515684838913
0.05,10.0,3,36,3,1,2,2,1,29.487931206129897,142.97470824355614,-9.699428852026106,10.75176447325514,13.135403908765959,-4.8783778768873525
0.05,10.0,3,37,3,1,2,2,1,24.700127477921413,143.38013774224177,-9.705171885113186,11.57971463455908,12.620313295428934,-4.826193936366438
0.05,10.0,3,38,3,1,2,2,1,25.166767905851565,142.80048948424735,-10.186604362169778,12.350365861861425,12.67041297668169,-5.909144745989293
0.05,10.0,3,39,3,1,2,2,1,28.432844781395573,142.60712936886705,-9.883348672799503,11.822485561940772,13.021691591515305,-5.980969774455169
0.05,10.0,3,40,3,1,2,2,1,22.182593113528867,142.59374660311846,-10.019249159560427,11.793125768110833,12.350408566331433,-4.678217263801657
0.05,10.0,3,41,3,1,2,2,1,27.329300462570387,142.48980273071473,-9.163187731195356,11.502244101043162,12.902878992006578,-5.398832473878081
0.05,10.0,3,42,3,1,2,2,1,24.888659581810614,143.86150977363707,-10.974748181595707,12.290237633787646,12.640551890155175,-5.6305103594551635
0.05,10.0,3,43,3,1,2,2,1,24.383233945734002,142.9167314496002,-10.113564759474498,11.86322061729414,12.586303516291123,-5.163380658379381
0.05,10.0,3,44,3,1,2,2,1,28.285857677361005,142.8074761230018,-9.659651293671358,11.242329614170487,13.005859076638721,-5.240436471653014
0.05,10.0,3,45,3,1,2,2,1,23.46229528719503,142.92285853210316,-9.408195992162668,11.574400137876358,12.487524438676555,-4.633109303457903
0.05,10.0,3,46,3,1,2,2,1,25.516373661492565,143.52120998923732,-10.076037028920181,11.826592574506984,12.707962126354152,-5.263624064457639
0.05,10.0,3,47,3,1,2,2,1,23.446695542808452,142.90445772626066,-10.119928527996173,12.155388667471218,12.485851970350598,-5.3179971693515595
0.05,10.0,3,48,3,1,2,2,1,32.483705533015396,142.72779765113825,-9.348737785526072,10.784203828913066,13.458898540728997,-5.562103317295155
0.05,10.0,3,49,3,1,2,2,1,20.402851939082232,143.26418555414276,-10.525025472410663,12.005970343981009,12.159992975922538,-4.468328702205932
0.05,10.0,3,50,3,1,2,2,1,28.405982619156887,142.7525702015014,-9.231795032883298,11.466783357695007,13.018798004810966,-5.537725595900693
0.05,10.0,3,51,2,0,2,2,1,15.207159880058548,142.60336003933645,-10.864225642588309,12.848050252197266,11.605947017783064,-4.492830698200722
0.05,10.0,3,52,3,1,2,2,1,23.345652571750044,143.4632624734139,-10.069358335037776,11.605484490501246,12.47501962776744,-4.567548842610404
0.05,10.0,3,53,3,1,2,2,1,22.07702385505183,143.10797663315952,-10.104926504909708,12.246159557018556,12.339104633527056,-5.11649045540063
0.05,10.0,3,54,3,1,2,2,1,27.86473444291835,142.85844194881304,-9.841175618127826,11.455490229219741,12.960510642146408,-5.399243547216721
0.05,10.0,3,55,3,1,2,2,1,26.072186636003213,142.49096239063581,-10.311809217801082,11.921956752117595,12.767684574863775,-5.636583097323037
0.05,10.0,3,56,3,1,2,2,1,22.930118667967115,143.15943208216444,-10.341823312223795,12.049631932113222,12.430483153507673,-5.051774634584502
0.05,10.0,3,57,3,1,2,2,1,24.51829177601656,142.4422513203277,-9.810945708124983,12.383816953476376,12.600796992770297,-5.868442033476109
0.05,10.0,3,58,2,0,2,2,1,20.63964782789816,142.3251116805461,-9.914900304493795,12.2513210535355,12.185309287339162,-4.942721591787857
0.05,10.0,3,59,2,0,2,2,1,18.45785154160013,142.94269811189648,-9.708283115485507,12.076233702145146,11.952265246081977,-4.199223388394724
0.05,10.0,3,60,3,1,2,2,1,24.420344531110427,143.30377122315582,-10.018950153116684,11.681278718173028,12.590285782922567,-4.900289332221591
0.05,10.0,3,61,3,1,2,2,1,23.88511021587368,143.12354481158695,-9.696831637711464,12.069089153895012,12.532864434010566,-5.274363873242564
0.05,10.0,3,62,3,1,2,2,1,23.995159413787224,143.3399684503034,-10.559366248874866,11.914170552023883,12.544668410081163,-5.083160971026935
0.05,10.0,3,63,3,1,2,2,1,28.793127264373464,142.32930229730826,-9.41488042979626,11.31029297504779,13.060508308979824,-5.492681695239887
0.05,10.0,3,64,3,1,2,2,1,22.076477248867423,143.06667384507537,-10.328253959291127,12.011993052274367,12.339046108088741,-4.84666659069697
0.05,10.0,3,65,3,1,2,2,1,22.655571593004513,142.83925985697678,-10.266238511493356,11.618085080066267,12.40106717043492,-4.531733120052241
0.05,10.0,3,66,3,1,2,2,1,21.4551516196169,143.26579479413905,-10.460975771129055,12.11571055981075,12.272540127119692,-4.813225267784959
0.05,10.0,3,67,3,1,2,2,1,24.766366018794276,142.37292750204415,-10.100561823548816,12.261225589918814,12.627423473640034,-5.785694632025169
0.05,10.0,3,68,3,1,2,2,1,27.279890043152893,143.36542850617093,-9.853549386616288,11.155362407950737,12.897562163902263,-4.851574474806197
0.05,10.0,3,69,3,1,2,2,1,26.165330334120398,143.08195466004415,-10.202304816836516,11.747748216140998,12.777696018496584,-5.366026859206717
0.05,10.0,3,70,3,1,2,2,1,23.362893085355612,142.83034142285504,-9.94527626038806,12.05541496924184,12.476867828483716,-5.194309522159806
0.05,10.0,3,71,3,1,2,2,1,24.57337022172314,142.638272687196,-10.154296834970273,12.004897831151041,12.606708167932673,-5.4086921365284555
0.05,10.0,3,72,3,1,2,2,1,29.537954473699987,143.48429805758067,-10.052795486409083,11.7899317720777,13.140798024129433,-6.0404123310604865
0.05,10.0,3,73,3,1,2,2,1,27.876977966600347,142.89767965885613,-10.152690972862052,11.562616789571903,12.961828822684634,-5.522184144928475
0.05,10.0,3,74,3,1,2,2,1,27.662155678488272,143.16215494057633,-9.950371867632114,11.616501652802503,12.938702537219859,-5.504001548064264
0.05,10.0,3,75,3,1,2,2,1,20.58403585417015,142.2958995758113,-10.910831986935683,12.08408750476914,12.179363189132768,-4.73831840730875
0.05,10.0,3,76,3,1,2,2,1,28.276125547337095,142.98123263281641,-10.097381745407707,11.978442980418098,13.004810871852474,-6.077741870208726
0.05,10.0,3,77,3,1,2,2,1,26.63785369992636,143.21301239793385,-10.316096865722088,11.839509590033328,12.828498344180556,-5.5508351835056615
0.05,10.0,3,78,3,1,2,2,1,23.33749592095595,142.9474002286205,-10.533853571702958,11.847356837407501,12.474145237031118,-4.927011893936713
0.05,10.0,3,79,3,1,2,2,1,23.880607184241953,143.48415456543285,-10.367127824754627,12.060084367312873,12.532381461149052,-5.210737343012301
0.05,10.0,3,80,3,1,2,2,1,27.304770038953286,143.12903737496654,-10.395576473052662,11.892308854507283,12.90023935458557,-5.759792873493914
0.05,10.0,3,81,2,0,2,2,1,23.400132814459482,143.0744092309916,-10.44259399097087,12.510495456587511,12.48086006923244,-5.698979469618951
0.05,10.0,3,82,3,1,2,2,1,24.245060536044374,143.2395745895581,-9.976459386840645,11.6985266367306,12.571477627863874,-4.894206859373413
0.05,10.0,3,83,3,1,2,2,1,21.38719573973733,143.0638718164536,-10.449136846646075,12.082011781998304,12.265268596904527,-4.78884200307659
0.05,10.0,3,84,3,1,2,2,1,30.82416805746014,143.3830672673792,-10.097549930268663,11.605971397256088,13.27958152698055,-6.099319204330124
0.05,10.0,3,85,3,1,2,2,1,28.360264214634356,143.00874908179117,-9.721420529644357,11.52480357425043,13.013873397823486,-5.559812343556081
0.05,10.0,3,86,3,1,2,2,1,28.689524728565356,143.08445912843214,-9.797119151685232,11.855373808034804,13.049344840095086,-6.002893276609129
0.05,10.0,3,87,3,1,2,2,1,29.526341672082555,143.02084315112856,-9.662345052960218,11.962937713550579,13.139545768103861,-6.30587472717642
0.05,10.0,3,88,3,1,2,2,1,23.39423539654718,142.65255651394912,-10.318166585357218,12.274393677072853,12.480227834134967,-5.482929774526274
0.05,10.0,3,89,3,1,2,2,1,22.284245311003794,142.67849607947866,-10.1033045034645,11.840205699598307,12.361294150868531,-4.742434883931522
0.05,10.0,3,90,3,1,2,2,1,23.82154266609063,142.89393588201892,-10.834829454175445,12.065733539589308,12.526046685483431,-5.290374326550848
0.05,10.0,3,91,3,1,2,2,1,27.71312856080773,142.48229612198264,-9.728644445499718,11.282304352463289,12.944189497603235,-5.218110743237992
0.05,10.0,3,92,3,1,2,2,1,21.809879865099354,142.28830096928218,-10.526199574476092,11.827006679941025,12.310505006644865,-4.686288230936853
0.05,10.0,3,93,3,1,2,2,1,23.271792102152823,142.57711815065352,-10.170639232664076,12.40419805795693,12.467102053520124,-5.620571788093121
0.05,10.0,3,94,3,1,2,2,1,23.929792968770077,143.4071856582532,-9.81173355996759,11.839499552210542,12.537656997029709,-4.972214984778952
0.05,10.0,3,95,3,1,2,2,1,28.280676105786103,143.23382708732757,-10.101328527238946,11.610788386770944,13.005300991215481,-5.612344496223088
0.05,10.0,3,96,3,1,2,2,1,24.415732068762534,143.29323467560678,-10.061564950844069,11.66779503122569,12.589790820658353,-4.884912992396868
0.05,10.0,3,97,3,1,2,2,1,22.005435073000015,143.05665329621948,-10.392750208274638,11.981429607459907,12.33143984098489,-4.797511425425129
0.05,10.0,3,98,3,1,2,2,1,25.572067316982622,143.0416795063825,-10.051822798438781,12.009297039332088,12.713945017990424,-5.558461975241279
0.05,10.0,3,99,2,0,2,2,1,15.829620388089253,142.81226161413252,-10.240527178610177,13.054283574747702,11.672178925063047,-4.831832165519114
0.05,10.0,3,100,3,1,2,2,1,23.50430453088644,142.78735045338408,-10.112204529919758,12.00754779070242,12.492028426474544,-5.172987128247811
0.05,10.0,3,101,3,1,2,2,1,20.474553677345455,142.2628553115627,-9.860513910158106,11.945171615644023,12.16765814583777,-4.556649830006636
0.05,10.0,3,102,3,1,2,2,1,24.335359037737902,143.25564488963843,-9.892461060477622,11.933124596677638,12.581166358644836,-5.187057301851321
0.05,10.0,3,103,3,1,2,2,1,26.794698208784844,142.74708948740906,-10.211765152417868,11.74194884068991,12.845366199877779,-5.535126275956205
0.05,10.0,3,104,3,1,2,2,1,23.282496057836546,142.6347208474843,-10.192875278846795,11.887084272089671,12.468249444182854,-5.007961490495813
0.05,10.0,3,105,3,1,2,2,1,23.62309528943134,142.67125062625374,-9.607973522218884,11.55281088672662,12.504765459588837,-4.676859156690724
0.05,10.0,3,106,3,1,2,2,1,25.91938369728112,143.28559270603697,-10.537765501343605,12.019205757553664,12.75126265098788,-5.60531225630811
0.05,10.0,3,107,3,1,2,2,1,23.21489824710618,143.4112858292531,-9.960126139651662,12.156293392303,12.461003618780884,-5.198873658547284
0.05,10.0,3,108,3,1,2,2,1,24.831655817218152,142.70469739233596,-9.45615359902763,11.961400548307914,12.634432251224354,-5.400671577511967
0.05,10.0,3,109,3,1,2,2,1,23.933387267127024,142.43915049615774,-10.450727242603671,12.034219538717657,12.538042521568354,-5.341723303767271
0.05,10.0,3,110,3,1,2,2,1,30.796758776124904,143.06449985896407,-10.161888763222994,11.388015221294404,13.27662226850096,-5.884081200331007
0.05,10.0,3,111,3,1,2,2,1,21.600338204927755,142.4767417863676,-10.026191035770946,12.109730424893177,12.288077206231488,-4.9501278148154535
0.05,10.0,3,112,2,0,2,2,1,22.216434840231962,143.5095460749325,-10.288792730244994,12.45299249350979,12.354032443450134,-5.329266588853756
0.05,10.0,3,113,3,1,2,2,1,23.761701593972486,143.37455106449613,-10.516026633907842,12.377029398739115,12.51962898667639,-5.573514179066183
0.05,10.0,3,114,3,1,2,2,1,23.953603497586037,142.5123609980077,-9.707475160008775,11.999150906654437,12.540210939597063,-5.29425333257778
0.05,10.0,3,115,2,0,2,2,1,18.31549426722412,143.20404183451578,-10.292394229067998,12.072189427430185,11.937076484108902,-4.126901160999079
0.05,10.0,3,116,3,1,2,2,1,26.46315195369726,143.54523725346783,-9.70614346470028,11.446984974908473,12.809712998700922,-5.004931998125421
0.05,10.0,3,117,3,1,2,2,1,25.97428332311194,143.44533361362994,-10.280370830015977,11.884832554706772,12.757162507502745,-5.436004089959434
0.05,10.0,3,118,3,1,2,2,1,27.780479587724848,142.7100352041895,-10.093073689323342,11.977887427667428,12.951439887189983,-6.0159126932621945
0.05,10.0,3,119,3,1,2,2,1,20.95128715944737,142.383290729388,-9.76842850362994,11.852244828685004,12.218635966624106,-4.526738970544073
0.05,10.0,3,120,3,1,2,2,1,28.449484249654883,143.01575374136294,-10.025026615007205,11.72467275425913,13.023484028841924,-5.8113915933688585
0.05,10.0,3,121,3,1,2,2,1,20.394897347646893,143.00565339768517,-9.876616125509704,12.054071277717282,12.159142634188811,-4.561343918536111
0.05,10.0,3,122,3,1,2,2,1,29.181365510280145,143.35746462081266,-10.462326222914324,11.783869286318371,13.10235189456681,-5.979450966501052
0.05,10.0,3,123,3,1,2,2,1,30.059482632794932,142.70209908994642,-9.662561498736968,11.58164356649717,13.197050835297025,-6.01411055943207
0.05,10.0,3,124,3,1,2,2,1,27.875062869794434,143.5675378680812,-10.179344394263442,11.329691853980242,12.961622635656347,-5.150456951416388
0.05,10.0,3,125,3,1,2,2,1,20.782691145065233,143.05589838025693,-10.125614090414334,12.200357201209313,12.200605096496375,-4.8060875300666845
0.05,10.0,3,126,2,0,2,2,1,18.269636538702983,142.9498320118628,-10.257100359431249,12.395135414374344,11.932184147875061,-4.536889462582252
0.05,10.0,3,127,3,1,2,2,1,27.020216464780837,143.2576336609076,-10.34000910950257,12.1551826249544,12.869623999163485,-5.990701653162693
0.05,10.0,3,128,3,1,2,2,1,28.580676250763094,143.7304447859386,-10.223681790375416,11.449826394220329,13.037617293390172,-5.412330921076124
0.05,10.0,3,129,3,1,2,2,1,23.844791929876543,142.97455724603634,-10.048926670206809,12.431286085869313,12.528540168226781,-5.711140837795678
0.05,10.0,3,130,3,1,2,2,1,24.808429382890186,143.32906070227864,-9.949114053242578,11.735630690177004,12.631938872788837,-5.040036701545387
0.05,10.0,3,131,3,1,2,2,1,24.116981725450685,142.61272853219631,-9.618096750203044,11.613387549037583,12.557736624875302,-4.858115746937008
0.05,10.0,3,132,2,0,2,2,1,21.17824042897812,143.41478296207538,-10.323925214402234,12.52678459579073,12.242912556967907,-5.218137059960471
0.05,10.0,3,133,2,0,2,2,1,16.35852313750335,142.47425931025964,-10.443729491412016,12.567713449055933,11.728486856314943,-4.417708056511399
0.05,10.0,3,134,3,1,2,2,1,21.8535587408746,142.74081499127448,-10.163488765260611,11.923309042991361,12.315180636904946,-4.743609353572316
0.05,10.0,3,135,3,1,2,2,1,25.581372869684607,143.04866098920317,-10.026283869678752,11.495694712838214,12.714944698070532,-4.954502019755816
0.05,10.0,3,136,3,1,2,2,1,22.937979943108076,143.45191827666915,-9.833513690598377,11.802084002299477,12.43132555279251,-4.718924592639307
0.05,10.0,3,137,2,0,2,2,1,21.92087113616548,142.58626068250646,-10.335546150009145,12.449191598946422,12.322386511920817,-5.397747884437407
0.05,10.0,3,138,3,1,2,2,1,33.29733482895253,142.89588033368472,-8.96624433557706,10.871015361675864,13.54691681148418,-5.805397013663598
0.05,10.0,3,139,2,0,2,2,1,17.258885524744883,142.6955051329037,-10.435348966690675,12.45101249595648,11.824406356126826,-4.432535883826451
0.05,10.0,3,140,3,1,2,2,1,26.09142596117752,143.19163912131944,-9.861942216267106,11.40976647641421,12.769752418848698,-4.9361217923313685
0.05,10.0,3,141,3,1,2,2,1,21.046039139476882,142.47033562879417,-10.028010608272949,12.07862878452185,12.228770696524728,-4.801210670815252
0.05,10.0,3,142,3,1,2,2,1,23.358617940058373,143.1220651296427,-9.590185689377886,12.169798886672973,12.476409525697559,-5.285735851945018
0.05,10.0,3,143,2,0,2,2,1,19.003715039380044,142.95189369872685,-10.201200667715964,12.338354507798236,12.010525075246042,-4.61998087225729
0.05,10.0,3,144,3,1,2,2,1,25.941061898051586,143.28443317601642,-10.037254889058072,12.143727111222399,12.753592288891005,-5.755525292725333
0.05,10.0,3,145,2,0,2,2,1,21.472878564633632,142.64820934032284,-10.576847263415349,12.38026644694284,12.274437053183824,-5.217063953329673
0.05,10.0,3,146,3,1,2,2,1,31.442499881794767,143.65214154992023,-10.019821384890331,11.64857097902104,13.346360617895483,-6.235194025360615
0.05,10.0,3,147,3,1,2,2,1,25.339161616588687,143.03054944377226,-9.753145364017332,10.920796090027178,12.688927233024824,-4.222432754333611
0.05,10.0,3,148,3,1,2,2,1,22.943837975759287,142.86124783373583,-10.41625727353729,11.602645787393302,12.431953292528245,-4.569230344496776
0.05,10.0,3,149,3,1,2,2,1,25.709538203609434,142.81359940155983,-10.088551694142755,11.472510422318091,12.728714189191317,-4.987176929603205
0.05,10.0,3,150,3,1,2,2,1,26.916079119340026,142.8352173768505,-9.761900142009,11.738261490134045,12.858421850868407,-5.542826815005824
0.05,10.0,3,151,2,0,2,2,1,17.5858787369243,143.5381736317407,-10.978020617151946,12.528590431205998,11.859262738014,-4.468493730432358
0.05,10.0,3,152,3,1,2,2,1,21.44890141024646,143.19926346740235,-10.661167599786186,11.823791520927179,12.271871311958494,-4.476229883020138
0.05,10.0,3,153,3,1,2,2,1,26.08417806720398,142.5860548058116,-9.770995433813114,12.135105203823631,12.768973410257317,-5.874555382665546
0.05,10.0,3,154,3,1,2,2,1,23.05552287794958,143.03703529953512,-10.311270946002422,12.223013240081409,12.443921982782461,-5.298630071846751
0.05,10.0,3,155,2,0,2,2,1,22.40361927245373,143.1109364258111,-10.407070170083458,12.58562227364089,12.374078844760904,-5.579391129812512
0.05,10.0,3,156,3,1,2,2,1,28.117910455399542,143.22240361114666,-9.586318315321748,11.935416106062096,12.987771586137045,-5.961258521669686
0.05,10.0,3,157,3,1,2,2,1,31.031819639217975,142.7402425612102,-9.374588391423485,11.1012802078919,13.302003258371279,-5.64087937308114
0.05,10.0,3,158,3,1,2,2,1,26.170666933212114,142.33410380811858,-9.747420171000734,11.472015605668332,12.778269643653173,-5.149898888399949
0.05,10.0,3,159,2,0,2,2,1,21.216176738823002,142.83069662680148,-9.525849858616658,12.630102499419083,12.246971015862002,-5.4308540684827715
0.05,10.0,3,160,3,1,2,2,1,30.379074793370425,143.1640005641917,-9.263401771980186,11.227108963417908,13.231536346191925,-5.596190788581688
0.05,10.0,3,161,3,1,2,2,1,26.05962052929171,143.13986288333368,-9.88966004836039,12.130463513814929,12.766333989326279,-5.784784710894819
0.05,10.0,3,162,3,1,2,2,1,27.307648384664173,143.08128137906778,-9.75173476621798,12.22254481419738,12.90054908061279,-6.152319060906863
0.05,10.0,3,163,3,1,2,2,1,23.79042619365534,142.70294308610764,-10.36676580114437,12.027974136978377,12.522709531342551,-5.267331227302228
0.05,10.0,3,164,3,1,2,2,1,28.797370006870135,143.03269797202688,-10.04251240519877,11.064797454398645,13.06096550008737,-5.101589523558639
0.05,10.0,3,165,3,1,2,2,1,24.473453360931583,143.42118554849827,-10.394029510275484,11.57151724912338,12.595985035895174,-4.764071406972506
0.05,10.0,3,166,3,1,2,2,1,22.636699661860266,142.468740461034,-10.201001032407401,11.833685372264961,12.399045445064887,-4.837130115068004
0.05,10.0,3,167,2,0,2,2,1,20.368419064982884,142.66873792653507,-10.458649878221198,12.20318073695116,12.156312165834208,-4.780783246867147
0.05,10.0,3,168,3,1,2,2,1,27.92115038613231,142.78303039720015,-10.183256038610947,11.760919815350617,12.966584707569883,-5.780336601334667
0.05,10.0,3,169,2,0,2,2,1,18.410323213652315,142.72195789041152,-10.051626586449332,12.547408253316036,11.947193997797125,-4.778093533216942
0.05,10.0,3,170,2,0,2,2,1,22.619381171731547,142.92925490300667,-9.559811155224999,12.512830660129085,12.39719016980222,-5.564564896892253
0.05,10.0,3,171,3,1,2,2,1,23.353999521444727,142.90127555888006,-10.41151224333163,11.78286077811597,12.47591442553129,-4.860878525607763
0.05,10.0,3,172,2,0,2,2,1,22.031561228689107,142.8149373825433,-10.22846396940126,12.359525112583619,12.334237028184534,-5.282425066046191
0.05,10.0,3,173,3,1,2,2,1,18.754455971699123,143.46206849503793,-10.176212049874604,11.496400993437968,11.983917977705545,-3.491540207881038
0.05,10.0,3,174,2,0,2,2,1,19.847066587048825,143.29657807062927,-10.25705615469399,12.254876726534587,12.100595315839023,-4.644110116385028
0.05,10.0,3,175,3,1,2,2,1,23.87871866632436,143.03091036285653,-10.111217525440056,12.035442095696379,12.532178908691266,-5.246821939776761
0.05,10.0,3,176,3,1,2,2,1,26.649219539818848,143.07339014536745,-10.305401686600755,11.441891299855616,12.829720599632685,-5.104886726072661
0.05,10.0,3,177,3,1,2,2,1,23.677967903569733,142.94536498725918,-10.553107007459031,12.192898051541265,12.510649521242826,-5.402962159745029
0.05,10.0,3,178,3,1,2,2,1,28.290169861950577,142.5962874960648,-9.893220443978063,11.203001968976329,13.006323526123767,-5.2251792318152654
0.05,10.0,3,179,3,1,2,2,1,27.543111937950005,142.95302324599552,-10.594809364482451,12.332755626162008,12.925889148245398,-6.34567096260182
0.05,10.0,3,180,3,1,2,2,1,23.843376058032337,142.64979275650956,-9.576378934502515,11.898512904431634,12.528388314440084,-5.133663835982358
0.05,10.0,3,181,3,1,2,2,1,26.642481522751428,142.6771565790913,-9.727731560939008,11.623889294695978,12.828996007667836,-5.3755621340499635
0.05,10.0,3,182,3,1,2,2,1,27.359183650869724,142.8745917004726,-10.2835895898275,11.415884623910728,12.90609470604392,-5.247346204095946
0.05,10.0,3,183,3,1,2,2,1,23.125181593240953,142.31302663923935,-10.035815814069979,11.759019557831204,12.451387590248604,-4.871204872550502
0.05,10.0,3,184,3,1,2,2,1,25.938537962407523,143.1689148831748,-9.842733713234892,12.282760406965453,12.753321052828792,-5.93365599143734
0.05,10.0,3,185,3,1,2,2,1,26.706737666662903,142.4421499712822,-10.156848236199078,11.642591265109408,12.835906165558436,-5.444367527053823
0.05,10.0,3,186,3,1,2,2,1,25.04845038068211,141.97280189371793,-9.756716691442776,11.788111933242455,12.65770800314321,-5.34644658003174
0.05,10.0,3,187,3,1,2,2,1,24.55392035001163,142.78591666757129,-9.455996257879661,11.421410669318735,12.60462071703994,-4.6946513734758595
0.05,10.0,3,188,3,1,2,2,1,20.60050609672562,142.3430376501154,-10.482407231953287,11.629638857955058,12.181124174158114,-4.195784078500943
0.05,10.0,3,189,3,1,2,2,1,27.542225358514976,142.83194193528763,-9.975503520338874,11.582253438704642,12.925793725858153,-5.486873595362459
0.05,10.0,3,190,3,1,2,2,1,23.439164995798045,142.71495519757445,-9.568109437111877,11.73369893793106,12.485044619780403,-4.847277887154281
0.05,10.0,3,191,3,1,2,2,1,25.185870910031294,142.98815436129078,-9.912857302665987,11.792387049400634,12.672464397692835,-5.233035925502806
0.05,10.0,3,192,3,1,2,2,1,29.590458105498996,142.7871458578776,-9.712051752256967,11.705628482619543,13.146459879072022,-6.052291608631491
0.05,10.0,3,193,3,1,2,2,1,22.95334102671219,143.0979215594024,-9.546045422362345,11.749664300467416,12.432971635497339,-4.711383461631385
0.05,10.0,3,194,3,1,2,2,1,23.166166803002696,142.83780753739651,-9.932021255055163,11.276681193296762,12.45578037327122,-4.229924212355906
0.05,10.0,3,195,3,1,2,2,1,27.456517716565525,143.0151522231586,-9.967847603129204,12.031104093458998,12.91656940822769,-5.968956764028923
0.05,10.0,3,196,3,1,2,2,1,28.23438699956587,142.44075333233312,-9.518468285252798,11.871053830930881,13.000315507289686,-6.0214973266575145
0.05,10.0,3,197,3,1,2,2,1,23.865865618438466,143.09045625916067,-10.00443711085803,11.753515434522162,12.53080036834176,-4.903393135745114
0.05,10.0,3,198,3,1,2,2,1,22.41525011604428,142.5980012459084,-10.319858978715246,11.641787871141823,12.375324560800038,-4.545683854361143
0.05,10.0,3,199,3,1,2,2,1,28.2007291944407,142.76067016415922,-9.705063817893391,11.421079979208292,12.996690592763246,-5.4409890150682285
0.05,10.0,4,0,4,1,2,2,1,19.61005278421891,18.308426873506725,-1.7751383559984808,2.6875077919399217,-1.1703065683358818,12.07527484401976
0.05,10.0,4,1,4,1,2,2,1,10.059801551486995,17.894550106707026,-1.7894856644388686,2.8241363214114203,-0.8236793180064265,11.059753994113551
0.05,10.0,4,2,4,1,2,2,1,14.73799755590386,18.5265025000823,-2.130094125934451,2.155653468002271,-0.6632433179758399,11.55605251960009
0.05,10.0,4,3,4,1,2,2,1,7.325140306105052,18.410960353537316,-2.4284646371333234,2.806217189503725,-0.7327558149069747,10.770663587422728
0.05,10.0,4,4,4,1,2,2,1,9.184379126973356,18.77944466110822,-1.4712661469648745,2.6339307846273536,-0.7329675514161683,10.967128082492057
0.05,10.0,4,5,4,1,2,2,1,16.36532457116941,18.097195787387715,-1.9507224803830787,2.6509066619379626,-0.998598509030116,11.729211133959277
0.05,10.0,4,6,4,1,2,2,1,14.130777850834471,18.326920280246135,-2.0563498675706904,2.058335213817372,-0.5658830014675412,11.491509003984353
0.05,10.0,4,7,4,1,2,2,1,5.622531724400864,17.916231599911267,-2.1591872697746006,2.7423019974442506,-0.5898888527387257,10.591055232832352
0.05,10.0,4,8,4,1,2,2,1,17.860055109370506,18.103586358072462,-2.3069951457781146,2.649503341023673,-1.0607661977772225,11.88849739571842
0.05,10.0,4,9,4,1,2,2,1,8.67107747262113,18.867854820513173,-2.0376529053276893,2.6939078758620134,-0.7530538791455937,10.912853052916038
0.05,10.0,4,10,4,1,2,2,1,9.477885859854364,18.734437298798962,-1.9455130613783111,2.712013485614327,-0.788785333213998,10.998174568368212
0.05,10.0,4,11,4,1,2,2,1,11.076038258041843,18.351459825868993,-2.038223208483269,2.356318524483267,-0.6177797282041508,11.167376032743807
0.05,10.0,4,12,4,1,2,2,1,12.86319143351162,18.793844795718243,-1.903846393918094,3.371822801627735,-1.3252768785452067,11.35689310938153
0.05,10.0,4,13,4,1,2,2,1,6.328363557073673,18.149053450791083,-2.295154833920964,3.2843279862253127,-0.9571477023755416,10.6654781383867
0.05,10.0,4,14,4,1,2,2,1,12.444985465401123,17.860789758582424,-2.287777780570013,3.1224551678945223,-1.0983138350820816,11.312515891667303
0.05,10.0,4,15,4,1,2,2,1,16.64745702368622,18.549883224202343,-2.0148986816897376,3.256910850827936,-1.3993057305814987,11.759259264532261
0.05,10.0,4,16,4,1,2,2,1,10.797013606256202,18.476793149058626,-1.3189590352302918,2.473442256523819,-0.6845990604906088,11.137816234068568
0.05,10.0,4,17,4,1,2,2,1,15.960096668213394,18.698880966613256,-2.758628623834868,3.137027630278883,-1.3098010076817146,11.686067025529224
0.05,10.0,4,18,4,1,2,2,1,12.921308478552763,18.144652979053298,-2.7414095558156597,2.490281875027124,-0.7615086772533778,11.363061501122456
0.05,10.0,4,19,4,1,2,2,1,9.586081215170092,18.171782018565104,-1.9765482909543126,2.530322011830931,-0.6471643725816231,11.009621422157709
0.05,10.0,4,20,4,1,2,2,1,14.214985959029907,17.854566997648547,-2.2537202942164076,3.2294220840344736,-1.2351301128016228,11.500457548877133
0.05,10.0,4,21,4,1,2,2,1,9.837641689548972,18.564631784921854,-2.27129596787396,1.991860611995066,-0.36101327462758676,11.036240584219986
0.05,10.0,4,22,4,1,2,2,1,13.239084093687644,18.715652066546088,-2.4236952621329673,2.624359324668488,-0.8931039086420341,11.396795419378707
0.05,10.0,4,23,4,1,2,2,1,17.713808670190566,18.504565937750687,-2.1545737210453617,3.0445716610788227,-1.3155458925112034,11.872902597358369
0.05,10.0,4,24,4,1,2,2,1,12.184361162387788,17.946113698608553,-2.129379365257097,2.6774156287888036,-0.8289296989392794,11.284869130552558
0.05,10.0,4,25,4,1,2,2,1,11.857956922430025,18.440551620064625,-1.580515481040878,2.197783613966565,-0.5616577389870313,11.250254185397775
0.05,10.0,4,26,4,1,2,2,1,5.348533084694432,18.572692500535467,-1.719004667928624,3.3441858584166018,-0.979869585900499,10.56217830475855
0.05,10.0,4,27,4,1,2,2,1,17.097894840846546,18.47033691929938,-1.8338014938449363,2.0448730423322035,-0.6922229649376771,11.807249278481509
0.05,10.0,4,28,4,1,2,2,1,23.90178393110664,18.457215576357328,-2.0701023023022165,2.791143895001308,-1.420885559951063,12.534652792140367
0.05,10.0,4,29,4,1,2,2,1,13.792844912590885,17.990991108603442,-2.1493108705021595,2.678202504354886,-0.8998843286443955,11.455605100405156
0.05,10.0,4,30,4,1,2,2,1,19.046483736630105,18.645369783841893,-2.4281828730935127,2.8598398545932358,-1.2713432325267253,12.015091044631248
0.05,10.0,4,31,4,1,2,2,1,15.24093045460501,18.34715098400728,-2.2003613359044873,2.403677069469553,-0.8207897661905901,11.609539313368284
0.05,10.0,4,32,4,1,2,2,1,9.398116961701568,18.406618726428334,-2.0222071293849573,2.0355441913141052,-0.3581778959143091,10.98973593323318
0.05,10.0,4,33,4,1,2,2,1,18.22282236773782,18.609475901579405,-1.3576789874413642,1.9893955254665123,-0.715564852498867,11.927189994046973
0.05,10.0,4,34,4,1,2,2,1,12.46534977598485,18.1699371267889,-2.0263966434703953,2.7142608609859153,-0.8776633890899196,11.314676406311444
0.05,10.0,4,35,4,1,2,2,1,14.421943074676891,18.206366717606617,-1.9293624891628238,2.1423522242710913,-0.6204972672769025,11.522453317096774
0.05,10.0,4,36,4,1,2,2,1,17.19665720317535,18.303022346186662,-1.4410735818132228,2.4748876944057416,-0.9424298269435166,11.817774255629503
0.05,10.0,4,37,4,1,2,2,1,18.50234843283422,18.497918075924854,-2.3423507135562014,3.076338662157023,-1.3667662810340224,11.957013249837493
0.05,10.0,4,38,4,1,2,2,1,12.899629142010776,18.758207901930973,-2.0191028177083727,2.817197833602165,-0.9964505771745841,11.360760472870398
0.05,10.0,4,39,4,1,2,2,1,16.21604383232552,18.39127785286635,-2.2216737939062154,2.70445079169668,-1.0438272178801327,11.713315461623981
0.05,10.0,4,40,4,1,2,2,1,8.004262932348782,18.438206244109296,-1.5889842179319742,2.6966039529054835,-0.6978623088485277,10.842385656105193
0.05,10.0,4,41,4,1,2,2,1,12.916749685909439,18.60034969859133,-2.1680856729290845,2.558584695658413,-0.8326756252784853,11.362577630399171
0.05,10.0,4,42,4,1,2,2,1,20.839882417087725,18.330918895073378,-2.162438817195243,2.84209426847668,-1.3148014996899746,12.20672121766118
0.05,10.0,4,43,4,1,2,2,1,17.769314842126075,18.126173316449634,-2.020635035025646,2.44561567101826,-0.9370951669095052,11.878821169688921
0.05,10.0,4,44,4,1,2,2,1,22.37953011530091,18.597569783530343,-2.2605167172499407,2.545881797245759,-1.221265216239355,12.371498830818373
0.05,10.0,4,45,4,1,2,2,1,6.945730226175986,18.611442601697025,-1.675035955731188,2.4531344301321614,-0.5194604908423195,10.730614337246472
0.05,10.0,4,46,4,1,2,2,1,8.595648405191271,19.142654712222,-1.771430154560411,2.28147827763118,-0.5217342608867555,10.904879639304896
0.05,10.0,4,47,4,1,2,2,1,15.065933911101466,18.72861441933764,-1.3397281226689168,2.414129619172913,-0.8453221879786391,11.590925564181557
0.05,10.0,4,48,4,1,2,2,1,13.321489622999549,18.262038561558374,-1.6378802988294467,2.5904621557355534,-0.8460423969242601,11.405544962880592
0.05,10.0,4,49,4,1,2,2,1,13.372556082577324,18.668829132570405,-1.989763502287999,2.5422665527826878,-0.8466745131270378,11.41096737365688
0.05,10.0,4,50,4,1,2,2,1,15.10758388898288,18.697658451653734,-2.0271292673386174,2.808510259445427,-1.0797122621371031,11.59535544012065
0.05,10.0,4,51,4,1,2,2,1,7.5058687942594595,18.22837351274878,-2.2598880093370988,2.8752492833928467,-0.7692058878689298,10.789745770868683
0.05,10.0,4,52,4,1,2,2,1,5.3993219596472475,18.61563069655042,-1.2729935684100042,2.3399239273034227,-0.3867469729842827,10.56753041412862
0.05,10.0,4,53,4,1,2,2,1,8.289936614318052,18.104898919368654,-1.8107953401240555,2.917608035093775,-0.8190726004261139,10.872569497562365
0.05,10.0,4,54,4,1,2,2,1,8.112518246350199,18.838468444806896,-1.856803067671563,2.660933734386733,-0.7079699526098864,10.853822778862096
0.05,10.0,4,55,4,1,2,2,1,13.205943532617137,18.77409614099411,-1.4076871747873225,2.1762383047340053,-0.6278563294814107,11.393276859191559
0.05,10.0,4,56,4,1,2,2,1,15.590954225299479,18.17706513633308,-1.85893772810258,2.17772778342767,-0.6889015676894532,11.646779391845314
0.05,10.0,4,57,4,1,2,2,1,17.1140112090094,17.68057760601866,-1.959351471064379,2.375485092052939,-0.8379093999307441,11.80896671133784
0.05,10.0,4,58,4,1,2,2,1,15.484123204638154,18.86799270039466,-1.7296742979610826,2.617646179336961,-0.9934743058357299,11.635412001949534
0.05,10.0,4,59,4,1,2,2,1,18.943620211347948,18.145518155124538,-2.354697333621405,2.8689187492329604,-1.2390736842083891,12.004109689404974
0.05,10.0,4,60,4,1,2,2,1,13.724790653539245,18.545216117000784,-0.7906872199178941,1.9786209671781148,-0.5156388071712913,11.448376030437874
0.05,10.0,4,61,4,1,2,2,1,14.44824506428079,18.73269195069446,-1.330652616301766,2.562280174285691,-0.9080609433867101,11.525249049813961
0.05,10.0,4,62,4,1,2,2,1,8.146304673864053,18.242405140958038,-1.6588623223915657,2.655387452937653,-0.6660959154959027,10.857392540587623
0.05,10.0,4,63,4,1,2,2,1,18.485572654265813,18.583669930348773,-2.2843017934062213,2.5924170611270907,-1.0851060868400342,11.955223180696153
0.05,10.0,4,64,4,1,2,2,1,0.5303375147725874,17.69379429987205,-2.0890417301553112,2.6438949668512786,-0.25679212080854275,9.944412829606872
0.05,10.0,4,65,4,1,2,2,1,12.936259040786764,18.309938128271913,-2.98659977124676,3.2536776660647098,-1.2263244565269733,11.364648370099681
0.05,10.0,4,66,4,1,2,2,1,15.212552640626868,18.184293158759296,-2.041767028254051,2.7205440362142443,-0.9975300081095863,11.606520657061072
0.05,10.0,4,67,4,1,2,2,1,9.60053890064856,19.015566714520247,-1.7773575090913545,3.0696330835890873,-1.0251975406496623,11.011151105985508
0.05,10.0,4,68,4,1,2,2,1,18.160537319743526,17.74765264101151,-1.690119048055656,2.6323882830980154,-1.0394246363016482,11.920545746537732
0.05,10.0,4,69,4,1,2,2,1,18.00033254818759,18.62185207570499,-1.991598398430821,3.0346754942200707,-1.3294998055440665,11.903457740100446
0.05,10.0,4,70,4,1,2,2,1,6.419413439606596,18.310962443437234,-1.808123852994038,2.5885062357145827,-0.5581035207717324,10.675082083902103
0.05,10.0,4,71,4,1,2,2,1,15.24842675223926,18.490648075233086,-2.640824779238169,3.0364448732526785,-1.2067562463384311,11.610336736771366
0.05,10.0,4,72,4,1,2,2,1,8.106116505846508,18.22550913398559,-1.819080507708673,2.761967741679075,-0.7268168262753697,10.853146405174684
0.05,10.0,4,73,4,1,2,2,1,14.500376486267921,17.523289275708475,-1.8070941635578355,2.2321215230938476,-0.6317805215351393,11.53079049257004
0.05,10.0,4,74,4,1,2,2,1,11.511132512812809,18.387841804815046,-1.482482858566454,2.0277770783071687,-0.44134661266573966,11.213485493583962
0.05,10.0,4,75,4,1,2,2,1,17.48870610347708,18.342075978650787,-1.7794473065046026,2.6688625297713195,-1.0727131219166302,11.848903326075636
0.05,10.0,4,76,4,1,2,2,1,24.27182984145868,18.311350190535542,-1.5893300550413985,2.3147860678323466,-1.143835431453013,12.574349798901263
0.05,10.0,4,77,4,1,2,2,1,14.671557135708204,18.521899364954752,-2.171213773085669,2.689333775641203,-0.9788810460540911,11.548988513807272
0.05,10.0,4,78,4,1,2,2,1,20.031018816109935,18.3468702325228,-2.000729834263419,2.5333457381815694,-1.098855566674655,12.120251098190042
0.05,10.0,4,79,4,1,2,2,1,3.558491567479052,18.05731214982673,-1.1714959460421872,1.9923436094896214,0.23943073838192602,9.627555431154278
0.05,10.0,4,80,4,1,2,2,1,2.4472381641112055,17.66008359141467,-1.845881347012316,2.822486914896856,-0.4869053453485904,10.25687083531872
0.05,10.0,4,81,4,1,2,2,1,13.408321988860791,18.61126920863431,-2.421012036683289,2.8235696424971772,-1.011682743145945,11.414765276674913
0.05,10.0,4,82,4,1,2,2,1,18.40252631548696,18.57043344295814,-1.7783112780894204,2.4616915554568983,-1.0029652154928892,11.946362094684133
0.05,10.0,4,83,4,1,2,2,1,22.623604912673816,18.864539424927553,-2.3340967412701414,2.892932154452829,-1.4548462097706354,12.39764264303329
0.05,10.0,4,84,4,1,2,2,1,6.146263865069327,18.609076035765675,-1.7462750405021445,2.655706425867935,-0.6067969631284394,10.646272755165558
0.05,10.0,4,85,4,1,2,2,1,14.955270752647438,17.593523558782127,-2.376917796338516,2.483102961140172,-0.8057042863361256,11.579156326681208
0.05,10.0,4,86,4,1,2,2,1,9.316354638936913,18.23361511716573,-1.4226603352787495,1.9816923124758552,-0.3106764877671485,10.981087082417753
0.05,10.0,4,87,4,1,2,2,1,10.264922495319142,18.580178339233353,-2.7998053283204625,3.137923648452824,-1.0642466905666559,11.081468425198887
0.05,10.0,4,88,4,1,2,2,1,8.965856347036961,18.731306454749173,-1.657556754281483,2.2713912039308277,-0.5036249372322057,10.944018871039225
0.05,10.0,4,89,4,1,2,2,1,8.769424712724398,18.17089488477322,-1.779164200470123,2.1358393988854227,-0.3761935005040074,10.923249948854114
0.05,10.0,4,90,4,1,2,2,1,17.11586678235274,18.220731655025165,-1.9565958467760363,2.957091314285712,-1.2199224145446907,11.80916445129319
0.05,10.0,4,91,4,1,2,2,1,26.325863465823303,18.570802334738268,-1.9559869708263449,1.9037871298845304,-1.0015460671717824,12.794952824216976
0.05,10.0,4,92,4,1,2,2,1,20.310702970705076,17.851773579481755,-1.8145757171421941,2.592324747335513,-1.1125666008731074,12.150142693818074
0.05,10.0,4,93,4,1,2,2,1,16.50720775057592,18.171195149204177,-2.046580063458878,2.6494745474760295,-1.0086329841970478,11.744321197759538
0.05,10.0,4,94,4,1,2,2,1,12.83331617043321,17.6331464308926,-2.240182389928775,2.4291604566434244,-0.6870133667112986,11.35372235975776
0.05,10.0,4,95,4,1,2,2,1,11.516293942022928,18.399272297760977,-2.050046820589515,2.164419443287881,-0.5244342323382971,11.214032594931378
0.05,10.0,4,96,4,1,2,2,1,19.013481730265816,18.160190535385063,-2.0486970891008873,3.0495984427088745,-1.3498310848797845,12.011567746945362
0.05,10.0,4,97,4,1,2,2,1,9.321449259748038,18.395199364771376,-1.416582346483295,2.3040387116169807,-0.5156062259764446,10.981625973731143
0.05,10.0,4,98,4,1,2,2,1,8.963485964905686,18.21142122027629,-1.5811667605190496,3.1066920747670115,-0.9666768273701384,10.943768224878468
0.05,10.0,4,99,4,1,2,2,1,10.28573635313138,18.266364698924313,-1.4717630559454706,2.178115866528324,-0.47195640091711066,11.083672050713375
0.05,10.0,4,100,4,1,2,2,1,20.5544457124772,18.32151544449183,-2.714754904350193,2.491493715714268,-1.094104909599858,12.176199504537038
0.05,10.0,4,101,4,1,2,2,1,14.983558696271926,18.16519210497744,-2.291181575629487,2.7807360985361647,-1.022404869858573,11.582164685219665
0.05,10.0,4,102,4,1,2,2,1,24.515263450735805,18.333952531042467,-2.1170075278176035,2.6538857772437847,-1.3570001899057496,12.60047199330334
0.05,10.0,4,103,4,1,2,2,1,7.913785055890771,18.166719997701307,-1.265708530882859,2.1426261102503013,-0.3439590825663834,10.832827616474605
0.05,10.0,4,104,4,1,2,2,1,9.683532532397203,18.51193868333561,-1.9951673953942786,2.6292134918576346,-0.7331349785145355,11.019932588503172
0.05,10.0,4,105,4,1,2,2,1,15.015420971027723,18.304083848883653,-1.4382661983464753,2.8340018952494157,-1.0647200766042433,11.58555326288459
0.05,10.0,4,106,4,1,2,2,1,16.875753340852896,18.470497928192117,-1.536112958198368,2.0854180040001022,-0.7072532706766782,11.783579566273753
0.05,10.0,4,107,4,1,2,2,1,5.73995129694665,19.2363110046642,-1.4865351808205338,2.3599292454733445,-0.4548533696456184,10.603432480684216
0.05,10.0,4,108,4,1,2,2,1,16.268408302517557,18.613663463926038,-1.7712471719963703,2.629088459199092,-1.016122379212885,11.71889106383174
0.05,10.0,4,109,4,1,2,2,1,15.170343092617683,18.382521107763157,-1.9534965813865188,3.474417835298576,-1.4544779777911891,11.602030817483785
0.05,10.0,4,110,4,1,2,2,1,16.25594478609606,18.384942995116514,-1.647913688864092,2.240112845735838,-0.7681725105632174,11.717563963017033
0.05,10.0,4,111,4,1,2,2,1,12.26566156376664,18.571919467651597,-2.0000704187613003,2.6777042067401937,-0.87445117845769,11.293492657489429
0.05,10.0,4,112,4,1,2,2,1,19.765688472453288,18.092143826808087,-2.0238273075598707,2.818319370271935,-1.2399278706639876,12.091900948419276
0.05,10.0,4,113,4,1,2,2,1,18.271213750022863,18.203180810741873,-2.631680279774742,3.243579854225123,-1.4360501725718768,11.932352409267653
0.05,10.0,4,114,4,1,2,2,1,3.568907510598571,18.82340978780591,-1.9906497608044775,3.1352328748248177,-0.7982719319967672,10.37480563351508
0.05,10.0,4,115,4,1,2,2,1,14.270903217931265,18.28254130705091,-2.277069459907403,2.6905474725788596,-0.9467835739602755,11.506400106274603
0.05,10.0,4,116,4,1,2,2,1,15.925634390797578,18.312481231314887,-1.6450762149813545,2.310844664760523,-0.7917674749657719,11.68239863867664
0.05,10.0,4,117,4,1,2,2,1,3.6533952028775127,18.06477320642571,-1.3310953170930317,2.1869881359148633,-0.183973440669552,10.38369396359776
0.05,10.0,4,118,4,1,2,2,1,16.141340800845725,18.173356853560858,-1.9476019884410458,2.7875804917620326,-1.0755259944231077,11.705361802112897
0.05,10.0,4,119,4,1,2,2,1,17.07686667679652,18.170512952966515,-1.944123982689581,2.600376370578171,-1.0032496757081857,11.805008462174925
0.05,10.0,4,120,4,1,2,2,1,9.385622558889105,18.42317951170095,-1.5316308653687551,2.71152342538082,-0.7637841990031018,10.988414226737673
0.05,10.0,4,121,4,1,2,2,1,15.776192053974361,18.227398953303766,-2.0886286514917525,2.508748734352955,-0.8979424536753964,11.666492427538156
0.05,10.0,4,122,4,1,2,2,1,20.027081886113553,18.43629737645842,-1.919997241361008,2.6894884907568053,-1.1974478669146684,12.119830390715219
0.05,10.0,4,123,4,1,2,2,1,10.113863978585233,18.947191956003113,-2.3748284150445604,2.6262439009226917,-0.7785948097139956,11.065476717102099
0.05,10.0,4,124,4,1,2,2,1,20.806295100273772,18.613745704366252,-1.566616744742085,2.020029291950418,-0.8426911079397038,12.203129298777814
0.05,10.0,4,125,4,1,2,2,1,18.484001606508574,18.215311203882425,-1.9045901992091558,2.488854997112356,-0.9987970744344528,11.95505554260353
0.05,10.0,4,126,4,1,2,2,1,15.77817415282649,18.415549694924806,-1.9907315820398248,2.0312976431775893,-0.6248985933932858,11.666703381596005
0.05,10.0,4,127,4,1,2,2,1,12.02924719270989,18.9410224949912,-1.8666557776326462,2.7726971102915927,-0.9457790085661317,11.268418057981009
0.05,10.0,4,128,4,1,2,2,1,19.987789830198494,18.67263125648454,-2.143255432461188,2.7369605328578595,-1.2397208456288134,12.115631656904007
0.05,10.0,4,129,4,1,2,2,1,3.503682928130611,18.31628007100522,-2.2836447543271885,1.9862095875594898,-0.07339079241752741,10.367944323393159
0.05,10.0,4,130,4,1,2,2,1,11.162773553916589,18.076163397565256,-1.9549763211356173,1.7557573065525707,-0.2415275178461851,11.1765663490546
0.05,10.0,4,131,4,1,2,2,1,13.526397253036938,18.73252099638272,-1.9601003599963505,2.6156952028526717,-0.9011614324126267,11.427304348842316
0.05,10.0,4,132,4,1,2,2,1,15.230499141771782,19.09254742272766,-2.1162721226211167,2.453619346333621,-0.9001087057417793,11.608429685346746
0.05,10.0,4,133,4,1,2,2,1,9.678654743395084,18.751336927625886,-1.662256118204227,2.565239776449514,-0.7108369217653825,11.01941645476475
0.05,10.0,4,134,4,1,2,2,1,14.338415297795517,18.356561298785095,-1.5631414026512838,2.1985747451707978,-0.6608224106847267,11.513575315085177
0.05,10.0,4,135,4,1,2,2,1,3.343398930903457,18.482054700214235,-1.6264779276027566,2.990268123514105,-0.6798207413887534,10.35108503520415
0.05,10.0,4,136,4,1,2,2,1,15.373683395761912,18.40390008613895,-1.9673887492301505,2.2450255161130808,-0.7353025586005333,11.62366183443877
0.05,10.0,4,137,4,1,2,2,1,16.830423814086316,18.12613654773018,-1.9112305603084734,2.1598144092955853,-0.7268247915705573,11.778750211562652
0.05,10.0,4,138,4,1,2,2,1,11.422011867632358,18.345192563901605,-2.334304274948476,3.296734792111221,-1.1908288869783512,11.204039304857611
0.05,10.0,4,139,4,1,2,2,1,25.066457215594085,18.55395497152937,-1.9718628032433696,1.975258873926377,-0.9904640962182685,12.659641490381492
0.05,10.0,4,140,4,1,2,2,1,16.233282357362718,18.30006805969507,-2.0563564176800773,2.8884862695858393,-1.1476778048970449,11.715150934206964
0.05,10.0,4,141,4,1,2,2,1,11.76283462303977,18.844672570817444,-2.38058588625636,3.0498390559598256,-1.0925388431836611,11.24016855720033
0.05,10.0,4,142,4,1,2,2,1,16.810683838943596,19.03102050297428,-1.7381018978521883,2.9223587047857644,-1.240710031813725,11.776647202935179
0.05,10.0,4,143,4,1,2,2,1,14.327471881556866,19.12873751876443,-1.7412907234426507,2.945020703446538,-1.1568220269276774,11.512412213406904
0.05,10.0,4,144,4,1,2,2,1,11.348581007773081,18.427667354988984,-2.1557676306727367,2.672106110941927,-0.8229582673247962,11.196256730697964
0.05,10.0,4,145,4,1,2,2,1,15.911977989264408,18.800615032358902,-2.21342599988631,2.367100569049103,-0.8574844274552053,11.680944996641577
0.05,10.0,4,146,4,1,2,2,1,11.257309841636955,18.359802700885016,-1.385393359264659,1.5930884914792272,-0.1662181240379638,11.186584109811832
0.05,10.0,4,147,4,1,2,2,1,4.541626851258,17.528910746097903,-1.9421590816191985,2.4266641471971258,-0.3294207529905433,10.477181625894893
0.05,10.0,4,148,4,1,2,2,1,17.65019425919729,18.38786293271228,-2.667737055429664,2.8538147855781735,-1.192206512025886,11.866119835963204
0.05,10.0,4,149,4,1,2,2,1,10.05821887703846,18.468252202077498,-2.1442809918471415,2.131825663583852,-0.4480756228853981,11.059586466169252
0.05,10.0,4,150,4,1,2,2,1,12.79363840369497,18.108661408300605,-1.5257054255684899,2.83768872132973,-0.960758161551612,11.349511381139282
0.05,10.0,4,151,4,1,2,2,1,12.46943911445916,18.14704807167575,-2.345409082933369,3.2193818369408413,-1.1757415012041605,11.315110262325447
0.05,10.0,4,152,4,1,2,2,1,14.023256261911468,18.334136584550144,-1.7281701430825243,1.8623879157840955,-0.44393465269168975,11.480084048852396
0.05,10.0,4,153,4,1,2,2,1,13.012800409399217,18.87085489486695,-2.23948497637579,2.5340893361603385,-0.8402166645138506,11.37277290865141
0.05,10.0,4,154,4,1,2,2,1,9.988155165074446,18.334534765291124,-1.408300673319263,2.8627901208823743,-0.873168576077318,11.052170393397208
0.05,10.0,4,155,4,1,2,2,1,17.35421138859514,18.304166272965745,-2.186806431216902,2.336912672428325,-0.8667027588435884,11.834566652323568
0.05,10.0,4,156,4,1,2,2,1,2.4036436859102577,18.812313202348943,-2.459035897424135,2.3363996585684816,-0.27141966421609864,10.252289760202842
0.05,10.0,4,157,4,1,2,2,1,3.3348948325074717,18.319892781344652,-2.4633290316640766,3.4209718681637744,-0.9238573172583814,10.350190613327488
0.05,10.0,4,158,4,1,2,2,1,22.85966031146572,18.205494847601614,-1.9577092250960024,2.6919747012821,-1.3018927218069956,12.422933251891637
0.05,10.0,4,159,4,1,2,2,1,14.056408096142208,18.30267657482632,-1.475256668004488,2.2259545657211777,-0.6617697154964464,11.483606548835423
0.05,10.0,4,160,4,1,2,2,1,11.304072503823248,19.0832696342336,-1.5708456888076108,2.585738840240038,-0.8135974153993133,11.191539759314166
0.05,10.0,4,161,4,1,2,2,1,12.459516841580633,18.10760193235411,-2.4521060849767484,2.310941124756177,-0.6323730081328163,11.314057567416015
0.05,10.0,4,162,4,1,2,2,1,6.7137422230727255,18.821307561754686,-1.4098970096782526,2.685468112525675,-0.6627033021142281,10.706133598866462
0.05,10.0,4,163,4,1,2,2,1,15.49068503419161,18.075963349090976,-2.0700376167653864,2.039420996893309,-0.5948732553921867,11.636110182219193
0.05,10.0,4,164,4,1,2,2,1,21.78966249633975,18.920399699663278,-2.021253719267723,2.9022060640210015,-1.4292882553760977,12.30834089273113
0.05,10.0,4,165,4,1,2,2,1,10.833194533199222,17.955892814318364,-1.7520220391057568,2.5025885857669197,-0.6685447666409556,11.141648788443186
0.05,10.0,4,166,4,1,2,2,1,19.674587579229236,18.321467702766345,-1.9038858611015768,3.0728496361719855,-1.4019071336780822,12.08216860771754
0.05,10.0,4,167,4,1,2,2,1,19.09563961898742,17.973508066639234,-2.318279379350314,2.298127910084737,-0.8944180096454278,12.020339137296443
0.05,10.0,4,168,4,1,2,2,1,17.060529302868453,17.727483207922877,-2.455473663319724,2.5708992516411517,-0.9553295643023205,11.803267539765285
0.05,10.0,4,169,4,1,2,2,1,12.901422824501354,18.438907138197287,-1.7270479721966037,1.6636638502764416,-0.2836794306510751,11.360950851158295
0.05,10.0,4,170,4,1,2,2,1,11.7558058817556,17.40087525481229,-1.9664408340637929,2.0426867456647635,-0.39417828418702916,11.239423350020724
0.05,10.0,4,171,4,1,2,2,1,9.813465936547136,18.59474933608598,-1.3516597495597316,1.7548825272288844,-0.2190406247473842,11.033682121786507
0.05,10.0,4,172,4,1,2,2,1,19.368529804202865,18.6105738260479,-1.5046077118324646,2.8920375421932807,-1.3016076397645735,12.04947853477965
0.05,10.0,4,173,4,1,2,2,1,5.783601508931074,18.10966040744518,-2.379138639295248,2.439936661279205,-0.42879997976444995,10.608034021569868
0.05,10.0,4,174,4,1,2,2,1,20.39298646706436,18.41623105799161,-1.7715246482991245,2.8987647328544797,-1.3353881989894094,12.158938362997587
0.05,10.0,4,175,4,1,2,2,1,14.578988985173531,18.348724565945748,-1.8035222898630954,1.9453787066864132,-0.5183032381869751,11.53914732975397
0.05,10.0,4,176,4,1,2,2,1,8.78878628574565,18.431823589452662,-2.5639120449891846,2.328607930555092,-0.5102807107638537,10.925296895486463
0.05,10.0,4,177,4,1,2,2,1,10.491584666589882,18.271000503413635,-2.484056225716799,2.61116418573091,-0.740109004534662,11.105468182913208
0.05,10.0,4,178,4,1,2,2,1,18.592716046817973,18.479411982854966,-2.112152390338763,2.45072960527612,-0.9982835281178375,11.966656470647532
0.05,10.0,4,179,4,1,2,2,1,7.422334414574259,18.229460168206483,-1.9052340473623766,2.7219129683164076,-0.6744632692501521,10.780925400570219
0.05,10.0,4,180,4,1,2,2,1,8.389694207209619,18.56105519851757,-2.055548669661657,2.1569228754051437,-0.39910612655412475,10.883111667409953
0.05,10.0,4,181,4,1,2,2,1,16.203387656650797,18.027441373042176,-1.618172729199141,2.3666345285368804,-0.8176763467192831,11.711967914054517
0.05,10.0,4,182,4,1,2,2,1,13.853090569443921,18.27982476387967,-1.5201935696071431,2.5670759870627524,-0.8556075567859804,11.462005092173587
0.05,10.0,4,183,4,1,2,2,1,13.386439990399882,18.102402514881646,-1.622184118245924,1.5056772902597224,-0.18578295835672068,11.412441659954688
0.05,10.0,4,184,4,1,2,2,1,8.067327756998052,18.5827001582506,-2.278754641383593,2.7493785915313267,-0.7416072811062667,10.8490482815346
0.05,10.0,4,185,4,1,2,2,1,16.341232581484206,18.604325816064623,-2.2239658494547703,3.416949306548547,-1.4842852609716937,11.726645624007256
0.05,10.0,4,186,4,1,2,2,1,9.215269263821344,18.24582243955792,-2.195757002734307,2.441172173217178,-0.5832005624907171,10.970395163180708
0.05,10.0,4,187,4,1,2,2,1,8.740409468026728,18.636507769377534,-0.7873609597853661,1.7993707214909769,-0.20349159695323737,10.920182466262013
0.05,10.0,4,188,4,1,2,2,1,10.561367456529016,18.040632251392434,-2.2989406476543937,2.5091339516427063,-0.666672245809283,11.112858064745591
0.05,10.0,4,189,4,1,2,2,1,11.59548109715936,18.32210460691758,-2.0772760433957327,2.5253283109958486,-0.7387071276389432,11.22242661507563
0.05,10.0,4,190,4,1,2,2,1,6.9327986379358695,18.792015142770726,-1.6250565408839286,1.8543493430324849,-0.17079555781978403,10.729249577547167
0.05,10.0,4,191,4,1,2,2,1,9.893216325501749,18.312137908940972,-1.5294696814523507,2.3266249247265494,-0.5476250883889326,11.042122139273358
0.05,10.0,4,192,4,1,2,2,1,11.176374756485803,18.322242177218534,-2.0490048224717015,2.8018284791476176,-0.8858916609441878,11.178007576983388
0.05,10.0,4,193,4,1,2,2,1,7.685786425313722,17.624523735978038,-1.6480368616048877,2.548953532122055,-0.5416308668294018,10.808745605269303
0.05,10.0,4,194,4,1,2,2,1,11.119428661428591,18.222118126805398,-2.334924677886322,3.046752623591078,-1.02215111435211,11.171973507058173
0.05,10.0,4,195,4,1,2,2,1,14.811757298005594,18.0092082377509,-2.1496996294649544,2.095335890744117,-0.5954092648490849,11.563895246317859
0.05,10.0,4,196,4,1,2,2,1,18.138645712768128,18.122183747430697,-1.7271179820017277,2.7596517874675706,-1.1391378376309844,11.918210556550363
0.05,10.0,4,197,4,1,2,2,1,16.116912431552894,18.22726363390571,-1.972922012223231,2.600192845210637,-0.96671069651661,11.702761027427048
0.05,10.0,4,198,4,1,2,2,1,24.887914217963964,18.360396082597443,-1.9381272431374825,2.851195298764148,-1.4910716529261068,12.640471869476944
0.05,10.0,4,199,4,1,2,2,1,7.353839646275594,18.330042820873853,-1.6185282654571798,2.348572016804818,-0.45505670813714305,10.773693582325734
0.2,5.0,1,0,1,1,1,1,1,30.44179769199757,38.85370765976917,6.571162364765244,1.6013132346682974,-0.4004642264236577,-1.4342003285594798
0.2,5.0,1,1,1,1,1,1,1,27.287652149996088,14.63621649383386,3.6113272123890976,1.9893760206624498,-0.7812920978672598,-1.0165230302772463
0.2,5.0,1,2,1,1,1,1,1,25.492824349183174,19.733851595399845,6.31414475776481,-0.3649016502630359,0.5955331605751425,-0.8747764714709403
0.2,5.0,1,3,1,1,1,1,1,18.200583327038334,12.914580464289335,4.071717795959242,1.0109954513030945,-0.24122204565206726,-0.8626236489533318
0.2,5.0,1,4,1,1,1,1,1,7.387138198115025,10.689073337584842,4.622240499034764,-0.15668044349604066,0.3621656697654275,-0.6151194865435037
0.2,5.0,1,5,1,1,1,1,1,70.7009621861678,61.542146280784856,1.4397711464049758,1.0429544119509633,-0.793732690671113,0.5189455007479042
0.2,5.0,1,6,1,1,1,1,1,53.96859756921909,39.695106940633416,7.801515574797996,-1.3776344303317054,1.2678341958575832,-1.0579680369799707
0.2,5.0,1,7,1,1,1,1,1,73.87047483762386,61.737728759399225,8.853384027443417,-1.602626652338323,0.741610015549807,0.32563039839587293
0.2,5.0,1,8,1,1,1,1,1,7.450088666119743,3.7472510935242855,4.619027218896926,0.44122448759460475,-1.5391636427037625,3.399231720197425
0.2,5.0,1,9,1,1,1,1,1,20.059495029117468,22.564979725187335,3.977371070052882,0.6878203806980355,0.8216101869435503,-2.6058016946562192
0.2,5.0,1,10,1,1,1,1,1,34.27214295391687,28.04638834785845,3.258847200892998,0.6140448895723281,-0.6314433760185357,0.7394601049755667
0.2,5.0,1,11,1,1,1,1,1,3.512634927897514,3.225103016296704,4.820202977366597,-0.4416914847593184,-0.40818375854970335,1.593802445402252
0.2,5.0,1,12,1,1,1,1,1,27.91137999141286,30.5254137311865,6.4396713316479905,0.8171489016066714,0.005506805993897654,-1.4781872979833113
0.2,5.0,1,13,1,1,1,1,1,45.65724420630119,36.62430702364625,2.6868540931939733,0.6840146673668587,-1.0157135393912997,1.6981288079339587
0.2,5.0,1,14,1,1,1,1,1,7.9030464883895695,9.921737786082733,5.405652058567484,0.8761197755757452,0.1850443208345329,-1.548024228441411
0.2,5.0,1,15,1,1,1,1,1,8.575473335379979,23.157252941672493,4.561599082072029,-1.123135719971843,1.5583715450988027,-1.7822061663315347
0.2,5.0,1,16,1,1,1,1,1,22.28869232657148,6.861436300124453,3.8643437407843804,1.0785807013741397,-1.827245810159035,2.5569609871818786
0.2,5.0,1,17,1,1,1,1,1,11.57368513885444,0.698642836611338,4.408754800797927,0.1519044062257531,-1.710612668160851,3.6937226342406473
0.2,5.0,1,18,1,1,1,1,1,16.675778660388985,17.797862527283122,5.857779452335337,0.03811575447390949,-0.22294991108887716,0.685464854635959
0.2,5.0,1,19,1,1,1,1,1,45.550228168791556,30.311926613856137,7.3596465754615314,-2.056402880220888,0.9856302437627594,0.8263869830403833
0.2,5.0,1,20,1,1,1,1,1,34.98884812768636,40.4620906526384,6.807854368696577,0.48816041877453664,-0.6535140530262472,0.8168389659887871
0.2,5.0,1,21,1,1,1,1,1,13.269982185952664,20.937319889691082,5.6820223157644,1.9481040322099301,-0.03580528017893414,-2.643337161890213
0.2,5.0,1,22,1,1,1,1,1,9.33103630962481,18.36848405278841,5.47911572337213,0.9399364023606259,-0.9262552244895157,0.5745384123400757
0.2,5.0,1,23,1,1,1,1,1,23.62913759445708,26.125078539541832,6.217517687514182,-0.0547389017783618,-0.515639180629177,1.424454065841253
0.2,5.0,1,24,2,0,1,1,1,46.91871630895771,12.560592854117266,2.623672417885044,3.847055874717695,-2.9931938660334247,2.0739687695602353
0.2,5.0,1,25,1,1,1,1,1,7.902254818592007,9.11653226429886,5.405611344905042,-2.0446585981844243,1.3145916541730216,0.10194077766179409
0.2,5.0,1,26,1,1,1,1,1,28.897442295840673,16.35905923811554,3.52998083065554,1.2063737431817994,-1.27652610512923,1.1302707466936897
0.2,5.0,1,27,1,1,1,1,1,17.64463610951592,21.98330990268023,4.099950824386302,-0.05152662547637983,0.620577688568942,-1.1740401565831937
0.2,5.0,1,28,1,1,1,1,1,23.721369033944168,32.34080020415493,6.2222975696268445,0.5861719384933235,-1.0653224887010482,1.9195678002245582
0.2,5.0,1,29,1,1,1,1,1,55.66175355527631,48.52308647096581,7.890606508951762,-0.4001268954569521,0.771812949943997,-1.256659042380525
0.2,5.0,1,30,1,1,1,1,1,18.144717499113817,19.985138807806713,5.933674670036292,-4.030793462258562,3.3828600425050293,-1.8245810394332236
0.2,5.0,1,31,1,1,1,1,1,16.80478552380937,20.013087713706447,4.142616027301782,-0.9539676793299975,-0.1955791695387119,1.5966115695860958
0.2,5.0,1,32,1,1,1,1,1,32.27566082466195,21.76164841177203,3.3594792963821694,0.6154635269301861,-1.329826243691745,2.196324894513205
0.2,5.0,1,33,1,1,1,1,1,16.927879417382147,18.77141765618463,4.136361647796427,0.5830938700845605,0.6316220321833945,-2.180829898997148
0.2,5.0,1,34,1,1,1,1,1,28.74758101651637,10.363364052312978,3.537550967428064,1.9916915631431953,-1.6952992880790871,1.0630065612044142
0.2,5.0,1,35,1,1,1,1,1,35.596437527649364,22.766997752592232,3.192150576480996,1.4111647255600568,-1.1717658052339506,0.7897540645337878
0.2,5.0,1,36,1,1,1,1,1,42.11085034737165,62.98041032839794,7.179639780248532,2.4862229327612693,-1.8089223813907187,0.8393893192348482
0.2,5.0,1,37,1,1,1,1,1,59.26033478360772,57.59174172603276,8.080202232336484,-0.45569687584970126,-0.1585453873866783,0.8749001353164716
0.2,5.0,1,38,1,1,1,1,1,59.02680127165339,45.468970576158874,2.019204697858851,1.5450098816742082,-1.163163053436073,0.8892083478161132
0.2,5.0,1,39,1,1,1,1,1,25.159675641045894,13.580784474178818,3.718956834842288,1.8286324577861828,-0.7052171192225418,-0.8283710789142732
0.2,5.0,1,40,1,1,1,1,1,4.610971048460054,6.722408058622447,4.76404697516017,0.35899416087514346,0.5288177053942459,-1.4762750030493184
0.2,5.0,1,41,1,1,1,1,1,9.728174552033373,19.206748201319158,4.502809668455102,-1.0898458782186276,0.7511216934761417,0.016684828351006934
0.2,5.0,1,42,1,1,1,1,1,0.20237143197130045,8.771130295438786,5.010367934001297,0.2091953824592522,-1.3184991740688574,2.614406051661342
0.2,5.0,1,43,1,1,1,1,1,30.095333549479303,25.092330346121052,3.469490090183986,0.8343348400711079,-0.31944977099773225,-0.6628870345653007
0.2,5.0,1,44,1,1,1,1,1,26.985328545588303,9.02558004156663,3.6266114437664636,2.303019360632836,-1.4084727919950963,0.25622379725448685
0.2,5.0,1,45,1,1,1,1,1,8.44479619440708,0.6363603630468982,5.4335166231278915,-1.3778097698987042,0.4857863452416338,1.1475001682974009
0.2,5.0,1,46,1,1,1,1,1,17.979574226423885,30.235594976745887,4.082940527520236,-1.0198246343339494,1.2267576487168819,-1.5777628722298174
0.2,5.0,1,47,1,1,1,1,1,2.2639983016548477,30.539976137164402,5.116047973246292,-4.797303989845038,1.9607392675526483,2.4577541174529283
0.2,5.0,1,48,1,1,1,1,1,42.270675756166334,47.23499264406881,7.187997875756157,0.5035030233065638,-0.5627840984250434,0.6437430541939803
0.2,5.0,1,49,1,1,1,1,1,16.061754455806142,14.880071165451534,4.180377285740202,4.169601372350123,-2.285552553097935,-0.17885683319139312
0.2,5.0,1,50,4,0,1,1,1,54.588416246446826,39.030319501554665,2.2403661859103385,1.051429544026644,-1.8103767828164488,3.03468141368339
0.2,5.0,1,51,1,1,1,1,1,54.36215861016407,35.24783368823624,7.822217509943584,-2.818793005086316,1.0627377749093614,1.446711938095325
0.2,5.0,1,52,1,1,1,1,1,22.772638088027925,23.184034451073163,3.839822401860956,-0.5536517453015337,-0.34438260329890713,1.7839852344498301
0.2,5.0,1,53,1,1,1,1,1,13.059493829168705,2.735344625103476,5.671169581426408,-1.290783862486364,1.6210730205197657,-1.7624292499463945
0.2,5.0,1,54,1,1,1,1,1,15.653515663949928,3.9850871369782674,4.201130039239947,1.0993789802750222,-1.234277799347545,0.9303902426439532
0.2,5.0,1,55,1,1,1,1,1,30.046948849304496,23.76957407540615,3.47193272064485,0.4497325993364765,-0.7318453967388432,1.4798581266743018
0.2,5.0,1,56,1,1,1,1,1,16.708913494620745,17.248018154057362,5.859490820196582,-0.4034453745736707,-0.43808097610433216,1.6008861688317304
0.2,5.0,1,57,1,1,1,1,1,47.22766515921991,49.68074648977616,7.4475482804590865,0.9817863303381845,0.14176971666671798,-1.7997247300258639
0.2,5.0,1,58,1,1,1,1,1,11.598366858004253,2.288481651037957,5.595864902850567,-1.2671018343172107,1.3062177976463811,-1.364573585340118
0.2,5.0,1,59,1,1,1,1,1,13.127686799572208,10.841691818572267,4.3296220899319495,1.0861640500475607,0.2953605952415529,-2.089893111074469
0.2,5.0,1,60,1,1,1,1,1,40.78832576072771,33.09047823343328,2.931082162141022,0.25009233960598154,-1.1402248386595846,1.8935796776030127
0.2,5.0,1,61,1,1,1,1,1,7.220792411635093,13.204387383309903,5.3705712142210285,0.5809276239687373,-0.6706605983522217,0.4953515646384468
0.2,5.0,1,62,1,1,1,1,1,19.84786073298484,23.08927259768482,6.021738576185926,0.3808003116101129,-0.3705354159666438,0.09557528778511963
0.2,5.0,1,63,1,1,1,1,1,32.333529115378646,24.388869480544127,3.356561082521745,0.404488949173843,-1.0898832662934366,1.4718978904796414
0.2,5.0,1,64,1,1,1,1,1,19.566928872569985,13.854613541611657,4.002362313645057,1.851173053849212,0.23807024140070676,-3.150079139311061
0.2,5.0,1,65,1,1,1,1,1,13.291978502729242,11.701785117444299,4.321259551253292,-0.09601903806968771,-0.3916305019851646,0.9023122247976036
0.2,5.0,1,66,1,1,1,1,1,22.412000113603806,2.639306021230807,3.858095234649815,1.838460661320371,-2.004839776418987,2.2056133668260607
0.2,5.0,1,67,1,1,1,1,1,8.44761285793793,5.614586240811481,4.5681221869937385,0.6055345380469649,-0.13943468796364206,-0.7966836062727252
0.2,5.0,1,68,1,1,1,1,1,17.347024586941835,19.018736441054997,4.1150677709103896,0.14829872841348896,0.3340443611498293,-0.6322528025615962
0.2,5.0,1,69,1,1,1,1,1,2.9610860146814595,17.444221698669153,4.848414059474648,-1.5574539280156856,1.242453729317421,-0.4383014913585627
0.2,5.0,1,70,1,1,1,1,1,31.71144280039155,33.78885097930751,6.6371995946429285,0.36237331988133925,-0.19271166042424595,-0.1297538938377163
0.2,5.0,1,71,1,1,1,1,1,23.106605683871624,15.198532448392559,3.82290377297826,0.6786729915961055,-0.8820167769952804,1.0079405055254105
0.2,5.0,1,72,1,1,1,1,1,41.69319520989445,30.78944268614837,7.157801514222722,-0.9938054980343342,1.0185148415129484,-0.6250265637396958
0.2,5.0,1,73,1,1,1,1,1,29.46903271262824,26.950249533217402,3.5011124252682624,0.01354080512744275,-0.4472932911439885,1.0088958981016307
0.2,5.0,1,74,1,1,1,1,1,1.091367113497799,0.018778275944493075,4.944104503263821,0.6568866383134386,0.19499412929010282,-1.3268782612933783
0.2,5.0,1,75,1,1,1,1,1,35.16183094462354,51.48756259491895,6.816869182527148,2.209065245139979,-1.2645320848841113,-0.12007130199769543
0.2,5.0,1,76,1,1,1,1,1,61.45987791687178,55.35739547044793,8.196251917279293,-1.3965597421278422,-0.0626440290731549,2.2222320513179312
0.2,5.0,1,77,1,1,1,1,1,22.27229177903891,9.910935969532717,3.8651748514308455,1.1615800336949442,-1.2689296585462086,1.3662070739539958
0.2,5.0,1,78,1,1,1,1,1,26.033712051633678,26.54248125736475,6.342204762708305,0.2631355964421773,0.0004130367141139576,-0.4045652457487932
0.2,5.0,1,79,1,1,1,1,1,26.08196380233484,12.098880078249982,6.344708311887678,-1.5945854142711764,1.1178913390647023,-0.05434109677307879
0.2,5.0,1,80,1,1,1,1,1,51.26401895030387,38.24027011695565,7.659357920949056,-1.7904246771104182,0.7746021619009631,0.5216020265463919
0.2,5.0,1,81,1,1,1,1,1,28.15904672613652,19.93279440607679,6.452533960025901,-1.6007382278343318,0.12967323114483822,1.5510198537623314
0.2,5.0,1,82,1,1,1,1,1,13.357466727061057,21.326209156086552,5.6865333277555745,0.45692326049353305,-1.0315286990989638,2.1309343685551694
0.2,5.0,1,83,1,1,1,1,1,32.543241244430035,20.5410116424407,6.680485573572358,0.3318210642426947,2.099326969984523,-4.900217378574142
0.2,5.0,1,84,1,1,1,1,1,22.98376726266262,26.30832503381596,6.184077473297046,0.371537212381888,-0.3672817127749342,0.45542515670471945
0.2,5.0,1,85,1,1,1,1,1,11.281736947373211,26.161606132841715,4.423628052111734,-2.3748194806078136,0.741908149926833,1.7458690979058753
0.2,5.0,1,86,1,1,1,1,1,0.28397135770898574,10.429113280886671,4.985453248130033,1.36342968150609,-0.897009810928337,0.11371525186564659
0.2,5.0,1,87,1,1,1,1,1,2.9206652879830184,10.209115440521332,4.850481830972523,0.7149871936892618,-1.7340917002195189,2.537397851374743
0.2,5.0,1,88,1,1,1,1,1,28.798827987563925,27.604753307675345,6.485768340185549,-0.8196163461112016,-0.469626853641573,1.935018215895349
0.2,5.0,1,89,1,1,1,1,1,32.77539069281046,36.28819274131187,6.692569540136499,0.780164389000127,-0.14356883816021113,-0.7571969070602551
0.2,5.0,1,90,3,0,1,1,1,59.3642164492899,79.44256958258678,2.00241112589141,-1.5301651995677779,2.224466052340662,-2.60834443204829
0.2,5.0,1,91,1,1,1,1,1,14.988106594585949,8.481730071861685,5.770650131153618,-0.2625187994002777,0.8019353814747792,-1.3656602117818821
0.2,5.0,1,92,1,1,1,1,1,5.884488674254422,4.901662491560374,5.301893595577481,0.9601624132727937,0.7002338841559986,-3.201786245141325
0.2,5.0,1,93,1,1,1,1,1,35.69894713027882,33.813058519128646,3.1869895910580426,0.018868289088245695,-0.3099684418397732,1.0762765883200536
0.2,5.0,1,94,1,1,1,1,1,7.306890207050463,0.46748002280666,4.6263368670527125,1.28133897470327,-0.4688327259331454,-0.6765885203562864
0.2,5.0,1,95,1,1,1,1,1,13.502199901518733,15.019738079269885,4.310560143200657,-0.7809857233995446,-0.3389069212389378,1.900281790865797
0.2,5.0,1,96,1,1,1,1,1,49.19610818545019,55.57332470254544,7.550791182916705,0.3655440402094633,-0.8914829078849051,1.5128898980463559
0.2,5.0,1,97,1,1,1,1,1,16.16741057836916,28.78665273891612,4.175006947001133,-2.096368243769422,0.5729307912171183,1.7819401782907613
0.2,5.0,1,98,1,1,1,1,1,17.829228541221063,21.535652634119316,5.917369810717641,0.8725017865634397,-0.10271008670881261,-0.9719830410987707
0.2,5.0,1,99,1,1,1,1,1,9.35058019205355,0.8496647346083981,4.522063880513474,1.3820697159291087,-0.5467083075235047,-1.038711371305413
0.2,5.0,1,100,1,1,1,1,1,13.10177006582796,12.771590190191727,4.330941327245559,-0.3669263803473061,-0.3664301736814903,1.273479022786288
0.2,5.0,1,101,1,1,1,1,1,32.331532274268774,24.92550009609026,3.3566617789464703,0.5173055878945623,-0.8805112302875489,1.5298879174420623
0.2,5.0,1,102,1,1,1,1,1,50.31059215033403,42.673324687023815,7.609288748673286,-0.017430478450279563,1.1164556005072586,-2.533040688135213
0.2,5.0,1,103,1,1,1,1,1,19.45965117190678,6.75145167914487,4.0078060402467095,3.4354065782301664,-2.008965465416147,0.001220913039922692
0.2,5.0,1,104,1,1,1,1,1,14.774318665626998,0.22419150487585374,4.245837917133273,3.08722645740629,-0.40307983484104,-3.585152346986711
0.2,5.0,1,105,1,1,1,1,1,60.866439149527785,68.45143960014921,1.927677183659643,-1.154733544826815,0.44221079929543633,0.8971337697850092
0.2,5.0,1,106,1,1,1,1,1,33.9754023170591,35.63113981691641,6.75505501149525,0.14482968724397566,-0.26354772192518333,0.44063432659858237
0.2,5.0,1,107,1,1,1,1,1,26.232766932579782,8.371443593750723,3.664667639498931,1.448329529753822,-1.965169634414372,2.448241925589877
0.2,5.0,1,108,1,1,1,1,1,30.034345432191184,6.287654988267495,6.549978482919862,-2.6489367610090064,1.9775619398839186,-0.5959730764123516
0.2,5.0,1,109,4,0,1,1,1,70.09308663695937,73.44899799727413,1.4698609684316235,-1.385228114808774,-0.374094085637488,3.3665680388608004
0.2,5.0,1,110,1,1,1,1,1,22.317867777896293,21.956059732330925,6.149584565401695,-1.2141183571834846,-0.8420412086376801,3.6915134772939258
0.2,5.0,1,111,1,1,1,1,1,48.1505028111,39.51563714186673,2.5620150792127308,0.6233632905675256,-1.0151175137498596,1.4213062108719028
0.2,5.0,1,112,1,1,1,1,1,16.30002791067977,11.056900473126728,5.8383743871469935,-0.31450998561679805,0.5468844832497193,-0.9107390884392833
0.2,5.0,1,113,1,1,1,1,1,18.483457165903907,20.51102052618814,4.057355369511731,-1.2269122065468656,-0.5568065421762222,2.9983924845521295
0.2,5.0,1,114,1,1,1,1,1,24.20521611430782,7.601313176642157,6.247376404620272,-1.4629489672552825,1.6242728337428687,-1.5709597816610181
0.2,5.0,1,115,1,1,1,1,1,42.70995528928117,35.831365567372515,2.8346226840395654,0.8366620244892473,-0.5887080142912383,0.2572572887582255
0.2,5.0,1,116,1,1,1,1,1,70.27014933890453,43.706510273346844,8.662339503095621,-2.080457890437806,2.8136021742288277,-3.200579226824798
0.2,5.0,1,117,1,1,1,1,1,2.4320192961187463,7.200360131892747,5.124665500311213,-0.8442742313429354,0.928563780059948,-0.8089466787995652
0.2,5.0,1,118,1,1,1,1,1,16.289299983600365,0.07126733952524565,4.1688118392889,1.4096416170658035,-1.7470656736974777,2.1628762640876533
0.2,5.0,1,119,1,1,1,1,1,5.9280456777451755,4.269986464238358,5.304131446076732,-0.5429166999548776,-0.1789019701720045,1.0691041746931744
0.2,5.0,1,120,1,1,1,1,1,34.49992382046246,18.739732568739065,3.2473722017949096,1.5866317626745567,-1.5161405723417951,1.488450828576804
0.2,5.0,1,121,1,1,1,1,1,23.87503336511285,14.251439825360414,3.7839860840679607,1.4716012212927767,-0.644506647473578,-0.7486067241199575
0.2,5.0,1,122,1,1,1,1,1,3.7068394515967182,0.17498989662598632,4.810271450024569,-0.23654542609938445,-0.7893854102003467,2.2345025851211
0.2,5.0,1,123,1,1,1,1,1,5.385312701143821,6.143894815374555,5.276250570990573,-0.9034056748651184,-0.7806639397758306,3.397487472316265
0.2,5.0,1,124,1,1,1,1,1,13.829497220627296,1.4485073569979654,5.710876210005181,-2.108509778412495,0.9843682731888102,0.9775834958245336
0.2,5.0,1,125,1,1,1,1,1,4.4023389238807615,0.37232880835181675,4.774711655210042,-0.6448449328224849,-1.2675431070336673,3.829441927651255
0.2,5.0,1,126,1,1,1,1,1,34.029127184993015,33.2983556574921,3.2710911003253553,-0.12438092899004372,-0.21876855639932252,1.0929572706775255
0.2,5.0,1,127,1,1,1,1,1,26.095606628993774,31.896605143779908,6.345416182642932,1.4405022464985504,-0.06781952880960339,-1.7658876528074734
0.2,5.0,1,128,1,1,1,1,1,5.589599444966467,3.810315448720328,5.286744171299355,-0.5110332505397405,-0.13831110199764501,0.9220891367934982
0.2,5.0,1,129,1,1,1,1,1,22.211395990179813,30.373132670504138,3.868260851621088,0.1860155589838572,1.4081025535920118,-3.2332137676349757
0.2,5.0,1,130,1,1,1,1,1,5.649895685143676,16.54392458762109,4.71095626613471,-1.893934477394528,0.4143195525787615,1.7175897332809436
0.2,5.0,1,131,1,1,1,1,1,34.89660818080595,37.886077424422105,6.803047693881497,1.2464954528912697,0.2297375532103739,-2.48043095621591
0.2,5.0,1,132,1,1,1,1,1,12.97673064503857,12.047719845818794,5.6669026347447025,-0.5584775787917913,-0.28562129186756274,1.7139013152448153
0.2,5.0,1,133,3,0,1,1,1,63.11360706441705,76.94337358576655,1.8159852334023983,-0.6469090448864002,1.821668850104631,-2.7336760395707587
0.2,5.0,1,134,1,1,1,1,1,20.852559020835777,37.479748346724556,3.9371461375450187,-1.1524900772646558,1.8864637671639866,-2.417931702906176
0.2,5.0,1,135,1,1,1,1,1,40.90338360573801,35.0377847848182,2.925304091277184,1.5450893490592499,0.029507141632973116,-2.248805527789184
0.2,5.0,1,136,1,1,1,1,1,5.045092778046128,21.157824926455493,5.258776810204124,1.6646943474398588,-1.571723025124441,1.1893526212308614
0.2,5.0,1,137,1,1,1,1,1,36.80242934466881,29.068266093359053,6.902405044239399,-0.32246288979611815,0.9485719605183061,-1.5706199731270916
0.2,5.0,1,138,1,1,1,1,1,4.796396515692562,10.9576164282729,5.246005557204548,-1.7542601693007056,1.3113005236901742,-0.2877313513973896
0.2,5.0,1,139,1,1,1,1,1,0.41278120965666054,17.963377376776414,5.021148775709058,1.7502064178881231,-1.7685060658218257,1.143032773718762
0.2,5.0,1,140,1,1,1,1,1,0.11818536468484837,1.1344347506960595,4.993945577046601,-0.5559539770534878,-0.28226224039679265,1.3909196850674557
0.2,5.0,1,141,1,1,1,1,1,25.069597940958598,13.379660959548598,3.7235152854353353,0.8222811262647355,-1.4130359226905764,1.7212808763542569
0.2,5.0,1,142,1,1,1,1,1,3.8688414852629034,8.48411361961742,4.80198746265253,1.561475646158435,-1.0228358065476884,0.20028186811165763
0.2,5.0,1,143,1,1,1,1,1,21.861594135866373,7.582771078098774,3.885989446157176,1.2826427625081642,-1.4890848624059143,1.812644015671343
0.2,5.0,1,144,1,1,1,1,1,17.392356330913024,25.417557032706302,5.894795858436002,1.2809757408818252,-0.5363239983943533,-0.6537332753555175
0.2,5.0,1,145,1,1,1,1,1,3.459588557533656,4.421089310885098,4.822915907247578,-0.1885535206276357,-0.024016537385908834,0.5427736182468068
0.2,5.0,1,146,1,1,1,1,1,31.975823320965624,16.855348596251076,6.650955794436307,-2.5882394570940144,0.5816426324673173,2.126964792660223
0.2,5.0,1,147,1,1,1,1,1,71.69791718220398,41.41778388409679,8.738061176452613,-3.0310254922149533,2.7435657400160993,-1.9409260110200672
0.2,5.0,1,148,1,1,1,1,1,2.7170147993818436,22.53088028301778,5.1392840776135715,0.8559098252891411,-2.6678678735661334,5.114905105295011
0.2,5.0,1,149,1,1,1,1,1,21.88594345894854,28.966988667634254,3.884755280172663,-1.0828317263930025,0.34907698575864726,0.5540096609205183
0.2,5.0,1,150,1,1,1,1,1,6.729891637939445,1.4086502437910604,5.345336794508611,-0.5074165832162308,0.44617681983595053,-0.27917847112953453
0.2,5.0,1,151,1,1,1,1,1,72.37554224396298,59.29772728769878,8.77401748664924,-2.123394774269529,0.5377069197230774,1.5121967354603314
0.2,5.0,1,152,1,1,1,1,1,11.171852022101962,40.823164582956856,4.429226669861088,-3.7027522697678785,2.2188253371602764,0.10022608031103408
0.2,5.0,1,153,1,1,1,1,1,21.863117711940628,12.6024340721014,3.885912221988365,1.4894307310471029,-0.5542798422051932,-0.673000639029718
0.2,5.0,1,154,1,1,1,1,1,22.870704763816956,19.14616831083298,6.1782201623647826,0.7038069623729154,0.9967699983749374,-3.0557244388866613
0.2,5.0,1,155,1,1,1,1,1,16.968188307461205,32.53500457507915,4.134313641682645,-1.0664842979619262,1.7575528925473662,-2.400616162954873
0.2,5.0,1,156,1,1,1,1,1,5.499765802009212,15.673131360788123,5.282129556340293,-2.4816586959876377,1.6985041477462108,-0.07877823168697907
0.2,5.0,1,157,1,1,1,1,1,30.093573775624495,14.091081868316083,3.469578928769632,1.6089000089088374,-1.5831367370371063,1.0387663302743226
0.2,5.0,1,158,1,1,1,1,1,28.7185222393464,14.061803674336499,3.53901891512173,2.103552060374007,-1.0253312996066881,-0.5877942003609056
0.2,5.0,1,159,1,1,1,1,1,6.532992331185047,8.20453574790011,4.6658497709941384,0.5887842898839656,-2.048481801687278,3.768120790368855
0.2,5.0,1,160,1,1,1,1,1,2.827207806691314,23.114405959256846,5.1449368696100235,-2.564653890906057,2.420737237773423,-1.6679359524389394
0.2,5.0,1,161,1,1,1,1,1,15.08300196559801,0.5772723962276232,5.775547384088758,-2.191571725372534,0.9937291957395922,1.1487169314208876
0.2,5.0,1,162,1,1,1,1,1,10.634329791977901,8.713902416034149,5.546209010473033,-1.4731776744239855,-0.7750262284387837,3.6608611892398777
0.2,5.0,1,163,1,1,1,1,1,53.9143832826825,46.30378457001182,2.2739946649590372,0.4680528624108481,-0.9359424162558401,1.6486760786019727
0.2,5.0,1,164,1,1,1,1,1,37.506149552885255,28.97386850894083,6.939115885484323,-0.4023514353125591,1.0100981182683055,-1.7901078148302194
0.2,5.0,1,165,1,1,1,1,1,36.78030292932463,28.914846992188934,6.901250984018772,-0.5725886916248708,0.7818865501961724,-1.1121363140160392
0.2,5.0,1,166,1,1,1,1,1,22.57717408975355,29.913357207113375,6.163015033182547,-0.4197397118621738,-1.5423326577867136,4.209285511330398
0.2,5.0,1,167,1,1,1,1,1,24.04828111294682,35.61977755667861,6.239241477190558,1.9363062448300807,-0.6892346465723556,-1.29546919844697
0.2,5.0,1,168,1,1,1,1,1,11.450171506262189,2.2536669723656764,4.415046923401213,1.6446777862853295,-1.2055087985977522,0.13208657430043982
0.2,5.0,1,169,1,1,1,1,1,50.97651129630924,33.991144185884465,7.644257014550755,-2.644934063147034,0.8335753182241143,1.6487381376889998
0.2,5.0,1,170,1,1,1,1,1,13.644044064060706,12.45353110746582,5.7013116161347455,-0.5674590142980547,-0.2418733818807733,1.741439602711993
0.2,5.0,1,171,1,1,1,1,1,18.530009434789765,33.4083083917945,4.054991949088473,-0.5897862007302341,1.993921794295598,-3.2783433604743757
0.2,5.0,1,172,1,1,1,1,1,21.480355989190898,16.513500426272515,3.9053147353238677,0.42238461810227235,-0.5837083182735362,0.6304271644680356
0.2,5.0,1,173,1,1,1,1,1,22.388520365928564,37.917209535687306,3.8592850198045925,-1.5108125887844333,1.4689278611325574,-0.8842221960802804
0.2,5.0,1,174,1,1,1,1,1,15.226028681949776,19.243379020723093,4.222865702329692,-0.8103317536132736,0.05584171745181789,1.170254405556921
0.2,5.0,1,175,1,1,1,1,1,10.624313356496216,0.5597748589418752,4.4571281437690065,0.8921596428583243,-1.0766771597832177,1.4362713575224488
0.2,5.0,1,176,1,1,1,1,1,12.392561638134703,1.6219361921722975,5.636790060809632,-1.2931170383562303,0.7966808060144709,0.05633208983297632
0.2,5.0,1,177,1,1,1,1,1,45.01617118082163,40.949919178333644,7.331675808535569,-1.8898973969439898,-0.7655864462927543,3.822692560708178
0.2,5.0,1,178,1,1,1,1,1,48.39097831957627,47.04140640268622,2.5499823484615796,0.06085772439739988,-0.2086124159737627,0.4696965235594341
0.2,5.0,1,179,1,1,1,1,1,18.29019625200046,10.782788136276546,4.0671676412716335,-0.15939850694459176,-1.3572429731470443,3.558649145054934
0.2,5.0,1,180,1,1,1,1,1,3.3000120630393575,15.143442169618567,4.831077489147922,-0.646762822782569,1.4325019781921722,-2.1476353909269994
0.2,5.0,1,181,1,1,1,1,1,14.009229282969141,8.591229627267401,4.284758939545629,0.1141616185949231,-0.8652450643382055,1.7180224665456485
0.2,5.0,1,182,2,0,1,1,1,50.65789259768203,13.425930889098943,2.436621570478125,4.256446490068842,-3.2327157694531246,1.3947836606419894
0.2,5.0,1,183,1,1,1,1,1,28.1072973413344,11.817194406705307,3.5699006805923674,3.3449505346185058,-0.4730600113660801,-3.298512799974937
0.2,5.0,1,184,1,1,1,1,1,19.589353479712056,33.50201817100254,6.0083673096287304,2.3681434494079734,-0.743021902606016,-1.2214864766913844
0.2,5.0,1,185,1,1,1,1,1,8.488971512452215,42.484855939269984,5.4357890783627,4.153300670374085,-2.8444302882405688,0.4164701333645004
0.2,5.0,1,186,1,1,1,1,1,3.1357967996227134,10.206901904604152,5.160768796274455,-1.0925872120057627,1.3706572269830715,-1.3691984931349015
0.2,5.0,1,187,1,1,1,1,1,44.89512731527436,35.9396153535902,7.325337255185895,-1.1988891176374095,0.5310515487578726,0.36885419355751903
0.2,5.0,1,188,1,1,1,1,1,21.300513565097525,7.04311100105208,6.0969082989961665,-1.1988607772447222,1.4234594546882808,-1.4891895940781446
0.2,5.0,1,189,1,1,1,1,1,19.683175722978156,22.06196760142604,6.013220062530742,0.7249300490279473,-0.020721315491606416,-1.4182143883769114
0.2,5.0,1,190,1,1,1,1,1,21.360394798351866,14.18116579230299,3.911396414684371,1.2144536793312262,-0.40928350977820405,-0.7521092349645293
0.2,5.0,1,191,1,1,1,1,1,11.087597188753978,8.411994474408704,5.569553125960676,-0.10518775690897769,0.3092104599549101,-0.18572523477732333
0.2,5.0,1,192,1,1,1,1,1,31.985550718357807,24.98724266366929,6.651461962476861,-1.9923354983479593,-0.3161484372138976,3.4704444519862383
0.2,5.0,1,193,1,1,1,1,1,20.246000731338196,3.769405640079888,3.967909930093377,3.8802974101923065,-0.16014643476350837,-4.616850550527865
0.2,5.0,1,194,2,0,1,1,1,72.70779829497982,62.13101983977821,1.340496157563799,1.3823805896955383,-0.7996719259843141,0.02991351523009353
0.2,5.0,1,195,1,1,1,1,1,9.577840979146684,0.6140932595950919,4.510475021342238,1.0836354516013291,-0.7833251137736461,0.3799750410899135
0.2,5.0,1,196,1,1,1,1,1,37.502438738248784,9.637947445479211,6.9389222710478595,-1.7399817125777002,3.2676003906889175,-4.964180589218295
0.2,5.0,1,197,1,1,1,1,1,2.3504568464045246,10.284188020938359,4.87965588382936,-0.3914597950119147,0.9674454099334269,-1.4526688832636117
0.2,5.0,1,198,1,1,1,1,1,10.399210340999746,12.722807607113557,5.534101954017147,0.6502258704804845,-0.02992395977433021,-0.9503506534796597
0.2,5.0,1,199,1,1,1,1,1,5.5031727670948465,12.256730089959216,5.282304563164653,0.31515689806394603,-0.9801971385398893,1.4125832681888573
0.2,5.0,2,0,2,1,2,2,1,53.295978088443604,7.6777540975631,-1.5164149126050088,7.766143924089258,-2.1361620188396304,2.772405555855335
0.2,5.0,2,1,2,1,2,2,1,48.63986327942638,2.547396907929691,0.7192149918486131,2.537530318583246,1.7475224720124292,0.09357847729007931
0.2,5.0,2,2,2,1,1,2,0,27.426452323076678,0.5259776571020935,0.9375135833208722,6.414491003058831,-1.871356423011284,3.302916145030839
0.2,5.0,2,3,2,1,2,2,1,5.644474508390329,0.9362151639471569,-0.181314171367224,4.711233227088992,-0.35791693029837307,2.179669424004839
0.2,5.0,2,4,2,1,2,2,1,6.57167561993299,1.7912186134928287,-0.027653322140729613,5.337205095725414,-0.8046617223079543,2.435089600828329
0.2,5.0,2,5,2,1,1,2,0,5.919369195874627,0.11410322781839145,1.0981499422678187,4.697190133925392,0.8334951285810428,-0.5811635392908184
0.2,5.0,2,6,2,1,2,2,1,3.8199440247838004,3.446249459031804,-0.8643089731197453,5.195876957713628,0.08297392436026005,0.7157231503743058
0.2,5.0,2,7,2,1,2,2,1,8.998151643428702,3.5276421750390567,-0.7878669351229795,5.46198572653664,0.8148712173679313,-1.2644788768951234
0.2,5.0,2,8,2,1,2,2,1,86.12312495597057,3.409558685068722,-2.075105327555677,9.506068105684339,-1.7357052915156552,-0.7344808253678307
0.2,5.0,2,9,1,0,1,2,0,58.40567992597446,0.7204058143380893,3.1594938349715584,2.050125907481138,2.902668924850611,-1.6338865268683376
0.2,5.0,2,10,4,0,2,2,1,38.40586546973144,2.35547520732758,-1.3141959905982288,3.050799465792774,0.10674724895643584,3.4976698778697157
0.2,5.0,2,11,2,1,2,2,1,62.18558940749744,5.019747848695079,-0.8392616074761841,8.234568377793911,-0.3360750766266414,-2.1532907338680505
0.2,5.0,2,12,2,1,1,2,0,15.270143236072853,2.834708158971028,1.3776307755456598,4.220622479015345,1.350373638680274,-0.8706636514949507
0.2,5.0,2,13,2,1,2,2,1,10.545674313865407,3.9170194063384365,-0.8501834271092248,4.46113604407496,-0.8773122546740758,3.97109046122618
0.2,5.0,2,14,1,0,1,2,0,60.24987809445817,2.54746406337798,3.125309207394797,1.9583437971777882,1.1865325980477772,2.1478689504321817
0.2,5.0,2,15,2,1,2,2,1,13.889305206604554,2.1442265285223283,-1.1886601526699119,5.713960942201539,-0.26084537224333015,0.7084360992780411
0.2,5.0,2,16,2,1,2,2,1,29.818217549196543,4.191168120251517,-1.6897469419631939,6.538743470742079,-2.5930147631950664,5.245161611554323
0.2,5.0,2,17,2,1,2,2,1,42.87795752653923,0.14156957568322695,-1.5797434341612582,2.8261938227980368,0.6391280735374889,2.405094365332279
0.2,5.0,2,18,2,1,2,2,1,3.4383899896550325,1.9818795866592889,-3.292522253393895,5.176295427594103,-0.15984745301666597,1.1811591794177754
0.2,5.0,2,19,2,1,2,2,1,11.34210435841591,5.907577330521245,-0.08538764702871382,4.420552470804909,0.30801228702958966,1.4337894929219834
0.2,5.0,2,20,2,1,1,2,0,8.187360287831641,1.6040201933542522,1.0707728917185888,4.581400845091927,0.11965753534121384,1.3112539293756527
0.2,5.0,2,21,2,1,2,2,1,40.59296117112861,0.10816990111934364,-0.9311318771267652,7.100294000661482,-1.1169415305568757,0.6669601795985138
0.2,5.0,2,22,2,1,2,2,1,14.534084280558382,4.263463603534925,-0.20112507429903875,4.258057366181647,0.5406144507066184,0.997122531125661
0.2,5.0,2,23,2,1,2,2,1,61.04065920931038,6.388212542057135,-3.5456133704998427,8.174123989946178,-2.3892142116328983,2.7309776991235175
0.2,5.0,2,24,2,1,2,2,1,25.184845970345133,4.15682663480353,-1.3244194715286635,6.298170858952161,-1.1214555042541574,2.0676512197742993
0.2,5.0,2,25,2,1,1,2,0,9.883133130355382,5.57872032853943,1.3546313793415925,4.494909079768164,1.365871120789683,-1.0578580825666948
0.2,5.0,2,26,2,1,2,2,1,32.84328340023573,0.519397397471262,-1.6756619546445004,6.696103786134396,-2.2964417033319773,4.019530976572462
0.2,5.0,2,27,2,1,2,2,1,0.22311723001242278,2.770435880881326,0.020202541214479,4.988570399524826,0.4083168055495982,0.20445208740239004
0.2,5.0,2,28,2,1,2,2,1,48.46118601005276,2.8799039695706163,-2.462044545312878,7.512233637324646,-1.931362897487276,2.248534100799061
0.2,5.0,2,29,2,1,2,2,1,18.100797155681075,6.088039127880044,-1.0388920267776878,4.076784737972964,2.760124448241783,-3.481653306903601
0.2,5.0,2,30,2,1,2,2,1,31.9105359145664,3.194439200668056,-2.327308809965332,6.647558606833306,-0.31385988584805913,-0.3144076379447382
0.2,5.0,2,31,2,1,2,2,1,40.76568262260029,3.5909323797878034,-2.899457481524589,7.109319838379398,-1.9915467709908294,2.9816556409588078
0.2,5.0,2,32,2,1,2,2,1,73.6160238406239,2.0734659102480903,-0.5762499777294272,8.839871038752287,-1.2587778992416048,-1.0769305355257297
0.2,5.0,2,33,2,1,2,2,1,34.369253245411926,2.8553218171376384,0.7630329910252419,3.25395488466659,1.8682480442380274,-1.1575844767465506
0.2,5.0,2,34,2,1,2,2,1,70.17219960091951,5.058332198140147,-2.947052362775299,8.657146671580993,-1.920540072352663,0.8985633745533319
0.2,5.0,2,35,2,1,2,2,1,9.3143005252015,2.4189141271932715,-0.40494974887760776,4.523914032431154,0.20098500119263596,1.2669868245596436
0.2,5.0,2,36,2,1,2,2,1,26.991681669890443,3.802351282890998,0.37855425187682573,3.626290232879919,2.151816669891208,-1.763835925567339
0.2,5.0,2,37,2,1,1,2,0,4.491223514842848,1.2797471805222773,1.712433710937802,5.230336182070719,0.19621538045046594,0.24661461545758778
0.2,5.0,2,38,2,1,1,2,0,13.727202419489613,0.3666617068466353,1.7974770123716195,5.705600332826552,0.28384203362441923,-0.6445030215069981
0.2,5.0,2,39,2,1,2,2,1,14.078494216633425,3.508700527769144,-1.5954382040793187,5.723719386189097,-1.0162952496636377,2.5419876696839285
0.2,5.0,2,40,2,1,2,2,1,58.00441817718151,1.7737621418806675,-2.0261993778341334,8.01399488651358,-0.4217128474904522,-1.9297691748080024
0.2,5.0,2,41,2,1,1,2,0,52.300665469455474,0.9974668336902293,1.6602036406081635,7.713823809397033,-0.8046109851360407,-0.9035731998444642
0.2,5.0,2,42,2,1,2,2,1,11.440115578372739,1.306299096458638,-0.562022632415415,5.587712049030701,-0.27316673914609213,0.8388516636943852
0.2,5.0,2,43,2,1,1,2,0,2.0639168967383923,3.20093929265166,1.8508518474944662,5.1057870406595365,-0.10049569949279495,0.7376814867028284
0.2,5.0,2,44,2,1,2,2,1,26.34265364490683,2.28939228610231,-1.5917050473207512,6.358235262147639,0.042680275106941654,-0.8079173191875519
0.2,5.0,2,45,2,1,2,2,1,7.871837556805396,4.799249066513161,-1.4504970885124742,5.404047070627829,-0.10497489565847895,0.9704884666467765
0.2,5.0,2,46,2,1,2,2,1,22.81426121613312,0.8684094802423226,-1.1433988114776228,6.175296171284293,0.23657176731477036,-1.1110141559547018
0.2,5.0,2,47,2,1,2,2,1,51.49401874676061,3.816292321298663,-1.5615443719816355,7.671439838963684,-1.7868479040221517,1.773654350698305
0.2,5.0,2,48,2,1,2,2,1,1.6243240916289954,0.42120861035548335,-1.3897401248183692,5.083246573579901,-0.9725655075714986,3.0639056645898766
0.2,5.0,2,49,2,1,2,2,1,2.395529676611034,5.764778807860848,-1.1155106890526065,5.1227939462557055,-0.26869191192021996,1.7963214599235375
0.2,5.0,2,50,2,1,2,2,1,34.591574354586584,1.1734101265462078,-1.3971838260295513,6.787153752363436,-0.36399417911426823,-0.5370879399648387
0.2,5.0,2,51,2,1,1,2,0,49.75353093401981,1.636469079433704,0.2061865764225142,7.580045477865038,-1.9529086772314483,2.111617701457518
0.2,5.0,2,52,2,1,1,2,0,1.4207961405282734,1.26025604881771,1.5097040074388062,4.927238301642371,1.6483287440164722,-2.5616623836129104
0.2,5.0,2,53,2,1,2,2,1,15.942555781798692,4.784422672442516,-1.8111642137764863,4.18643630395796,0.1417605140342486,1.2973955923181018
0.2,5.0,2,54,2,1,1,2,0,5.836553910530952,3.924160967359773,0.5350831697006224,5.299430881613481,0.07454256999082813,0.6338786182535621
0.2,5.0,2,55,2,1,2,2,1,0.6065151298261868,4.7715769584594465,-1.8191541435785485,4.968933025498785,1.3530634413426164,-1.7102831013263007
0.2,5.0,2,56,2,1,2,2,1,33.93187622920344,1.5935242076829412,-1.9330528089829393,6.752787937209392,-0.9707525865033474,0.9184067603012581
0.2,5.0,2,57,2,1,2,2,1,28.948224884765494,2.588364687501858,-0.786390563995883,6.493530476302242,0.06797946338579691,-1.016745769750002
0.2,5.0,2,58,2,1,2,2,1,32.21461584399218,4.47350379036848,-1.9700850673289583,6.663382129364946,1.3411645304037279,-3.86905120072205
0.2,5.0,2,59,2,1,2,2,1,6.982360046994272,0.8671212848110522,0.23535574592583489,4.6429045870796815,1.19527394695853,-1.3656221214580464
0.2,5.0,2,60,2,1,2,2,1,25.333640710371686,2.0148479022013217,-1.0532097981284996,6.305888088423305,-0.8230661724839778,1.2006320972206834
0.2,5.0,2,61,2,1,2,2,1,2.781739723132559,1.6841814396539847,-0.04213750622592888,4.857589048370548,-0.03977718034537833,1.3101666975735982
0.2,5.0,2,62,2,1,2,2,1,22.044731775296306,0.039649070009582156,1.0598041789940336,3.87670731994654,1.7910971152712365,-1.5941003858655
0.2,5.0,2,63,2,1,2,2,1,29.963383723959463,3.2367103176152736,-1.2481440750118151,6.546289537843444,-1.9165082442199122,3.5312442813621323
0.2,5.0,2,64,2,1,1,2,0,0.46511222070450464,3.6879972261199017,0.9851752082918016,5.023830250471032,0.9596399336233401,-1.0003909139904925
0.2,5.0,2,65,2,1,2,2,1,17.072346195612045,4.36179836616976,-0.9972510927469382,5.878263427130793,-0.35775702061200626,0.8831165064131495
0.2,5.0,2,66,2,1,2,2,1,28.519982105930016,1.3676739681153578,-1.6152177222810469,6.471282004639342,0.2561477489593165,-1.4981835754249948
0.2,5.0,2,67,2,1,2,2,1,68.53806253727508,0.16953323948878107,-1.8906321068738532,8.570549055539233,-2.1474747350234824,1.1321027967478163
0.2,5.0,2,68,2,1,1,2,0,1.4094179011811643,3.057290235266918,2.0942886206858105,4.927820802799446,0.8670625968290784,-0.7177719342974392
0.2,5.0,2,69,2,1,2,2,1,18.948461086417204,0.6918651243532283,-2.8465230821525833,5.975224475472421,0.333869476038995,-1.0810748498178475
0.2,5.0,2,70,2,1,2,2,1,31.28932869787908,1.4457211758459942,-0.8625780460430655,6.61523990731898,-0.013494029425718023,-1.0789561259906588
0.2,5.0,2,71,2,1,2,2,1,0.5559629313962756,1.8065389179693663,-0.16754992643146666,5.028485662097395,1.6061410517025132,-2.8296827017172737
0.2,5.0,2,72,2,1,1,2,0,12.795417332002343,1.9420702156982663,2.323521344083973,4.346536838732049,-0.05152198163101112,2.0468022149456373
0.2,5.0,2,73,2,1,2,2,1,10.810704924583035,0.011291607337233705,-0.35941671521974583,4.447629165905439,-0.055299155358001006,1.766190107228215
0.2,5.0,2,74,2,1,2,2,1,35.7856115003292,5.634053211176087,-0.7116587421264928,3.1826265567840046,0.40951812097174517,2.8720497460107133
0.2,5.0,2,75,2,1,2,2,1,27.010738928082045,0.2866559579022471,-0.441392662448671,6.392909433452002,-0.2684882746132558,-0.3521009833598541
0.2,5.0,2,76,2,1,2,2,1,6.915937257968625,2.935535178304742,-2.814962253369836,5.3548996315811195,0.5973460250496292,-0.6876188138119332
0.2,5.0,2,77,2,1,2,2,1,5.792295189933051,0.12655393570114196,-0.2570415974233544,5.297157080526348,-1.2312986781209572,3.3569278959767592
0.2,5.0,2,78,2,1,2,2,1,2.858811720233019,3.608532035006421,-1.2719866117477558,4.853646104502293,-0.5259443576311836,2.58564430219316
0.2,5.0,2,79,2,1,1,2,0,10.465275100740477,0.6660188376610294,0.6206403591135341,5.537503700602745,-0.48523553670455893,1.2369123150559307
0.2,5.0,2,80,2,1,1,2,0,35.286599620448264,1.771399973821304,0.23752208769548233,6.823371840458798,-0.7459530060305578,0.32549754262251157
0.2,5.0,2,81,2,1,2,2,1,3.8706180533930628,4.999398873791901,-1.8530781546008683,5.198477846599821,2.0665249589552364,-3.5271512160630456
0.2,5.0,2,82,2,1,2,2,1,28.213995868973665,2.2388146751930944,-1.3039284883991091,6.455387966979923,-1.1258376752811101,1.7187047115462004
0.2,5.0,2,83,2,1,2,2,1,17.553491407873985,0.36576232040396767,-1.1621243660725569,5.903121430025358,-0.2831607952543103,0.37224557236043104
0.2,5.0,2,84,2,1,2,2,1,45.952763395293516,4.834944158771048,-0.8642709497234675,7.380733822829572,0.054418297605425235,-1.9522163705008242
0.2,5.0,2,85,2,1,2,2,1,20.055375686062824,1.4017017839085115,0.15986716342850982,6.032473490524215,-0.10874490900793156,-0.11230318399737674
0.2,5.0,2,86,2,1,2,2,1,25.98430899128287,2.6060067936108773,-0.3452720771069357,6.339641538722826,-1.685071050448873,2.7992668137628582
0.2,5.0,2,87,2,1,2,2,1,17.878255661179278,0.8293337508040804,-0.6755976864770797,4.0880858381435905,-0.04109435655254347,2.2880956913207644
0.2,5.0,2,88,2,1,2,2,1,11.432399831969251,0.17692438981563335,-1.4977242811919513,5.587314562161575,-0.3298108914638705,0.8538457894388878
0.2,5.0,2,89,2,1,2,2,1,15.754116517186153,2.162828258573474,-0.4871325729595244,5.810187977306755,-0.7791635587253509,1.7697727009181197
0.2,5.0,2,90,2,1,2,2,1,65.48882661177007,1.3500931430211496,-2.634103315177679,8.409145786861485,-2.2130175185957546,1.6128958914195513
0.2,5.0,2,91,2,1,1,2,0,16.805009357440735,0.4885850048035042,0.9872922525570803,5.864454193629586,0.3148978341563438,-0.9112386562071582
0.2,5.0,2,92,2,1,2,2,1,28.390522950636182,3.2001633258857027,0.06350413606816357,6.464557135834865,-0.47520958281992187,0.2888947311689458
0.2,5.0,2,93,2,1,1,2,0,15.865249811206144,1.3987806257405913,1.8560600275995205,5.815925385202442,-0.5057779200069269,1.0737456010894264
0.2,5.0,2,94,2,1,2,2,1,28.03806232799545,4.479292580396755,-1.2610491033153821,3.573399318155605,0.6657902682133795,1.657516203464757
0.2,5.0,2,95,2,1,2,2,1,17.42446453377737,3.0459678094173572,-2.3689548565310505,4.111134057582132,1.2188411361018499,-0.4182091817288802
0.2,5.0,2,96,2,1,2,2,1,33.86745380704661,1.152230474318649,-0.2835108553659733,3.2792375182476436,0.499283934147175,2.1798319808610125
0.2,5.0,2,97,2,1,2,2,1,32.90765100519308,3.5611111708802414,0.33186687415822697,3.3276134126423393,1.6131835594839625,-0.2062324776067498
0.2,5.0,2,98,2,1,1,2,0,45.78368292035239,3.5792834227951524,0.722719486105628,7.371875853082627,-1.060817237080511,0.4688359764915168
0.2,5.0,2,99,2,1,2,2,1,4.775696602942575,5.296211241921505,-1.6662739552503925,5.244942628285268,-0.18092970602075534,1.3947583038698086
0.2,5.0,2,100,2,1,1,2,0,0.8960773310670411,3.1101677319583088,2.2627082621590278,5.045915784499875,0.84940650455031,-0.8296992239240648
0.2,5.0,2,101,2,1,1,2,0,38.947637867410215,1.7199275916896588,0.046140317731264396,7.0143531027677035,-1.8768234649853277,2.4186087616660545
0.2,5.0,2,102,2,1,2,2,1,4.51036889564029,0.48830113587147456,-0.6858691704150278,4.769189335184516,1.3106118479668267,-1.7543112661450522
0.2,5.0,2,103,2,1,2,2,1,15.086422534231296,0.9753532302235298,-1.4624194735813472,5.775723913158337,-2.0791520628515534,4.790108146133036
0.2,5.0,2,104,2,1,2,2,1,5.06041146896653,4.073742533587254,-2.65379441271693,5.259563518762785,1.8098371146009957,-3.125360858576359
0.2,5.0,2,105,2,1,2,2,1,14.032223182863943,4.45126898834068,-2.179505875637859,5.721332624748621,-0.6559096308129174,1.7829883625348417
0.2,5.0,2,106,2,1,2,2,1,73.65407652714292,2.978984657573925,-2.765172685251136,8.841891775097853,-1.7390255183129557,0.08262676797875991
0.2,5.0,2,107,2,1,1,2,0,4.796609779478366,0.006149220072817909,2.5902807997284336,4.754558564572463,2.707322915973192,-4.683649930932584
0.2,5.0,2,108,2,1,2,2,1,31.086640600328032,0.9900920049593445,-2.2361741520274787,6.604697049724918,2.007236730120512,-5.457469081839331
0.2,5.0,2,109,2,1,2,2,1,70.86151873714923,0.51161486799964,-1.5378669810952605,8.69369638229021,0.14222944873035281,-4.102284754032706
0.2,5.0,2,110,2,1,1,2,0,5.092689543373064,1.338309207325622,1.0144271365812734,4.739427044160317,0.037971766234785334,1.056646506565705
0.2,5.0,2,111,2,1,2,2,1,15.673307821908974,1.4773154504061041,0.24816335403006437,5.8060163135260705,0.9203668122190143,-2.0957088997705724
0.2,5.0,2,112,2,1,2,2,1,21.631155746091206,0.999942080127995,-1.589392817785925,3.8976701363738626,1.8155728477648612,-1.6019847938378744
0.2,5.0,2,113,2,1,1,2,0,49.43017175051238,0.026076105178631934,0.29603037662181075,7.563074184363569,0.6675603916588064,-3.875193551021087
0.2,5.0,2,114,2,1,1,2,0,45.429016173795844,1.3235042816828195,-0.20206416318120946,7.353297564017631,-0.9441667677316523,0.053529431263106046
0.2,5.0,2,115,2,1,2,2,1,17.69389198819856,2.991583645181745,-0.08941375407059815,5.910376219566282,-0.6227898909698522,1.3405737882065571
0.2,5.0,2,116,2,1,2,2,1,8.107362530386524,2.909649473743424,-0.4072910020399066,5.416160064087833,-0.23715258875515025,0.658604453489521
0.2,5.0,2,117,2,1,2,2,1,47.46192596820942,0.8941150502643932,-1.4731018115773324,7.459829832358043,-2.2633429467322403,2.9450472122480083
0.2,5.0,2,118,2,1,2,2,1,15.730189020154054,3.777755270658639,-0.6359860053562674,5.808952728334088,-2.1266166407147375,5.084352638503263
0.2,5.0,2,119,2,1,2,2,1,12.030717626713521,0.20230495982333646,-0.5042060540095683,5.618142135146038,1.7495010854527322,-3.769695983952785
0.2,5.0,2,120,2,1,1,2,0,11.44375793462273,0.8958439673742064,2.6435738060438347,4.415373658655717,2.1820566762405664,-3.075099811654932
0.2,5.0,2,121,2,1,1,2,0,43.46397670416893,2.313947614974949,0.9274084273355746,7.25042234467401,-0.27444995311053644,-1.5972457558153852
0.2,5.0,2,122,2,1,1,2,0,26.516437680538917,0.11233035649250518,0.8975085360856475,6.367253707797879,0.5224784320962661,-2.0467664577541
0.2,5.0,2,123,2,1,2,2,1,69.1513862983842,5.028568187476743,-0.6448611755641224,8.603042749435541,-0.883699337001969,-1.39749892122534
0.2,5.0,2,124,2,1,2,2,1,17.34901977622435,0.7413600842574946,-0.09017672320466666,5.892556845065905,-0.4729418436104368,0.8466319355151078
0.2,5.0,2,125,2,1,2,2,1,25.271256260640797,0.29431252940367736,-0.037828954751570394,6.302652454808006,-0.802087658057405,1.023089678466334
0.2,5.0,2,126,2,1,2,2,1,9.142760500303803,3.03680892587289,-1.675243946573007,4.5326624919478515,1.7811864238887636,-2.204328790202843
0.2,5.0,2,127,2,1,2,2,1,24.206075113151343,0.9099497886945036,-1.0677035144071947,3.767224682900087,0.07405736323793793,2.3251335481961855
0.2,5.0,2,128,2,1,2,2,1,41.05232235761738,3.3437740137846457,-2.9765899957147046,7.124300338189126,-1.241569856354293,1.1898806543151996
0.2,5.0,2,129,2,1,1,2,0,0.19222730891574472,3.769837892725228,2.299837244774157,4.990152719727836,0.06324288514102162,1.0593118287333905
0.2,5.0,2,130,2,1,2,2,1,2.7271409800533544,5.269373242098584,0.40922499822113156,5.139803527959157,1.748634742666741,-2.751953837823887
0.2,5.0,2,131,2,1,2,2,1,31.85500628577405,5.447013917029551,-0.9638853117905242,6.644669243983457,0.9031010826485506,-2.8305407842646813
0.2,5.0,2,132,2,1,1,2,0,72.0759004684748,1.2410848134934387,-0.7710945830959026,8.758116353845512,-2.3353742243811038,1.4370901724053187
0.2,5.0,2,133,2,1,2,2,1,89.21118484316364,5.511292848819352,-1.6472553553555154,9.67118191204937,-1.902104203392736,-0.40280823211860384
0.2,5.0,2,134,2,1,2,2,1,78.64198501517723,1.8331244289801059,-1.7426649495672006,9.107092921219358,-2.53150697468902,1.491206569500253
0.2,5.0,2,135,2,1,2,2,1,7.484985530708514,3.0143730345789366,-0.334061166138773,5.384154383298411,-0.09138490331450146,0.3623993566986323
0.2,5.0,2,136,2,1,1,2,0,36.46059810130961,2.586031555563513,0.8914851934815079,6.8845773451664565,-1.05398394108359,0.61290255780257
0.2,5.0,2,137,2,1,2,2,1,69.4899530189152,1.0007408304189143,-1.3569695977661,8.620984070159416,-2.6699136491368325,2.2274719519287713
0.2,5.0,2,138,2,1,2,2,1,21.035263806434163,3.128529296006459,-1.8930022198983592,6.083178571945397,-1.7530550867565478,3.7612457029394175
0.2,5.0,2,139,2,1,2,2,1,104.61899714909084,1.4473778447182248,-1.8496681949127742,10.498741374727455,-2.3936002333984026,-0.6263981525837532
0.2,5.0,2,140,2,1,2,2,1,6.245283993638739,4.347927140931618,-2.452068798395435,5.3204317963244545,2.16662705430431,-3.94261118340543
0.2,5.0,2,141,2,1,2,2,1,27.971429789257755,5.228473197704943,-2.1401551395418164,6.442789888861357,0.10462726801991055,-0.8319385027073326
0.2,5.0,2,142,2,1,2,2,1,47.770868219308355,0.4848056093367655,-1.5930514823550612,7.476028842092562,-1.0372926275766459,-0.03182926541146757
0.2,5.0,2,143,2,1,2,2,1,26.83666696760697,0.13816174433269077,-2.1402082582705715,6.383873867855766,-1.079807521581546,1.5434170232435434
0.2,5.0,2,144,2,1,1,2,0,30.661438678343114,0.6243764253394901,0.330445962401237,6.582583483270652,0.24935915664916045,-1.7766203930023223
0.2,5.0,2,145,2,1,2,2,1,18.00321450514877,2.888614597307095,-2.254286440401729,4.081740028193517,0.5676974304286241,1.0672073550564896
0.2,5.0,2,146,2,1,2,2,1,41.247812390835165,0.8719466531145277,-0.9151184945672427,7.134518331403022,0.07691419293460201,-1.987290033865592
0.2,5.0,2,147,2,1,2,2,1,42.11152230296657,3.8952138849481024,-1.9378279658328272,7.179674918910334,-1.3665013124273828,1.4486555677561386
0.2,5.0,2,148,3,0,2,2,1,41.63324564196751,0.4892086357760298,0.5508789452336685,2.888658824423937,3.1756128045520375,-3.2339769413302757
0.2,5.0,2,149,2,1,1,2,0,22.805538336856007,1.7392377709512332,1.967349274737702,3.8381555695403478,2.5255294702630726,-2.9984157019250017
0.2,5.0,2,150,2,1,1,2,0,79.53204906846118,2.56065141684074,3.536065121539738,9.15448446195371,-1.3717509265533578,-1.5697151782900431
0.2,5.0,2,151,2,1,2,2,1,23.487132323509808,2.2277135951759277,-1.4492431868997684,6.210158703710858,-0.295651383681284,0.14061756740804293
0.2,5.0,2,152,4,0,1,2,0,48.82368618909708,3.8620252205973147,1.4339005393942856,2.528334396279163,0.8919668739814904,2.5308390526432136
0.2,5.0,2,153,2,1,2,2,1,33.34882908552111,2.3242932747953775,-1.8169002865639203,6.722424327039269,-0.9281786756837438,0.5578929824403289
0.2,5.0,2,154,2,1,2,2,1,32.651860651349395,4.750135849671282,-4.669500434959369,6.686139318332499,-0.9838316907553869,1.2815474291088027
0.2,5.0,2,155,2,1,2,2,1,85.80572157255402,0.718576451110003,-2.108528706601506,9.489111130306533,-2.9093824404907136,1.687922107031084
0.2,5.0,2,156,2,1,2,2,1,20.648839445330275,2.58172364083139,0.03655801546550502,3.9474774956076466,0.5853200115823907,1.1843802021398466
0.2,5.0,2,157,2,1,1,2,0,21.051684767696795,2.6589418442969635,2.218620533697964,3.927048741548401,0.7789082154989196,0.7802347692180545
0.2,5.0,2,158,2,1,2,2,1,76.95858997577838,3.984484736056734,-1.1528935228437718,9.01751665222511,-1.1206931372082582,-1.4664703876920973
0.2,5.0,2,159,4,0,2,2,1,51.613174803976605,2.531713513200394,0.6281162382959042,2.38888864970319,0.36737437412120166,3.8321747357212943
0.2,5.0,2,160,2,1,2,2,1,3.664793831860645,2.478459538814832,-0.4332474441025051,4.812421563286797,-0.057669501763113806,1.473581564877799
0.2,5.0,2,161,2,1,2,2,1,7.704548926308267,1.6502134723194757,-1.547662667984461,5.3954443014979105,1.506596759318393,-2.8280131367005548
0.2,5.0,2,162,2,1,2,2,1,12.174101530178989,1.6374005501112574,0.21208632546307749,5.625531147518161,0.13232608511284297,-0.10296613739325859
0.2,5.0,2,163,2,1,1,2,0,10.388725084041477,1.4429221143734803,1.6568037690990671,5.533562066774413,0.10699919712585987,0.059787065138256955
0.2,5.0,2,164,2,1,1,2,0,36.65798351255798,0.2624636115117574,-0.11120181956505214,6.894871324380192,-1.7453044909556772,2.424369185469021
0.2,5.0,2,165,2,1,1,2,0,2.0052477842833976,1.865473492642984,1.1144283666019208,4.897322049354013,-0.10528142057148439,1.1304759467870429
0.2,5.0,2,166,2,1,1,2,0,9.724326233126398,2.1079694359159986,0.8940035732451206,5.499357715308731,1.0790412088569747,-2.316538117451911
0.2,5.0,2,167,2,1,2,2,1,73.60922581619245,4.746849532422754,-2.9683054491833665,8.839510042827897,-0.7240032004708019,-2.071475352884786
0.2,5.0,2,168,4,0,2,2,1,6.754266243581959,3.2305539165106825,-1.9208380067665782,4.654550665719429,-1.6988953333181904,5.088929275835236
0.2,5.0,2,169,2,1,2,2,1,9.554999045705253,0.9924078291171727,-1.7086779820991338,5.4906422445477885,-0.09004146354848437,0.5274553570856715
0.2,5.0,2,170,2,1,1,2,0,51.59152374056342,3.879524499039279,0.44802981014669735,7.676562197690565,-0.11287082768033224,-2.6109125382941674
0.2,5.0,2,171,2,1,1,2,0,7.171038671357408,1.4204509710378805,1.9014750397326696,5.368013381861892,-0.22311378307261492,1.0251985278773392
0.2,5.0,2,172,2,1,2,2,1,44.766646043206194,1.2504634348583876,-0.46003190537710104,7.318609645966505,-1.2568280277466846,0.8081015478440663
0.2,5.0,2,173,2,1,2,2,1,16.7652423421521,0.3417576971176579,-3.064953510718636,5.8624001899120906,-0.8716603391350358,1.7721186596104257
0.2,5.0,2,174,2,1,2,2,1,56.331909235498266,3.1751207826008807,-1.3865973145163504,7.925889274555073,-0.902581748188914,-0.635644050416895
0.2,5.0,2,175,2,1,2,2,1,15.327807569119047,8.766434145841579,-3.2308968739938297,5.788182081687625,-0.24430056315694845,1.0853609498866088
0.2,5.0,2,176,2,1,2,2,1,11.733705284104307,3.4565548526245866,-0.828311086378349,5.602837822350727,-1.3338479825301859,3.446744238901464
0.2,5.0,2,177,2,1,1,2,0,31.664060628498152,1.384269401751736,1.115885596665916,6.634734401477973,-2.0096621404280333,3.266327585565166
0.2,5.0,2,178,2,1,2,2,1,15.259611942562998,4.496246097124298,-0.4532098448823469,5.78466227564692,-0.21367564589713015,0.6892470693160457
0.2,5.0,2,179,2,1,1,2,0,20.612888859091935,1.4664105590879295,1.1410613233214615,6.061319475526414,0.7903526070844611,-2.140191122228694
0.2,5.0,2,180,2,1,2,2,1,11.796957006662847,0.9740185412596677,0.049144701484113255,4.397381682758624,1.238799834834391,-0.999270523032937
0.2,5.0,2,181,2,1,2,2,1,5.335281566072346,3.995246936070749,-0.8497661172315059,4.727030709639621,0.688632977041563,0.01696515796532006
0.2,5.0,2,182,2,1,2,2,1,16.40144902563107,4.337966321967468,-0.36198918244344364,5.843611772942116,-0.28761378830325623,0.7672040212139981
0.2,5.0,2,183,2,1,2,2,1,15.833278032638907,0.8734484921884601,-1.5159722997727263,4.1919913387252645,1.2756173973382696,-0.9495320828486248
0.2,5.0,2,184,2,1,2,2,1,32.33258939478611,1.483558476238973,0.7092723148102278,3.356608470608377,0.43540639210711857,2.2456618374640156
0.2,5.0,2,185,2,1,2,2,1,9.542044173918546,5.200305659424319,-1.8573118123670902,5.489975471613686,0.1989612541366452,0.19946132381113454
0.2,5.0,2,186,2,1,2,2,1,35.64175471913353,0.052669551000883864,-2.0969447526637994,6.841883878901918,-1.86334107915355,2.756634233187385
0.2,5.0,2,187,2,1,2,2,1,29.96614540275654,4.673141887234329,-0.6614380231730937,6.546433101353384,0.7432414387344949,-2.416026806097685
0.2,5.0,2,188,2,1,2,2,1,37.14139860676548,1.4761184457242207,-0.2346834228183894,6.920086417255569,-0.9955649644266019,0.7465771208566256
0.2,5.0,2,189,2,1,2,2,1,19.253061150117656,4.0288873825352125,-3.0196060398331377,5.99097514016435,-1.4864534839683627,3.3261097753686713
0.2,5.0,2,190,2,1,2,2,1,34.5595494594404,0.8085622941119327,-1.7945764664900368,6.785485216237189,-1.2380013943394812,1.3044142528138067
0.2,5.0,2,191,2,1,2,2,1,11.309373696714815,5.32534814173926,-1.1341701902914973,5.580976910415139,-0.7171476553466515,2.1809919931277304
0.2,5.0,2,192,2,1,2,2,1,10.524677213296165,0.41277058453928767,-2.0616493773085964,4.462206203737148,0.9106464848059421,-0.40117844836710537
0.2,5.0,2,193,2,1,2,2,1,18.54877058306121,1.318820420593175,-0.38964701687178405,5.954560298669069,-0.2306180372971939,0.25876582359606454
0.2,5.0,2,194,2,1,2,2,1,33.07751444249974,5.1485911701571645,-1.8261882783863554,6.708297896100027,-0.014531490814753719,-0.9152062705698957
0.2,5.0,2,195,2,1,2,2,1,7.612191100584017,0.37864243584036,-0.27531034669232524,5.390695128020697,1.6131988509401622,-3.146146125571926
0.2,5.0,2,196,2,1,1,2,0,71.3485195031454,3.6779814470642287,0.10874333868849087,8.719525994083762,-1.646436690422156,0.07984822723769398
0.2,5.0,2,197,2,1,2,2,1,58.55921916498389,2.1019119065770435,-0.7981919689508047,8.043236970110721,-2.2353386150327994,2.2023183395566805
0.2,5.0,2,198,2,1,2,2,1,38.23163749703816,3.054285985394404,-0.7052309341210977,6.976975477865982,-1.1065711522990807,1.0492009125772566
0.2,5.0,2,199,2,1,2,2,1,8.872520930786768,3.9161413211100062,-0.40030842487194146,5.4555215867863325,0.024482027551581076,0.5398182962171061
0.2,5.0,3,0,3,1,2,2,1,5.993481242913661,81.70639750004997,-2.2201362993116085,2.6842252075945474,5.307493452046735,-1.37648630624069
0.2,5.0,3,1,3,1,2,2,1,8.257452210900865,85.57504213411812,-2.275569853932212,1.7421996562646223,4.577824435229042,1.7724562161622388
0.2,5.0,3,2,3,1,2,2,1,6.055491830625375,79.99044010395853,-1.8767333184797512,1.597838627732659,5.310679585572431,-0.04709119888337921
0.2,5.0,3,3,2,0,2,2,1,20.72614103777407,82.41315387035883,-4.328697433696726,6.21814218063532,3.9435571307725827,-3.048123460614192
0.2,5.0,3,4,3,1,2,2,1,11.220337891368693,82.62972105577114,-2.3061572292913843,2.7195030515501157,4.426756286289051,0.5300077850277919
0.2,5.0,3,5,3,1,2,2,1,2.6376310281228537,83.42893316487893,-2.730964770685568,2.7955544503754615,5.135211957202572,-1.0302275511737318
0.2,5.0,3,6,3,1,2,2,1,37.203849255313095,81.65616494445935,-1.905107554357132,-0.808531340202069,6.923344297752741,-0.012328046696735291
0.2,5.0,3,7,3,1,2,2,1,16.70591013405384,84.66480480853077,-2.9044221997395954,3.6954045246147103,5.859335699682169,-3.6297726713566765
0.2,5.0,3,8,2,0,2,2,1,28.753143663671445,78.88953510782751,-1.250150952927968,4.861974196471656,3.5372699643408465,-0.6970028550036333
0.2,5.0,3,9,3,1,2,2,1,19.099159430822727,81.89667026314345,-1.9416409506101586,1.7014757632525215,5.983016693071047,-1.4649263263415861
0.2,5.0,3,10,3,1,2,2,1,29.802433187240712,83.25301631225531,-0.06926888844591449,1.4427900760241412,6.537922996013711,-2.170498041243713
0.2,5.0,3,11,3,1,2,2,1,20.82006209729992,84.6040680736292,-2.1320306164513094,3.852898540580602,3.938794105486195,0.21080723922614789
0.2,5.0,3,12,3,1,2,2,1,30.388999988289676,82.43771350852181,-3.9696870038907908,2.9311051533502126,3.454666008736991,2.3621313867285902
0.2,5.0,3,13,3,1,2,2,1,10.497058031802009,84.64667216458906,-4.8510580608969285,3.1096855440632196,5.539140277477273,-2.2045425742829536
0.2,5.0,3,14,3,1,2,2,1,15.05422596764477,78.19715290323252,-4.215524812818448,1.8901101379750176,5.774062320992234,-1.5597841611158023
0.2,5.0,3,15,3,1,2,2,1,24.27479069233827,84.01939613554985,-0.32439787753641414,0.6016606229833339,6.250983091552905,-0.3708836815598553
0.2,5.0,3,16,3,1,2,2,1,9.796399995543416,80.79354942036863,-1.699755969975595,1.8839967901947818,4.499331109359151,1.3750125713514436
0.2,5.0,3,17,3,1,2,2,1,8.126523711686222,80.14246812533807,-1.1607711747607508,3.0368143087206123,5.417145580320344,-2.1923819324893614
0.2,5.0,3,18,3,1,2,2,1,28.232814084889714,78.34264283328297,0.12129754035683643,2.5282010880377013,6.456365385058106,-3.8028644507889284
0.2,5.0,3,19,3,1,2,2,1,35.49537126929713,83.78406355293312,-4.051332791359477,1.4638789638295178,6.834253426531813,-2.76830076098785
0.2,5.0,3,20,3,1,2,2,1,12.011591490536834,85.9344246034122,0.02849838195952533,1.193590856415541,5.617156545754036,0.30834723430184396
0.2,5.0,3,21,3,1,2,2,1,4.462011848938086,85.59035585983372,-3.8536099822169794,1.9520876587302627,4.771661234377098,1.0606716743399989
0.2,5.0,3,22,3,1,2,2,1,1.070396611823183,83.04070912699957,-2.5813841193311036,2.15924380338299,4.945178248790107,0.2048045586367598
0.2,5.0,3,23,3,1,2,2,1,25.473819807635543,81.2554465247438,-0.07957038768510893,1.048120376938232,6.313158980691645,-1.3217011342881109
0.2,5.0,3,24,3,1,2,2,1,7.443498028633665,79.62219293210197,-2.4554968293733705,4.081158668762406,5.382021237764764,-3.5188272796650364
0.2,5.0,3,25,3,1,2,2,1,21.916380823280406,85.70065577539103,-1.2449121944239268,2.907169474763951,6.128793368984818,-3.08224000670879
0.2,5.0,3,26,3,1,2,2,1,35.35914093791389,82.01971061062119,-0.25297373198815293,1.6024270189876857,6.827152709944628,-3.0698890677757995
0.2,5.0,3,27,3,1,2,2,1,23.472621453198165,83.57914813132405,-3.3630285857001034,1.4948781662909252,6.209406751465428,-1.532654576069204
0.2,5.0,3,28,2,0,2,2,1,44.366670295292444,84.18180243527803,-3.5492423256032577,7.281239410510343,2.7515336073503516,-1.7305247023262975
0.2,5.0,3,29,3,1,2,2,1,10.858367916715972,82.57813377409285,-1.710371546842011,1.0753263230690162,5.557746746103955,0.34045007111481146
0.2,5.0,3,30,2,0,2,2,1,10.886932712298373,80.21640577153825,-4.771923424481947,5.18578320589706,4.443744657140593,-2.9442522212983833
0.2,5.0,3,31,3,1,2,2,1,59.399398564517256,84.40400440737191,-0.6688130000938055,1.4020795290934658,8.08753566307204,-5.164329164507664
0.2,5.0,3,32,3,1,2,2,1,16.223851556312148,84.07491312960795,-2.9101492361309917,1.445590969337385,5.834440811070046,-0.6405196710937843
0.2,5.0,3,33,3,1,2,2,1,31.430140737494156,79.4751075202958,0.16162577935814246,3.1506693989741255,6.6225648844933644,-4.860233719753204
0.2,5.0,3,34,3,1,2,2,1,15.386242496909164,82.7459901195046,-2.4305324750290933,4.269927202209262,5.791198198352062,-4.368766902209106
0.2,5.0,3,35,4,0,2,2,1,54.801467074524375,84.36888280772604,-5.41372991250188,2.7234301759001776,2.229739072128866,5.597215155406669
0.2,5.0,3,36,3,1,2,2,1,26.171757670924528,81.89236508927308,-2.7349749981402294,0.4237746285108678,6.349367436861361,-0.49567221691793095
0.2,5.0,3,37,4,0,2,2,1,40.365926646032946,82.96453394718917,-4.283140788449326,3.1471236789690855,2.9522973347670955,3.2313353311645447
0.2,5.0,3,38,3,1,2,2,1,36.490142537485895,81.45898684684398,-2.577754520459283,1.3743039039755327,6.886118073822736,-2.9288712263720065
0.2,5.0,3,39,3,1,2,2,1,13.666858257623996,77.51273767421614,1.5632679295576917,2.570313553143423,5.702488192702285,-2.3689639779027534
0.2,5.0,3,40,3,1,2,2,1,9.438539424717039,86.37415150745166,-3.952801041416871,2.878504725878619,5.484648347905435,-1.654897767254927
0.2,5.0,3,41,3,1,2,2,1,20.608889203156057,79.59723556217652,-1.149825292997879,1.6587598999011035,6.061112503565246,-1.74446153618899
0.2,5.0,3,42,3,1,2,2,1,61.390958303411544,83.83341766927721,-1.4505797814054704,-1.4804233508746398,8.192613772086613,-1.546938045537869
0.2,5.0,3,43,2,0,2,2,1,12.456068864891854,76.87428575475212,-1.0187757590748612,5.150199715992953,4.363814786798814,-2.9808286672897197
0.2,5.0,3,44,3,1,2,2,1,31.378173126185565,81.37472530131032,-0.3447723139519169,0.09647784845998233,6.61986149479713,-0.6535583795698383
0.2,5.0,3,45,3,1,2,2,1,14.264316278329984,84.78254132779178,-3.4737196474830068,2.245134770196004,4.271780740995245,1.6854997815977026
0.2,5.0,3,46,3,1,2,2,1,34.880195534713074,83.82381263086843,-3.696470437521241,3.1254022169902274,3.2282179575453975,2.7085274723954047
0.2,5.0,3,47,3,1,2,2,1,6.877602915311452,82.07442450038783,-3.311210222532505,1.8739778310374715,5.352929156367544,-0.3536982772629967
0.2,5.0,3,48,2,0,2,2,1,26.87125789992554,83.3507837429866,-3.843428150353493,3.682629920579919,3.6323789697760733,1.0127171829642232
0.2,5.0,3,49,3,1,2,2,1,10.625510285293394,79.68162940554537,0.47657588444202986,3.573543943456358,5.5457548406465484,-3.1965369201607494
0.2,5.0,3,50,3,1,2,2,1,24.179175077420457,83.58649910511657,-1.5699321020965142,0.6774096780017729,6.246026490910998,-0.4973559906612055
0.2,5.0,3,51,3,1,2,2,1,37.763422702134285,79.34970893655085,-0.5971085903679877,-0.6803128459740164,6.952540152714831,-0.42952470483777017
0.2,5.0,3,52,3,1,2,2,1,12.082710060225503,79.71318888701491,-2.819617572027867,3.37660362060913,5.620821404994878,-3.092612730181324
0.2,5.0,3,53,3,1,2,2,1,6.49724589094701,84.05195620195062,-2.6157856298930473,2.409188757546141,4.667675237505351,0.5405177661278664
0.2,5.0,3,54,3,1,2,2,1,71.94429199006959,83.84407912575445,0.5351353716638317,-0.2092857645231093,8.751133002684721,-4.39930737064248
0.2,5.0,3,55,3,1,2,2,1,2.413600646804154,83.20288631287393,-1.6611689686398208,2.7539092338902753,4.876424804951113,-0.4408059833563722
0.2,5.0,3,56,3,1,2,2,1,3.7971454694426523,83.18427098494365,-3.99269143979726,1.9646251227399731,4.805653563576522,0.783439181498229
0.2,5.0,3,57,3,1,2,2,1,0.6515475045051343,79.96265637954255,-3.6133290127405235,3.947727817440219,5.033383871131015,-2.5970507639911045
0.2,5.0,3,58,2,0,2,2,1,19.8487152575656,80.6938364276069,-0.46325448515609274,4.012135395067916,3.988064631594667,-0.4084333891811697
0.2,5.0,3,59,3,1,2,2,1,17.77032488761085,82.73474210919393,-3.392032129315408,3.377801255856725,4.09356721959894,0.36990877827673296
0.2,5.0,3,60,3,1,2,2,1,46.97134855817298,78.58187491013415,0.3766015621801928,0.1052817309202703,7.434112021374838,-2.5623507815629933
0.2,5.0,3,61,3,1,2,2,1,30.6131042760359,81.73688245033887,-1.8452581562676418,-0.22923925016938648,6.58007003614167,-0.09077748119491996
0.2,5.0,3,62,3,1,2,2,1,54.77302228592409,80.71919637976879,-1.526004365810289,-0.5642757090483954,7.843833832706873,-2.328938665308654
0.2,5.0,3,63,3,1,2,2,1,0.7188936698613814,85.5034428927742,-3.8763099376946233,3.228444243914414,4.963177770883374,-1.0851828303130353
0.2,5.0,3,64,3,1,2,2,1,44.819948463685066,86.00178636524473,-1.212332325595253,0.11187708640624551,7.321400646343484,-1.7828840541711521
0.2,5.0,3,65,3,1,2,2,1,13.316969615921156,83.66134452664508,-2.2583253547905104,3.0056390378775335,4.319987548488561,0.45274266323138335
0.2,5.0,3,66,3,1,2,2,1,0.15034689730107278,82.74987542744314,0.7035570975017647,1.6180144974148092,4.992298060197649,0.8218079933477818
0.2,5.0,3,67,3,1,2,2,1,60.62788008062876,79.58315100171659,-0.5063352460823853,0.35360441795744196,8.152340389402237,-4.269722563752837
0.2,5.0,3,68,3,1,2,2,1,24.238742042857428,89.85711765973262,-3.961302273099158,1.0907466002938035,6.24911434494944,-0.5909998901343585
0.2,5.0,3,69,3,1,2,2,1,35.13343750658984,88.40827634485736,-4.103370336649141,0.5223290246891097,6.815389436787337,-1.1115364955993707
0.2,5.0,3,70,2,0,2,2,1,46.973512091617266,80.36453828906645,-0.91791568531266,4.616752476746175,2.620928815571504,1.756240291604874
0.2,5.0,3,71,3,1,2,2,1,20.749235436074695,82.36352148074153,-4.245927820739443,1.7724003329918678,6.0683753036007415,-1.7029925156618269
0.2,5.0,3,72,2,0,2,2,1,78.76549814873873,82.39153855424165,-4.995188967296878,5.9586229514593105,1.041420254456458,3.686649751627738
0.2,5.0,3,73,2,0,2,2,1,35.04396033341407,85.44946815927092,-2.214347619846249,4.6864187081154,3.2199702374255157,0.7306624448086568
0.2,5.0,3,74,3,1,2,2,1,21.57319537921961,83.41525512155164,-1.7955492576949224,1.792972493868958,6.111024572773665,-1.7407308443000324
0.2,5.0,3,75,3,1,2,2,1,34.599061569576435,84.45985214054386,0.35299144043859876,2.6770972660611134,6.787543849163323,-4.217424908014858
0.2,5.0,3,76,3,1,2,2,1,21.850522323387874,80.14113618674742,-0.5498216436994554,1.758050930370644,6.125383243480885,-1.9706097812558012
0.2,5.0,3,77,3,1,2,2,1,4.833328484381335,83.13370542021143,-2.36091945752527,1.6986294686568486,5.247902019762534,0.19087212085321625
0.2,5.0,3,78,3,1,2,2,1,27.05067739341026,83.26343511723913,-0.16774689182474448,1.1600247495819183,6.394982630438017,-1.4922231352198703
0.2,5.0,3,79,3,1,2,2,1,6.815615594764903,80.58960568777913,-1.2022984480518475,1.3410081083658734,5.3497429405371255,0.2671615027709961
0.2,5.0,3,80,3,1,2,2,1,46.1572902026334,81.99907115624372,-2.173591961427525,0.9465567381165483,7.391449769784118,-3.3488052234583137
0.2,5.0,3,81,3,1,2,2,1,24.51277674779425,81.16143431999181,-1.8188733899463787,3.602693628716014,3.7516980931530606,0.6896203193969914
0.2,5.0,3,82,3,1,2,2,1,64.54076028240874,79.97472046999191,-0.46821386297615397,-1.338612533917477,8.359011310382897,-2.3725575456545758
0.2,5.0,3,83,3,1,2,2,1,12.049057508650138,86.72578185586356,-3.288935847376938,3.567568032213981,4.384541568523269,-0.2078273506278986
0.2,5.0,3,84,3,1,2,2,1,7.938405781140911,80.61158886290242,-1.702774280735514,3.485801081489595,5.407470517487799,-2.7261454001081447
0.2,5.0,3,85,3,1,2,2,1,9.98252628037592,86.49265208225489,-1.148748873895737,1.3795826953141648,4.489841818043129,2.5444709919296247
0.2,5.0,3,86,3,1,2,2,1,1.1501404843061023,83.0375197318666,-3.8409885787153257,3.1580639759796094,5.058937855301741,-1.3813074590158436
0.2,5.0,3,87,3,1,2,2,1,6.950768883278009,84.05732798352012,-2.374653968121793,3.15215763743722,5.356690090856807,-1.9236789857999104
0.2,5.0,3,88,3,1,2,2,1,43.34783434169141,86.91792793827119,-3.026820829777223,1.1439706502600244,7.244345059141017,-2.9470173141037947
0.2,5.0,3,89,3,1,2,2,1,1.3798332129382744,77.39738504951359,-3.6152758456935405,2.583192801655843,4.929335385751868,-0.7664533837122547
0.2,5.0,3,90,2,0,2,2,1,36.741416950039735,85.9285558378335,-3.370113427474761,3.180248105852563,3.134519686867575,3.0089442428277033
0.2,5.0,3,91,3,1,2,2,1,25.51822339962878,80.63501256778387,-0.19660391724235537,0.933035444480421,6.31546223615623,-1.2172049368712985
0.2,5.0,3,92,3,1,2,2,1,23.568865914287592,80.68771477880416,-0.868508164385965,1.9774607586618083,6.214394231892267,-2.4068650112859085
0.2,5.0,3,93,3,1,2,2,1,36.242029302100825,82.24350631758304,-1.8127596549744989,3.801038897584729,6.873179773449481,-5.984814806170307
0.2,5.0,3,94,3,1,2,2,1,3.030896053202499,82.02801510692026,-2.2670684787763498,3.0213008089311275,5.155386674788795,-1.480004904137825
0.2,5.0,3,95,3,1,2,2,1,15.928714655357497,82.54221945058863,-2.658211123950398,3.508521156121492,4.187139888622813,-0.02358179319292896
0.2,5.0,3,96,3,1,2,2,1,0.6505864651847911,82.35149594454997,-2.46446993633741,1.8870233208601432,5.033334621759585,0.3337860171834896
0.2,5.0,3,97,3,1,2,2,1,2.656254454291584,81.75686934399337,-1.107770048801472,3.5315097498102395,4.864009095076647,-1.5610901675731659
0.2,5.0,3,98,3,1,2,2,1,12.119921799238039,81.21646877334513,-0.7239445113647087,2.357325126285526,5.622739039028675,-1.6405776548779747
0.2,5.0,3,99,3,1,2,2,1,12.610208356130107,82.65980538787359,-0.1845631129099472,0.6220964139138742,5.648008247345004,0.7806626728962714
0.2,5.0,3,100,3,1,2,2,1,44.80880084881057,76.67153781095604,0.16744729981923007,0.6946049914127677,7.320816933315161,-3.2654942699810077
0.2,5.0,3,101,3,1,2,2,1,13.528860852642103,80.83393000909254,0.49867036301741485,0.68492225518777,5.6953715724965495,0.4507929433707294
0.2,5.0,3,102,3,1,2,2,1,5.408157753327708,78.89824767951603,-3.2149653058371044,4.2568876086439165,4.723307058450995,-2.429762516029809
0.2,5.0,3,103,3,1,2,2,1,3.810533213368339,77.5261432242567,-0.977177424753216,2.4214589182876565,5.195393946657976,-1.1050376687084464
0.2,5.0,3,104,3,1,2,2,1,31.259205993109234,85.55160870679939,-3.9146090802218385,1.0407016653378556,6.613673003489811,-1.6125757531961695
0.2,5.0,3,105,3,1,2,2,1,6.799636529605535,84.87283478636051,-3.5026317399754383,2.387224112880773,4.652234033419953,0.6674491335331633
0.2,5.0,3,106,3,1,2,2,1,42.04381134075781,86.76823511367876,-1.9695157757491089,1.4531881217950722,7.176134158615195,-3.2304038522869427
0.2,5.0,3,107,3,1,2,2,1,14.196320197038576,88.62088999974316,-4.2721498191791625,2.8222304383338543,4.275240056379573,1.183723521947035
0.2,5.0,3,108,3,1,2,2,1,41.23675375908275,84.65170309394091,0.2677640666670508,1.6115652633699185,7.13394028603469,-3.511391447561263
0.2,5.0,3,109,3,1,2,2,1,2.1990794161246936,81.21581318519225,-1.3227339237945412,0.5014296969555934,5.112718577030339,1.9974476233941445
0.2,5.0,3,110,3,1,2,2,1,44.642676525002045,81.15321031179403,-0.16646401026386906,0.08332339336173629,7.312118683523246,-2.089881191443399
0.2,5.0,3,111,3,1,2,2,1,25.26415467038384,84.20179987133166,-2.6038559145461835,0.19768957214905888,6.302284129772641,0.09309649723685262
0.2,5.0,3,112,3,1,2,2,1,12.219972282860672,85.76575749172957,-2.776142545987799,3.296811144022215,5.62789511725,-2.551816596154283
0.2,5.0,3,113,4,0,2,2,1,38.39525827318912,84.00928461288547,-2.150277022213708,2.8278920646818917,3.0513327827401797,3.5350477374932714
0.2,5.0,3,114,3,1,2,2,1,43.25894498049869,81.317344846182,-1.51764557390201,0.9704765101524102,7.239694051549159,-3.1232040821947837
0.2,5.0,3,115,2,0,2,2,1,41.20782463237084,83.93311407276245,-3.6854341946903646,3.8577470774585856,2.910016982285515,2.422075864734432
0.2,5.0,3,116,3,1,2,2,1,22.97649776389732,81.72487893790814,-2.6653300471067105,1.7125965201034679,6.183700860238401,-1.9115429171894793
0.2,5.0,3,117,3,1,2,2,1,42.622476350928984,83.34233794378822,1.003214679404513,0.39214515676512307,7.206397640927825,-2.1273240672484333
0.2,5.0,3,118,3,1,2,2,1,29.24040082243795,84.69914605007183,-4.34762942234432,0.9940536256207382,6.508712543394409,-1.3952292547663316
0.2,5.0,3,119,3,1,2,2,1,7.223899821681621,86.47779286068501,-2.6271564176118507,2.4870782569748497,4.630573393027794,0.7018563335875523
0.2,5.0,3,120,3,1,2,2,1,16.77547428957884,83.73093849739224,-3.682001275695954,2.584261324155324,5.8629286758060815,-2.2541291133401185
0.2,5.0,3,121,3,1,2,2,1,24.828107190480832,81.83131146996108,-2.32986195735716,0.8091402827931979,6.27967090707305,-0.8821342259195631
0.2,5.0,3,122,3,1,2,2,1,10.397265651851669,78.44221801504659,-0.06378683318804534,3.2234357864602936,5.534001821511689,-2.8081166013903296
0.2,5.0,3,123,3,1,2,2,1,26.47235311594873,79.61771113273274,0.35274580263534655,0.5619928383063589,6.364965886435129,-0.892073228263743
0.2,5.0,3,124,3,1,2,2,1,1.9610833889471182,85.81341097371498,-3.1923762732588283,3.393408899516679,4.899582388718272,-1.1461568615112803
0.2,5.0,3,125,3,1,2,2,1,3.543277537177765,82.15385170837521,-3.254630859466321,1.795422953213663,4.8186358663166615,0.9080952697275049
0.2,5.0,3,126,3,1,2,2,1,65.99381560913585,83.17924449907207,-0.7260115811098513,0.13818343108509398,8.435859460790828,-4.28427455280863
0.2,5.0,3,127,3,1,2,2,1,17.05986296478705,81.53289946334871,-3.5779897699287146,1.6713634610845185,5.877618568127794,-1.2305031386826788
0.2,5.0,3,128,3,1,2,2,1,8.199346251837255,81.14218539074216,-2.3237578649704016,3.629780233124849,5.420891143015266,-2.9020307143843205
0.2,5.0,3,129,3,1,2,2,1,34.60535352311952,81.67836100450096,-4.310418453088016,-0.09945642375504456,6.787871671884599,-0.7115521923750034
0.2,5.0,3,130,3,1,2,2,1,18.38076905748764,81.58492956703411,-1.9478963115094334,2.680442284178713,4.062568950171178,1.2963656047960026
0.2,5.0,3,131,3,1,2,2,1,54.26901133867615,83.23892331710545,0.39648022752071477,-0.11327900614538786,7.817317456597491,-2.699652425873236
0.2,5.0,3,132,2,0,2,2,1,13.896387852747013,80.90095080114843,-2.360387993406869,6.3667591707098365,4.290500549130926,-4.071431425382667
0.2,5.0,3,133,3,1,2,2,1,7.742198996261157,86.93593600688763,-0.5729906351815816,2.2803076501981363,5.397380384155344,-0.6278526784417222
0.2,5.0,3,134,3,1,2,2,1,24.17936850847698,83.87059754673935,-3.2593595217653806,2.307759264864106,6.246036517915285,-2.6716066471196913
0.2,5.0,3,135,2,0,2,2,1,10.36791651389694,83.45843221138892,-2.9343194723391157,5.010987554566763,4.470196176042392,-2.5334609426402093
0.2,5.0,3,136,3,1,2,2,1,15.396892820560076,83.14640490245279,-0.9000612414427077,1.9693502415174529,5.791747923683109,-1.329738374741008
0.2,5.0,3,137,3,1,2,2,1,2.8796355992114697,83.90927050677281,-0.3624563084228892,1.9654709730766722,4.8525807963726395,0.736040236511368
0.2,5.0,3,138,3,1,2,2,1,1.2368995081030063,80.02657135926087,-2.2989151184630017,-0.2705315198977601,4.936653159801491,3.391605854395624
0.2,5.0,3,139,3,1,2,2,1,32.87038097437734,81.5923826938103,-2.73387123982685,1.6828919014978638,6.697514419409736,-2.942640486876587
0.2,5.0,3,140,3,1,2,2,1,7.648240121859917,77.14053216515958,-1.2156735190444747,3.590177659249885,4.60891330549137,-1.447116106842936
0.2,5.0,3,141,2,0,2,2,1,58.496683213134446,84.35484684533444,-2.2440638160130817,6.922602662467248,2.045594915821439,0.2855630916133568
0.2,5.0,3,142,3,1,2,2,1,33.25939484804581,80.10181022979174,-2.108077972436186,0.16800323404509213,6.7177675837763395,-1.053378245407684
0.2,5.0,3,143,3,1,2,2,1,22.137939263955566,77.4176867060075,-1.7884698984270642,1.901416147674854,6.140266376536911,-2.3969439523782206
0.2,5.0,3,144,3,1,2,2,1,24.263763438021417,82.89916203388337,-1.6354495549162142,3.6982533758742777,3.7643040679949564,0.6673201338558488
0.2,5.0,3,145,3,1,2,2,1,11.280772162917462,86.99503337038048,-2.622473555180365,2.672524383260028,5.579503566110287,-1.5335211398226352
0.2,5.0,3,146,3,1,2,2,1,69.81559803984808,84.85432852722037,0.32007962747650887,-0.49797226529209687,8.638243440836781,-3.7143852251020197
0.2,5.0,3,147,3,1,2,2,1,21.121327369575244,82.02016828801106,-0.8388356030708324,2.2589895398552238,6.087633156881423,-2.418375952269026
0.2,5.0,3,148,3,1,2,2,1,44.81410014488588,82.39606926090183,0.9771989821901882,0.63012672645017,7.321094415429654,-2.7539557898237295
0.2,5.0,3,149,3,1,2,2,1,15.982038260168002,83.17445879848835,-2.355408904552673,1.261051029393509,4.184429320995284,3.127983755262704
0.2,5.0,3,150,3,1,2,2,1,14.56704652743395,83.30826159478575,-2.204756298475917,2.5154898698332535,5.748923274474823,-1.957396786160813
0.2,5.0,3,151,3,1,2,2,1,16.643902005361404,84.00362759868129,-2.7905530646999765,2.379738497981317,5.856133093781697,-1.948267998386904
0.2,5.0,3,152,3,1,2,2,1,10.371495709894134,79.78170423492195,-0.8639837376717536,3.131324223079511,5.532674930059564,-2.5845584946635047
0.2,5.0,3,153,3,1,2,2,1,29.747905017642733,85.32255397535712,-0.2279227296844007,1.3273326140626782,6.53508865795979,-1.85401803791789
0.2,5.0,3,154,3,1,2,2,1,28.30066246708657,77.33894678365148,-2.2596367194527667,1.4477757304276664,6.45988950433338,-2.458771485666187
0.2,5.0,3,155,3,1,2,2,1,14.855054173363294,83.42682128926961,-3.6579954937085053,2.100716684912321,5.763784094162042,-1.4256621242463652
0.2,5.0,3,156,3,1,2,2,1,14.283736013287617,81.52967056471185,-2.4192958427592157,1.6469641367438077,5.734306857958261,-0.8961753220143371
0.2,5.0,3,157,3,1,2,2,1,4.943138333230732,83.51404400917593,-3.2994722698396823,1.7626513139480535,4.747069769447354,1.2142167768859897
0.2,5.0,3,158,3,1,2,2,1,12.28055670615959,86.9014442526228,-4.206682795762416,3.729396984201299,5.631017443655585,-3.037610882121305
0.2,5.0,3,159,3,1,2,2,1,2.755885010427651,82.48871425481079,-2.4139546239844716,2.6435727570509546,5.1412780461985115,-0.9110544904113794
0.2,5.0,3,160,2,0,2,2,1,46.41102531930176,84.90477472277321,-5.12074038805536,4.203165342674452,2.649095785443617,2.612083066834202
0.2,5.0,3,161,3,1,2,2,1,50.71197198689149,82.5131497402979,0.07761754550872207,-1.301771176723843,7.630364356933769,-0.7360951954705162
0.2,5.0,3,162,3,1,2,2,1,1.275601054964713,80.63711420880932,-4.102473881773382,2.2425056739107037,5.065368963791428,-0.3498501074673121
0.2,5.0,3,163,2,0,2,2,1,30.99296716486258,82.57382941260721,-1.4517199881001763,3.9570747678132387,3.424184833149799,1.0386256181247293
0.2,5.0,3,164,3,1,2,2,1,42.962519219359216,81.45030736511407,-1.578890628419519,0.9253885240731338,7.2241854590558345,-3.0215973390311284
0.2,5.0,3,165,3,1,2,2,1,29.804400574943973,84.2483054149462,-1.7811351678069405,1.225169387940216,6.538025260929777,-1.8031693523962018
0.2,5.0,3,166,3,1,2,2,1,44.56091481858731,85.27085502599124,-1.4134825513460803,2.2388947632243776,7.307837909197404,-4.636034128781119
0.2,5.0,3,167,3,1,2,2,1,36.93824365171388,81.69533510100504,-0.46608487278720423,1.2274420359216156,6.909489062411048,-2.7638278164254353
0.2,5.0,3,168,3,1,2,2,1,6.795317455378919,87.76395860771079,-3.4607262901023823,0.8067002457394787,5.348699614995145,1.5663167360300052
0.2,5.0,3,169,3,1,2,2,1,30.005539412210783,85.88808025242595,-1.3968633678708513,0.6632684354710567,6.548480986297596,-0.9383395344846103
0.2,5.0,3,170,3,1,2,2,1,14.200536114345997,78.62487462491914,-2.529810724002368,3.0602902083707466,4.275025567334861,0.08883841513428943
0.2,5.0,3,171,3,1,2,2,1,63.101298699996754,85.96004503357237,0.8596900311434011,-1.885677489662015,8.282935796478734,-1.0065775026462542
0.2,5.0,3,172,2,0,2,2,1,19.750989180069745,83.07797266521396,-3.3945840946720427,5.287656027711164,3.993022974934763,-1.911155141119459
0.2,5.0,3,173,2,0,2,2,1,46.23109380002885,80.62009206723086,-2.9439768655146232,3.774946150316815,2.658107630533995,2.8412826997131955
0.2,5.0,3,174,3,1,2,2,1,29.961263938671348,86.11228128637518,-1.2345546824683804,2.6747457804287293,6.546179342749721,-3.60258008152775
0.2,5.0,3,175,3,1,2,2,1,63.42512538300079,83.48115384912798,0.0742568305813797,-1.943261538461263,8.30004537225255,-1.1490852322042284
0.2,5.0,3,176,4,0,2,2,1,71.0634764841734,83.02196072536319,-2.004331520590117,3.4475555449768476,1.4218309466669032,6.346614875825147
0.2,5.0,3,177,3,1,2,2,1,7.586591725100451,79.16412760539137,0.33482376997223373,3.18723757420531,4.612059816736647,-0.7651914758518863
0.2,5.0,3,178,3,1,2,2,1,28.49407294703449,82.61707117267937,-0.6600565876898172,0.7823313005001066,6.469936096770364,-1.1848903332146332
0.2,5.0,3,179,2,0,2,2,1,28.897838052253853,82.8871865017065,-3.8600100244249878,4.243202573673754,3.529960840032383,0.446740114725187
0.2,5.0,3,180,3,1,2,2,1,48.57152583256172,82.33203075638534,-0.264396663106345,-0.22902692867760494,7.51802171213006,-1.9988455684592215
0.2,5.0,3,181,3,1,2,2,1,27.919972154871452,81.46282656384226,0.1950849306798752,0.6548758337191728,6.440117541592602,-1.036399414288655
0.2,5.0,3,182,3,1,2,2,1,1.3287974447822362,80.3621009937886,-4.080011272357317,2.6548761722683953,5.068095929427668,-0.932167877250192
0.2,5.0,3,183,3,1,2,2,1,8.81015632457243,86.19691810215349,-2.389752007362877,3.5906588907288444,4.549627232714222,-0.6336419840622407
0.2,5.0,3,184,3,1,2,2,1,45.86249105740098,83.67243804195937,-0.8806549911040774,2.352749907959211,7.376004447593136,-5.036058369130818
0.2,5.0,3,185,2,0,2,2,1,38.67416452106594,85.7070469085707,-2.4218463887578316,5.584496319076117,3.0373106334458044,-0.0398652222381421
0.2,5.0,3,186,3,1,2,2,1,15.611175070888448,81.34085472977499,-1.2553167354710535,1.1096388891447817,5.8028088875440815,-0.3240127676722605
0.2,5.0,3,187,3,1,2,2,1,8.459745335091839,78.26534181027095,-1.2473094171627659,0.20731869164232722,5.434285627456599,1.4814187122786981
0.2,5.0,3,188,3,1,2,2,1,3.192855111387128,83.39023630584187,-2.6487105448983077,4.229090000537437,5.163696391260261,-2.978089629838003
0.2,5.0,3,189,2,0,2,2,1,33.694353199878464,79.9704094939793,-3.286331275975074,5.927537973641959,3.2879604451508357,-1.4667229945468734
0.2,5.0,3,190,3,1,2,2,1,38.63343602729789,79.4183265602331,-4.782215825085869,1.5832770669644847,6.997949103321514,-3.58449173063041
0.2,5.0,3,191,3,1,2,2,1,15.488462900978451,88.04550465725896,-2.454121479876891,2.824810988602469,5.796474507561473,-2.1104926038768212
0.2,5.0,3,192,3,1,2,2,1,11.917965438679122,81.60000695418569,-2.304433193469504,2.36762625169112,4.391218221092892,1.0079795268393417
0.2,5.0,3,193,3,1,2,2,1,19.90746653086027,82.9932462422506,-2.2859748347781723,2.440980108650054,6.024821920480076,-2.4561212519377538
0.2,5.0,3,194,3,1,2,2,1,26.53921131508803,82.63203271859471,-3.4080598970531737,3.3915826995501512,3.649169404657357,1.3149620502043944
0.2,5.0,3,195,3,1,2,2,1,28.250139778863584,81.1553061496251,0.820352969022818,0.39212632757529875,6.45726528948582,-0.7359917160225816
0.2,5.0,3,196,3,1,2,2,1,13.987661725227293,84.65603496858007,-3.924334862423677,3.6998975407415298,4.285856317864371,-0.33050935118772967
0.2,5.0,3,197,3,1,2,2,1,21.685335109606047,82.13707793797735,-1.0356469095225842,1.4647431898606778,6.116830400911668,-1.4079453934756934
0.2,5.0,3,198,3,1,2,2,1,14.780087849811089,80.75698540379658,-3.2535434710410684,2.0554883918842157,5.759915728398635,-1.5587607674144188
0.2,5.0,3,199,3,1,2,2,1,19.44660642463544,78.25754441082118,-2.986119449886947,2.7571572343194073,4.008468005610579,1.0518339208585852
0.2,5.0,4,0,4,1,2,2,1,36.355829492535165,29.818808808965755,-0.9908336902846848,0.235866495316228,0.8704006850198562,3.1539240807074944
0.2,5.0,4,1,4,1,2,2,1,4.307890160584435,32.262437796000754,-0.1679574260269356,1.41579828264694,-0.8160500924451459,5.220923892101413
0.2,5.0,4,2,2,0,2,2,1,62.95453959763513,29.78638938697902,-0.49550956847437316,1.9361559925849041,0.4072914063353551,1.823887405160816
0.2,5.0,4,3,4,1,1,2,0,5.696117055718637,25.457832359790054,2.048204370349942,0.6652685172943914,-0.15959195510486468,5.292216077915423
0.2,5.0,4,4,4,1,2,2,1,12.796713776951316,25.992156262477344,-3.0325844031626152,-0.09745980765891114,0.137875161591142,5.657622262717189
0.2,5.0,4,5,4,1,1,2,0,57.08648964356382,30.716722770947438,0.7371050648742539,2.916465156961432,-2.77688010246913,7.965630695194538
0.2,5.0,4,6,2,0,2,2,1,82.52226607946356,29.46265340451235,-1.7470366332165275,2.9375910975620205,0.23881502753828934,0.8563877045271614
0.2,5.0,4,7,4,1,2,2,1,60.62233505305755,28.291352501278165,-1.056264559148271,0.5186949922958121,-1.3468610677631287,8.152047791422108
0.2,5.0,4,8,4,1,2,2,1,26.86612387369728,27.405289249136725,-1.3054989964451424,0.2728742139152601,0.7231269596418215,3.6326385588291688
0.2,5.0,4,9,4,1,2,2,1,61.983091105481236,24.09519880225992,-2.2365981836740283,0.5900546035934511,-1.2779912716855244,8.223875411419069
0.2,5.0,4,10,4,1,2,2,1,46.597310847706396,29.50634957429109,0.08051179240657268,-0.45390273988198127,-0.49275753754560725,7.414507770993091
0.2,5.0,4,11,4,1,2,2,1,22.151754715438422,30.436114820203496,-1.552359474203865,-1.0810441992815802,0.39464421293802576,6.140981826059796
0.2,5.0,4,12,4,1,2,2,1,30.09026470270301,27.23792929076983,0.6500238867874794,0.5282162233620945,0.6410958605903937,3.469745980758078
0.2,5.0,4,13,4,1,2,2,1,22.100410158918365,26.519336932236286,-1.850176452521269,0.12124626414624072,0.7435944776159361,3.8738854878148654
0.2,5.0,4,14,4,1,2,2,1,7.238527489507145,31.15655480962777,-0.7947778928165075,1.0916352141910617,-0.6456098992467096,5.371482986937715
0.2,5.0,4,15,4,1,2,2,1,71.90565678209877,27.615455282422563,-0.5825192103796049,0.5268449668613725,-1.5700123211032142,8.749083043421694
0.2,5.0,4,16,4,1,2,2,1,45.22472767033033,26.13701018612137,-1.5609436984515146,2.1009374851044744,-1.8941438456706416,7.342597904642114
0.2,5.0,4,17,4,1,2,2,1,23.875001938219132,32.690871996649726,-0.6260346882177589,-1.6502718362248803,0.6376263645153252,6.23026005207148
0.2,5.0,4,18,4,1,2,2,1,66.52604779861124,28.653687298489942,-0.30432080079678164,-0.7672215924813784,-0.6997327073658762,8.464021411369574
0.2,5.0,4,19,3,0,2,2,1,82.03991724137082,26.226829914212924,0.9724871793856344,0.6054443800063142,1.7669469563844697,0.8801259179224215
0.2,5.0,4,20,4,1,1,2,0,43.959567260290896,27.454538017002047,1.7681200825609005,-0.22278265811135717,-0.5088132220417775,7.276358572930238
0.2,5.0,4,21,4,1,2,2,1,6.3550061843402235,26.604935997150488,-0.23685297862644358,0.9237573020256554,-0.37036679319177157,5.326070133005125
0.2,5.0,4,22,4,1,2,2,1,6.195937109868935,28.715682120548614,-0.7060198835042967,0.7642605669902909,-0.34133445855848604,5.317896087309278
0.2,5.0,4,23,4,1,2,2,1,7.30098738048502,24.936436730123084,-1.3113894052832376,4.163885066822233,-2.257769125051202,5.374694156295867
0.2,5.0,4,24,4,1,2,2,1,47.70936002629459,20.57766183460992,-0.7440748474475577,1.8689385474641347,-1.6232105553873752,7.472803540414059
0.2,5.0,4,25,4,1,2,2,1,27.75951143769961,23.90717842927252,-2.2993146374069595,0.3007830301570824,0.8455106424306482,3.5874764627759896
0.2,5.0,4,26,4,1,2,2,1,16.12438964159865,27.294075665466327,-0.5568174770710308,0.6180986966442386,-0.41818455933686405,5.8293050409434155
0.2,5.0,4,27,4,1,2,2,1,8.458839388759143,24.989663647588984,1.2323465385183119,-0.9556458785975824,0.8008522021135911,5.434239024173317
0.2,5.0,4,28,4,1,2,2,1,32.020845045986604,23.62877262496342,0.1253633468087027,2.3385049321784197,-1.670208505524412,6.653298533570936
0.2,5.0,4,29,4,1,2,2,1,4.442328584489819,31.142517550724996,0.4994151545298748,0.8466645707104068,-0.43615987789053434,5.227825845870305
0.2,5.0,4,30,4,1,2,2,1,43.895172544150014,32.645786150215116,0.2084487338385239,0.4430814581278424,-1.0896809761407569,7.2729881863770345
0.2,5.0,4,31,4,1,2,2,1,52.893041726369034,28.85050465979804,1.2011135876040433,0.30306725772383314,1.2237847558832402,2.32497195134559
0.2,5.0,4,32,4,1,2,2,1,48.156713457169545,24.856315469103855,-1.4505060372998722,1.3551151387661962,-1.4691214650481712,7.496263595432481
0.2,5.0,4,33,4,1,2,2,1,6.835596576047977,24.615065662712503,-1.2728534285336532,-1.4862926491989534,1.1840871614362307,5.350769974225926
0.2,5.0,4,34,1,0,1,2,0,53.4997312926361,29.30048593948801,2.6701801045011573,-0.06924705398351011,1.453888002487804,2.2946877472243656
0.2,5.0,4,35,4,1,2,2,1,19.333875692633544,29.35608090353093,-2.718482106565448,2.149877293264167,-0.6507256424864196,4.014188785646159
0.2,5.0,4,36,4,1,1,2,0,17.567362037946598,29.16770264998086,2.2724041101918524,-0.7433578097469055,0.3264109546384007,5.903838132161946
0.2,5.0,4,37,4,1,2,2,1,2.5976787026304735,30.071077165446393,0.31617802451633026,0.5670410551999722,-0.07680519622900303,4.867006067956877
0.2,5.0,4,38,4,1,2,2,1,3.1205460839019272,25.718216739410426,-1.7853664505456848,1.054499736014255,-0.3498860238079684,5.159986313759347
0.2,5.0,4,39,4,1,2,2,1,34.752488958405834,26.25458959460305,-1.8390082905711287,0.8435743046222152,-0.9208905751793376,6.795537994252679
0.2,5.0,4,40,4,1,2,2,1,0.804622221101716,28.48427201581693,1.1003937514491584,-2.785808864863161,2.014837204429089,5.041228624940215
0.2,5.0,4,41,4,1,2,2,1,7.6881034827445776,25.932098882787344,-1.7597561744504748,-0.4536298384955796,0.807017305314593,4.6068787447601744
0.2,5.0,4,42,4,1,2,2,1,31.06342545178568,25.93672532346397,1.3710141205656774,-0.5158031582324827,1.3574201842858904,3.4206295106520104
0.2,5.0,4,43,4,1,1,2,0,24.036355218352504,22.06065382368588,2.5608300062459852,0.45914842175707216,0.7291368271218701,3.7758176513276127
0.2,5.0,4,44,4,1,2,2,1,46.67085538154951,29.69551780884669,-2.2130203464903886,0.7625837305986941,0.7741242589527719,2.6360836289699376
0.2,5.0,4,45,4,1,2,2,1,9.563764742649271,25.505024473588545,-1.2909378153764968,0.28073693818106504,-0.008785311564419036,5.491093407672897
0.2,5.0,4,46,4,1,2,2,1,41.764369193571234,28.245824511434392,-2.3290725746543828,3.469569246319514,-2.693458067915866,7.161522730306352
0.2,5.0,4,47,4,1,2,2,1,28.537329740601187,27.1501224697987,-0.6917108598866626,2.771363840466851,-0.7497886662531001,3.5481725953316903
0.2,5.0,4,48,4,1,1,2,0,28.915530082304755,28.47561573670223,1.65929554786743,-0.38369060377726694,1.139846686990364,3.529067176320892
0.2,5.0,4,49,3,0,2,2,1,66.88783840624033,30.878151557846202,0.7523159862867981,-2.784761580872235,3.436831017220956,1.628668334579753
0.2,5.0,4,50,4,1,1,2,0,92.36538030111987,31.731428648079223,3.0561396243337575,1.6191997117023127,-2.793046286084205,9.840088902603668
0.2,5.0,4,51,4,1,2,2,1,18.788330268963577,28.975418625238646,-2.2402380781864286,0.6303775301660661,-0.5399668893159102,5.9669451571601915
0.2,5.0,4,52,4,1,2,2,1,66.26046795376948,30.68625653518222,-0.9028376088285741,0.7222450908398295,-1.6704098332505781,8.449967896496718
0.2,5.0,4,53,4,1,2,2,1,15.824501584239776,29.683986938678604,-0.30143667899535925,2.3205765221026544,-1.5172354490118933,5.813821666281125
0.2,5.0,4,54,4,1,2,2,1,18.427559371545755,22.810075468853537,-1.697797382808721,-0.5963639924938613,0.43379873127375346,5.948294421411936
0.2,5.0,4,55,4,1,2,2,1,40.514365249038896,27.401378359541752,-2.458190005315201,1.545107459077621,-1.5051340336778365,7.096187095926146
0.2,5.0,4,56,4,1,1,2,0,83.30324293992291,27.57068227148127,1.0121870173529528,0.27407859312175026,-1.6587957227243018,9.355510506621814
0.2,5.0,4,57,4,1,2,2,1,42.352798440773526,27.863954990179547,-1.4025268012624479,-0.9562220450641307,-0.033929708063614596,7.192292748271015
0.2,5.0,4,58,4,1,2,2,1,7.708959850178039,25.148991222369247,-1.2912950282777713,0.14464804743386928,0.4623556930019904,4.605814285650714
0.2,5.0,4,59,4,1,1,2,0,73.738034535907,33.00722318265129,0.8251660871622553,0.4529034243323915,-1.7451518090715687,8.846350384073716
0.2,5.0,4,60,2,0,2,2,1,68.09904377825485,25.600414406832847,-2.923100370698738,2.2705569097704528,0.45975713475029073,1.5686287074956902
0.2,5.0,4,61,4,1,2,2,1,13.885998803242883,25.74657161873628,-1.4611099128583152,-1.4005411948344182,0.9365615424634006,5.713790404616601
0.2,5.0,4,62,4,1,2,2,1,93.30243980484882,30.302771338319364,-1.9525933115061056,0.9444903968782805,-2.3647291442054157,9.890318489545448
0.2,5.0,4,63,4,1,2,2,1,31.32802905854379,28.039105698542887,-2.034046305184983,2.7817297014911526,-2.0642995771531654,6.617253032033229
0.2,5.0,4,64,4,1,2,2,1,17.118594067112927,29.578979936906897,-0.3509435824405039,-1.5311603271454763,1.5671510677751035,4.1266722111216785
0.2,5.0,4,65,4,1,2,2,1,66.88399155347493,29.963625344440374,-1.8266388851850675,2.2056945806108637,-2.5422330327507905,8.482965368172444
0.2,5.0,4,66,4,1,2,2,1,57.839559946701854,26.314532634136526,0.17267801796018645,-0.8595809183257825,-0.3762292417388959,8.005307173301352
0.2,5.0,4,67,4,1,2,2,1,27.624461783201504,28.38479357949078,-2.0555415283945293,2.077703930122364,-1.5808871716214954,6.424772112205599
0.2,5.0,4,68,4,1,2,2,1,21.975556665784318,26.365397588045365,-1.2690340978742012,0.7860289101219808,-0.6150794983370953,6.131857562755112
0.2,5.0,4,69,4,1,2,2,1,7.056366361752335,27.726675055454976,1.4390100749490833,-1.053076116870133,1.1073169542206496,4.639126229965859
0.2,5.0,4,70,3,0,2,2,1,98.41919747885329,27.365918469029253,1.5270841096744894,-0.012763580821242815,2.4778784509164167,0.07715736551906441
0.2,5.0,4,71,4,1,2,2,1,8.898918207438426,24.99343023211312,-1.174455430915786,2.400259043358919,-1.2590009648267069,5.456879786154766
0.2,5.0,4,72,4,1,2,2,1,97.57087986193356,26.679974089314285,-2.6904013239180675,-0.3872974477052949,-1.5311502701672415,10.119412219475084
0.2,5.0,4,73,4,1,2,2,1,47.37504870446031,27.94071159556562,-1.788957686926236,-1.1355938375501518,2.039635517497299,2.6008262803818964
0.2,5.0,4,74,4,1,2,2,1,26.032561735496778,28.714924932172394,-1.782551431878284,2.7101862585206744,-1.932365772395586,6.34214507910571
0.2,5.0,4,75,4,1,2,2,1,13.23374621142467,27.87031886803596,-0.9079179560037698,-0.4139592113870172,0.2602049929133527,5.680153917301437
0.2,5.0,4,76,4,1,2,2,1,12.093438386325673,29.474768590709655,0.7378086342970743,-1.1092589894158549,0.6641146434560725,5.621374264680731
0.2,5.0,4,77,4,1,2,2,1,5.850248672813762,26.663435652747005,-2.7361239960039487,2.3272151212652763,-1.2063562230969755,5.300134462855502
0.2,5.0,4,78,4,1,2,2,1,33.81309227337952,26.685374595696782,1.3186064571025056,0.04094153451042698,1.0435620343962666,3.281976838211229
0.2,5.0,4,79,4,1,2,2,1,32.03335719254109,29.14333472908839,-0.133423284789885,-0.9557152064716049,1.5453551149962212,3.3716992114635267
0.2,5.0,4,80,1,0,1,2,0,68.81450424923541,29.256954504345757,1.9776828830825142,1.2146174887168988,0.9942827793572729,1.533179893127282
0.2,5.0,4,81,4,1,2,2,1,60.31112056464069,26.937593324420288,0.09004677522937111,1.3162907540924018,0.8257829228048075,1.9552972966152695
0.2,5.0,4,82,4,1,2,2,1,23.554156744686857,24.647636652038216,-1.3640503094603587,-0.41820312725828634,0.1488428823958414,6.213631973432253
0.2,5.0,4,83,4,1,2,2,1,48.95002088843942,26.543847673391458,-2.6025715485086707,2.5311507991847035,-2.240642397038118,7.537878722201481
0.2,5.0,4,84,4,1,2,2,1,5.020574339608027,28.50385920775033,0.5398280860761574,1.0152518071251848,-0.4617144628317204,5.257517650527199
0.2,5.0,4,85,4,1,1,2,0,39.72681670121067,28.918022682191754,1.3623963860375758,0.6371802771310955,0.7263318636837528,2.9844052132169487
0.2,5.0,4,86,4,1,2,2,1,25.04527405422919,27.687230636666225,0.01388839350540475,-0.39015835745810445,-0.004592052254043257,6.29093247985904
0.2,5.0,4,87,4,1,2,2,1,76.15726404171109,28.756835373656862,-1.8026079915482578,-0.4159769528289282,-1.1257723452818085,8.974902596659144
0.2,5.0,4,88,4,1,2,2,1,37.45099046700204,26.711121631692336,-0.21007010306003088,1.6784547086102934,0.1148848071526721,3.098820481163573
0.2,5.0,4,89,4,1,2,2,1,14.525773513173277,30.083312895480862,-0.29197519030049723,-1.1025945875098353,0.586136202361824,5.746793811720594
0.2,5.0,4,90,4,1,2,2,1,31.959822002311807,22.983037033931264,-4.181579547716648,0.0423708078313879,-0.26069006659530014,6.650123166247394
0.2,5.0,4,91,4,1,2,2,1,65.08588879830054,25.46460431354958,-2.5664328274451917,2.9512668206194954,-2.791431454027494,8.387835291837993
0.2,5.0,4,92,4,1,2,2,1,18.219005213030325,26.7064319208149,0.7052092252908844,-1.6719170425362333,1.780492840748825,4.070782396442974
0.2,5.0,4,93,4,1,2,2,1,27.493026330457706,27.132801607932173,-0.6444524564456465,-0.714813930893238,1.363076686884843,3.6009456288935136
0.2,5.0,4,94,4,1,2,2,1,54.591528326961345,26.652125789741664,-1.0852396205207029,1.9314396747279299,0.3355197160362138,2.2402109453611803
0.2,5.0,4,95,4,1,2,2,1,25.65363831850518,29.84627432581615,0.38559091677932195,1.5464555361536685,-0.16733562961915446,3.6939630387133984
0.2,5.0,4,96,4,1,2,2,1,46.683355113593464,23.76230717724166,-3.6067500635755487,2.803735456945061,-2.260013633410657,7.41901724898568
0.2,5.0,4,97,4,1,2,2,1,21.005342076272164,30.182030724866344,-1.2526882606854017,2.7076430246483896,-1.8730995652693612,6.081629889643044
0.2,5.0,4,98,4,1,2,2,1,24.065826070224116,28.00651746540496,1.8138414307355304,-2.9588861041919245,2.695400872732726,3.774325482336846
0.2,5.0,4,99,4,1,2,2,1,23.3148955995696,22.661731458839146,-1.8492120568281614,1.8492002615748349,-1.160220148787511,6.201233752600623
0.2,5.0,4,100,4,1,1,2,0,48.30864210415705,26.295917913146074,2.279978412005143,-1.1196390940633092,2.106968072507004,2.5541020665033454
0.2,5.0,4,101,4,1,2,2,1,3.7984539951826313,28.849346092725316,0.6007144521957636,1.2915458332033414,-0.6146536962076619,5.194773982546176
0.2,5.0,4,102,4,1,2,2,1,113.99028544828427,28.13416595793163,-1.351427305834594,1.8997555000545125,-3.2929806363525738,11.005127902483878
0.2,5.0,4,103,4,1,2,2,1,7.013521345528521,26.700692195480645,-3.0249906215538367,3.156644568033325,-1.4239484009836172,4.641313645212209
0.2,5.0,4,104,4,1,2,2,1,32.02890116528142,24.83408732491511,0.9176579913122762,-0.2854233121478919,-0.12350956400859522,6.653717745191935
0.2,5.0,4,105,4,1,2,2,1,25.308329429943264,32.03710547656187,-1.296701845521033,1.8391408992633438,-0.42605112168939685,3.7114345347794537
0.2,5.0,4,106,4,1,2,2,1,85.27981104917961,29.831374187458973,-1.2153265872584114,3.941367265325831,-3.92854847955605,9.461020637823099
0.2,5.0,4,107,4,1,2,2,1,32.27894941004172,26.540186966102606,0.25979210832310146,0.4599122715051175,-0.6442876392427793,6.666730180412306
0.2,5.0,4,108,4,1,2,2,1,36.626900386811705,23.35097850084764,-2.1871556536744623,-0.759675810574186,0.12170177394411662,6.8932502216378015
0.2,5.0,4,109,4,1,2,2,1,26.909805506006627,27.60133994953544,-0.48057654676135814,-0.8989689230924861,0.2742166334377245,6.387670181676971
0.2,5.0,4,110,4,1,1,2,0,32.64410287372754,31.5876269115858,3.4682777696885574,2.328788340739178,-1.9441893149552816,6.685735508598754
0.2,5.0,4,111,4,1,2,2,1,128.94791963665892,26.769290944743553,-3.288425919012157,2.0889182963390245,-3.671108875407346,11.818190346915356
0.2,5.0,4,112,4,1,2,2,1,4.656810952753065,29.286742709809506,0.735450616261359,-1.8502128973458967,1.30169732304775,5.238838124646051
0.2,5.0,4,113,4,1,2,2,1,17.63839583992692,25.815272091418414,-1.298694838751577,0.7873648180122045,0.25946265592188017,4.10026777151167
0.2,5.0,4,114,4,1,2,2,1,66.7334962831743,27.212125319178888,-1.606492203228058,0.8274954420873935,-1.6273953298374693,8.475000093903716
0.2,5.0,4,115,4,1,2,2,1,71.42356408373007,29.43331226207982,-1.9084574261802367,2.112236445973544,-2.5654716533546,8.723506764353212
0.2,5.0,4,116,4,1,2,2,1,26.953141585418326,27.593912705917923,0.9299797860648776,-0.7151593448198399,1.3353900503252014,3.628238816177968
0.2,5.0,4,117,4,1,2,2,1,2.2265853496566597,30.483202579941345,-0.9155320350144973,2.0423951673664615,-0.9921173107710669,4.885994698322409
0.2,5.0,4,118,4,1,2,2,1,22.517736636529484,25.915055036381002,-0.6725586653511962,1.38311724332686,-0.9729896575906415,6.159936389560064
0.2,5.0,4,119,4,1,2,2,1,23.170620897630524,28.281914049705456,0.4671119307363072,0.293665474290634,0.5994614543754525,3.8196611095867063
0.2,5.0,4,120,4,1,2,2,1,1.1030330510729536,22.700323964086056,0.3450785835613294,2.4349545783766056,-1.0356154770794719,5.056523230063847
0.2,5.0,4,121,4,1,2,2,1,11.442862755016522,32.96350409415109,-0.7719240678713924,1.9802962300469413,-0.8408127525653333,4.415419263082455
0.2,5.0,4,122,4,1,1,2,0,85.07626446698951,28.223120108121766,0.8782294876214027,0.4899948861007781,-1.8486947979496446,9.45015052573802
0.2,5.0,4,123,4,1,2,2,1,31.55587247734809,27.74838208087745,0.09058593366552772,-0.018845676363858876,-0.3765008279135522,6.629105816749605
0.2,5.0,4,124,3,0,2,2,1,61.147116449655236,31.794266845796194,-0.044072429503674765,-1.7754647948088842,2.6202849878224197,1.9137198660737764
0.2,5.0,4,125,4,1,2,2,1,21.52252709487128,28.77587447858152,-1.1796752354330473,-0.9204727259195068,0.36464663659949187,6.108401419797324
0.2,5.0,4,126,4,1,2,2,1,77.69135413908772,28.09845078260402,-1.7449955972251272,0.8891168721655299,-1.9272197001151639,9.056499218139482
0.2,5.0,4,127,4,1,2,2,1,21.52686985746354,29.92453917994159,-0.4115548969488848,2.392835489063916,-0.7684562066132994,3.9029567148463515
0.2,5.0,4,128,4,1,1,2,0,75.33657800440149,29.120048639851806,0.22489478841037272,2.1380393131894158,-2.652987071923263,8.931276247820996
0.2,5.0,4,129,4,1,2,2,1,0.398118997363279,27.8750028020098,-0.8346311568457508,4.075491388642143,-2.141372193504737,4.979606474910634
0.2,5.0,4,130,4,1,2,2,1,0.014546945542893585,23.196965165751116,-3.088669735149375,1.9972074586051558,-0.7663437881797603,4.9992547673903776
0.2,5.0,4,131,4,1,2,2,1,0.2891312345237056,28.128634080466963,1.8661408346535926,-2.3141912977543764,1.7344012904620831,5.0148131432216125
0.2,5.0,4,132,4,1,2,2,1,58.831556286633926,31.719815017439842,-0.05158411500424217,-0.16521734546753672,1.5478565324327924,2.0289235457779426
0.2,5.0,4,133,4,1,2,2,1,30.503830322197874,23.998794406951685,-3.005524651458376,1.7586071927179363,0.008343504710966806,3.4488700294565353
0.2,5.0,4,134,4,1,1,2,0,11.00032372012111,23.033551840654827,0.9489386145612972,1.5845874426711728,-0.27567583671877743,4.4379666068729815
0.2,5.0,4,135,4,1,1,2,0,53.94954103012245,29.709553019858525,1.7541010937784134,1.6508736399676542,0.3874204353594784,2.2722403207171578
0.2,5.0,4,136,4,1,2,2,1,10.737937188217582,25.05328045190688,-0.1419420430169681,-0.9423993335760026,0.7407160260280145,5.551544529277949
0.2,5.0,4,137,4,1,1,2,0,27.120466040419554,26.066280832826255,3.232901742726281,-2.7290249354927134,2.6812591797972014,3.619779172155653
0.2,5.0,4,138,4,1,1,2,0,38.755776581260925,29.931623717736393,1.478107550878139,1.4561727876821393,-1.4995947292938483,7.00433601833156
0.2,5.0,4,139,4,1,2,2,1,52.70964276881273,28.64273019815386,-0.035698347173535594,-1.3559350171600861,2.2737000599336024,2.334128466259816
0.2,5.0,4,140,4,1,2,2,1,17.08088596169475,26.58086745653899,1.0736416796258703,-0.4128240706830632,0.2198222886646452,5.878704576810873
0.2,5.0,4,141,4,1,2,2,1,34.33904115038159,30.459283834477947,-1.362253853561766,0.49712708805301253,-0.8436302246072213,6.773997171931094
0.2,5.0,4,142,4,1,2,2,1,83.66417183475133,26.402527399686175,0.2066806711574014,-1.0771700450320605,-0.8006545597249788,9.374769467155609
0.2,5.0,4,143,4,1,2,2,1,6.093837852016904,25.877194162211328,0.36713222301910253,-0.5755728005231007,0.5842058087688156,5.3126498706477046
0.2,5.0,4,144,4,1,2,2,1,25.429055680272576,31.28719354348337,-1.4560958533203576,2.406997351574477,-0.7390043117277261,3.7053258482113582
0.2,5.0,4,145,4,1,2,2,1,30.031850721408002,29.359346774377077,-0.9913536295316151,-0.1844395912640627,-0.2963027481269734,6.549848793189973
0.2,5.0,4,146,4,1,2,2,1,4.110289180131504,23.86050280240322,0.4409693041780298,0.6153290644452277,-0.04020936265148088,5.2107800483646045
0.2,5.0,4,147,2,0,2,2,1,49.85303705001892,28.791057383873497,-2.7039069276932257,2.6249312577981962,-0.25828809500226224,2.47685534173133
0.2,5.0,4,148,4,1,2,2,1,38.830154713720596,30.39919345246863,0.21864512494436705,-0.9685630061475143,-0.036423814340121964,7.008219191924339
0.2,5.0,4,149,3,0,1,2,0,36.55708698946563,29.161562711149088,3.1204463003701735,-3.3097159934264555,3.163256491878413,3.1437954956929275
0.2,5.0,4,150,4,1,2,2,1,36.76114448016361,29.483646399348164,-2.8099638927342157,1.6366211878366288,0.031036097328641817,3.133527012163797
0.2,5.0,4,151,4,1,1,2,0,13.462936821237626,31.684354410962555,1.8080650335510082,-0.026890467716307345,-0.11443805946922525,5.691971994399517
0.2,5.0,4,152,4,1,2,2,1,5.727120180549675,25.3856282320195,-1.4149781993621737,2.467352018766609,-0.9988564181375775,4.707011045437599
0.2,5.0,4,153,4,1,2,2,1,10.204888611790324,24.26104563906151,-0.10285046779210048,2.2362124652696207,-0.7267360402061004,4.47850623111503
0.2,5.0,4,154,4,1,2,2,1,22.366161199955666,30.57238420478964,2.1075137252953646,-2.689966035497389,2.3929655556509015,3.8604180345882
0.2,5.0,4,155,4,1,2,2,1,6.257615196363756,28.886677127892792,-1.8399861146881535,0.31266891729770563,0.19937930289177655,4.679913300729098
0.2,5.0,4,156,2,0,2,2,1,65.43084998736425,29.47009432763489,0.4374829360328127,2.458435824855548,0.15572330680582624,1.7009384895625264
0.2,5.0,4,157,4,1,2,2,1,27.344449415655447,24.874870680513823,0.680665691598552,0.6804330467192646,-0.6161163000119126,6.410233513277803
0.2,5.0,4,158,4,1,2,2,1,53.98940335112973,31.33149163873423,1.6751793551381022,-1.2599283321983186,2.146955166583407,2.2702512583173506
0.2,5.0,4,159,4,1,2,2,1,124.86402860918767,26.71179175144219,-1.865333672992072,2.0084494674437665,-3.5371717352440686,11.595610273250953
0.2,5.0,4,160,4,1,2,2,1,49.352360764093525,29.955953812172098,0.7815201911694812,-0.4573146896527906,-0.5653146283962152,7.558990725709666
0.2,5.0,4,161,4,1,2,2,1,6.885781591566229,29.870430036122652,-0.3296563513870543,0.6709025233043712,-0.040707904667408985,4.647835559267882
0.2,5.0,4,162,4,1,2,2,1,15.333932058911806,27.712444594702454,-0.8266703827603328,-0.9311843439633917,0.5423795324754057,5.788498192970687
0.2,5.0,4,163,4,1,2,2,1,5.419677214055769,29.426256964098222,-1.0251431738970835,0.770728355708997,-0.11834901936627841,4.7227184770209405
0.2,5.0,4,164,4,1,2,2,1,20.34688938925693,29.45783251362985,-1.2565216550553633,1.4592064213112006,-0.2158216357273314,3.9627923664905453
0.2,5.0,4,165,4,1,2,2,1,5.432810535513167,28.783300995642144,0.8651277754146017,0.10387202252797022,0.31361396564967065,4.722047440171347
0.2,5.0,4,166,4,1,2,2,1,49.20403009006444,30.12239006008045,-0.7429628818823115,0.14370746310400034,-0.9361198105632,7.551206879387245
0.2,5.0,4,167,4,1,2,2,1,42.954084335383115,26.454574666881012,-1.078412452369766,0.23522015164894167,-0.7337964620607835,7.223744190222277
0.2,5.0,4,168,4,1,1,2,0,17.507848708758534,25.52764710942859,2.2796347942148962,-1.8436724001161129,1.9153900815569693,4.106898561752193
0.2,5.0,4,169,4,1,2,2,1,3.766569851134228,30.074800360751528,-1.9375911895965474,3.3320676993723772,-1.7095658712296897,4.807217054907574
0.2,5.0,4,170,4,1,2,2,1,20.196261377984136,26.897922403320386,-1.3902007436249069,-0.161431502191125,-0.014004493536368696,6.039762239404406
0.2,5.0,4,171,4,1,2,2,1,3.1813444548453957,28.160877531248275,-3.605435331258254,1.5477382414650651,-0.7324837097970955,5.163105786425112
0.2,5.0,4,172,4,1,2,2,1,46.87821929437917,30.04361407492255,-1.4043108707746979,-0.05396086077960881,1.2736030859312741,2.625700133895628
0.2,5.0,4,173,4,1,2,2,1,20.352444772797043,29.392481865329717,-1.2095448984236041,1.4605957621294907,-1.0903836888053278,6.047843003535626
0.2,5.0,4,174,4,1,2,2,1,2.851280543275013,27.896880929556232,-0.5392147002744367,-0.5563328646075607,0.6980574938872764,4.854031387164803
0.2,5.0,4,175,4,1,2,2,1,6.377569513312431,26.17107615903124,1.393971792601314,-1.8006390629799953,1.3398492034286593,5.327229640941905
0.2,5.0,4,176,4,1,2,2,1,39.1091162633155,26.32933473469632,-0.6384526148601231,-3.919951232735261,1.9817113899197607,7.022784622189099
0.2,5.0,4,177,1,0,1,2,0,72.51374693343311,26.746415305771894,1.8160710431194704,1.1036726653821978,1.23019176880529,1.3500913250348665
0.2,5.0,4,178,4,1,1,2,0,22.706594395057763,28.932978653112652,1.2866429926891894,-0.5441613866718453,0.09901355772811693,6.169718842536579
0.2,5.0,4,179,4,1,2,2,1,27.617476172911527,25.876697200933286,-3.4370350422610683,-0.8097066564930943,0.26232099135630765,6.424409386259641
0.2,5.0,4,180,4,1,2,2,1,54.17940417830181,23.91417111482133,-1.5008398196345494,-0.24372970840590716,-0.5959113697688063,7.812603842511889
0.2,5.0,4,181,4,1,2,2,1,17.7184557175988,27.33563988475674,-3.0310681022679287,1.7950336416983637,-0.4035551982581726,4.096201554376059
0.2,5.0,4,182,4,1,2,2,1,56.48815728931867,30.289046368650535,-0.06031652147554413,0.30417042356671375,-1.195606830000881,7.9341171760920455
0.2,5.0,4,183,2,0,2,2,1,57.24572490030973,27.987560571497543,-0.5195536684902585,3.8907655020457668,-0.8239840178466481,2.107896906021662
0.2,5.0,4,184,4,1,1,2,0,27.224229535161907,28.11731768145165,2.5769433626929947,-1.7363547087271676,0.775576215676199,6.403992153314088
0.2,5.0,4,185,4,1,1,2,0,9.105174626704526,29.279395308016987,0.9604113733188232,0.8361712774561032,-0.0737539080204328,4.534579451382029
0.2,5.0,4,186,4,1,2,2,1,7.8680243545796325,30.10308805445995,1.2816970820243132,-0.9876000896836912,0.658335720418774,5.403850969993018
0.2,5.0,4,187,3,0,2,2,1,71.81039718152344,26.286100800845023,1.4808101671628917,-1.2292777809708415,2.6988124697117732,1.3848771479676003
0.2,5.0,4,188,4,1,2,2,1,43.638482390508884,23.26124448868144,-1.8487946815477256,0.9726815237647728,-1.0886396359209145,7.25955420714203
0.2,5.0,4,189,4,1,2,2,1,51.89657823282747,26.01335762646052,-3.672331291834708,1.100346299519101,-1.4346433779713994,7.692589602473145
0.2,5.0,4,190,4,1,1,2,0,30.947250610391624,27.613028692247443,0.7040303149411893,2.6055814048713515,-1.9385381257999121,6.59744725952689
0.2,5.0,4,191,4,1,2,2,1,17.497607672630174,28.553985762508738,-0.5031282880630406,1.129571224010314,-0.8012370892215318,5.900233939644827
0.2,5.0,4,192,4,1,2,2,1,44.279760690547775,23.615062900911834,-1.030413087641261,0.41135072067926104,-0.7737751807301596,7.2931189059380275
0.2,5.0,4,193,4,1,2,2,1,4.348175827442626,27.8042634599201,0.6851609632258658,0.33220291816478287,0.18263395638408622,4.777480495951235
0.2,5.0,4,194,4,1,2,2,1,30.032182750587296,29.65858216667604,-0.6607049394609514,2.61609024352101,-0.709890570103573,3.4726781769159896
0.2,5.0,4,195,4,1,1,2,0,9.731022016764847,28.747375558146345,1.7780510255465831,-0.38993968320231925,0.7149397122763825,4.502664484608586
0.2,5.0,4,196,4,1,1,2,0,32.01203228881359,30.559666869080655,2.2070221079149253,-0.5089018190305059,-0.17981079816545065,6.652839951109374
0.2,5.0,4,197,4,1,1,2,0,33.933782110887215,28.31110016407538,1.4441788680633723,0.10640494795318442,0.9495138115932984,3.275895281832138
0.2,5.0,4,198,4,1,2,2,1,8.121656651697045,28.409277442765507,0.2770235929518438,-0.9452102725169121,1.0393154139378111,4.584753455585777
0.2,5.0,4,199,4,1,2,2,1,32.395612286267294,25.83411324022618,-3.908388517802634,2.07619577022632,-1.5960487511378918,6.672801824433977
0.2,10.0,1,0,1,1,1,1,1,20.98606496787353,14.950901869809226,12.222355716028709,-1.4289856768081293,0.7690842299679366,0.15328079163156352
0.2,10.0,1,1,1,1,1,1,1,16.624262038515358,16.083678691350084,8.270827665551783,0.4213176904782729,-0.0024139174449807365,-0.523839310258384
0.2,10.0,1,2,1,1,1,1,1,29.070094285993616,19.064854269868906,13.09035770903616,-1.4861323125826453,1.9910353494212083,-2.4473186124473845
0.2,10.0,1,3,1,1,1,1,1,7.078650929893382,5.911837655739984,9.260363606504802,0.45171299742566967,-0.19921249959063964,-0.20600300591768922
0.2,10.0,1,4,1,1,1,1,1,11.508022729533504,14.728624228732905,11.213155863970375,1.366958216668593,-0.28070922846279306,-1.4638276135810786
0.2,10.0,1,5,1,1,1,1,1,1.6671214518200759,8.413953990424236,10.17492194298493,2.5293334620780974,-0.598555796365088,-2.060806168083496
0.2,10.0,1,6,1,1,1,1,1,6.133376619263476,4.201964749925075,10.644913711149686,-1.39198022284606,-0.48185517008086065,2.9923356148963087
0.2,10.0,1,7,1,1,1,1,1,6.943863503830023,8.004729159420062,9.274400765098985,-0.17514285080906156,0.09714297188129019,0.15832563292256382
0.2,10.0,1,8,1,1,1,1,1,12.013071646649932,12.18103926593072,8.747717974486655,0.664844843653495,0.36540136506676135,-1.8487544353855703
0.2,10.0,1,9,1,1,1,1,1,4.322126313408352,3.0182003561248436,9.547795152091245,1.2534829803066314,-1.6292787547819438,1.674618662429772
0.2,10.0,1,10,1,1,1,1,1,25.52594417659754,34.353924397509715,12.708990216460963,2.424315780779986,-1.3577397472536157,-0.3053490209105057
0.2,10.0,1,11,1,1,1,1,1,5.786008072319328,6.06806068356414,9.395057540788528,0.16000465608329995,0.062489299533668614,-0.3863718665394824
0.2,10.0,1,12,1,1,1,1,1,34.03564528443641,24.7517354350289,13.626846195467849,-2.2192843648972795,1.269953970120069,0.5215737103768312
0.2,10.0,1,13,1,1,1,1,1,5.986450675043542,4.717043161441194,9.374160463948549,2.047650586890452,-2.1403268591681743,2.0065407623250717
0.2,10.0,1,14,1,1,1,1,1,8.279727822236424,4.092556018149315,9.135359526935853,0.5662685261725833,-1.062880327900932,1.7173772660795967
0.2,10.0,1,15,1,1,1,1,1,0.2355245523406019,4.7389103585852705,10.024695447874576,-1.0052004809508708,0.7450495367084091,-0.456363944382881
0.2,10.0,1,16,1,1,1,1,1,27.252119058912292,21.851542879678274,12.894573965856171,0.4076009588195596,1.8176396163967279,-4.521132106081746
0.2,10.0,1,17,1,1,1,1,1,1.9343071950952382,7.985626689807691,9.797391737620417,-0.9212160466709174,1.183297022113918,-1.0730434754952798
0.2,10.0,1,18,1,1,1,1,1,10.528595731170718,6.505108626655693,8.901689305975863,4.217926182066443,-2.7093382147291107,0.4144869253655336
0.2,10.0,1,19,1,1,1,1,1,6.95429835115329,10.847198161533358,9.273313985037882,-0.2708418512268118,0.9193790736051135,-1.720707949216077
0.2,10.0,1,20,1,1,1,1,1,34.13062515985186,34.89073672289855,13.637132786993325,1.0189327123170298,0.24071197298649094,-2.071094606495147
0.2,10.0,1,21,1,1,1,1,1,11.35974377706587,5.525418452425888,8.81545495724452,1.725739570122413,-0.8096628694012463,-0.4030603541391946
0.2,10.0,1,22,1,1,1,1,1,7.12280723104347,1.7637855500535824,9.255765431691762,2.6172931644894835,-0.08423079204060208,-3.2054398342362
0.2,10.0,1,23,1,1,1,1,1,16.754052440271867,8.6021924105293,8.25743501735608,2.339857407157227,-1.1526279253230582,-0.7973565877992342
0.2,10.0,1,24,1,1,1,1,1,22.95479806532684,14.755124464265501,12.43312777196194,-0.8565016541202116,1.8616233675447675,-2.9116086789426143
0.2,10.0,1,25,1,1,1,1,1,14.17439564219323,12.738211667689136,8.523932405106912,-0.5262232883675926,-0.922373567825515,2.8757863634890657
0.2,10.0,1,26,1,1,1,1,1,31.85359306345204,24.290350956320793,13.390779970717634,-1.6802789461991006,1.0829129052127406,0.003840484297233562
0.2,10.0,1,27,1,1,1,1,1,24.41468972695621,13.371129423969741,12.589678967502419,-3.127495996418165,1.2098586735415853,1.9082756673153976
0.2,10.0,1,28,1,1,1,1,1,5.340223066086848,11.95818238176888,9.441547023248443,-2.2222999500495875,0.4701684283355362,2.2928165402873515
0.2,10.0,1,29,1,1,1,1,1,19.649947708421152,16.839633039056277,12.079536466772877,-0.17730982062416017,0.6037024848210922,-1.1048025583529428
0.2,10.0,1,30,1,1,1,1,1,4.195085716548371,3.8356080911068022,10.44069825577762,-1.4778632706232997,1.413709652081164,-0.9789217789484255
0.2,10.0,1,31,1,1,1,1,1,8.901978456622855,9.955874768701422,10.937264568224798,1.0956634320423362,0.24598875171516263,-2.0216570818581667
0.2,10.0,1,32,1,1,1,1,1,25.697763566589277,26.899014043184636,12.727449106443562,0.09207242263624953,-0.49801419167325656,0.9320909396303801
0.2,10.0,1,33,1,1,1,1,1,13.806130261757417,12.863828459523539,11.457016392554007,0.28674022360167756,0.31800908303492875,-1.2827491779369278
0.2,10.0,1,34,1,1,1,1,1,16.135419034961263,8.549643794351685,8.321284654009949,1.335084242560388,-1.6150978288714244,1.835261743083312
0.2,10.0,1,35,1,1,1,1,1,14.530048563278225,3.064647025409326,11.533944684801192,-2.101042284942923,2.0727790430901916,-1.5321852705628183
0.2,10.0,1,36,1,1,1,1,1,12.501853031536626,16.756550430094467,11.31854925804253,1.0754494093396993,-0.7892056622372063,0.21750396190928817
0.2,10.0,1,37,1,1,1,1,1,20.999573771840428,6.8482332306309495,7.820265695634129,3.2200679265448064,-2.4208637277309837,1.293300403380075
0.2,10.0,1,38,1,1,1,1,1,12.007466860147092,1.0649950952698848,8.748298898963027,2.227394825472694,-2.094309840744701,1.5966277522852603
0.2,10.0,1,39,1,1,1,1,1,0.47508750356450946,9.436127339080048,10.049820021496146,2.8963708901082685,-1.0797194613426593,-1.8359074030690223
0.2,10.0,1,40,1,1,1,1,1,14.107846592387839,10.845362738524402,8.53081608146312,-0.44599811076498874,-1.445281671109536,3.910540175534444
0.2,10.0,1,41,1,1,1,1,1,12.449219980923406,6.058123469869668,11.312965141468123,-0.32106570073335433,1.6880784639549464,-2.912061677875765
0.2,10.0,1,42,1,1,1,1,1,38.29762702387577,32.753809532830225,14.089348817368656,0.0424316397701561,1.5821908298237604,-3.7693319522563757
0.2,10.0,1,43,1,1,1,1,1,5.152422631106926,7.4499648561566945,9.461138039934855,-2.215034023307246,-0.8920566591053964,5.4196255801352144
0.2,10.0,1,44,1,1,1,1,1,2.708317016489693,16.831134660037236,10.284309987066955,3.643805015551999,-2.2007721954794555,-0.14065310233005998
0.2,10.0,1,45,1,1,1,1,1,1.8119493268143199,6.879851595252284,10.190131066023088,0.37813220355554183,-1.4807253992388771,2.8837740005690677
0.2,10.0,1,46,1,1,1,1,1,5.092672524949929,1.443812527875102,9.467371803055274,0.43554730599849567,-1.8881587461367304,3.794569340824197
0.2,10.0,1,47,1,1,1,1,1,18.822635024887067,9.701383766033558,11.991195105863852,-1.3804682194256905,1.835409715545473,-1.6971891652406201
0.2,10.0,1,48,1,1,1,1,1,11.516521598279853,14.187374243218947,11.214056726108947,0.9436670904937935,-0.34491991664367416,-0.15774136052619847
0.2,10.0,1,49,1,1,1,1,1,4.425552328708338,5.694661659829828,9.536996953321415,-0.7461715885637524,-0.2322767281999276,1.6011955642444948
0.2,10.0,1,50,1,1,1,1,1,16.482571559478814,8.533944796474847,11.741697382727075,-2.683563008743959,0.5453068031607055,2.812407170799973
0.2,10.0,1,51,1,1,1,1,1,2.926983196745071,1.2911029869115302,10.307296859962369,-1.6831344771789498,-0.7805729765502105,3.919595966292528
0.2,10.0,1,52,1,1,1,1,1,2.8970233113558703,2.9865177226464947,9.6966915400385,0.6686512521471472,-1.5516757892085646,2.431919570917029
0.2,10.0,1,53,1,1,1,1,1,13.801198576864321,13.087978953675186,8.562540668858826,0.44146440999816977,-0.06061072110366496,-0.6042977265306307
0.2,10.0,1,54,1,1,1,1,1,18.028076272744446,22.893772164902142,11.906416796896155,0.775794801745987,-1.1927352344133186,1.4485415575347464
0.2,10.0,1,55,1,1,1,1,1,3.2579908112413514,11.31485135392519,9.658958116112222,-1.3883160716203595,1.4745976879708276,-1.5081828038310914
0.2,10.0,1,56,1,1,1,1,1,28.835070029286975,24.46914133606542,7.018060367581147,0.3301094778540115,-1.24625101169344,2.4723591254181256
0.2,10.0,1,57,1,1,1,1,1,47.724636670484706,37.67818310846936,15.119049139769047,-0.3487236009980803,2.7914895136244744,-5.31997361412103
0.2,10.0,1,58,1,1,1,1,1,4.611703228299197,15.285330133155226,10.484560634542344,2.509783182742947,-1.8428257777644004,0.7675924722403954
0.2,10.0,1,59,1,1,1,1,1,3.2787426955593033,2.067590723432547,9.656789230503799,0.1222577905558838,-0.42660397735182226,0.9261803762011517
0.2,10.0,1,60,1,1,1,1,1,0.34889333215952095,5.115803251147914,9.963427686205804,-1.258686193993281,0.5208826425818505,0.5953382946345042
0.2,10.0,1,61,1,1,1,1,1,3.9344067808998906,3.032556072664569,10.413262279299621,-0.27023290439347225,-0.06484569527154226,0.1973712905408852
0.2,10.0,1,62,1,1,1,1,1,0.1855244387526443,4.054321567402724,9.98055111518516,-0.5165958867019325,0.7610171884616151,-0.6814609871458193
0.2,10.0,1,63,1,1,1,1,1,2.2551867619155694,14.906210393655272,10.236690764455439,2.5039286780642054,-2.457587117548266,2.1753818060134305
0.2,10.0,1,64,1,1,1,1,1,8.07519852743706,28.761178009908992,9.1566361462938,-3.367229802067221,4.216304874157746,-4.279868386583765
0.2,10.0,1,65,1,1,1,1,1,15.648790703724156,11.728368242808477,11.65293398430262,-1.6195385748323639,-0.03265601156770559,2.13037140480865
0.2,10.0,1,66,1,1,1,1,1,2.4955574443177158,2.6098229525513315,10.261948633177287,-1.0065201257379381,0.7766204589540867,-0.6086993815855136
0.2,10.0,1,67,1,1,1,1,1,15.659315515597005,24.802918000833735,11.654054004743088,2.2167030862917123,-1.5735192730426353,0.5107948861260659
0.2,10.0,1,68,1,1,1,1,1,0.3469595558000993,12.46722582870439,10.03638167056828,-2.9635425565577194,1.932719861508989,0.12080690102787342
0.2,10.0,1,69,1,1,1,1,1,9.018064617248424,9.332308229198029,10.949539560162153,-0.046306275038611414,-0.25724252718013935,1.0092237079307438
0.2,10.0,1,70,1,1,1,1,1,1.133995448831698,1.4805011585899004,10.118953712923947,0.38917118977481,-0.00393112590326828,-0.7073202671787331
0.2,10.0,1,71,1,1,1,1,1,42.91739668941951,35.05786582633531,14.592804430460468,-2.010166343922652,0.9353032914838464,0.8140069080086773
0.2,10.0,1,72,1,1,1,1,1,11.484678462326725,15.99386770814112,11.210681458495639,1.3133190696428283,-0.6991970591865795,-0.14060087465804186
0.2,10.0,1,73,1,1,1,1,1,9.061720153240065,5.244755675992133,9.054049251441612,0.7726748556206364,-0.8040967764909852,0.9147152391472491
0.2,10.0,1,74,1,1,1,1,1,3.0780928130587633,12.333219205954027,10.323184774986055,1.334342354463748,-2.1622341833607774,3.0882392297585186
0.2,10.0,1,75,1,1,1,1,1,2.253044528759913,4.970453294009811,9.764041549935868,-0.953742090987941,0.056661129808331004,0.8737171728209712
0.2,10.0,1,76,1,1,1,1,1,9.834445151704664,17.327989643564006,11.035902298841469,1.189099594776686,-1.7274332929578682,2.1520938603789745
0.2,10.0,1,77,1,1,1,1,1,6.992113320307459,18.162023097567896,10.73550960345599,2.6312938398189987,-1.9328338926336546,0.6567785272694011
0.2,10.0,1,78,1,1,1,1,1,34.506463389256,34.46566133428625,13.677846273678943,0.3265230778668017,0.03466324781590225,-0.641792933650603
0.2,10.0,1,79,1,1,1,1,1,11.483334521154132,8.88466064098796,8.80263784346976,-0.5958679602075702,-1.3536832528039298,3.729530332916798
0.2,10.0,1,80,1,1,1,1,1,3.2314542289541732,5.984878771589328,9.661731652605152,-1.5934353323412611,-0.34246752478960973,3.016601975285431
0.2,10.0,1,81,1,1,1,1,1,19.27252986020893,12.42024856986978,12.039226732067942,-0.4434386164103607,1.7103351513495402,-3.2315873220488003
0.2,10.0,1,82,1,1,1,1,1,11.017047864748942,12.412905271448407,11.16112595058181,-0.38793489042264767,-0.8747806291308415,2.243357102474705
0.2,10.0,1,83,1,1,1,1,1,38.03950860931531,30.873675799399788,14.061284792334746,-1.1303365928667366,1.3264572667140624,-1.2847631892526812
0.2,10.0,1,84,1,1,1,1,1,45.14507181532678,37.10513168607704,14.836366480783916,-1.5756672904791418,1.2774785584028039,-0.729099800875734
0.2,10.0,1,85,1,1,1,1,1,1.9005723238588477,8.645805867174893,10.199438860029382,-1.801899944311307,1.975189294049955,-2.1106077133171866
0.2,10.0,1,86,1,1,1,1,1,3.4539254334147347,6.386540262663073,10.362710362780902,-2.1916316691630686,1.4887536555247418,-0.31305396877714237
0.2,10.0,1,87,1,1,1,1,1,8.94023428430753,12.982203813139884,10.941309603023255,0.32057635996740175,-1.2080164787518632,2.333130795367276
0.2,10.0,1,88,1,1,1,1,1,1.9700021975662743,8.058762709054228,9.793656387276732,-1.303120093490783,0.8878594590983255,-0.523837288005846
0.2,10.0,1,89,1,1,1,1,1,1.7494735776057577,5.995269744017134,10.183569907493336,2.3635623057647424,0.07341015816685065,-3.4349273024731244
0.2,10.0,1,90,1,1,1,1,1,1.9951943745091034,2.602857167024742,10.209377583592035,-0.32807553774625375,-0.5632943013339694,1.6049231266268227
0.2,10.0,1,91,1,1,1,1,1,3.243525141124499,2.2479419608166022,9.660470022684699,0.17644456063658118,-1.7418501310705694,3.7338562372550994
0.2,10.0,1,92,1,1,1,1,1,8.308283741100254,7.648952876743635,9.132389263277192,2.2641964061949,1.176942224904174,-5.4825787616717925
0.2,10.0,1,93,1,1,1,1,1,2.6292319483425124,5.033165170800885,9.724693266460406,-0.8509134523856361,0.03508390065679726,0.8840089777990879
0.2,10.0,1,94,1,1,1,1,1,5.809288573412782,3.5232825727669828,10.610742003450934,-1.0293628805181,-0.13251701652121278,1.5490613722432207
0.2,10.0,1,95,1,1,1,1,1,29.17955412024134,26.68519399729158,13.102156630412424,0.7663286619923569,1.111122281871816,-3.675039756215807
0.2,10.0,1,96,1,1,1,1,1,11.904847854750647,3.8827110897740993,11.255226274162457,-1.46456284949258,1.4062783324717247,-1.0208831662337916
0.2,10.0,1,97,1,1,1,1,1,9.38543788623684,4.174653792229531,10.988394691464729,-1.1956974215072356,0.6744063428648208,-0.07471675705908236
0.2,10.0,1,98,1,1,1,1,1,2.4690803145259714,15.706294707951312,10.259166163905988,3.6562594678680727,-1.921858472108019,-0.8459814814708165
0.2,10.0,1,99,1,1,1,1,1,22.010817658654062,26.95592257231803,12.332016119831152,0.5414799385563308,-1.377423417952273,2.1996293882043334
0.2,10.0,1,100,1,1,1,1,1,36.61672329788209,24.136395666149337,13.906715759399397,-2.698251276066939,1.928581810988754,-0.675724318179322
0.2,10.0,1,101,1,1,1,1,1,26.84026208646138,16.309456967720124,7.221722539426896,1.2315602699090173,-2.5731062923071133,4.3419141610867715
0.2,10.0,1,102,1,1,1,1,1,20.708588382273216,26.60966520079658,12.192680930736664,1.3139187638988654,-1.1665409174739052,0.6544366368292913
0.2,10.0,1,103,1,1,1,1,1,0.81070055848264,13.402859094174204,9.915038010852694,3.4085362071739067,-2.3442812982311234,0.918820190355984
0.2,10.0,1,104,1,1,1,1,1,6.823905979658514,5.0185957081105395,10.71775805141992,-0.747456345863011,-0.07619184327970448,1.2946173812086437
0.2,10.0,1,105,1,1,1,1,1,0.4793329848274061,8.072228773002799,9.949757633298047,1.298032115167256,-1.9543363325949026,2.7750435812018024
0.2,10.0,1,106,1,1,1,1,1,2.573742727702634,1.8112441955864236,9.73049641615724,0.5478018497388057,-0.025210839700052036,-0.8869840991229103
0.2,10.0,1,107,1,1,1,1,1,22.34809335694057,10.533666906037558,12.368131957987616,-2.4018306024668394,1.9608917776481036,-0.9074617470892721
0.2,10.0,1,108,1,1,1,1,1,21.605121866397432,4.1189060666479955,7.758055293571808,4.3753243662732375,-2.7166524510761887,0.48855447008337727
0.2,10.0,1,109,1,1,1,1,1,4.814441386416666,8.604991609338782,9.496404494463006,-0.36755681656246836,0.8138121932416978,-1.4157731879008297
0.2,10.0,1,110,1,1,1,1,1,15.73288600272445,1.6190508287802807,8.362850624779561,4.526321055231114,-2.613738771840599,-0.3067023691271432
0.2,10.0,1,111,1,1,1,1,1,9.765056759402256,9.541061136945666,8.980969215987281,1.12736132900929,0.5609687144274963,-2.697066080814077
0.2,10.0,1,112,1,1,1,1,1,1.8228357591365716,8.95389454393265,9.809057630351045,-1.7725326899697036,0.9102294444858441,0.2574660202481273
0.2,10.0,1,113,1,1,1,1,1,5.5040664047797,4.628824681077631,9.424458033379597,-0.5846949701166554,-0.8050085178219735,2.5783664622079985
0.2,10.0,1,114,1,1,1,1,1,1.556138110099611,5.722917353496566,9.836973543502628,-1.5343744007468545,0.11729493694831879,1.5201748627138179
0.2,10.0,1,115,1,1,1,1,1,14.473045061093837,12.052635122956545,11.527885194532091,-0.31509604782407535,0.3985421437241946,-0.3968027106142398
0.2,10.0,1,116,1,1,1,1,1,2.416399343116027,5.904168661529419,9.746953303096163,1.7644334720348862,-1.5556841794382563,1.5109172654843108
0.2,10.0,1,117,1,1,1,1,1,2.7632802691419105,6.787934131235538,10.290087445377708,0.6707576015865622,-0.9840381185355398,1.0218769492346669
0.2,10.0,1,118,1,1,1,1,1,3.718151464807838,0.6532848204684044,10.390506979234312,-1.150819923160235,0.029244956064134287,1.2795713690017898
0.2,10.0,1,119,1,1,1,1,1,12.082845425482502,16.66839146220142,8.740486327051023,-1.9681677318682997,0.011896464528337704,3.010726857845765
0.2,10.0,1,120,1,1,1,1,1,13.91802038363506,15.390973303048572,8.550453654765542,-0.29898150544442326,0.13813899084687767,0.013780017309119815
0.2,10.0,1,121,1,1,1,1,1,24.612275093416127,26.9695613915416,12.610883736224942,0.12227048723488201,-0.8415015426016896,1.649948774603699
0.2,10.0,1,122,1,1,1,1,1,9.627369232181819,12.335165064384016,11.013989923571163,0.16013075744808847,-0.8783064461846398,2.0734352757659775
0.2,10.0,1,123,1,1,1,1,1,2.646642461983744,0.40781673747737796,9.722872510900746,1.151971739780288,-0.3389852716144965,-0.8845126278004467
0.2,10.0,1,124,1,1,1,1,1,8.217190302960272,10.248206465941296,9.141864692661676,-0.052604307149926505,0.4880454243786457,-0.899006398413867
0.2,10.0,1,125,1,1,1,1,1,6.456885127719523,4.127439427512324,10.679034841258064,-0.4070316745160535,0.3091103721016084,-0.20613646042107256
0.2,10.0,1,126,1,1,1,1,1,2.54649318884765,14.74500016686217,10.267301644386114,1.4815912666622262,-2.9659946287629952,4.92384511713506
0.2,10.0,1,127,1,1,1,1,1,32.549782361291165,24.830803244630083,6.639832983495385,1.6482581934975191,-1.4319458957727542,0.9537252940362781
0.2,10.0,1,128,1,1,1,1,1,6.633110573556823,6.314888624492817,10.697626140568639,-1.0525584223972895,-0.7491039705600108,3.2946781824080347
0.2,10.0,1,129,1,1,1,1,1,26.5441477700762,19.415727130257775,7.251987684503304,1.0928904877729213,-1.60988834860861,2.2533705257745504
0.2,10.0,1,130,1,1,1,1,1,2.923574549464286,4.924237937303778,9.693915587090702,0.6611677064052595,-2.157940089108505,3.99871912352276
0.2,10.0,1,131,1,1,1,1,1,22.032318387895668,6.594410027965378,7.714189263640813,3.5920611081375515,-2.6007706572208757,0.922472477938732
0.2,10.0,1,132,1,1,1,1,1,13.820657861841685,19.968976967255358,11.458559668491572,1.7430952094005765,-0.9460605401264514,-0.32027200174781234
0.2,10.0,1,133,1,1,1,1,1,7.496002044919466,4.0112487509089085,9.216910869713038,0.8691466663712912,-0.6599424554392876,0.14566454339783938
0.2,10.0,1,134,1,1,1,1,1,8.282566285248183,2.340111190600482,10.871790656654003,-0.3134256147020219,1.525611984954631,-2.9685466237339866
0.2,10.0,1,135,1,1,1,1,1,5.676638468905798,2.6455307012502822,9.406461515955437,0.6930263496432246,-0.6195049169142067,0.5347938052769095
0.2,10.0,1,136,1,1,1,1,1,16.836344383595637,17.41115328281705,8.248944438324195,-1.288869720188596,-0.7773592522428046,3.9621563589587474
0.2,10.0,1,137,1,1,1,1,1,21.16653381164074,24.94784504043248,12.24166020265416,0.2951623194715329,-1.1726581494266874,2.1068146104229064
0.2,10.0,1,138,1,1,1,1,1,5.231809858046978,7.280062069849713,10.549879044181047,-1.2543716982327786,2.9918044412965306,-4.972254437414466
0.2,10.0,1,139,1,1,1,1,1,11.68553789742363,3.4561706814671607,8.781671375819005,1.1827477791077017,-1.9245566104661909,2.7092460468225115
0.2,10.0,1,140,1,1,1,1,1,4.0089159535453565,6.699917811621986,10.421103536374213,0.6204572475881223,-0.5554257838284131,0.7550374912655952
0.2,10.0,1,141,1,1,1,1,1,29.53203691142716,31.391274340733677,6.94699397547746,-0.05440889327645514,0.4579015276684923,-0.890178220876078
0.2,10.0,1,142,1,1,1,1,1,6.451570153842093,9.420625664009386,10.678474174656277,0.954872334555802,-0.4652671017784677,-0.47717869281918834
0.2,10.0,1,143,1,1,1,1,1,31.696720074017218,13.279247924846773,6.7265723113655405,3.4227267092450373,-3.5700075634981845,4.010210729667707
0.2,10.0,1,144,1,1,1,1,1,11.228638830937866,19.260346708876376,8.829052989958065,-3.1391578256851695,0.3110749265282206,4.262841293574641
0.2,10.0,1,145,1,1,1,1,1,0.5991982969274477,2.032619994378172,10.062838608922261,-0.11837246803770397,0.6014751990251926,-1.347492828493029
0.2,10.0,1,146,1,1,1,1,1,5.507509528533011,3.4931579029059088,9.424098941476208,0.9461501585687635,-0.1579240454521814,-1.2169112377238467
0.2,10.0,1,147,1,1,1,1,1,11.844460043194255,18.57047021317605,11.248823082472494,0.8891704423251202,-1.677574190069855,2.596212752200845
0.2,10.0,1,148,1,1,1,1,1,19.31776813581547,10.303872514520709,12.044057595903075,-2.139941847757193,1.234587684711578,0.14204581846013684
0.2,10.0,1,149,1,1,1,1,1,10.406871636833657,3.321698310952988,11.096497873885538,-0.756030716918743,1.5858631903974068,-2.510836216258638
0.2,10.0,1,150,1,1,1,1,1,31.01711428133519,21.649214225552065,13.30041526226836,-1.4605006279773838,1.8068597982950012,-2.0011212224070714
0.2,10.0,1,151,1,1,1,1,1,15.910431768036878,26.547108718564928,11.6807804118582,2.591098013119912,-1.7965213256273354,0.5245538345845328
0.2,10.0,1,152,1,1,1,1,1,1.0215800354703337,8.536594404194068,10.107155833283802,1.1545928954460911,-1.7342677202690386,2.364874479556057
0.2,10.0,1,153,1,1,1,1,1,4.555602852654723,6.474161821264595,9.523420531914242,-1.2451475845478992,-0.36146650169446704,2.649078472593716
0.2,10.0,1,154,1,1,1,1,1,16.962521030881973,22.456905388381728,11.79282427633191,1.4742144874010206,-0.9308337702190553,-0.12494517556791264
0.2,10.0,1,155,1,1,1,1,1,2.8642824389915593,4.167455128161087,9.700114720867191,1.6211521063304881,-1.270863827980583,0.697662645066035
0.2,10.0,1,156,1,1,1,1,1,3.7551372902227724,3.8072114896971114,10.394398451922887,0.291947314963816,0.03841239784633987,-0.4195294626595844
0.2,10.0,1,157,1,1,1,1,1,2.395747307254257,9.027359018636675,10.251459998782773,0.9052378755375108,-1.6028447633306242,2.718318743109077
0.2,10.0,1,158,1,1,1,1,1,13.714134596668188,14.02073443205967,11.44724413226825,-0.0629895371626816,-0.30689499529296566,0.6576673540293576
0.2,10.0,1,159,1,1,1,1,1,27.38321482878966,22.27380082376925,12.908680754791627,-0.033738349738106604,1.410875741182441,-3.242468134007702
0.2,10.0,1,160,1,1,1,1,1,6.3421148954255075,10.853855865337122,10.666928576715176,2.325927079336753,-0.02305413248173893,-2.9206320930216143
0.2,10.0,1,161,1,1,1,1,1,23.55156724088142,0.31010992581981134,12.497095876080525,-5.622100784187649,3.3406625612301415,0.43922859636522943
0.2,10.0,1,162,1,1,1,1,1,9.770112647073901,4.164920042807742,11.0290942939289,-0.4023076573615311,1.3546549797918388,-2.4797260947401676
0.2,10.0,1,163,1,1,1,1,1,48.41284618008194,32.394237881665184,15.19458437637862,-2.9863105096247375,2.8677240105106994,-2.1193178578028706
0.2,10.0,1,164,1,1,1,1,1,7.159537522066709,1.3995392454303113,9.25194070487902,0.8723159679090601,-1.3358019343968535,2.1954491470599544
0.2,10.0,1,165,1,1,1,1,1,14.415139767424616,12.72094897070447,8.499034048386799,1.0694171761094908,0.07402095148641409,-1.3925444897069423
0.2,10.0,1,166,1,1,1,1,1,21.927928917074823,19.206763425194183,12.323142082858011,-0.02486923797264835,0.6608911999924553,-1.6339040704091292
0.2,10.0,1,167,1,1,1,1,1,12.481699483345905,12.885251884894467,11.31641102924745,0.34730153512694234,-0.06131247719933826,-0.45861288187882576
0.2,10.0,1,168,1,1,1,1,1,12.675397836356312,9.563013358087694,11.33696352190204,-0.5666936920517411,0.4222061724314531,-0.4987637992542998
0.2,10.0,1,169,1,1,1,1,1,12.285041084903906,1.056872253900343,11.295548340341286,-1.821856532181327,2.211715312965551,-1.9847974065704388
0.2,10.0,1,170,1,1,1,1,1,6.26785672509119,15.257056135632983,10.659096336093752,1.630830927677521,-1.882668186722759,2.1573674898644533
0.2,10.0,1,171,1,1,1,1,1,5.65560713873079,8.921857724130357,9.40865459030392,-0.07849420966605712,0.877976540849631,-1.4800784995326288
0.2,10.0,1,172,1,1,1,1,1,5.657858398764195,3.812816977022065,9.408419834595358,1.0608228540633478,-0.009219637833221574,-1.43918390818423
0.2,10.0,1,173,1,1,1,1,1,7.275890465479952,11.712984276423375,10.76546412213874,0.74249280571707,-1.0462111845974535,1.437761902271933
0.2,10.0,1,174,1,1,1,1,1,5.243935327147811,1.6526741181486975,9.451591155652753,1.1568078076771806,-0.4981039281820689,-0.4904755837872975
0.2,10.0,1,175,1,1,1,1,1,17.562541043283463,22.92862516445283,11.856774657981903,1.2175904987383315,-1.0144830264876759,1.060198821133843
0.2,10.0,1,176,1,1,1,1,1,13.293189634984909,4.736747628239733,11.402540087324681,-1.0767690441048452,1.8480665653060133,-2.4546069151600376
0.2,10.0,1,177,1,1,1,1,1,2.1434144872123793,0.3536935821093935,10.22494783604531,-0.11563847323030109,0.3663972533422251,-0.37424527795465007
0.2,10.0,1,178,1,1,1,1,1,1.0591204332732644,0.6140934850810787,9.889016570690124,-0.058659894553923904,-0.7091162636843443,1.63245352540432
0.2,10.0,1,179,1,1,1,1,1,8.90164482415776,6.850268233778704,9.070688688076357,1.6542272384736434,0.3209803608480003,-2.9840331544703593
0.2,10.0,1,180,1,1,1,1,1,28.148555472353543,16.975674641286876,7.088107152425229,2.85946630328901,-1.7045997792191612,0.32074553388590626
0.2,10.0,1,181,1,1,1,1,1,17.444962200831522,16.023566076229613,11.844240174933404,-0.15459345282664255,0.1976488337083126,-0.0014112558382167626
0.2,10.0,1,182,1,1,1,1,1,28.811140683105055,31.99246851902179,13.062449418748498,0.5226708668550989,-0.8649188084263806,0.7945099384442356
0.2,10.0,1,183,1,1,1,1,1,37.435437074861696,37.96006577207716,13.995633859046327,0.4557192154982016,-0.06957032564700748,-0.6915594290180664
0.2,10.0,1,184,1,1,1,1,1,4.150572994278921,7.981568357705362,9.565708532991962,-0.20064366253125326,0.942643401635598,-1.8755547296677326
0.2,10.0,1,185,1,1,1,1,1,10.161798209353329,4.968953063878554,11.070550992766051,0.1802267111129254,1.6282580688727577,-3.717699906352798
0.2,10.0,1,186,1,1,1,1,1,6.073392698513767,0.7114163536647409,9.365097593512974,1.336919903294422,-0.9293712622372718,0.3130709098730407
0.2,10.0,1,187,1,1,1,1,1,15.816579606109356,19.17502221264768,11.670790938651841,0.6726516490836094,-0.7617428108852661,0.9439582804881983
0.2,10.0,1,188,1,1,1,1,1,15.086300554038935,18.08695130271236,11.593091730672302,0.278245935849007,-0.9388441982318694,1.4780963841782482
0.2,10.0,1,189,1,1,1,1,1,13.961952034123456,9.374663446017902,11.473570550390729,0.42111912797504886,1.6041813049301756,-3.821724043842858
0.2,10.0,1,190,1,1,1,1,1,20.878794626235454,13.03947542515516,12.210882738770085,-1.7160433279568854,1.1633558811614324,-0.10727787936786978
0.2,10.0,1,191,1,1,1,1,1,0.15286074659630391,2.307697936510371,10.016027271260498,0.4239959456504532,0.9236785347004022,-2.6444338472713635
0.2,10.0,1,192,1,1,1,1,1,10.254330350121498,13.458548245089053,8.930160236543475,-0.5857071268309954,0.491214073385308,-0.3419918325476188
0.2,10.0,1,193,1,1,1,1,1,4.57161399239922,4.443376384096499,10.480339197044742,0.419456426347459,0.1851560320310683,-0.8444877020117256
0.2,10.0,1,194,1,1,1,1,1,3.67057186494035,2.5021336513627968,10.385501081709718,-0.41788857397477763,-0.04969386025107822,0.7896222840272187
0.2,10.0,1,195,1,1,1,1,1,7.238751393175261,3.184209548549256,9.24369261675666,2.106777863320082,-0.02554875067314942,-2.9329845615044836
0.2,10.0,1,196,1,1,1,1,1,24.59255512797018,14.82958826604199,12.608767219406442,-2.3695165182021847,1.3090494024767216,0.3224001850474503
0.2,10.0,1,197,1,1,1,1,1,8.130270452372438,1.8587703847621575,9.150906757538348,2.3972292728202174,-1.6890120882129693,0.5074353363925046
0.2,10.0,1,198,1,1,1,1,1,4.9599415071527275,9.31192360379935,10.521237267920858,1.3750555618154536,-0.6206572928783869,-0.6902314977745233
0.2,10.0,1,199,1,1,1,1,1,12.874952415574253,8.819111025553873,11.358141361799644,-1.0015044248136205,0.4481790047766955,0.3508815897765068
0.2,10.0,2,0,2,1,2,2,1,35.16109410654872,13.666801574362896,-3.811145197394267,13.748795391088814,0.03437304088321906,-0.6704236236652007
0.2,10.0,2,1,2,1,2,2,1,38.78899108885028,18.78746635525172,-4.324418019045976,14.142791651416614,0.5745374948562995,-1.5739338097008893
0.2,10.0,2,2,2,1,2,2,1,33.647551882555426,20.051031843797155,-1.4186159946384365,13.584824247367747,-0.10860979758504044,0.8243606385961227
0.2,10.0,2,3,2,1,2,2,1,36.457063886727546,18.302596503149108,-3.781610713255034,13.889383702785274,-0.12630261165763343,0.22352438777429212
0.2,10.0,2,4,2,1,2,2,1,14.28709718514192,19.49436213712722,-3.94891127698798,11.508121165006994,2.1397130686669805,-1.6983616388872513
0.2,10.0,2,5,2,1,2,2,1,51.440303366516446,18.025773759431285,-2.7078925594772447,15.527455471454351,-0.3947140333418338,-1.1895347536159442
0.2,10.0,2,6,2,1,2,2,1,47.970701854119035,18.61151761051194,-3.0099234511188517,15.146050620358439,0.45363932460935125,-2.525752158790109
0.2,10.0,2,7,2,1,2,2,1,52.95231810978894,14.57830839443587,-1.5119042121012838,15.694062566473027,0.04357621710250995,-2.8686257969974505
0.2,10.0,2,8,2,1,2,2,1,68.70376562187731,16.108273325056896,-2.467153325514099,17.444049808866737,-2.9069506104889946,1.9988741257827254
0.2,10.0,2,9,2,1,2,2,1,0.43547371900496984,17.926590459259405,-1.4745957712468987,10.045665062308684,1.0113739775557544,2.4123177614770475
0.2,10.0,2,10,2,1,2,2,1,17.730147368565902,18.96877029580517,0.2602194288601732,11.874644745299564,1.8355324692598647,-1.5654748067397368
0.2,10.0,2,11,2,1,2,2,1,8.000709376498769,18.502745475511325,-2.0723837242998044,10.842010244612847,1.6633805240886448,0.020829782616023505
0.2,10.0,2,12,2,1,2,2,1,51.23785397891648,17.3671490453729,-3.192171748184427,15.505166036182928,-0.9077561782755647,-0.10691169224912234
0.2,10.0,2,13,2,1,2,2,1,47.117802970935514,15.432290409654549,-2.610762685972006,15.05248649235718,-0.48047995754726414,-0.8217007054874896
0.2,10.0,2,14,2,1,2,2,1,35.412774713556445,15.189809070970837,0.5597232815126107,13.776084410951473,0.5612178956892786,-1.6444007805917011
0.2,10.0,2,15,2,1,2,2,1,13.090024822155438,16.672144695130456,-2.4424353293181538,11.380970550092826,0.43144305524754356,1.8308766115802642
0.2,10.0,2,16,2,1,2,2,1,10.8173978128184,16.148752512770844,-1.4308580681304723,11.139975465423971,1.1935951360029735,0.3332391711147884
0.2,10.0,2,17,2,1,2,2,1,42.059601948720804,16.61690059648198,-2.5377866141522882,14.499155570243172,-0.8788514324994566,0.9325116060059822
0.2,10.0,2,18,2,1,2,2,1,37.95395364980816,17.80979985661743,-3.08144140821104,14.051984319437663,0.3109401252766275,-1.0285488929782067
0.2,10.0,2,19,2,1,2,2,1,41.08196179119824,17.061178059449563,-3.228726145852762,14.392516024872073,0.2675532267724681,-1.4538028334246962
0.2,10.0,2,20,2,1,2,2,1,75.69780429880043,18.49838161437765,-5.025196550887967,18.229550644389324,-3.259955754582391,2.262973015850034
0.2,10.0,2,21,2,1,2,2,1,57.65921370121835,16.76257650594883,-3.793509457699113,16.214249506687985,-3.0605331901783006,3.974715584896329
0.2,10.0,2,22,2,1,2,2,1,54.641069579911544,15.922677188297934,-3.3837346572457747,15.880428125811118,-3.6030179164037732,5.583637263262117
0.2,10.0,2,23,2,1,2,2,1,38.186147137738665,15.98130354771152,-1.7646181161784746,14.077227276373947,-1.7322782628299906,3.34641237600923
0.2,10.0,2,24,2,1,2,2,1,27.39807098943303,17.914589074883235,-2.454674255216452,12.910279489058011,0.2928089419597977,0.421086197043903
0.2,10.0,2,25,2,1,2,2,1,38.30503983834197,17.12604553984047,-0.6839312792320363,14.090154880495215,1.617854001512381,-4.017267837958107
0.2,10.0,2,26,2,1,2,2,1,67.06510853688863,16.260149686203196,-6.01743309868994,17.26076803075241,-2.146193541014591,0.463204279803353
0.2,10.0,2,27,2,1,2,2,1,21.216207288475054,17.4132820548534,-3.428123305976734,12.246974284149054,0.8932546217838488,-0.18163363414008057
0.2,10.0,2,28,2,1,2,2,1,29.931444329732617,16.695912047410065,-0.20368014761741635,13.183237841662043,2.4321992050340366,-4.738814404653598
0.2,10.0,2,29,2,1,2,2,1,40.07384906438937,15.533963024113367,-1.9580422782514033,14.28265658691466,1.0550972014367146,-3.2710158500233373
0.2,10.0,2,30,2,1,2,2,1,32.51997586564871,14.721201752793641,-2.392695107928882,13.462820805408846,1.3930895200051425,-3.150543792608111
0.2,10.0,2,31,2,1,2,2,1,6.789925661928941,17.91780835978769,-2.2876691697902825,10.714172326457195,1.4693357726916711,0.5237991746627096
0.2,10.0,2,32,2,1,2,2,1,28.045794886801477,16.051475402198076,-2.7021139944611363,12.980005810500858,1.9456022487456723,-3.5651963531027975
0.2,10.0,2,33,2,1,2,2,1,35.829487729326665,17.870728259056683,-4.658696572517895,13.821281824750681,-1.378681958120027,3.1308143185136506
0.2,10.0,2,34,2,1,2,2,1,41.86138286790506,17.07383496998898,-4.477584649696403,14.477526093805048,0.4804559608060864,-2.0224723492386474
0.2,10.0,2,35,2,1,2,2,1,34.830913510466196,16.46859850857517,0.15421914715007867,13.7130047639202,-0.4184927584232839,0.8219330243362126
0.2,10.0,2,36,2,1,2,2,1,67.50547682004685,17.830120140151507,-4.590714451100449,17.309994557958817,-0.44873282020276095,-3.1792061855879448
0.2,10.0,2,37,2,1,2,2,1,29.644717863803265,17.582365141963088,-4.701131920419902,13.15231140783194,-0.9993037191717976,3.0382897359571053
0.2,10.0,2,38,2,1,2,2,1,7.790100874389569,18.35253509084373,-3.508744844678619,10.819763012074773,1.640187613177286,0.07754116503658667
0.2,10.0,2,39,2,1,2,2,1,39.11350259866385,16.665304934966137,-2.0271976646496443,14.17810062132008,-0.663574536361405,0.8404094350325946
0.2,10.0,2,40,2,1,2,2,1,30.88037665176459,16.82310843695656,-3.1377787682151084,13.285650361314804,-0.42045535446402466,1.410467528340349
0.2,10.0,2,41,2,1,2,2,1,51.63441765411814,15.4895687463324,-4.309523665572809,15.548831261463675,-1.7786942228064078,1.5551915040116469
0.2,10.0,2,42,2,1,2,2,1,36.15660436605006,17.459546464279097,-3.5515318507805373,13.856774039151407,-0.802747013246672,1.6792365417984276
0.2,10.0,2,43,2,1,2,2,1,44.76861635357626,17.000658875061504,-5.143905192043564,14.795170540143937,-1.326787289602448,1.6621816692075286
0.2,10.0,2,44,2,1,2,2,1,14.407600294092138,20.26430396300694,-2.594629957646156,11.520928801086187,1.6884689135629831,-0.6129090258580536
0.2,10.0,2,45,2,1,2,2,1,37.038070784774575,18.46797688427409,-4.539767713982836,13.952468407275989,-0.43966904600448276,0.8833051923414172
0.2,10.0,2,46,2,1,2,2,1,8.795479197390138,16.123695372622535,-2.4240940118809893,10.926004493109895,0.0741628592930695,3.1506636499231613
0.2,10.0,2,47,2,1,2,2,1,26.90411627487172,17.307656281992667,-0.30614954169540876,12.857135068082515,2.848854696399851,-5.1383768909874075
0.2,10.0,2,48,2,1,2,2,1,64.44374617064652,16.55547615116348,-1.1954578123814346,16.968166448525963,-1.5192017450254307,-0.5835478106760132
0.2,10.0,2,49,2,1,2,2,1,52.595819506714875,14.992690956343402,-2.097631238291824,15.654758778104567,-1.3862879799179866,0.4428960088279097
0.2,10.0,2,50,2,1,2,2,1,43.104318636076016,18.912539283144746,-6.510445182404273,14.61322160393209,0.4117979203914866,-1.75795788176392
0.2,10.0,2,51,2,1,2,2,1,64.89654224456596,16.5658987091984,-3.34795812613776,17.0186562123385,-0.9638872350487514,-1.891481348370457
0.2,10.0,2,52,2,1,2,2,1,41.666322319227014,15.541308463368754,-2.837098692687046,14.456245262152228,-1.5156351270996884,2.294072462609651
0.2,10.0,2,53,2,1,2,2,1,57.47929541827145,15.938851885831987,-3.4452976429756177,16.194322744740905,-0.23823560841034647,-2.6319335108879467
0.2,10.0,2,54,2,1,2,2,1,48.1266536670059,17.166153785262846,-4.625057806042516,15.163166965687596,-0.4303479163700473,-0.804570859514769
0.2,10.0,2,55,2,1,2,2,1,6.453367429724771,16.627864607094562,-1.3407823738699185,10.678663765592306,1.9946856645898892,-0.7894048730349918
0.2,10.0,2,56,2,1,2,2,1,25.30972710310883,17.73855391791973,0.2401102248875014,12.685765892319381,1.8586114699570637,-2.780224104432372
0.2,10.0,2,57,2,1,2,2,1,23.841412377056486,16.585556395915074,-0.5893747235842622,12.528177707870695,1.7598083690111868,-2.548909145449773
0.2,10.0,2,58,2,1,2,2,1,36.06976921644596,17.232226853604995,-4.559921386194808,13.84735133081072,0.03110583573761779,-0.24257927504256946
0.2,10.0,2,59,2,1,2,2,1,45.366138971823815,16.666418036109388,-4.545118516633721,14.860564995500274,-0.3127144966572374,-0.7812680960495194
0.2,10.0,2,60,2,1,2,2,1,31.262443491383703,16.52108254979266,-1.8711998951722986,13.32691068335472,0.7637535842647927,-1.3494897204712983
0.2,10.0,2,61,2,1,2,2,1,49.50509811561081,16.672603128107,-1.923014364651359,15.314567523674416,-1.4238665484723605,1.1997174915263134
0.2,10.0,2,62,2,1,2,2,1,38.59372734938094,17.829126011567396,-1.8833002100682918,14.121550944362502,-0.23460624756122553,0.11239674544050618
0.2,10.0,2,63,2,1,2,2,1,38.17079560404571,18.294363443870964,-5.251407347071221,14.075558159150582,-1.3778061758372566,2.8759961739796123
0.2,10.0,2,64,2,1,2,2,1,54.90093849628559,17.244612917197312,-2.9026495224127107,15.909133122416607,0.13989443152296874,-2.9353057304119483
0.2,10.0,2,65,2,1,2,2,1,21.460491378635663,16.33470500991871,-1.2342791157860562,12.273111521020667,0.5776393546249825,0.32746292602798416
0.2,10.0,2,66,2,1,2,2,1,79.33126008628383,15.666221733528051,-4.151671404875907,18.63969564038686,-2.2003243357820006,-1.1216278232175692
0.2,10.0,2,67,2,1,2,2,1,37.106222110462895,17.871727086382336,-0.43903193604255714,13.95987044747191,0.10633778913931564,-0.4518513581495673
0.2,10.0,2,68,2,1,2,2,1,42.123328287093756,16.54530218354972,-1.6945300460109818,14.506110195396293,-0.2591910181985103,-0.49365272430647944
0.2,10.0,2,69,2,1,2,2,1,46.72403498451599,15.041125230040077,-3.0988551147798513,15.009315283505654,0.04888443176463157,-2.006790140359318
0.2,10.0,2,70,2,1,2,2,1,57.456842035646346,15.759647172675162,-4.277361286653882,16.191836171086372,-0.8186112262649651,-1.3678341838039398
0.2,10.0,2,71,2,1,2,2,1,31.518340604679167,15.707007591799288,-2.2430245147030536,13.354554034340618,0.056430520171338205,0.07015957289481753
0.2,10.0,2,72,2,1,2,2,1,62.651772007084865,19.62809865903916,-3.2126976183792455,16.768563067037448,1.029142660489891,-5.477977402293981
0.2,10.0,2,73,2,1,2,2,1,52.35191665886201,17.28892851566857,-4.599081105983746,15.6278763069025,-0.7660983068782103,-0.5861026039813814
0.2,10.0,2,74,2,1,2,2,1,26.001691388723067,17.469195717154197,-2.7896664081497686,12.760108064867689,3.078008607828126,-5.476156413618544
0.2,10.0,2,75,2,1,2,2,1,13.936313477375693,19.671504242734947,-3.9107896973540166,11.470846598275728,0.8138754722777706,1.3115698410274883
0.2,10.0,2,76,2,1,2,2,1,50.568626809652564,15.883517251916263,-2.6961569072306713,15.431515525331058,-0.8390388802452992,-0.399576928364401
0.2,10.0,2,77,2,1,2,2,1,13.426097242932817,17.241517999931194,-3.242623921151205,11.416652840016972,2.2354792333943374,-2.129998930326131
0.2,10.0,2,78,2,1,2,2,1,52.26944564889951,15.867923040106096,-2.6938731526751867,15.618787935159093,-1.6751954813724483,1.2874416253828431
0.2,10.0,2,79,2,1,2,2,1,41.12080594020391,16.760706558603324,-0.7652173183814391,14.396751191987772,0.244753242878491,-1.4539202810858294
0.2,10.0,2,80,2,1,2,2,1,56.12995102947317,16.854676283197755,-4.743864240249225,16.044985625231558,-2.2296849548374804,2.2165670362306034
0.2,10.0,2,81,2,1,2,2,1,44.89390849027514,16.59557186502678,0.018415576496055647,14.808879757219334,-0.886862369041223,0.5690334414282807
0.2,10.0,2,82,2,1,2,2,1,40.06866633002871,16.880489073186983,-2.4668057548433895,14.282092069305769,-1.1129766224199515,1.7801331974792014
0.2,10.0,2,83,2,1,2,2,1,31.367129685167768,16.197363738640526,-3.1655371965769756,13.338218621261893,0.9956179494504556,-1.9205201071169866
0.2,10.0,2,84,2,1,2,2,1,62.06059993013018,16.952660905676616,-2.7507728996478953,16.702788682626412,-1.0139655018843654,-1.3522532738046933
0.2,10.0,2,85,2,1,2,2,1,40.5285338745808,16.02179101556734,-2.016744268488419,14.332192955773667,-0.7454177124016853,0.7399766602323539
0.2,10.0,2,86,2,1,2,2,1,35.93167306630321,17.438816386739248,-3.1440507581218387,13.832367763922473,-2.0425704500742983,4.62838507311198
0.2,10.0,2,87,2,1,2,2,1,28.614154548187788,16.769085094832263,-3.1389346733874217,13.041224180713845,0.28139156024857576,0.11070182702526707
0.2,10.0,2,88,2,1,2,2,1,29.833314903380145,16.811982580296043,-3.382869230461896,13.172652610332591,1.6045356378709001,-2.9519002987402008
0.2,10.0,2,89,2,1,2,2,1,55.740539276905885,16.189854724564515,-2.1887874208318707,16.00192363174307,-1.2377485459415432,-0.13111298640325902
0.2,10.0,2,90,2,1,2,2,1,64.36454591167828,18.78297322300572,-3.6274014500936467,16.959337333371938,0.41267410734825655,-4.5059001023932845
0.2,10.0,2,91,2,1,2,2,1,17.398723521798992,17.01331972724763,-0.7507279031241378,11.839311289074288,1.107819711446644,-0.21597976063668195
0.2,10.0,2,92,2,1,2,2,1,38.129353613535955,18.15333260789682,-2.0276211227974983,14.071052442040163,-2.0277395399467597,4.402079292179958
0.2,10.0,2,93,2,1,2,2,1,41.841169841528576,18.776438921483425,-5.305038661394363,14.475320697290902,-0.44749265566114727,0.3087920334454554
0.2,10.0,2,94,2,1,2,2,1,71.12908246373914,17.453000747751826,-5.386023255567983,17.715844418027352,-1.4210081851270973,-1.5453441614524512
0.2,10.0,2,95,2,1,2,2,1,37.53656615935333,16.849057650810696,-4.466721131047836,14.006622007353172,-0.40513437531546037,0.49012652477731017
0.2,10.0,2,96,2,1,2,2,1,20.469800202993156,18.1273818161934,-3.2890329533060814,12.167149966371529,1.3353598762931922,-0.9544703954872922
0.2,10.0,2,97,2,1,2,2,1,41.65929094683638,15.31447029373208,-4.476306870508518,14.455478223184768,-1.3278243106883816,1.822200067685043
0.2,10.0,2,98,2,1,2,2,1,41.99654521047398,16.791296968070363,-4.595051834855581,14.49227443609747,-2.1682262345579524,3.9898770291914505
0.2,10.0,2,99,2,1,2,2,1,34.58982689234881,18.377000202239596,-2.5663611593813886,13.686878781271258,-0.4558684449216898,1.2335285213816483
0.2,10.0,2,100,2,1,2,2,1,13.977058607618204,17.82886140112614,-1.2703077324564198,11.475175569824552,0.29088512453989046,2.2122306261452938
0.2,10.0,2,101,2,1,2,2,1,43.385865457449576,17.29121724101544,-2.8789216397086252,14.64398136152999,0.6707450743074397,-2.6038727976201526
0.2,10.0,2,102,2,1,2,2,1,49.18921953991309,16.9996234601136,-1.255488240609987,15.279855633676567,-1.0325994503010851,0.39264991841322217
0.2,10.0,2,103,2,1,2,2,1,35.005250547110904,19.002095876036176,-4.183240349087948,13.731900993897773,-0.41482829832309426,1.1805048411074903
0.2,10.0,2,104,2,1,2,2,1,34.73463172847284,16.017191276343706,-1.8732785518365263,13.70257021649273,0.056393879910085216,-0.30799000238463414
0.2,10.0,2,105,2,1,2,2,1,51.89223250337421,16.357395225149556,-4.116896561701192,15.577227847665062,-1.4879486482446151,0.9802141419634054
0.2,10.0,2,106,2,1,2,2,1,37.994729669193134,16.015729787369803,-1.7539086612842856,14.056416887375741,-0.40924914491291514,0.3107165090595883
0.2,10.0,2,107,2,1,2,2,1,30.675580387636092,15.281586663028603,-2.400298104133981,13.263540101982546,-0.27032049436348704,0.8573401570175045
0.2,10.0,2,108,2,1,2,2,1,44.99996967138999,17.29575232064544,-4.015521589635973,14.820486040819345,-0.5663519428254107,-0.0664047981281932
0.2,10.0,2,109,2,1,2,2,1,41.23740682866581,19.35840434314294,-4.466330452996881,14.4094650972721,0.09850986748703407,-0.7523448480265293
0.2,10.0,2,110,2,1,2,2,1,39.8688592310441,16.210912021113867,-0.8885008666561849,14.260330659222467,-0.7230903408681435,0.8057299796229245
0.2,10.0,2,111,2,1,2,2,1,47.04683521155595,15.835625694357654,-1.138013352520954,15.044704662986824,-1.3524189349733502,1.2348982742462373
0.2,10.0,2,112,2,1,2,2,1,38.86296611481631,18.47585948458505,-1.9542463922752056,14.15083965600763,0.3743492688802805,-1.1882767393694804
0.2,10.0,2,113,2,1,2,2,1,9.091323026139662,16.598220952456668,-3.453880818379344,10.957286629391707,0.8237581256566484,1.4652461500253944
0.2,10.0,2,114,2,1,2,2,1,25.035563501460558,17.67124857911695,-2.7143525865935705,12.656324292468485,1.5004688793213454,-1.9798558553324421
0.2,10.0,2,115,2,1,2,2,1,8.355924441043165,17.532334538219374,-0.2116925450795012,10.879542838255595,0.6786453176763427,2.0384029411736835
0.2,10.0,2,116,2,1,2,2,1,35.26594846770756,18.10015080341928,-2.814534257542146,13.760163658866526,-1.5469079315702676,3.6411954564008933
0.2,10.0,2,117,2,1,2,2,1,27.443187988102995,17.174768208773955,-1.5959452122747557,12.915134858829044,0.4829113875417947,-0.12493571681614658
0.2,10.0,2,118,2,1,2,2,1,41.09868141813864,16.350160518463838,-4.6107115978646345,14.394338942079198,0.897154761411042,-2.94029958297885
0.2,10.0,2,119,2,1,2,2,1,59.15271523003223,17.724494840172323,-2.6889985478906793,16.37979351980856,-1.1187372815244758,-0.618612879261102
0.2,10.0,2,120,2,1,2,2,1,15.314051759024373,17.089013562667905,-3.5722671103292614,11.617317881645238,0.2129412200034049,2.095708975576697
0.2,10.0,2,121,2,1,2,2,1,36.58448898502405,17.298476418253163,-4.5188818327310525,13.90321630479252,-0.5732172228317157,1.069475143943875
0.2,10.0,2,122,2,1,2,2,1,56.0193835585595,18.040582769075964,-4.29063547564539,16.03275721047435,-1.3798185016502549,0.4391132622846327
0.2,10.0,2,123,2,1,2,2,1,47.93672042151991,20.014844228130972,-3.0408709261212428,15.142321357578222,-1.0676189483626415,1.1026612389793498
0.2,10.0,2,124,2,1,2,2,1,43.61328850439773,16.348404303779933,-3.2469874626887156,14.668833976502293,-2.5829703059331464,4.694283048428002
0.2,10.0,2,125,2,1,2,2,1,48.64709291407567,16.8295339326632,-2.795737319035289,15.220305703741257,-1.598627415334725,1.7449011246718968
0.2,10.0,2,126,2,1,2,2,1,49.29045520128644,17.384182944423408,-3.380209406075843,15.290979280447711,-1.1729339909593657,0.7598609861609721
0.2,10.0,2,127,2,1,2,2,1,54.16221229711544,16.82925495863192,-5.037708242012352,15.827552396015776,-1.3460144677481622,0.4235386032259077
0.2,10.0,2,128,2,1,2,2,1,56.31455193028157,16.965088185519296,-5.0296297717888745,16.06540477666877,0.11313124073258042,-3.099287429705135
0.2,10.0,2,129,2,1,2,2,1,20.373001323014634,17.227123329124336,-2.7412698646306435,12.156801993712426,-0.7727949483166426,3.7189146451664885
0.2,10.0,2,130,2,1,2,2,1,37.27945904093523,18.236104117466077,-3.1720646747228547,13.978688192073957,1.220222233033383,-2.870004506950238
0.2,10.0,2,131,2,1,2,2,1,64.71070339781879,18.463803677763604,-2.825253070078129,16.997931312712993,-1.053024377230323,-1.3837985454948774
0.2,10.0,2,132,2,1,2,2,1,41.436930789283835,15.857562472793793,-1.7296321237861167,14.431224030322651,-0.820346917263067,0.7649338064493789
0.2,10.0,2,133,2,1,2,2,1,38.62159098456203,18.262804989465412,-3.4506727358278617,14.124581697030122,0.17668252895909461,-0.7488008941445071
0.2,10.0,2,134,2,1,2,2,1,24.74337201940436,16.191608295701975,-1.9270090622921485,12.624955200628992,2.21326575745004,-3.6925448109591086
0.2,10.0,2,135,2,1,2,2,1,54.28454906870188,18.075379213139097,-2.539327388468092,15.841058606169858,-0.2812023097901895,-1.8057234970295228
0.2,10.0,2,136,2,1,2,2,1,40.06635902439526,17.345969874843245,-3.5589676098369396,14.281840752159383,-0.2395941984564455,-0.14447917230313087
0.2,10.0,2,137,2,1,2,2,1,45.16413328705284,17.53876812034721,-3.837665622420589,14.83845279206187,-1.9460745462550642,3.144158967824199
0.2,10.0,2,138,2,1,2,2,1,47.06496461051673,18.3378425815015,-1.4725744875394295,15.046692556336389,0.18334060144682754,-1.8559584993595815
0.2,10.0,2,139,2,1,2,2,1,28.667930576567787,17.069359888579957,-2.1458904267176617,13.047018147415503,0.8890768785373824,-1.2043126597160352
0.2,10.0,2,140,2,1,2,2,1,40.03612669148429,17.91235836198613,-1.9751359004261009,14.278547826546184,0.13091693630041124,-0.8856509512269091
0.2,10.0,2,141,2,1,2,2,1,45.611981339588894,15.382103050430556,-3.772582836811684,14.887481449721829,0.6227136810444117,-3.0679417731973473
0.2,10.0,2,142,2,1,2,2,1,35.14783343074592,17.42256180091694,-4.700883061318557,13.747357754861675,-1.0185893362039153,2.3103079999564997
0.2,10.0,2,143,2,1,2,2,1,29.229576446998276,16.861518569043398,-3.0541623251530248,13.107549059176279,1.055129700562217,-1.6736544327621985
0.2,10.0,2,144,2,1,2,2,1,6.367381422597952,16.975238681373632,-3.20044421925905,10.669593642466012,1.3174771747181238,0.7754048855433472
0.2,10.0,2,145,2,1,2,2,1,48.525095563966715,17.5296546250149,-2.396480893040536,15.206909138581828,-0.6703799926764542,-0.26175716788377074
0.2,10.0,2,146,2,1,2,2,1,36.40305781900699,19.281957468163558,-2.5279609412436788,13.883521593492764,0.2771321360280277,-0.5272955123237106
0.2,10.0,2,147,2,1,2,2,1,54.03489212271795,15.262039901738452,-2.2464454146039006,15.813497681046895,-1.6123168766453009,0.8125001870778578
0.2,10.0,2,148,2,1,2,2,1,7.725095283137306,17.61295250954591,-1.0639019652229735,10.812897170708064,-0.1476886714429818,4.049837449740528
0.2,10.0,2,149,2,1,2,2,1,28.482033203043244,18.403364417591437,-2.405176510980047,13.026990350419373,0.607570431512041,-0.3540247446170475
0.2,10.0,2,150,2,1,2,2,1,28.398441877141646,16.831164398490344,-1.3518809279933246,13.01798573091749,1.5880844797542957,-2.7294343990613057
0.2,10.0,2,151,2,1,2,2,1,65.90224553527455,17.47817088596756,-3.616211772153139,17.130876771157517,-2.981858422816142,2.7702648014288695
0.2,10.0,2,152,2,1,2,2,1,7.505303672674232,15.85483135355734,-2.3204915527353336,10.789686097489263,4.337766276562512,-5.978387545179406
0.2,10.0,2,153,2,1,2,2,1,46.43822221125285,14.643848491244528,-3.0714888481375646,14.977990015941007,-1.0910594580102178,0.5324123378698435
0.2,10.0,2,154,2,1,2,2,1,67.6686376256156,16.59952856387746,-4.592547014049567,17.328238719673312,-1.7893296850814602,-0.3855067544540866
0.2,10.0,2,155,2,1,2,2,1,20.283251549992432,18.48205123564734,-4.888636264034154,12.147208436045705,-1.2398941792170473,5.040304989861374
0.2,10.0,2,156,2,1,2,2,1,4.994434902552689,16.372636205834365,-1.0413140132204544,9.477621762681448,1.845346759033949,1.019348053030664
0.2,10.0,2,157,2,1,2,2,1,26.10426888284581,15.261919343272236,-3.3862858970449508,12.771132798051744,-0.7566557391752602,2.590035563482415
0.2,10.0,2,158,2,1,2,2,1,12.245789950024104,15.360147660172775,-2.505450254608592,11.291384815338628,1.5882765567345323,-0.8493067514911185
0.2,10.0,2,159,2,1,2,2,1,30.737164236212216,16.673210752948957,-2.2731742450183914,13.270188377237139,-1.410805536944351,3.715007685488938
0.2,10.0,2,160,2,1,2,2,1,45.52160651063634,17.644738627993572,-3.083838507382617,14.877585880479721,-1.8021121287231916,2.7716929919786564
0.2,10.0,2,161,2,1,2,2,1,43.05815649326447,15.98004387949819,-3.9585239162813166,14.608179051585488,-0.9084513023090846,0.7695506081162146
0.2,10.0,2,162,2,1,2,2,1,21.08823581483301,17.632632304857992,-2.5956759597029593,12.233284373367665,0.15807865172559188,1.5269991008808137
0.2,10.0,2,163,2,1,2,2,1,8.912128347835672,13.976866700454837,1.1838863329232217,10.938337767152477,1.1020043880799717,0.4589008699896713
0.2,10.0,2,164,2,1,2,2,1,58.14494308482214,18.036478982194517,-5.020085029038447,16.26806329664375,-1.8488536698989182,1.2375349535990974
0.2,10.0,2,165,2,1,2,2,1,52.82158380483122,16.66708949635841,-3.344497994997242,15.679647625587759,-1.9339513568100777,1.9399206611701962
0.2,10.0,2,166,2,1,2,2,1,38.05806112883748,17.798379260189826,-4.00598986837729,14.06330169195868,-0.13500365592359792,-0.04574712282486552
0.2,10.0,2,167,2,1,2,2,1,46.09282567529346,15.32908516647243,-1.7544507374650324,14.940145714224165,-0.4938490728171601,-0.6727333018389592
0.2,10.0,2,168,2,1,2,2,1,52.22654143840081,16.19715693269664,-1.3147249869282576,15.614060139079063,-2.8087786345727386,4.025254896010084
0.2,10.0,2,169,2,1,2,2,1,61.5231464682861,18.825802891287157,-5.800315098537796,16.643023237436307,-1.7182702157236311,0.6053510618700757
0.2,10.0,2,170,2,1,2,2,1,38.76406631129507,18.448347041400478,-3.956339355211956,14.140080124552338,-1.0711358123229688,2.102615293422738
0.2,10.0,2,171,2,1,2,2,1,47.55254634601168,16.964365706426992,-0.457981041317151,15.100168908050046,0.7964985084375718,-3.4600947023645627
0.2,10.0,2,172,2,1,2,2,1,39.4507146910242,17.332931201090716,-3.7466277909652352,14.214803069603397,-0.009305184771245653,-0.5826169429039101
0.2,10.0,2,173,2,1,2,2,1,23.904323583003148,14.375564698658179,-0.7567314354620182,12.534925187862504,0.9273272323197922,-1.070767248420994
0.2,10.0,2,174,2,1,2,2,1,39.18100258754739,16.641395112357166,-2.3923991885029285,14.185446432729313,0.49763412671430657,-1.777070552733281
0.2,10.0,2,175,2,1,2,2,1,5.225097010774404,18.444396677404022,-2.2761558587324164,10.54917174535424,2.0825001043966447,-0.5456207484335256
0.2,10.0,2,176,2,1,2,2,1,65.31922138077476,16.52536736478292,-5.289473768114521,17.06580740568056,-1.5695904257510305,-0.587961538295281
0.2,10.0,2,177,2,1,2,2,1,40.05173517724018,18.302855605625734,-2.357904342266974,14.28024790124733,-1.1706574558710487,2.1370830627711768
0.2,10.0,2,178,2,1,2,2,1,41.40319312080342,20.187698167641756,-1.5886421763890157,14.42754450398224,-0.33721240146914144,0.33156125809397236
0.2,10.0,2,179,2,1,2,2,1,24.36832785057305,17.324927603552144,-3.512902295411619,12.584704011100731,0.5287146762761317,0.20286536126953467
0.2,10.0,2,180,2,1,2,2,1,31.34780962545025,19.188001729393463,-2.2536041521822288,13.336131632371655,-0.12396049289004085,1.0341943102895343
0.2,10.0,2,181,2,1,2,2,1,40.96149731576594,17.31635431258271,-3.9798331217458562,14.379382812612072,0.45039131549478967,-1.8033966700000268
0.2,10.0,2,182,2,1,2,2,1,59.55524194478044,15.400729718106197,-0.8126986471057087,16.42445106957923,-1.565689351611475,-0.007517469175217191
0.2,10.0,2,183,2,1,2,2,1,20.67176415469037,18.308178743323126,-2.3285584542153575,12.188743346665513,1.0030743134309799,-0.21850746685311984
0.2,10.0,2,184,2,1,2,2,1,35.12514608901852,18.281461400991663,-2.65179401528731,13.744898182958561,1.1380440325011734,-2.4075939529402586
0.2,10.0,2,185,2,1,2,2,1,35.81655196054556,18.064086403136507,-3.3667265266521467,13.819878518925288,-1.7466522410733056,4.034856745780162
0.2,10.0,2,186,2,1,2,2,1,13.871237963566067,17.61637677457756,-2.9498649074885135,11.463932990681844,0.8306367127543639,0.9659052173305486
0.2,10.0,2,187,2,1,2,2,1,64.37680570368019,17.43818138805328,-4.603786508660119,16.96070399130684,-1.6925992080580015,-0.044502146919490754
0.2,10.0,2,188,2,1,2,2,1,23.631287542114023,18.06923554017862,-1.9325359249526965,12.505643905937974,-0.3509897474989318,2.4215650634578787
0.2,10.0,2,189,2,1,2,2,1,59.04236944402893,16.810006503788475,-3.3240333896190464,16.367554411264894,-3.360812731741305,4.519636066497699
0.2,10.0,2,190,2,1,2,2,1,55.68135230060049,18.774336275775863,-4.013649395245152,15.995380007026972,-3.0964277341567255,4.654291764368053
0.2,10.0,2,191,2,1,2,2,1,21.81215459331589,15.732798768734597,-0.7785452158154529,12.3107485014244,1.0024222351296448,-0.7576194908921612
0.2,10.0,2,192,2,1,2,2,1,14.06290941464783,15.67667972863532,0.30937949923014907,11.484297350041832,1.9293605831804808,-1.7846528722090904
0.2,10.0,2,193,2,1,2,2,1,39.38833699421702,15.209406844064885,-3.1068685422912012,14.20801293928609,-1.1605040909119093,1.7233035494935125
0.2,10.0,2,194,2,1,2,2,1,41.28865333289576,16.877512939538942,-1.3934546550330509,14.415053350731105,0.16810575014773854,-1.2882829715258042
0.2,10.0,2,195,2,1,2,2,1,19.043591270474828,16.42931758060579,-3.620784095457305,12.014782240208035,0.7622808601910515,0.24899724162917897
0.2,10.0,2,196,2,1,2,2,1,31.838259421129067,16.62403153700142,-0.5387871806178024,13.389122830770564,1.0522784181172344,-2.0423127975560664
0.2,10.0,2,197,2,1,2,2,1,45.85978951715619,18.311099251550402,-2.9873897678240984,14.91461951731871,0.17796183442050792,-1.691067559913022
0.2,10.0,2,198,2,1,2,2,1,24.623100413199175,18.341128279889727,-5.1470783609026505,12.612045619848264,-0.3110822029584392,2.237893622992607
0.2,10.0,2,199,2,1,2,2,1,47.23442952470111,15.810021192500729,-3.8804123182455177,15.065276089891164,-0.26745299714455034,-1.2564212237670231
0.2,10.0,3,0,2,0,2,2,1,23.259493385910464,141.32112465306267,-10.33915715326856,12.499938717001719,12.465783729910692,-5.9096238982120415
0.2,10.0,3,1,2,0,2,2,1,12.317536504776466,141.19825626579717,-9.895930038004511,11.393988522323426,11.298995377464543,-2.3608502985679887
0.2,10.0,3,2,3,1,2,2,1,29.849878124334055,140.9180815523452,-8.06700411559774,11.944823517060902,13.174439217234957,-6.649391477477747
0.2,10.0,3,3,3,1,2,2,1,22.052403677744813,143.88468479606848,-10.889532317265365,8.875536598958082,12.336468567234736,-0.8892141787673282
0.2,10.0,3,4,3,1,2,2,1,26.11745780246164,144.11772365639334,-11.841022157616104,12.566923636571433,12.772550383292142,-6.163552675805886
0.2,10.0,3,5,3,1,2,2,1,28.15459313974706,144.5743929163411,-12.099816843015441,11.115178484618914,12.991721971222287,-4.806916839051727
0.2,10.0,3,6,2,0,2,2,1,21.824454383281044,142.86599648575532,-8.431621075982523,12.744258951475551,12.312065122647784,-5.682206597633838
0.2,10.0,3,7,2,0,2,2,1,14.557944135282272,140.58174383009748,-10.300794040449524,13.312517464493713,11.536910112882147,-5.196006866392628
0.2,10.0,3,8,2,0,2,2,1,4.34285867746197,141.07648546081248,-9.42239004677385,11.72793295763802,10.456254114559767,-1.1056405673730845
0.2,10.0,3,9,3,1,2,2,1,23.848603688814592,145.06433292661092,-11.744953880768017,11.650427279419644,12.528948984514138,-4.491054546196889
0.2,10.0,3,10,2,0,2,2,1,26.403934994251127,143.51492187498243,-10.805042039168962,12.972443301240855,12.803346221801814,-6.774276115981329
0.2,10.0,3,11,3,1,2,2,1,29.208140294617785,141.57564107317708,-11.38871865686714,12.403932478857694,13.10523820106802,-6.956960545150574
0.2,10.0,3,12,3,1,2,2,1,31.5215333072812,143.6455319567223,-10.532113654648466,9.59040893119764,13.354898969439668,-3.797365244419411
0.2,10.0,3,13,3,1,2,2,1,38.66477784964084,144.37316391932796,-11.337767411916486,10.102567110409963,14.129279330255562,-5.768375348093172
0.2,10.0,3,14,3,1,2,2,1,31.039486410571797,143.30200233829132,-9.347146134721152,11.773675981983875,13.302831183331056,-6.349966506451948
0.2,10.0,3,15,2,0,2,2,1,10.020807997039878,141.75632290278804,-10.25066870292786,13.546746870203624,11.055626554283998,-4.371611688997532
0.2,10.0,3,16,2,0,2,2,1,18.35635307699413,144.0144205027392,-10.656768293574084,12.525341862854154,11.941435690348609,-4.553445027831653
0.2,10.0,3,17,3,1,2,2,1,38.578441205089106,143.06600668145535,-9.043951963749558,12.462734147198699,14.119888290884544,-8.669465488567136
0.2,10.0,3,18,2,0,2,2,1,2.211283976953458,141.88840461618943,-10.708179545335682,12.860457431505909,10.232078136353074,-1.91283860306425
0.2,10.0,3,19,3,1,2,2,1,41.98483397007416,141.46709324266388,-8.090157353745656,8.327920344876967,14.490996479972198,-4.724590571993341
0.2,10.0,3,20,3,1,2,2,1,39.815517542551525,143.39394122883783,-7.945006051247856,10.00775032969781,14.254521804908563,-6.029090817314067
0.2,10.0,3,21,3,1,2,2,1,21.68443743052742,144.32430931746967,-12.14499327336315,10.040219244092313,12.297078031612644,-2.2005320865888436
0.2,10.0,3,22,3,1,2,2,1,29.679035293417687,142.81527397556255,-11.374625859997503,13.044652005294788,13.156012454597931,-7.607817510294213
0.2,10.0,3,23,3,1,2,2,1,38.744587015595435,142.98137915702196,-9.98033607166847,10.398276884759134,14.13796104783053,-6.3337591502643855
0.2,10.0,3,24,3,1,2,2,1,32.20294910770663,145.1851356416968,-10.40555879648412,11.36082471379097,13.428542197742443,-5.832444908655264
0.2,10.0,3,25,3,1,2,2,1,20.19697239243685,139.92546662912483,-9.254470780139174,10.722230551377136,12.137986633991057,-3.375838684018401
0.2,10.0,3,26,2,0,2,2,1,7.2562210733290735,142.52074514646765,-10.962282870702039,14.519969697338505,9.24187368251546,-1.8138443829676134
0.2,10.0,3,27,2,0,2,2,1,3.934115288988413,144.26834767102653,-9.871513820180382,14.443531875184974,10.413231604129605,-3.7999909382943176
0.2,10.0,3,28,2,0,2,2,1,16.563605162771662,141.78636012963688,-8.628409534867506,11.862995306281087,11.750327893023544,-3.723880538937583
0.2,10.0,3,29,2,0,2,2,1,19.110205049252023,142.44398395440442,-11.968337705763512,12.834009644062307,12.021894252276248,-5.296036797431518
0.2,10.0,3,30,3,1,2,2,1,21.895922762743492,145.4306795395999,-11.562500186969965,10.3940598616976,12.319715703827208,-2.5160094224806895
0.2,10.0,3,31,2,0,2,2,1,20.082541964677908,142.38321948099724,-13.248173737040986,14.894807641840297,7.914544462142041,0.4493728131154969
0.2,10.0,3,32,3,1,2,2,1,29.208144923363573,144.01665541219955,-8.606024110638492,12.87551646213374,13.105238700050545,-7.1527499629176265
0.2,10.0,3,33,3,1,2,2,1,39.387818961013345,144.986393580508,-9.499397570155827,9.823728098510557,14.207956550420963,-5.49472801288537
0.2,10.0,3,34,2,0,2,2,1,18.84046543228533,141.65111502179042,-9.606533602986964,12.74937336337286,11.993098322058868,-5.257220005232323
0.2,10.0,3,35,3,1,2,2,1,27.084659860617812,142.69467981082994,-12.112481125468882,9.437636277187822,12.876556790389865,-2.8287644293038716
0.2,10.0,3,36,2,0,2,2,1,15.916173043900274,140.99776078451114,-6.935421966547842,12.486179819247905,11.68139153303318,-4.446201880782313
0.2,10.0,3,37,2,0,2,2,1,18.492832510797335,141.74097903733556,-10.11598674990255,13.311246864670636,11.955997844367456,-5.8259661459467775
0.2,10.0,3,38,2,0,2,2,1,19.99187988984425,144.11094479452822,-9.631914150039432,12.319966480408565,12.116068711754876,-4.632475669564097
0.2,10.0,3,39,3,1,2,2,1,53.63595390919423,142.3513015410651,-9.315401220995588,9.681335003380338,15.769470432809616,-8.543551516264719
0.2,10.0,3,40,3,1,2,2,1,31.441535059608057,142.62096086090955,-12.048175011853294,12.238964451174065,13.346256387604283,-7.064985401931086
0.2,10.0,3,41,2,0,2,2,1,11.246983718272693,141.90451733862815,-12.46970205108266,11.660741796574621,11.18548983387575,-2.3554055448058673
0.2,10.0,3,42,2,0,2,2,1,25.337673311404345,141.8228157394137,-8.263434151671682,12.803200417164136,12.688767383179655,-6.6071643315229
0.2,10.0,3,43,2,0,2,2,1,4.268477097494935,142.64409798612124,-11.22901073856794,12.669008904795756,10.448423792862304,-2.0017009368265852
0.2,10.0,3,44,2,0,2,2,1,7.0025367593020995,143.37745671309838,-11.811771730369571,12.426415932991077,10.736609721742397,-2.1737679788522835
0.2,10.0,3,45,3,1,2,2,1,29.787173065256784,141.36146222367512,-9.950144640832686,12.798836141537299,13.167675627694592,-7.554558929337729
0.2,10.0,3,46,2,0,2,2,1,15.694090535572542,143.76095721479865,-10.563727653189892,12.461336169437347,11.657754743006539,-3.9676075511159805
0.2,10.0,3,47,2,0,2,2,1,1.9998856740630262,143.02384718253182,-11.120737762018107,14.728708248698897,9.790529289417826,-3.0865213483273393
0.2,10.0,3,48,2,0,2,2,1,0.702688901804863,141.43327085278725,-10.967009118737666,13.00113164967249,9.92635391826202,-1.5361953908098585
0.2,10.0,3,49,3,1,2,2,1,40.48638327102117,142.34062699699825,-9.062770702775202,11.200599784104595,14.327599887547422,-7.707467739643205
0.2,10.0,3,50,3,1,2,2,1,25.884041068035224,142.33704441988212,-7.9478458866433055,10.592790240406273,12.747464674750756,-4.041714920999357
0.2,10.0,3,51,2,0,2,2,1,25.960553754004298,145.8105135392526,-10.804722398517347,13.48129869585984,12.755687013348357,-6.941691718341382
0.2,10.0,3,52,2,0,2,2,1,6.816487389819712,141.76271373762106,-8.611357754548568,13.073669292757243,10.716975205311712,-3.1509230944247477
0.2,10.0,3,53,3,1,2,2,1,49.185367254288686,143.8660237177649,-10.382342012966074,9.344043985744765,15.279432370589111,-7.055552376843421
0.2,10.0,3,54,2,0,2,2,1,3.642808175507681,142.84829791700815,-10.080300514258136,13.431923985792748,10.382580140917232,-2.7556089359226656
0.2,10.0,3,55,3,1,2,2,1,32.91646081515398,145.07603373485276,-9.815885313889671,13.305860658511898,13.505705431903978,-8.226425945379486
0.2,10.0,3,56,2,0,2,2,1,2.92594364540173,145.1621515191789,-13.015653871078307,15.057355329080234,10.307187567739327,-4.174401697424919
0.2,10.0,3,57,3,1,2,2,1,30.024139951500658,144.10783337933677,-9.8078263806411,12.448760645911571,13.193237837267557,-6.813106432863801
0.2,10.0,3,58,2,0,2,2,1,10.666443738221798,142.56730383380685,-9.312435782322195,12.805095415904857,11.123986396156821,-3.5119708111803893
0.2,10.0,3,59,3,1,2,2,1,34.533832076966924,144.13103372862028,-9.735324694259617,9.711152959588528,13.680811615510924,-4.4931186563812755
0.2,10.0,3,60,2,0,2,2,1,9.88326615525081,143.69451187623608,-10.611033934794731,13.92338496194505,11.041069073507959,-4.501040660372215
0.2,10.0,3,61,3,1,2,2,1,28.566159427646976,140.99162980914025,-9.696855606991175,11.917853258539862,13.036053314582391,-6.3496737798032585
0.2,10.0,3,62,3,1,2,2,1,42.095604732171445,143.90952691736803,-10.470456908840173,10.656758329543942,14.50308459804765,-7.175585037265046
0.2,10.0,3,63,3,1,2,2,1,23.88405318535742,144.6041036807218,-9.7958969045422,11.619569904118936,12.532751061968513,-4.528925562733034
0.2,10.0,3,64,3,1,2,2,1,27.276546829460305,142.30588315862508,-11.469141906277008,12.73878476793359,12.89720242508875,-6.852153374880069
0.2,10.0,3,65,3,1,2,2,1,37.73400216176516,143.55671196019983,-9.739496669617465,11.057895077892663,14.028077405513065,-6.822411375414307
0.2,10.0,3,66,3,1,2,2,1,25.842316529145208,142.00986635217095,-10.181072845378296,12.33552798356885,12.742981052827124,-6.141249632524406
0.2,10.0,3,67,3,1,2,2,1,39.341677872366056,142.19443320963927,-8.240512676778806,9.088230117990964,14.20293411990143,-5.003767478030709
0.2,10.0,3,68,3,1,2,2,1,48.247611950594106,143.97190487806844,-9.74168886048341,10.423807207118134,15.176444380935875,-8.116185999878189
0.2,10.0,3,69,3,1,2,2,1,28.881711818558024,142.8156013902322,-9.396810574490733,12.962025016026866,13.070054421745771,-7.355837079954562
0.2,10.0,3,70,3,1,2,2,1,27.20118663575118,140.51281595102645,-10.11127175807354,11.494892436869641,12.889093769048063,-5.648265667939835
0.2,10.0,3,71,3,1,2,2,1,34.49520604958654,144.8907027438309,-10.510988178961876,10.596417287948938,13.676626586197854,-5.436147313400123
0.2,10.0,3,72,3,1,2,2,1,47.48792554463768,142.132209488529,-7.312769175419934,9.041274751298506,15.09308008370231,-6.603637948479809
0.2,10.0,3,73,3,1,2,2,1,48.21466447014786,141.18756234371816,-9.122816536844388,9.01268948371378,15.17282763213516,-6.848923684156552
0.2,10.0,3,74,3,1,2,2,1,29.652974135683575,143.6586026610228,-10.420318238160462,10.799329906485887,13.153201814519925,-4.869668475854989
0.2,10.0,3,75,3,1,2,2,1,42.79093451759437,143.43020321139932,-9.055447349334495,7.970936582265575,14.578993240453187,-4.166135231886643
0.2,10.0,3,76,2,0,2,2,1,8.254683548415167,143.24067200401072,-9.82641010340136,13.52208723868395,10.868844268365143,-3.7623544193433363
0.2,10.0,3,77,3,1,2,2,1,21.750801398673936,144.00018539912352,-11.361099393817033,11.21196266203886,12.304181228065552,-3.6903514449299055
0.2,10.0,3,78,3,1,2,2,1,38.27573383878789,141.641403555774,-7.260291289285112,8.836483972701926,14.086968204330763,-4.560640460567851
0.2,10.0,3,79,2,0,2,2,1,25.487868832300798,142.37000499158177,-8.667172241638935,12.887307393742468,12.704900117587794,-6.656104658434707
0.2,10.0,3,80,2,0,2,2,1,18.652222342246038,139.51695613300834,-10.862594262011841,11.995887253288377,11.97300690203586,-4.641962505549077
0.2,10.0,3,81,2,0,2,2,1,20.5765871467446,142.72874589768122,-8.08884148950091,12.48386402629848,12.178566788431622,-5.144862908271177
0.2,10.0,3,82,2,0,2,2,1,23.027150294470804,140.73636596151206,-9.490364208538784,13.496468689826665,12.440881319817922,-7.091754392509782
0.2,10.0,3,83,3,1,2,2,1,24.413793007794553,142.5230535971396,-6.514385437680207,11.783790920451038,12.589582741125497,-5.13353347261383
0.2,10.0,3,84,3,1,2,2,1,51.89314256716447,143.9986568230243,-9.722587314032342,8.469001774028216,15.577328097481416,-6.53834945358775
0.2,10.0,3,85,2,0,2,2,1,17.30842311247212,143.41340812956068,-10.31684623829505,12.67212274134732,11.829686198986407,-4.598934766597105
0.2,10.0,3,86,3,1,2,2,1,41.91148512066326,138.97423674002857,-8.373647682294273,10.827408667354952,14.482992817795978,-8.031214437629387
0.2,10.0,3,87,3,1,2,2,1,34.91559326775992,143.00088903065466,-10.935730595484118,9.995455220464526,13.72218273224884,-5.076964845645089
0.2,10.0,3,88,2,0,2,2,1,0.040079736270969786,146.06602347196122,-11.63385452088705,13.289952773124153,9.995798072699923,-1.3308187918706695
0.2,10.0,3,89,2,0,2,2,1,12.005531701231677,143.70039239323762,-10.026539924640971,17.012016193974777,8.748499474884772,-3.5572375344579648
0.2,10.0,3,90,3,1,2,2,1,38.586762811819504,142.93023138171515,-9.936933533106181,9.59988901933726,14.120793417919028,-5.35993472288219
0.2,10.0,3,91,3,1,2,2,1,32.46746866046152,144.8112473067054,-10.695355227872556,11.110529032115899,13.457142733335834,-5.6449184922427325
0.2,10.0,3,92,2,0,2,2,1,11.304341042936693,144.64239692584445,-10.547403117004018,12.979923683458273,11.191568218248891,-3.5466904071491943
0.2,10.0,3,93,3,1,2,2,1,28.88052800648913,142.68286083595703,-8.641091618390693,12.209023033949071,13.06992684562031,-6.509899067665649
0.2,10.0,3,94,2,0,2,2,1,14.293680664350829,143.01473490571476,-10.14273565719877,13.757156756971927,11.508820850094903,-5.306911596911846
0.2,10.0,3,95,3,1,2,2,1,23.652327075784886,144.5352877736065,-11.593223924416687,12.139899604700197,12.507899983688786,-5.106105840555962
0.2,10.0,3,96,3,1,2,2,1,32.25222534902112,143.2427851473364,-8.627177546241585,11.317230918827391,13.433869525427319,-6.069592509519821
0.2,10.0,3,97,2,0,2,2,1,17.831632229440814,141.71841315770956,-9.155133641674208,12.728939838642757,11.88546638879536,-5.018284035119542
0.2,10.0,3,98,3,1,2,2,1,27.600046050855045,143.30108297237675,-9.722892988975856,10.98305430643039,12.93201712556445,-4.721174834523918
0.2,10.0,3,99,3,1,2,2,1,30.387195253748974,141.46158664886298,-7.557335037922266,9.174538358413749,13.232412719256716,-3.3744489223805476
0.2,10.0,3,100,2,0,2,2,1,13.284510876551888,140.99633685491705,-10.657719810942426,13.077775023766804,11.401618598259125,-4.602022104580072
0.2,10.0,3,101,2,0,2,2,1,15.294858134972346,145.30158946303706,-13.391038253512399,12.841758961535957,11.615276031417693,-4.109952859398596
0.2,10.0,3,102,3,1,2,2,1,27.384669368051508,144.93321808402516,-9.700290265681401,11.532236190082438,12.908837282912462,-5.093041774709715
0.2,10.0,3,103,3,1,2,2,1,30.429198461217847,142.62803075231903,-9.712916924055289,11.947463086690894,13.236945880830097,-6.525211036266689
0.2,10.0,3,104,2,0,2,2,1,12.888981410300719,143.56818787971233,-11.92773926409596,11.411696662007976,11.359630348154894,-2.1493779904965993
0.2,10.0,3,105,2,0,2,2,1,16.082493261107523,144.03254610544374,-12.234795147511214,12.210866210476773,11.699096681445573,-3.7098687537642854
0.2,10.0,3,106,3,1,2,2,1,34.07010283086735,144.53522303415005,-8.570756933102956,11.065037296177344,13.630577938434877,-5.955374895074642
0.2,10.0,3,107,3,1,2,2,1,38.54534464532747,141.61194139466676,-7.166895498007743,12.234239075514994,14.116288505327848,-8.607385743743775
0.2,10.0,3,108,3,1,2,2,1,25.209011773727532,142.25171385217652,-9.647709938566399,11.662057691570377,12.674949483768005,-5.190439586219545
0.2,10.0,3,109,3,1,2,2,1,45.13089412924038,143.08218038713596,-9.326250815472527,9.961375903978679,14.834814732929969,-7.084581795777966
0.2,10.0,3,110,3,1,2,2,1,18.256700286622618,142.45862556410455,-9.43877166737829,11.33826977632866,11.930804081229663,-3.345574391759142
0.2,10.0,3,111,2,0,2,2,1,15.897032386093237,143.43707792977725,-13.165829632069501,12.49261345870373,11.6793541485084,-4.093261745373863
0.2,10.0,3,112,2,0,2,2,1,13.337990819507022,139.1066445155004,-11.62975500926465,11.725254225492511,11.407297087320883,-3.283523509261347
0.2,10.0,3,113,3,1,2,2,1,41.0869255582408,143.67783603690125,-9.727121071468313,11.915230969684783,14.393057214319304,-8.456695498245761
0.2,10.0,3,114,3,1,2,2,1,30.291140630540355,142.82693018277507,-9.220475744273553,12.683649490373943,13.222046785165615,-7.317023459221218
0.2,10.0,3,115,3,1,2,2,1,23.924110025449497,141.66360003007398,-10.127699074849005,10.644961155461592,12.537047447070842,-3.7984872555903904
0.2,10.0,3,116,3,1,2,2,1,38.13844918970401,142.2056358614715,-10.398178171046855,11.651443419699053,14.072041329420825,-7.779719885179488
0.2,10.0,3,117,3,1,2,2,1,45.914678364600846,141.44983820189717,-9.444957768414383,8.1298115596769,14.9206313937282,-5.286616550587767
0.2,10.0,3,118,3,1,2,2,1,35.22578761718553,142.811100281306,-9.328765072353152,11.93781542476561,13.755809301322087,-7.445913915444775
0.2,10.0,3,119,3,1,2,2,1,50.33913496131787,143.74121053813286,-8.659874712342337,8.66366759419757,15.40627005566379,-6.496182837690457
0.2,10.0,3,120,2,0,2,2,1,24.621268023940942,144.75921213727955,-10.66742174381527,14.261397235537695,12.611848948319157,-7.705493407257529
0.2,10.0,3,121,3,1,2,2,1,21.422291239890537,141.1257014231202,-8.812544221537005,10.923960099747742,12.269023886276422,-3.697355713293546
0.2,10.0,3,122,3,1,2,2,1,35.193845930412245,143.72196990814197,-8.878987254142125,11.248798842270785,13.7523462086833,-6.512868081079056
0.2,10.0,3,123,2,0,2,2,1,16.884755082781204,141.16880125646964,-10.494958312871512,12.007502161317381,11.784538626151008,-4.05245423414153
0.2,10.0,3,124,2,0,2,2,1,14.890534806872909,145.51242108352707,-11.738418344322222,13.442047174744804,11.572272111105946,-4.7011784285647105
0.2,10.0,3,125,3,1,2,2,1,58.014221560090625,142.7293462673897,-7.043070458231076,8.927003331213214,16.253578254011373,-8.474109275863624
0.2,10.0,3,126,2,0,2,2,1,2.9768110063746187,141.86578162707642,-11.109400692787865,14.790145966058452,10.312535585429506,-4.356304435937316
0.2,10.0,3,127,3,1,2,2,1,27.51468389997579,142.0157320722859,-8.11191174202001,12.655762552860708,12.922829483721642,-6.846223401242792
0.2,10.0,3,128,3,1,2,2,1,35.17287803043462,141.7110497105592,-6.139590578527872,10.285649006150518,13.750072942724985,-5.6622417897761474
0.2,10.0,3,129,3,1,2,2,1,33.98076535919256,144.51111772005194,-9.245179882244443,12.656765316790656,13.620902967425197,-7.7816197733845165
0.2,10.0,3,130,2,0,2,2,1,18.19595163872965,143.29344947323685,-9.328747864364267,12.366533335793651,11.924323514961916,-4.438250679510036
0.2,10.0,3,131,3,1,2,2,1,37.7869884380884,144.73672454765313,-8.584566690503452,9.788750817546319,14.033836118805871,-5.1636736398160705
0.2,10.0,3,132,3,1,2,2,1,39.89374531704814,142.63647320213755,-10.140261481666785,10.641253792487031,14.263040829097632,-6.898281734733662
0.2,10.0,3,133,3,1,2,2,1,30.471085607717132,142.00119732877917,-10.573201833721713,12.673331851500723,13.241466697348622,-7.457140293959822
0.2,10.0,3,134,3,1,2,2,1,18.809437829303445,141.67739871028078,-8.391868035910793,9.855147800710414,11.989786459139316,-1.7620438262027052
0.2,10.0,3,135,3,1,2,2,1,47.14616248140038,143.3402760233423,-10.400785566976815,9.81633276711571,15.055596345617353,-7.279258526772539
0.2,10.0,3,136,2,0,2,2,1,10.297482514017988,144.72805700010733,-12.718290076822692,13.773244638797161,11.08491567127112,-4.260069584017107
0.2,10.0,3,137,3,1,2,2,1,33.60849611878159,143.61044398136724,-10.872106697971107,10.592339171089288,13.580596231082662,-5.435489253612038
0.2,10.0,3,138,2,0,2,2,1,8.610518988689776,142.00343771778952,-10.25246415363825,15.079116269580503,10.906451525251812,-5.815841298585091
0.2,10.0,3,139,2,0,2,2,1,14.056087634965825,142.68451269220446,-12.972672288393625,13.640963100336537,11.483572498165948,-5.171122769288213
0.2,10.0,3,140,2,0,2,2,1,19.808449729279005,142.38916530489877,-9.45395101219695,12.379278778353296,12.096469440060407,-4.914372236932793
0.2,10.0,3,141,3,1,2,2,1,33.255651297082004,141.43222331749263,-7.167706793446863,13.07739202493269,13.542405835469404,-8.544793133370428
0.2,10.0,3,142,2,0,2,2,1,19.08453154195757,146.61176858815577,-11.847815018237927,13.408025737130444,12.019153169884119,-5.357676670812498
0.2,10.0,3,143,3,1,2,2,1,25.048084160141094,142.73509677488886,-9.697742065006906,11.308086447706232,12.657668680488992,-4.668349350137056
0.2,10.0,3,144,2,0,2,2,1,19.592733009469118,142.6398155789516,-12.025370848382563,12.32489231761361,12.073424775742644,-4.769515773641538
0.2,10.0,3,145,3,1,2,2,1,24.218007101745265,143.02687801383337,-7.023724357061606,10.19932379827455,12.56857504610927,-3.1184916873254602
0.2,10.0,3,146,2,0,2,2,1,12.388171130168955,141.75861982421776,-12.47798264131455,13.978748870282551,11.30648849937069,-5.356111189783984
0.2,10.0,3,147,2,0,2,2,1,9.451344046353809,141.68301163741174,-11.071972691319152,12.04617540955416,10.995366677493129,-2.4795551229041037
0.2,10.0,3,148,2,0,2,2,1,7.721531019901356,142.14104509810616,-9.492187680105015,13.732471441769814,10.812520728222982,-4.060389361427995
0.2,10.0,3,149,3,1,2,2,1,17.611657082022194,144.10178296918073,-12.05935826654289,10.884951283941149,11.862011085299299,-2.417321425079664
0.2,10.0,3,150,2,0,2,2,1,10.900313703414852,141.25802044073876,-8.293285365799129,14.192986696171806,11.14875890293586,-5.373645485728574
0.2,10.0,3,151,3,1,2,2,1,21.98592317613738,141.5478266985064,-8.913120173499312,10.971807883184024,12.329350852394745,-3.809608382647916
0.2,10.0,3,152,3,1,2,2,1,35.931904952859824,144.53164865271282,-8.420208793177602,10.642015355651871,13.832392922186928,-5.833166090119857
0.2,10.0,3,153,2,0,2,2,1,14.681937708838115,143.33840515485926,-11.037867500364937,13.533586588356997,11.550092156281607,-5.079970440278485
0.2,10.0,3,154,2,0,2,2,1,13.555768615187374,144.79330644503855,-13.523196442435628,15.135205508648713,11.430423677104077,-6.476512367347966
0.2,10.0,3,155,2,0,2,2,1,21.655649141345403,141.64055421320867,-11.705816987459963,14.281905431141622,12.293996847545897,-7.578728113460459
0.2,10.0,3,156,3,1,2,2,1,65.34454453309537,143.28306153167998,-8.659205922841394,9.637327798443549,17.06863288649012,-10.637247576620625
0.2,10.0,3,157,2,0,2,2,1,6.867851330509711,143.58873508706537,-10.603659596218904,13.41771668697523,10.722395494618043,-3.3006657954740093
0.2,10.0,3,158,2,0,2,2,1,18.487857737343504,140.42851995565061,-9.043865578487488,12.709348829757861,11.955467010121971,-5.315155663663792
0.2,10.0,3,159,3,1,2,2,1,40.00114963966265,142.54806758125724,-10.218490839151793,9.730398208398634,14.274738221411646,-5.857393019751108
0.2,10.0,3,160,3,1,2,2,1,29.249679285348435,144.59236885468144,-10.621003676506431,8.943489511198221,13.109716226388867,-2.38816883926657
0.2,10.0,3,161,2,0,2,2,1,18.708726345898633,144.68993857838498,-11.625516321183053,12.343849825171056,11.979037266283632,-4.313003597211082
0.2,10.0,3,162,3,1,2,2,1,26.996554779724722,141.62037924473404,-10.42961352172877,12.862484902340132,12.867078592717851,-7.0352607841547306
0.2,10.0,3,163,3,1,2,2,1,50.422206084370266,141.85365720749724,-8.555712372081219,8.71068579659296,15.415407736151737,-6.837040556865598
0.2,10.0,3,164,2,0,2,2,1,10.3445950480674,144.02977783391546,-10.36507782112783,13.740791038065387,11.089903833775303,-4.333996943989716
0.2,10.0,3,165,2,0,2,2,1,20.05290996250046,144.74038073184033,-12.138835425304165,12.83483719333664,12.12259045456309,-5.157533841953852
0.2,10.0,3,166,3,1,2,2,1,27.269051212771547,143.96052031897844,-7.710520900197477,12.235392323169867,12.89639588067544,-6.034206862511116
0.2,10.0,3,167,3,1,2,2,1,33.8810347150222,142.00378040249248,-10.074323834635312,8.860611532226665,13.61010342116786,-3.632037569118085
0.2,10.0,3,168,2,0,2,2,1,2.345179947584357,142.69142104129102,-10.581609585096173,14.566390386740952,10.246146464946088,-3.845973091129731
0.2,10.0,3,169,3,1,2,2,1,35.846008662597434,141.2485564509642,-7.5675694496259025,8.747697356238938,13.823074083698831,-4.0100979759836965
0.2,10.0,3,170,3,1,2,2,1,53.57355521007196,143.73276936796128,-9.590958181518209,9.826475318057794,15.76258555943757,-8.5069651395882
0.2,10.0,3,171,3,1,2,2,1,31.68937287572343,144.99349100167248,-10.951855342734648,11.371716711883138,13.373033598404838,-5.768762554297855
0.2,10.0,3,172,3,1,2,2,1,23.74681123444623,143.3166788784266,-11.075001412199912,12.06744020329529,12.518032116233421,-5.2161763957928775
0.2,10.0,3,173,3,1,2,2,1,44.896201451953395,144.65285675980553,-8.01516770361257,9.418393452910328,14.809130663792692,-6.17256599376837
0.2,10.0,3,174,3,1,2,2,1,39.793292909332855,140.98721010663394,-9.171985608553499,10.935870966507785,14.252101652655528,-7.454320709489896
0.2,10.0,3,175,3,1,2,2,1,22.031902051278077,146.19219137511618,-11.507664683523965,11.926204370333403,12.334273518689258,-4.2817791313954485
0.2,10.0,3,176,2,0,2,2,1,23.332130599883364,138.49277901987688,-11.147373962937323,13.00698855787433,12.473570079784485,-6.911517526437305
0.2,10.0,3,177,3,1,2,2,1,34.85325910711578,141.14620138653223,-9.053300738939683,10.133411601152243,13.715426607023327,-5.496899978665162
0.2,10.0,3,178,3,1,2,2,1,25.73061670935297,145.86871711540996,-10.066073906859094,11.039762965475164,12.730978927493775,-4.031585980624204
0.2,10.0,3,179,2,0,2,2,1,14.238898793810005,143.31991375878778,-10.666889919362859,12.3919346865847,11.502998825554283,-3.64920058433846
0.2,10.0,3,180,3,1,2,2,1,33.52254598869123,143.07536407610422,-10.919989773636765,9.999843310837992,13.571292177926807,-4.787185002527698
0.2,10.0,3,181,3,1,2,2,1,18.006024439534926,141.85699040234164,-11.792762181373824,11.157788253978664,11.90406481262027,-3.163602187033338
0.2,10.0,3,182,3,1,2,2,1,28.827184996208018,142.180024260835,-8.236388155727623,9.054371611196084,13.064178367530236,-2.7955617321402797
0.2,10.0,3,183,2,0,2,2,1,14.575342968968512,142.5791156799131,-11.342979637911005,13.23584746129941,11.53875972914652,-4.8212891497412365
0.2,10.0,3,184,2,0,2,2,1,14.796331267436234,142.951338635855,-11.176188108883132,12.149725402053726,11.562254981562976,-3.529617017114485
0.2,10.0,3,185,3,1,2,2,1,42.128262759904246,142.6915849530882,-8.167349712605226,11.712017997781349,14.506648725186219,-8.56783831861036
0.2,10.0,3,186,3,1,2,2,1,32.52967912327636,142.05807207347314,-9.418516910749345,11.32906681749965,13.463870136245824,-6.308305154733347
0.2,10.0,3,187,3,1,2,2,1,54.56360284400846,144.60942376355072,-8.901789852193955,8.800118529326618,15.87187256259929,-7.379284776746525
0.2,10.0,3,188,2,0,2,2,1,12.51658295519057,141.46682542967795,-9.789739972161431,11.566920964014953,11.32011208311894,-2.5728442431750116
0.2,10.0,3,189,2,0,2,2,1,22.8449570813143,145.34196627799764,-12.048055576757019,13.520733883879279,12.421357804470817,-6.4289576182401165
0.2,10.0,3,190,3,1,2,2,1,15.395079745558034,141.29784211148592,-10.559492686306383,10.581295554627955,11.625938187762811,-1.9971229018552628
0.2,10.0,3,191,3,1,2,2,1,24.436061551739545,142.36708569531098,-10.094842661309283,10.161743718771369,12.59197238909893,-3.2145652207046127
0.2,10.0,3,192,3,1,2,2,1,31.59218099287477,142.16655520793924,-9.125013712538305,11.498274569996516,13.362531914625672,-6.302006514485704
0.2,10.0,3,193,2,0,2,2,1,9.274157736829151,141.952464770067,-11.032126890650064,14.495218462999981,10.976623741107149,-5.290195827150097
0.2,10.0,3,194,3,1,2,2,1,21.78420185612395,143.53506876178295,-10.901315722388183,10.933667335799429,12.307756380324916,-3.4299746538163083
0.2,10.0,3,195,3,1,2,2,1,16.205876309716487,142.47998392529644,-10.832035050970113,10.384519390861211,11.712232888421727,-1.7485418810025581
0.2,10.0,3,196,2,0,2,2,1,13.018875427762719,142.40182516173343,-12.658109964626044,12.952133554330242,11.373417771227532,-4.194984863516995
0.2,10.0,3,197,2,0,2,2,1,12.256637881078094,141.11807700932937,-9.247478074224386,13.265063085775946,11.292535483235689,-4.593442471712067
0.2,10.0,3,198,3,1,2,2,1,42.01219816686268,144.7189685007279,-9.959714519142986,9.313940178988167,14.493982543152947,-5.454688184699049
0.2,10.0,3,199,3,1,2,2,1,31.436988803864732,144.4444149977834,-8.970922781123031,11.314327876067273,13.34576525429286,-5.729364080983561
0.2,10.0,4,0,4,1,2,2,1,8.43376917500486,19.156793189722706,-1.9332608633293318,1.176499491903319,0.1528746107253863,10.88776973535718
0.2,10.0,4,1,4,1,2,2,1,15.39947498492996,16.89219750214621,0.0802008231707622,-1.590324146416935,1.7358888964980033,11.62640580213737
0.2,10.0,4,2,4,1,2,2,1,21.736947040776144,20.11940424770623,-1.3905105460724139,3.007235410865849,0.2587523601321927,7.744517119131126
0.2,10.0,4,3,4,1,2,2,1,28.541913155997776,18.72194322690823,-3.407678438397086,4.438464371685055,-2.591647877916518,13.033441175945851
0.2,10.0,4,4,4,1,2,2,1,14.604594576381482,17.01449532562752,-2.664117408272319,2.8581814111641433,0.2561395843679294,8.479444177011901
0.2,10.0,4,5,4,1,2,2,1,21.16843494993703,18.900797951191933,-1.5262899696296965,0.44424175325946935,1.8883850334426213,7.802914294348281
0.2,10.0,4,6,4,1,2,2,1,15.91460433012237,17.385851441260677,-1.2017715910723823,0.8728332378510869,0.14127608532144745,11.681224553404219
0.2,10.0,4,7,4,1,2,2,1,23.307814724073744,21.78758252977364,-1.2756640639057566,3.916161637365126,-2.276123619997814,12.470963478208548
0.2,10.0,4,8,4,1,2,2,1,37.82559872870593,18.99367493238994,-0.1092406115431574,5.149705077114895,-3.396914448014257,14.038032588437785
0.2,10.0,4,9,4,1,2,2,1,37.80752280533321,18.68816596897929,-3.0776239601440776,0.6531872474791132,-0.7359902067301647,14.036067935890959
0.2,10.0,4,10,4,1,2,2,1,33.43778780748016,17.48923094030425,-0.12532198194743738,1.37921889713855,-0.9121312502471428,13.562117898934597
0.2,10.0,4,11,4,1,2,2,1,19.94180620869859,19.753450801090107,-2.0258945421906525,1.9318396667756994,-0.829850425751596,12.110718064680787
0.2,10.0,4,12,4,1,2,2,1,33.38935371301184,15.963601112187227,-2.7560388837357137,3.092263194909413,-1.8275347078408153,13.55687569475084
0.2,10.0,4,13,4,1,2,2,1,3.6548316395624147,17.97500659493831,-2.0910109054586288,5.3112881628577435,-1.7114229325075498,9.617489683303926
0.2,10.0,4,14,4,1,2,2,1,36.97638535800443,19.76757258577769,-1.6980753871264829,2.2861460562886635,-1.7536415032664434,13.945769054721357
0.2,10.0,4,15,4,1,2,2,1,37.56631650574997,17.55897477566125,-2.942584630418504,1.6270360383115863,-1.238362594982781,14.009854723338009
0.2,10.0,4,16,4,1,2,2,1,0.25986368415690664,20.89849721731051,-0.9468377149658456,2.5083013602250097,-0.42477536151167455,10.027247794088225
0.2,10.0,4,17,4,1,2,2,1,39.08482996929739,18.172237164146196,-3.306591161045557,2.0583630024653052,-1.6000462610786348,14.174980412287741
0.2,10.0,4,18,4,1,2,2,1,38.98481252253934,19.100736497622467,-3.7803991465697946,3.5178278922178756,-2.515048568802824,14.164096994561648
0.2,10.0,4,19,4,1,2,2,1,10.651394921501408,17.404082844898355,-3.9647452939508643,5.133789275034579,-2.1651013976211138,11.122392550219065
0.2,10.0,4,20,4,1,2,2,1,29.961870455168867,17.194371429975902,-2.234764223376537,1.4487882444330686,-0.7883047158859317,13.186520112022556
0.2,10.0,4,21,4,1,2,2,1,47.91425895649902,18.693455431760178,0.2519059574247383,1.0613704908484785,-1.4066883658770764,15.13985640992837
0.2,10.0,4,22,4,1,2,2,1,11.438415882343419,19.557977542282394,-2.300010515593904,2.8033872726190934,-0.9805064286785786,11.205777959788433
0.2,10.0,4,23,4,1,2,2,1,34.63924907723894,17.175737429091843,-2.6808035196658775,3.6080856473444847,-2.2611290129004873,13.692234056574094
0.2,10.0,4,24,4,1,2,2,1,7.286481690002095,17.304055342960442,-2.2115289370681666,1.7495727841117743,-0.02183133901699086,10.766582251436292
0.2,10.0,4,25,4,1,2,2,1,28.799005219995326,19.121447613772762,-3.2131836721793205,3.752497049099076,-2.231984734051534,13.061141708517301
0.2,10.0,4,26,4,1,2,2,1,16.40096248033362,20.110829708935633,0.9804188556830528,0.35979320724307384,1.6524288943981842,8.293873096032465
0.2,10.0,4,27,4,1,2,2,1,16.397988440397924,19.265017399855104,-1.6627952656021412,1.4753373321514698,1.0195409884023259,8.294180062252767
0.2,10.0,4,28,4,1,2,2,1,12.86626116709014,17.696587891149644,-2.7403481668568745,4.527445198173996,-1.9269306249208324,11.357218914358644
0.2,10.0,4,29,4,1,2,2,1,4.248854298335186,21.054992854245025,-1.6254857655469623,3.7544699805791506,-0.9857819277534583,9.555445765018158
0.2,10.0,4,30,4,1,2,2,1,25.723912707008296,16.33374857151018,-3.0536729359691126,2.105128730153439,-0.9470926368992262,12.730258624305321
0.2,10.0,4,31,4,1,2,2,1,10.320128285947668,18.14347667011512,-1.0818660358783145,0.6032096170961443,1.3746473376163917,8.923329208267438
0.2,10.0,4,32,4,1,2,2,1,9.323007703589274,18.000671921343727,-2.074797156168504,4.636221813239792,-1.8629739867677322,10.98179082103623
0.2,10.0,4,33,4,1,2,2,1,19.34226875735537,19.990437187418532,-1.8375744601221926,2.519710036814637,-1.1717430593085685,12.046674032948298
0.2,10.0,4,34,4,1,2,2,1,13.587949368150875,17.56430460918457,-2.0941312814754847,3.678933307702839,-1.4540026143033893,11.433841471492363
0.2,10.0,4,35,4,1,2,2,1,18.086688998158778,18.26550479794144,-2.0831852919936478,1.7596724544181572,-0.548481529159749,11.912668499720455
0.2,10.0,4,36,4,1,2,2,1,11.98588165415041,18.6721271756508,-0.2805878285993535,2.0746251383213123,-0.5087400989509625,11.263819232048366
0.2,10.0,4,37,4,1,2,2,1,26.358551153324637,16.93838992242106,-1.8742282657731484,1.5137084403509438,-0.658947586568535,12.798466971167462
0.2,10.0,4,38,4,1,2,2,1,6.888366074788327,18.439322909015534,-2.859408897284384,3.316889825953336,-0.4404712220425799,9.280180954549614
0.2,10.0,4,39,3,0,2,2,1,66.86615680017904,18.052506491892792,-0.21302450059040787,1.1340605618250728,3.4995905174715034,3.2083862148725024
0.2,10.0,4,40,4,1,2,2,1,12.861864336165043,19.032120717607768,-2.568136414493204,3.291980460406508,-1.2940234237026358,11.356752258716938
0.2,10.0,4,41,4,1,2,2,1,19.838464638032274,20.38140343505877,-0.038136630845934855,1.9795977769908415,-0.896387338622221,12.099676259168135
0.2,10.0,4,42,4,1,2,2,1,13.95923481259929,18.603704471433772,-0.3285119557003822,1.950285463746802,-0.5124274983756352,11.473281857768928
0.2,10.0,4,43,4,1,2,2,1,12.880987626897854,17.135738644557872,-1.9121748403638843,2.6995425175265537,-0.8170576277572462,11.358781914687013
0.2,10.0,4,44,4,1,2,2,1,17.161772380234446,16.778622727324194,-5.644123350832396,8.11838502326265,-4.063662234318675,11.814056512023551
0.2,10.0,4,45,4,1,2,2,1,18.697314442996806,18.831397145422258,-0.3556450402253152,-0.46231743941522446,0.7502801545754224,11.977819309933212
0.2,10.0,4,46,4,1,2,2,1,32.90984393756389,17.911085040301185,-1.2759236947691988,3.367613157050578,-2.098064048316341,13.504989603854655
0.2,10.0,4,47,4,1,2,2,1,13.097647135093554,20.120857260342508,0.38523471894067374,2.124100185866425,0.4245381591964356,8.635362360318435
0.2,10.0,4,48,4,1,2,2,1,5.140012181578812,17.696791657314282,-0.7695521602882442,1.0687444015909424,0.45747315755586376,10.54020717863139
0.2,10.0,4,49,4,1,2,2,1,35.546084099381325,20.012795018095304,-3.024079839709536,1.8600162967390304,-1.4569222484292959,13.790541424578556
0.2,10.0,4,50,4,1,2,2,1,26.54994813473109,21.12044231818298,0.12187727549239966,1.757303483239529,-1.0937892022908486,12.81904563548529
0.2,10.0,4,51,4,1,2,2,1,7.156466124873929,17.656153297961943,-1.4925864633814085,1.6124483451761091,0.0430018966097807,10.752857120878744
0.2,10.0,4,52,4,1,2,2,1,13.041379459601243,18.897745775162367,-0.46324092264731603,2.777659778988821,-0.9883668017242201,11.375806604432997
0.2,10.0,4,53,4,1,2,2,1,4.953474319271451,18.02587671451983,-3.1240941225250887,1.200837225336165,0.78403933544647,9.481895809282273
0.2,10.0,4,54,4,1,2,2,1,35.535761415189015,18.00808935336368,-3.077448760626355,3.4460515793822144,0.7256119132437289,6.336773652570744
0.2,10.0,4,55,4,1,2,2,1,45.528095000845966,16.995895887656076,-2.5351063916966377,1.9335530886295642,-1.7158705635706408,14.878296307687869
0.2,10.0,4,56,4,1,2,2,1,14.12653118958559,18.02536407655946,-2.1462886090910427,3.4951070064550027,-0.21329025234421284,8.528883346824257
0.2,10.0,4,57,4,1,2,2,1,4.886569756935179,17.057062331454983,-2.8515313741766395,3.3736018432980055,-0.4655150902069411,9.488877348451217
0.2,10.0,4,58,4,1,2,2,1,26.54317521341128,17.43261295482218,-3.311924935240012,4.897669354350433,-2.6879321862090597,12.818317358913495
0.2,10.0,4,59,4,1,2,2,1,2.1326260021873638,18.476616853867295,-3.3694894492360676,4.316551553652872,-1.4095593534877335,10.223814451148412
0.2,10.0,4,60,4,1,2,2,1,21.63040281535116,17.625657570352434,-1.3497710166865728,1.7921540858638687,-0.6741849908248845,12.291294826114333
0.2,10.0,4,61,4,1,2,2,1,20.141885081310022,20.704144576432483,-0.9268253593267476,2.41344554076375,0.5092298171631768,7.908440984752324
0.2,10.0,4,62,4,1,2,2,1,7.504067518913921,17.29396060434677,-4.051302547485144,2.263176239778185,-0.34017189090222333,10.789555567332618
0.2,10.0,4,63,4,1,2,2,1,31.272476943715084,20.849989900916505,-2.4896953913909345,1.9412605794582907,-1.3829245312399823,13.32799442261592
0.2,10.0,4,64,4,1,2,2,1,5.057148846375609,16.710611705072996,-0.9648265495769514,2.952281647581685,-0.6103961946151698,10.531477368001733
0.2,10.0,4,65,4,1,2,2,1,5.311870400351491,20.094746322264243,0.15783189073374834,2.6099927398238507,-0.644327775117867,10.558314968168734
0.2,10.0,4,66,4,1,2,2,1,53.14923293943815,19.705556282906823,-0.5172747732656946,4.021472341806915,1.0164607978531888,4.566552666548469
0.2,10.0,4,67,4,1,2,2,1,6.4818773295474745,22.246899629372262,-0.22815719865603512,4.13455881172269,-1.1951650351875602,9.322527047923373
0.2,10.0,4,68,4,1,2,2,1,45.493256023425225,19.94063211757558,-4.636756990860619,3.9546562975483353,-3.0902951434927486,14.874481826618121
0.2,10.0,4,69,4,1,2,2,1,17.328917143883327,17.625670105389712,-1.8589725742186505,2.7534988394792324,-1.0684048959576051,11.831870578194795
0.2,10.0,4,70,4,1,2,2,1,50.7950212729517,17.5233491198215,-3.140652342676941,2.056345509928688,-2.042354641841188,15.456425675419647
0.2,10.0,4,71,4,1,2,2,1,22.85804252974621,19.30680295340297,-3.3892190432933873,2.3599466361773005,-1.1779360000279044,12.422759905905426
0.2,10.0,4,72,4,1,2,2,1,19.652632940300318,19.598080510234098,-0.7097657592695362,2.5267259779448032,-1.1627854395080566,12.079823312222773
0.2,10.0,4,73,4,1,2,2,1,27.239358652137973,18.262653081394085,-2.3330120454724463,1.0335871800326764,-0.49421987387715005,12.893200954163001
0.2,10.0,4,74,4,1,2,2,1,32.125326550057736,18.52695722662298,0.7293600460951113,0.5197333845708733,2.3401623466594894,6.682982812474301
0.2,10.0,4,75,4,1,2,2,1,5.577043668483324,19.43903094852896,-1.893440326896121,4.179796800859974,-1.0717840481784167,9.416847306010165
0.2,10.0,4,76,4,1,2,2,1,11.068887853914488,19.519865073017723,-0.7598411380788117,0.9826064639812606,1.0775392283122973,8.845624448126248
0.2,10.0,4,77,4,1,2,2,1,15.079039136949914,17.20103978116056,-0.8800576150667634,0.6806246501837779,0.30710517592658526,11.592319412099371
0.2,10.0,4,78,4,1,2,2,1,34.37774392013944,17.45984124269913,-5.7491880965846285,5.422073721160222,-3.3094691790524844,13.663900817487182
0.2,10.0,4,79,4,1,2,2,1,12.240801517825917,18.200459387597967,-0.8999979002674127,2.198744904469496,-0.5622691654302338,11.290855683521725
0.2,10.0,4,80,4,1,2,2,1,28.601845645880513,15.703733161972718,-3.8311411155434056,3.034388260095603,-1.5769832369355923,13.039898029893626
0.2,10.0,4,81,4,1,2,2,1,34.627124561232804,17.98675406140149,-1.7497839029239237,2.724030928789981,1.1241404787592628,6.428903676504985
0.2,10.0,4,82,4,1,2,2,1,67.00296400604866,19.392025660457268,-2.664282106560428,2.7700468734249375,-3.251507881304414,17.25382287363071
0.2,10.0,4,83,4,1,2,2,1,35.75013324728724,16.64558300502007,-2.590095111147275,2.5624596739145167,-1.658746839785095,13.81267351671956
0.2,10.0,4,84,4,1,2,2,1,41.31593633468328,17.132271318668014,-1.8255473395177229,2.9599995712228293,-2.1561706755894625,14.418028578743582
0.2,10.0,4,85,4,1,2,2,1,15.885891789970032,18.036045534475555,0.49935811042628003,2.3110202174704626,-0.7718466725161496,11.678168329774842
0.2,10.0,4,86,4,1,2,2,1,15.52947563119365,18.694113606989358,-5.340248809095794,6.02177222174074,-2.956541921424607,11.640237600433343
0.2,10.0,4,87,4,1,2,2,1,48.954087612167804,17.638970472073215,-1.8432359196299635,4.649164141206095,-3.4789530426994446,15.254023775094346
0.2,10.0,4,88,4,1,2,2,1,5.368780929955968,17.566548258351396,-2.150801538115551,3.5547799578927597,-0.5869577509862705,9.438568223414775
0.2,10.0,4,89,4,1,2,2,1,2.307520341045686,17.152791750116737,-3.958504404512264,2.811073017374094,-0.24526973337390362,9.758342639670776
0.2,10.0,4,90,4,1,2,2,1,0.38842491536884494,19.780607728180275,-2.819591603971284,4.034611938877033,-1.2590195756088152,10.040730472294749
0.2,10.0,4,91,4,1,2,2,1,38.25307526378461,18.922025772460806,-3.4303012525395986,2.10082439589507,-1.6404916592987973,14.084504416917868
0.2,10.0,4,92,4,1,2,2,1,8.078522246974845,14.921955815535426,-3.621902085743636,1.027523755620528,0.5464675083715445,10.850230990492692
0.2,10.0,4,93,4,1,2,2,1,24.47899652625879,21.6317814536791,1.3204143055254782,1.4602702332023159,-0.8627786673581223,12.596579904669325
0.2,10.0,4,94,4,1,2,2,1,28.728035903949387,18.971183420438727,0.5618033441055988,2.1226070648957283,-1.259814400521406,13.053494400422275
0.2,10.0,4,95,4,1,2,2,1,20.5659141379045,19.2521353131479,-0.13662252734987088,1.7815419690951362,-0.7323017656315753,12.177425661812858
0.2,10.0,4,96,4,1,2,2,1,31.585271210203505,17.211377490957172,-3.3894223683586584,3.6347169511431074,0.49852609998272635,6.737909635461947
0.2,10.0,4,97,4,1,2,2,1,9.428045838602891,19.173824175914053,-1.7598967016032225,4.8268105643064585,-1.270417020261403,9.015980148634082
0.2,10.0,4,98,4,1,2,2,1,24.888430488251696,19.089682047159044,-1.7289532221396908,2.3150940392216643,-1.221765036371846,12.6405272951516
0.2,10.0,4,99,4,1,2,2,1,7.890939794756156,17.47737705531004,-1.7654566034636376,2.692020087489426,0.0400664044468984,9.17580762659546
0.2,10.0,4,100,4,1,2,2,1,10.540222584643578,16.05683768519748,-3.964615101607731,5.163578378209841,-1.2111125609096747,8.900482510430187
0.2,10.0,4,101,4,1,2,2,1,12.829349154714055,18.88132599155177,-1.0935364135517964,0.12265593050703676,0.6330773179819607,11.353301335490693
0.2,10.0,4,102,4,1,2,2,1,40.40830600096224,18.639827853345786,-3.468209183999676,3.449229220334779,-2.503580724378659,14.319092448697951
0.2,10.0,4,103,4,1,2,2,1,5.7134755233648615,18.289021922641933,-2.0583308342670708,0.9466928688163098,0.9548880960126747,9.40262038129092
0.2,10.0,4,104,4,1,2,2,1,63.07501851430959,19.11301244063438,-2.472235343452517,1.9542289096414671,-2.5946546541721203,16.81567665799828
0.2,10.0,4,105,4,1,2,2,1,7.166119761903135,17.915034496267285,-1.641259928865503,2.170931722112377,-0.3124731720682812,10.753876151398044
0.2,10.0,4,106,4,1,2,2,1,2.2197672750269652,19.968830578810472,-1.7276332235516914,1.3367920446921426,0.45209928831338486,9.767522948482783
0.2,10.0,4,107,4,1,2,2,1,23.266868291026547,15.99284778013755,-3.5350794433358814,1.7505122728341105,-0.608109673195256,12.466574258655875
0.2,10.0,4,108,4,1,2,2,1,6.528471779657499,19.256144808179545,-1.1577455699110788,2.980616681640275,-0.8597812227652948,10.686586659334766
0.2,10.0,4,109,4,1,2,2,1,33.48665139995708,17.104902074007878,-3.736058595529515,4.106499590202197,-2.4977026656721755,13.567406834530965
0.2,10.0,4,110,4,1,2,2,1,13.983196062324302,17.54787350877168,-1.437701272723729,1.6085680227477288,0.9517756165480941,8.543710812428387
0.2,10.0,4,111,4,1,2,2,1,31.525680284828237,18.933785205890178,0.1881696189363628,1.7690864624204354,-1.1629566317863185,13.355347004628834
0.2,10.0,4,112,4,1,2,2,1,2.1367392128406375,18.34768741182554,-2.229145599406492,1.0263234400176453,0.7492012934002203,9.776209656791037
0.2,10.0,4,113,4,1,2,2,1,12.19489282863858,18.688810175192867,1.3860582051987396,1.0124979970468364,0.12507392525536315,11.285986185858475
0.2,10.0,4,114,4,1,2,2,1,36.46794666048295,18.600621409247758,-1.198505910867744,3.1282710137043117,0.9161773397243049,6.24233884954328
0.2,10.0,4,115,4,1,2,2,1,29.881807835315275,19.68369366526292,-2.062579235882597,3.273895631283778,-2.0350199887734646,13.17788342416171
0.2,10.0,4,116,4,1,2,2,1,2.3103967359424376,18.70595224076399,-2.5240141951304493,3.3750695136826554,-0.8796050307404327,10.242491651723938
0.2,10.0,4,117,4,1,2,2,1,0.3824530242537829,18.7475247011617,-1.3090505447588319,3.1785079704225083,-0.6850730813661695,10.040104142029163
0.2,10.0,4,118,4,1,2,2,1,51.077213218952885,17.689274686964993,-4.883640270429435,4.587132164474933,-3.5333926662150414,15.487482740807293
0.2,10.0,4,119,4,1,2,2,1,40.117230978132866,18.332937271231366,-3.178320668462723,1.939192298334897,-1.582823731115161,14.287381973033488
0.2,10.0,4,120,4,1,2,2,1,4.135948606135485,19.377802484025374,-1.5792352529678038,2.2808905906559462,-0.34930883765514803,10.434473586334484
0.2,10.0,4,121,4,1,2,2,1,8.719244300332205,18.359705288654173,-2.4255369625945344,4.181715858152775,-1.5978319435718293,10.917944944862501
0.2,10.0,4,122,4,1,2,2,1,29.063091128992607,18.11176830155568,-0.815448526265522,2.152789396210151,-1.2343541679863408,13.089602864909953
0.2,10.0,4,123,4,1,2,2,1,8.225976437061039,18.76061523780794,-1.464804885529404,2.957000865208168,-0.8837516082062381,10.865810849650627
0.2,10.0,4,124,4,1,2,2,1,22.82371750245591,20.050359832185606,0.8517528631771182,3.32198869374528,-1.7947521096006558,12.419082027907535
0.2,10.0,4,125,4,1,2,2,1,27.257728091819835,17.82771583125547,-2.355126808605619,5.418735041247264,-3.040182336158696,12.895177499530499
0.2,10.0,4,126,4,1,2,2,1,30.79869375654678,17.301683087117066,-3.58929522224206,0.1304328710448568,-0.027201807124887525,13.27683117721468
0.2,10.0,4,127,4,1,2,2,1,12.816373944063871,17.94753129773834,-2.041696046551192,2.559991214634319,-0.7855556435972034,11.351924271512477
0.2,10.0,4,128,4,1,2,2,1,16.870743085361212,17.796785051032717,-3.5880546938153817,5.048789503201684,-0.9958580497609335,8.24539550457585
0.2,10.0,4,129,4,1,2,2,1,4.400125220944155,18.69060215865938,-1.7240761481040214,2.929708096426925,-0.7021907632635349,10.462283074838174
0.2,10.0,4,130,4,1,2,2,1,24.6724918510945,18.257635371117733,-1.5225955772241682,1.4413081530647427,-0.6329344289463429,12.61734696436299
0.2,10.0,4,131,4,1,2,2,1,6.108247513418617,18.091753078562007,0.3492228178089181,2.073380645268844,0.2960464289441999,9.361464524892241
0.2,10.0,4,132,4,1,2,2,1,16.325743954242594,19.304412074680613,0.899351991615843,0.205078651440585,0.4044254825997396,11.724996300794624
0.2,10.0,4,133,4,1,2,2,1,5.8926400020875676,19.31676438540823,-2.8434252613542017,4.034870184799154,-0.9653207359842488,9.38394016745233
0.2,10.0,4,134,4,1,2,2,1,34.866598016790675,18.105514023235134,-3.857803165119996,3.132577285465496,-2.0543178558275694,13.7168723189579
0.2,10.0,4,135,4,1,2,2,1,24.804051704978246,18.75052433494992,-2.43733896861281,1.318683112633242,-0.5973484831031881,12.631468931343544
0.2,10.0,4,136,4,1,2,2,1,35.44737099689724,20.745762408841756,-0.9927276822833054,1.9124634662921505,-1.533038896489285,13.779836100365268
0.2,10.0,4,137,4,1,2,2,1,6.9840264150613525,20.634239599281102,0.22668754793373863,1.4132363291406587,-0.030048531691937712,10.73465609686675
0.2,10.0,4,138,4,1,2,2,1,34.16714306548549,19.09448902383267,-2.353707460173605,6.374787376251245,-3.9423789030437515,13.641088028222367
0.2,10.0,4,139,4,1,2,2,1,9.115835272067013,17.68939856764628,-3.1931128461488973,4.723534968016235,-1.8841195792673175,10.95987891766386
0.2,10.0,4,140,4,1,2,2,1,40.03782688179137,17.235657064193042,-3.6729756746654387,1.0922020058388762,-0.9983108485300276,14.278733009876296
0.2,10.0,4,141,4,1,2,2,1,16.758930814557523,18.32303223423413,-0.13074909956612163,2.6988069787506697,-1.0588160875027344,11.771133855122775
0.2,10.0,4,142,4,1,2,2,1,26.230775614225653,18.366148726870918,-2.2676002141145606,0.8276942634551343,-0.3333856143148628,12.78473086105875
0.2,10.0,4,143,4,1,2,2,1,28.747881346796184,17.726253535563064,-0.9544967852678924,2.271503435329848,1.1656490443739806,7.026953904747526
0.2,10.0,4,144,4,1,2,2,1,13.270432896913382,19.399955250703915,-2.0684302773395933,2.478505373142845,-0.8533302158795806,11.400123849474808
0.2,10.0,4,145,4,1,2,2,1,14.988255895210232,17.90520426240704,-1.6527563882422454,5.227601682766348,-2.4314387724055844,11.582664229507728
0.2,10.0,4,146,4,1,2,2,1,22.5253233391066,16.582064897644265,-1.789105738942973,0.8832420081919475,-0.09054362967889065,12.38711458543435
0.2,10.0,4,147,4,1,2,2,1,16.14767654239164,17.31934617617645,0.19987418202320398,4.235237716536557,-1.8690103509334004,11.70603634889122
0.2,10.0,4,148,4,1,2,2,1,38.89459596820788,19.645451054915753,-1.0738116222350096,1.776103118396506,-1.5221524663684594,14.154280952757913
0.2,10.0,4,149,4,1,2,2,1,14.036832834061826,19.048006454314667,-2.567737066792469,1.2362285517284837,-0.11329111391891658,11.481526594345059
0.2,10.0,4,150,4,1,2,2,1,26.430232376130718,18.78428614514201,-1.300121504779311,0.6014648493041765,-0.23190705871804848,12.80617356954841
0.2,10.0,4,151,4,1,2,2,1,5.167849229543428,19.705185133506365,-0.5029747005010112,-0.14233701556117656,1.5117607498956191,9.459528631660085
0.2,10.0,4,152,4,1,2,2,1,37.03403305181369,17.4289954513872,-3.8691047706256816,2.562894256119787,-1.7643319074675348,13.952029876796852
0.2,10.0,4,153,4,1,2,2,1,7.313301827088291,20.552369205926436,-1.1115409136951944,3.9483671490703864,-0.9377981428731273,9.235930674512453
0.2,10.0,4,154,4,1,2,2,1,1.036751562558953,18.12412198300224,-2.7368573308408783,4.115675943169308,-1.1363083538562992,9.891359408717523
0.2,10.0,4,155,4,1,2,2,1,0.5704160343725219,17.80266461799616,-1.3386743770631564,5.958377186661647,-2.19847933346918,9.940213153187884
0.2,10.0,4,156,4,1,2,2,1,47.47857515649133,17.786440485908347,-1.8707662067090796,0.8021731998578134,-1.171464808570636,15.092054393503162
0.2,10.0,4,157,4,1,2,2,1,46.23627010566187,18.92332482261527,-0.26300600270076335,4.0179581809117435,-3.090893496575018,14.955861076990306
0.2,10.0,4,158,4,1,2,2,1,29.746091179669925,18.038394708626274,-2.11343626305614,0.7067603263310943,-0.3858061478565745,13.163244609318738
0.2,10.0,4,159,4,1,2,2,1,39.709649763743144,16.61832245885412,-0.23543693876833155,1.8687686677662863,-1.4099620647180873,14.24299378874907
0.2,10.0,4,160,4,1,2,2,1,23.69994532282661,17.99201164950973,-2.8212016897394587,2.4910973186046497,-1.2034362984504967,12.513006274752017
0.2,10.0,4,161,4,1,2,2,1,36.848134673130595,19.285315497449798,0.874000378963254,-0.04618982113841995,2.8498883740399954,6.203848075175137
0.2,10.0,4,162,4,1,2,2,1,1.4518425498638632,19.205668581266366,-2.017511942384822,3.574201272908579,-0.994688860341663,10.152318273108415
0.2,10.0,4,163,4,1,2,2,1,12.750661625511796,17.804090451642345,0.018225437288207004,1.9380000545502527,0.6803382811954783,8.671295375435047
0.2,10.0,4,164,4,1,2,2,1,30.6258503981201,19.061830366885335,-0.23788778373055136,1.7933700771043257,-1.1483796738969054,13.258171793106586
0.2,10.0,4,165,4,1,2,2,1,34.336234882884675,18.26791709978385,-4.137930632295257,4.659193138691926,-2.9268227376347147,13.659404096770784
0.2,10.0,4,166,4,1,2,2,1,24.08455712547898,20.77609272405047,-1.7796974282042255,2.182997362733325,-1.2220124355859276,12.554258200574584
0.2,10.0,4,167,4,1,2,2,1,44.5014947438785,19.919807431450636,-1.1446317611888892,4.643082409570465,-3.442429395418894,14.765948088655273
0.2,10.0,4,168,4,1,2,2,1,17.887983350843083,18.454205336289547,-0.12459217094479354,4.622320513409683,-0.7487945232143454,8.140498823232692
0.2,10.0,4,169,4,1,2,2,1,9.050103211780094,19.910594165016395,-1.2860136479484408,-0.852191378216729,2.1129517659005703,9.055256718495897
0.2,10.0,4,170,4,1,2,2,1,28.89447485168269,17.709112641721187,0.550990886999949,2.8022778766697374,0.8504706048955207,7.012001300349291
0.2,10.0,4,171,4,1,2,2,1,0.8689484828138948,18.85411876808488,-3.230636537481515,1.1205879676819903,0.6029079966664794,9.908936114842843
0.2,10.0,4,172,4,1,2,2,1,38.62751381212642,19.659451118219106,-0.9938242353022424,2.195875933866929,-1.761668975326814,14.125225938685892
0.2,10.0,4,173,4,1,2,2,1,27.01534079994138,18.25029482529342,-3.179662350104997,0.5953711601237816,-0.2167243414409345,12.869099494683553
0.2,10.0,4,174,4,1,2,2,1,26.982578888199917,19.132176533158088,-2.3246513273455394,2.8432729485740604,-1.6249652062660884,12.865575162754064
0.2,10.0,4,175,4,1,2,2,1,9.173817625014633,17.568464345358805,-0.9807485888014642,1.7598092049758702,-0.12580001586598272,10.966011072306667
0.2,10.0,4,176,4,1,2,2,1,0.43379913517034735,17.064672309748726,-2.3380478867338725,5.458852991109851,-1.9057011122296759,10.045489424190166
0.2,10.0,4,177,4,1,2,2,1,12.381156354515824,18.95400569313617,-3.3116709340829305,3.4349015841806065,-0.3136507789167428,8.709573552505253
0.2,10.0,4,178,4,1,2,2,1,35.32253533463873,16.68984354556625,0.6687248384408625,2.2828900483690977,-1.478433378387798,13.766299256303096
0.2,10.0,4,179,4,1,2,2,1,5.7986789181478215,19.46030650811528,-3.2921492579779525,2.7302761633203194,-0.20511023030443493,9.393736427763919
0.2,10.0,4,180,4,1,2,2,1,25.703258481524536,17.630858025058604,-6.150012791091218,3.801770398088211,-2.033604847806982,12.72803948568582
0.2,10.0,4,181,4,1,2,2,1,26.248261647969176,17.352262433885677,-1.891118966943105,2.672025121936304,-1.3746754059848387,12.786610543685795
0.2,10.0,4,182,4,1,2,2,1,11.320949492255497,19.3655101277794,-3.4343752779095618,3.1362412676157123,-0.2082426398422571,8.819478472477737
0.2,10.0,4,183,4,1,2,2,1,10.195114282615164,18.592027356255496,-1.9399848806672937,4.263661721286183,-1.7224206466865215,11.074077939646648
0.2,10.0,4,184,4,1,2,2,1,5.693717713607363,16.825553933901325,0.5638027492003592,0.6628018206749791,1.2293904403868738,9.404680583752018
0.2,10.0,4,185,4,1,2,2,1,9.672265865878256,18.99354504539595,-1.6812123630609628,0.9696597762177992,0.23785772408588127,11.018740431769317
0.2,10.0,4,186,4,1,2,2,1,6.251860973323702,17.476542040634126,-3.8888366240837824,2.9866317203310873,-0.7322166943878436,10.65740928687327
0.2,10.0,4,187,4,1,2,2,1,2.1155036555415028,19.19231229370262,0.2524051177070918,2.474404024682319,-0.18938477178920152,9.778431511100868
0.2,10.0,4,188,4,1,2,2,1,29.81208887267165,17.28500633488559,-0.3190567011181221,3.083847546413925,-1.7618093459558732,13.170363086443675
0.2,10.0,4,189,4,1,2,2,1,38.204008598537825,17.779004016460032,-1.4834435677845568,1.5639129142195958,-1.2419735737522533,14.07916931971132
0.2,10.0,4,190,4,1,2,2,1,44.416412024904815,18.68423032860659,-1.8960827527103283,2.0879826319104384,-1.8734563726155224,14.756641809217752
0.2,10.0,4,191,4,1,2,2,1,20.224936640665693,18.749371539064413,-2.4511162333035608,1.337123765511627,1.3037328153857612,7.899899658527762
0.2,10.0,4,192,4,1,2,2,1,50.74276104036027,18.23257318902957,-1.4767798332563036,3.127152626383716,-2.7155700254049924,15.450675012396232
0.2,10.0,4,193,4,1,2,2,1,3.5419189249684697,16.96794686829921,-2.569724643204973,2.3872820280199267,-0.22572433861317268,10.371966513310023
0.2,10.0,4,194,4,1,2,2,1,4.621636918024172,17.255738957182437,-0.34191116072853306,3.0086625769910937,-0.27295038237491415,9.516527652888627
0.2,10.0,4,195,4,1,2,2,1,21.840653074374853,18.270067128511457,-2.658897827950684,1.0649241240129683,-0.2861664382823663,12.313799122187326
0.2,10.0,4,196,4,1,2,2,1,12.103648771570596,18.35495462275427,-3.3727663384089404,4.0996806454765125,-1.690520778734514,11.276308634806623
0.2,10.0,4,197,4,1,2,2,1,37.24260685315991,20.094930957493943,-1.4732573069531696,2.4915479587730336,-1.9079019384001559,13.974684887880617
0.2,10.0,4,198,4,1,2,2,1,17.535372223119165,18.21787040081422,-1.0419599333064367,-0.49297085471096325,2.368955871244524,8.17684817335853
0.2,10.0,4,199,4,1,2,2,1,15.976792229284055,18.44216458111525,-1.034962262741702,3.5163029664802425,-1.5167359651676355,11.68784425194799
0.5,5.0,1,0,4,0,1,1,1,15.677173084515646,74.39528296918387,4.199927305228343,-8.841860142748008,3.2520576800383996,5.172599798373272
0.5,5.0,1,1,1,1,1,1,1,88.9026873685811,45.50796294878466,9.654675840147029,-4.58412885476722,3.7976020900681764,-2.1106590166663852
0.5,5.0,1,2,2,0,1,1,1,94.93415661685164,59.21703354596163,0.24746903068756698,3.696296648638394,-3.274064178605523,2.8469682881888594
0.5,5.0,1,3,1,1,1,1,1,27.65947848860182,19.405218057893563,3.59253230139961,0.05265046418267221,-1.3668147156327481,2.731888186431242
0.5,5.0,1,4,4,0,1,1,1,23.541642304344258,5.623284160157993,3.8008691726551183,0.9012131384366977,-2.3031901619787836,4.435776341293178
0.5,5.0,1,5,1,1,1,1,1,38.23764394819224,7.043096412464639,6.9772889804902025,-4.298716611389108,4.3781383827069495,-3.5149534850699924
0.5,5.0,1,6,1,1,1,1,1,7.33974070193645,33.58695931094848,4.6246599494027905,-1.2860118653934298,3.431641185884064,-4.849328488429235
0.5,5.0,1,7,1,1,1,1,1,0.0006828847156481188,8.00238084147493,4.999965016045573,-0.4199186865265436,-1.6502099973410411,4.206722882146765
0.5,5.0,1,8,3,0,2,1,0,164.06749385883654,189.94002305602183,-3.0775135236143645,-2.946229771243829,2.297814512450917,-0.3861376173947048
0.5,5.0,1,9,4,0,1,1,1,19.913430837807628,2.4041696698355057,3.9847812771522517,0.41299200305522116,-2.62521728480821,4.905530715768739
0.5,5.0,1,10,1,1,1,1,1,10.269020158984382,35.46592755585447,5.527398640387178,-5.034690712881159,3.8765443200328322,-2.2147158735978554
0.5,5.0,1,11,1,1,1,1,1,103.19268006647381,140.10724418542765,10.421871780275975,4.843390111878876,-2.9656815644909313,-0.5950964072770881
0.5,5.0,1,12,1,1,1,1,1,7.919497463865668,13.065776873191368,5.406498095995946,-1.9307766830204132,1.9916288206130106,-2.2885194252713084
0.5,5.0,1,13,1,1,1,1,1,38.502213773922904,10.093862605302304,3.04595531657896,2.6141079790578936,-2.873665373647179,3.001831982692918
0.5,5.0,1,14,3,0,2,1,0,118.35448788422782,126.49585561615612,-0.8915206530545129,-0.7407403658875933,0.8701805934025829,-0.4477665589524442
0.5,5.0,1,15,1,1,1,1,1,61.1862921373352,13.338827707483953,8.181810526149581,-3.900233672668489,5.08464878884028,-5.5520499063522415
0.5,5.0,1,16,4,0,1,1,1,80.88548334750102,53.73301740753792,0.9369626733734667,2.3853494245789095,-2.7945509760750498,3.091865513727614
0.5,5.0,1,17,2,0,1,1,1,73.743324058635,14.056547486585771,1.289308352369493,6.869915662272344,-5.087833654812412,2.679141317012805
0.5,5.0,1,18,1,1,1,1,1,2.2099194281923635,16.16523095934536,5.113274504919986,2.421785668573891,-0.6911351363695811,-1.2485123093205825
0.5,5.0,1,19,2,0,1,1,1,47.123574021153075,26.24778914442408,2.6134156519235843,2.8816726414195544,-1.4625896404553065,-0.05429286583172493
0.5,5.0,1,20,1,1,1,1,1,75.76469317618145,7.425351681964054,8.954031981809878,-10.608392397859634,5.904053237658841,1.3743135820226837
0.5,5.0,1,21,2,0,1,1,1,89.51811021501288,70.07020155984755,0.512723072461184,4.593430310040141,-0.1348550698839176,-5.594532364358951
0.5,5.0,1,22,1,1,1,1,1,47.01059750017688,46.73690407412026,2.619072006029104,1.874443334971612,1.181618907756111,-4.913828347490129
0.5,5.0,1,23,3,0,1,1,1,19.5761142930243,55.77285617056105,4.0018962196037675,-1.4210866141102785,4.967691002683578,-8.46950819514341
0.5,5.0,1,24,2,0,1,1,1,11.578764415382667,17.678784706830342,4.408496056662456,5.65564338083332,-1.0826240652789145,-4.710328872879198
0.5,5.0,1,25,1,1,1,1,1,233.46713770661384,244.01084368875638,17.668264786304764,0.6617263689640365,-1.546644998374533,1.844082817709694
0.5,5.0,1,26,1,1,1,1,1,28.8782725919214,3.0392676801258744,6.489895931327346,-2.3980357315594487,2.4851810034831368,-2.2629729287327627
0.5,5.0,1,27,1,1,1,1,1,8.191790343135606,31.54114111374984,4.581174799827677,4.330026922682769,-3.5324189114156663,3.1270496055242347
0.5,5.0,1,28,4,0,1,1,1,63.99601684077637,30.88271244164068,1.772159915634318,1.2251103339533431,-4.466483480594723,8.99046256532984
0.5,5.0,1,29,1,1,1,1,1,39.319940530477105,17.398836770808412,7.033793713193901,-2.852419820153079,1.4769838076940414,0.1015257977843306
0.5,5.0,1,30,1,1,1,1,1,2.040426734805603,17.14042387488596,4.895521621046126,0.49047382479596396,2.748686041139904,-6.428187830344168
0.5,5.0,1,31,1,1,1,1,1,89.3533731453156,2.9244616644220267,9.678790494235177,-9.745004963486075,8.331780888335869,-2.76574117646743
0.5,5.0,1,32,1,1,1,1,1,98.6147737604833,89.4760850958522,10.175512253521193,1.684803178998798,2.465150318724744,-7.772693442986473
0.5,5.0,1,33,4,0,2,1,0,169.06980076950487,135.23934517421435,-3.3137773815751568,1.671906332653331,-4.175470810825225,8.342906201942565
0.5,5.0,1,34,1,1,1,1,1,37.19393562542057,49.92546778591889,3.111751686220782,-2.2545926528057354,0.4873627005568491,2.0623217678779175
0.5,5.0,1,35,1,1,1,1,1,46.551496828133956,8.99551052107377,7.412106789761196,-4.9459937348763034,2.6486407631264286,1.703056900909675
0.5,5.0,1,36,1,1,1,1,1,117.81507748665508,116.24320307144629,11.212470451812464,0.4241948101809044,0.37386672398855736,-1.535388737407531
0.5,5.0,1,37,4,0,1,1,1,39.742068394433225,49.04997105226086,2.983638875519455,-2.673202617100329,-0.3083446552143699,5.1866877900522725
0.5,5.0,1,38,1,1,1,1,1,17.633685253913836,10.759054812193954,5.907265151718779,0.9068647987305802,1.6730825394027777,-4.515973306262394
0.5,5.0,1,39,4,0,1,1,1,6.4186910451024985,19.41464305697444,4.6716869163751715,-4.251619753818726,-0.8339110920605747,8.791033506953005
0.5,5.0,1,40,2,0,1,1,1,68.36220674204846,0.24536435241936486,1.5555883722536272,9.257768653460097,-4.893974224826532,0.41465902972034513
0.5,5.0,1,41,1,1,1,1,1,163.27627475997852,128.92938297465872,13.706789446433701,-1.4227641980215937,4.516724219827662,-7.559903085570538
0.5,5.0,1,42,2,0,1,1,1,30.58936874829534,6.6317815836660445,3.444552749385162,4.2006342573976125,-1.213189043533837,-3.5870843155775276
0.5,5.0,1,43,1,1,1,1,1,85.40443511606017,57.45247417767177,9.467676539469814,-1.927127129552068,3.13424781961906,-4.183454760385143
0.5,5.0,1,44,2,0,1,1,1,49.12183741136908,8.348314245132595,2.513420841011187,7.048854887194716,-4.671103348182417,1.2208059136393463
0.5,5.0,1,45,1,1,1,1,1,9.624673436762306,4.1754492450582115,5.494228380743444,1.614671785733793,1.8529530064989197,-6.688974784336402
0.5,5.0,1,46,2,0,2,1,0,124.11621613156792,99.98434482153326,-1.1697388751846558,4.387428558305009,-0.9554417641760561,-3.0131021927367465
0.5,5.0,1,47,4,0,1,1,1,31.485498694784,9.710244922906282,3.3993342695611553,1.0485324533671796,-2.8346138461288652,5.1488397000276835
0.5,5.0,1,48,1,1,1,1,1,80.39605488866782,45.087745892901424,9.200508219363615,-1.2995287550938777,4.82723523970334,-8.361697425941324
0.5,5.0,1,49,1,1,1,1,1,146.41216250189916,109.80501049800486,12.775045257942352,-6.294676782000447,1.327362386651757,5.127230344875246
0.5,5.0,1,50,4,0,2,1,0,109.27432232678542,99.07610371901701,-0.4514734894655163,-0.25282809849924115,-1.7818286040772873,4.729123840096407
0.5,5.0,1,51,1,1,1,1,1,29.135557945123754,12.991861870847243,6.50326444129227,-3.891618948940015,4.136152479151174,-3.7490563813851114
0.5,5.0,1,52,1,1,1,1,1,53.25558562838623,13.145380018338729,7.764020138608372,-6.316797102857194,2.064293106704013,5.020812811400358
0.5,5.0,1,53,1,1,1,1,1,123.70766304788506,108.0008533574128,11.53266660736658,-1.5557474717124546,1.3622932022346368,-0.5665509696443283
0.5,5.0,1,54,4,0,1,1,1,84.81623512863737,62.67116255913384,0.7435692288841487,0.11042426423058886,-3.4675643035986123,7.988685460235787
0.5,5.0,1,55,4,0,1,1,1,25.363609726279215,58.66867312046227,6.307442497260847,0.8698822920451561,-4.814667303308918,9.89380552475368
0.5,5.0,1,56,1,1,1,1,1,71.95283201966456,105.04532226999893,8.751586136372099,4.593629982680676,-2.425662901133559,-0.4793738870107132
0.5,5.0,1,57,1,1,1,1,1,26.58553043187777,28.710307779858436,6.370839458011707,1.7746777723077718,0.7472603550507387,-4.021608749268494
0.5,5.0,1,58,1,1,1,1,1,55.99426917633509,55.72122112787078,7.908111552513616,0.7522554227089352,0.44002135207896304,-1.9423072148989502
0.5,5.0,1,59,4,0,1,1,1,118.08588903234572,58.796723794295616,-0.8785316535128374,5.258598090113008,-5.941671100750561,7.2901794676731075
0.5,5.0,1,60,4,0,1,1,1,39.10731859461533,6.7635782156868105,3.015537381057518,-0.3083015697846952,-5.357988997590623,13.351239860162039
0.5,5.0,1,61,1,1,1,1,1,47.870139631253174,53.281866777275816,2.5760454615288566,-1.1793638923846357,0.009666716691369067,1.1505261090928511
0.5,5.0,1,62,4,0,1,1,1,105.26330505187218,95.18211740338141,-0.25646807479015094,0.03800668435004527,-1.5938627394753708,3.5688856642323947
0.5,5.0,1,63,1,1,1,1,1,15.391497399745159,21.502048129108278,5.791469434184285,2.339993071402467,0.49140349361236435,-4.050739103145592
0.5,5.0,1,64,4,0,1,1,1,101.84071045606841,53.69790727276835,-0.08976824951784881,2.6707014161953637,-5.930308491959812,9.28237918762456
0.5,5.0,1,65,2,0,1,1,1,87.57440476273898,30.84096288380768,0.6080882268855431,5.812761975615983,-5.2742206318588964,4.293948669074543
0.5,5.0,1,66,4,0,1,1,1,63.60520358060558,25.233860777410968,1.791567521677384,1.2378479388747092,-5.314785229685492,10.41945904039021
0.5,5.0,1,67,2,0,1,1,1,30.708914156632932,11.988115836406593,3.438519376875957,7.773843039900931,-1.9479396523449224,-6.064339596467164
0.5,5.0,1,68,1,1,1,1,1,71.63211835309136,39.82020374455384,8.73457037571635,-3.8555137491157,2.4007728262428816,-0.16585739536409716
0.5,5.0,1,69,4,0,1,1,1,83.63550861769643,72.34522437174671,0.8016221432757376,0.045078159026935544,-1.777276176497055,4.286308008649304
0.5,5.0,1,70,1,1,1,1,1,2.7532868663858294,13.104867671613974,4.859044712027105,2.527974242453346,-1.007148363219864,-1.841130787575339
0.5,5.0,1,71,1,1,1,1,1,36.95880933854364,48.21700984246295,6.910561801066556,2.561147438157808,-0.2375844021690073,-3.0834630206621165
0.5,5.0,1,72,1,1,1,1,1,154.98495986263015,141.15548410262798,13.247735266051567,-1.8997472016911525,0.7208015393613468,0.3067251333482882
0.5,5.0,1,73,1,1,1,1,1,122.48021374158523,89.90667530254727,11.465892530532214,-3.351402908355076,2.8336618868542867,-2.034735208105626
0.5,5.0,1,74,1,1,1,1,1,7.40468610299496,4.649654884473917,5.380025700316326,-2.125569861197407,0.4814968144599787,2.5700378796606564
0.5,5.0,1,75,1,1,1,1,1,24.161006282910463,6.653096088360069,6.24508466818786,-2.211897749137319,1.2468180646573823,0.20946067352360076
0.5,5.0,1,76,3,0,2,1,0,164.23765329743352,174.53848826440898,-3.0855597980847613,-1.1686412992246258,0.9153520460917306,-0.6266588297803254
0.5,5.0,1,77,1,1,1,1,1,29.583055148776428,18.429496852859863,6.526520329786857,-0.6682784705786897,1.2657846279030298,-1.9581142707422172
0.5,5.0,1,78,1,1,1,1,1,66.70646560659895,56.18889199915404,8.47356950124856,-0.7952684500849658,1.0489033430291401,-1.2965607866327795
0.5,5.0,1,79,2,0,1,1,1,115.16305244667973,74.77055107160366,-0.7370779761537616,4.357281762037209,-3.585663591794069,2.6005796944253583
0.5,5.0,1,80,1,1,1,1,1,43.32041739974558,40.84506785483091,7.2429104856926605,-0.8073674194784987,-0.284207613893189,1.2190197013322743
0.5,5.0,1,81,1,1,1,1,1,41.37983157721417,20.5591694374322,7.1414193427228225,0.14323039660690187,3.484292402760529,-6.8180253397405854
0.5,5.0,1,82,1,1,1,1,1,73.42429625828261,38.69491387757382,8.829690176038099,-2.4968513598697846,3.829198116309444,-5.438783923569237
0.5,5.0,1,83,1,1,1,1,1,107.50613414103019,129.73717824559608,10.654503878619263,3.19149935789446,-1.6602701137310598,-1.0244909904362514
0.5,5.0,1,84,1,1,1,1,1,31.01335445868158,7.0758139417934895,3.4231560785075006,3.1604367175048798,-1.8568838885068213,-0.5797518645793417
0.5,5.0,1,85,1,1,1,1,1,12.02289130769673,11.238129912097296,4.385874205662038,0.5706843116283828,0.19467006401586673,-1.1722118737860174
0.5,5.0,1,86,4,0,1,1,1,2.5277273984451334,0.45509605703341033,4.870585172431345,-3.46504999646298,-2.8968397568274304,11.813376174039009
0.5,5.0,1,87,1,1,1,1,1,6.929185338178954,3.9543067954710938,5.355580622576881,-0.2490456309096693,0.2497966370811408,-0.05115555084629715
0.5,5.0,1,88,1,1,1,1,1,13.797453820664357,7.155016040037811,4.295534781089057,2.3861833580406633,-1.848714068779227,1.0426288421349288
0.5,5.0,1,89,1,1,1,1,1,24.413057547826753,17.243872116456465,6.2581510911386555,-1.0524450420193139,0.3676225139363,0.7075918588326702
0.5,5.0,1,90,1,1,1,1,1,64.632831117605,31.756898138230074,8.363879070304002,-2.376117167414947,3.6747651120313884,-4.456080996765089
0.5,5.0,1,91,1,1,1,1,1,32.06379170998145,2.830083334531767,6.655533343311477,-3.4160467896751348,2.3627278489297816,-0.06488390680832086
0.5,5.0,1,92,1,1,1,1,1,4.979639254575297,3.8834388772542248,5.255415437306759,-1.4933682226711176,0.2929520623280166,0.6036795414573577
0.5,5.0,1,93,2,0,1,1,1,59.11110374032052,27.81148572599691,2.015008600328625,5.2628453160329896,-1.6161287446859172,-2.9732659934777086
0.5,5.0,1,94,4,0,1,1,1,16.265966904686717,13.466221264347789,4.169997729575687,1.7404337510305483,-3.697971536920619,5.517233008128228
0.5,5.0,1,95,1,1,1,1,1,10.41491245357828,12.16612239544291,4.467800764993941,1.451527718488334,1.1831151497953336,-4.653177634484918
0.5,5.0,1,96,1,1,1,1,1,46.701884739202264,4.036412732066486,7.419988389476173,-5.085893577929418,4.715708075079143,-3.1256723202624888
0.5,5.0,1,97,1,1,1,1,1,10.858930001440838,11.339996438998309,5.557775694481845,2.2120600824171333,1.3503266680699793,-5.437591960826857
0.5,5.0,1,98,1,1,1,1,1,2.7419212591982394,7.725911501609857,4.859626188332795,2.6917080727368607,0.048829749474243046,-3.266613202571775
0.5,5.0,1,99,4,0,1,1,1,166.2197074937732,87.7438898412022,-3.179235363178754,5.929613664711515,-8.388386455930847,13.004882696508622
0.5,5.0,1,100,1,1,1,1,1,62.23086852626188,27.732562813655417,8.236959495922271,-2.574826549531651,3.802545551389975,-4.513576374488451
0.5,5.0,1,101,1,1,1,1,1,3.703700182716405,42.72438235375611,4.810431983265179,-3.936336912099017,3.576372885940086,-2.9006434812673474
0.5,5.0,1,102,1,1,1,1,1,25.98820497140169,32.16976498580765,6.339843675164465,0.26710555983897266,-0.8791909562793557,2.0493230336077133
0.5,5.0,1,103,1,1,1,1,1,117.48126292985576,81.48791679363438,11.194358899573247,-3.0542735879464034,3.6176880429998235,-4.148554102076699
0.5,5.0,1,104,2,0,1,1,1,76.0887244380014,43.414196681812165,1.1734667882516985,7.165226434154934,-0.6860261899877655,-7.9681071573829545
0.5,5.0,1,105,1,1,1,1,1,26.70409309221661,12.358436818184327,6.376992861068932,1.8499966924727933,3.466365378983744,-10.361324567780741
0.5,5.0,1,106,1,1,1,1,1,10.823399074167504,16.073506187532246,5.555945803204451,-2.4269119258820617,2.692672761381987,-2.1476701637533147
0.5,5.0,1,107,4,0,1,1,1,121.53078700129582,25.19940768437564,-1.0449922498198991,8.804190643531907,-9.446886217777614,11.246511002798302
0.5,5.0,1,108,1,1,1,1,1,28.988575664333716,44.38214557548165,6.495627057608079,2.540143173315513,-0.8710026752096761,-1.0955344058220133
0.5,5.0,1,109,1,1,1,1,1,5.759084937727981,48.04271009564441,4.705378083488694,-5.45117105846903,3.1390306237502275,1.803512480836983
0.5,5.0,1,110,1,1,1,1,1,56.133920847222136,38.70553583574821,7.915464260251949,-1.507122835938332,1.7085094019343647,-1.660848525161738
0.5,5.0,1,111,1,1,1,1,1,108.20535736932953,88.03318720540847,10.692260341724918,-3.716116817876594,0.589924661569615,4.141725912852479
0.5,5.0,1,112,1,1,1,1,1,91.63447262161857,63.375669660898296,9.800925695857279,-0.3431487600008347,4.335678276102635,-8.190990454198555
0.5,5.0,1,113,1,1,1,1,1,80.31021886137232,74.84517222700156,9.195935048222609,2.1828453815427915,2.213702156719495,-7.777463656251871
0.5,5.0,1,114,4,0,1,1,1,82.98934301350961,89.45144622587692,0.8334064027704877,-1.2988644593247511,0.23214312593024286,2.356743005911156
0.5,5.0,1,115,4,0,1,1,1,52.418238775155274,34.86755255074174,2.348679007483208,0.5294057859790798,-2.4818729385249974,5.168913296494412
0.5,5.0,1,116,1,1,1,1,1,70.43062080403638,100.13310169431495,8.670847477014709,4.108583521387802,-2.218289162325573,-0.6786072403685133
0.5,5.0,1,117,1,1,1,1,1,14.928663203923005,30.21299618295467,4.237987984716831,-1.199523634340092,1.6352700198035561,-1.7175347231080682
0.5,5.0,1,118,1,1,1,1,1,5.473631893151728,5.729417226796051,4.719961732091497,-0.08296536660746334,-0.08885439064001578,0.21899073311195538
0.5,5.0,1,119,1,1,1,1,1,3.6081366173252665,13.593658952617353,5.18500645316108,-0.48267383894274885,2.411552121691149,-4.625533861525557
0.5,5.0,1,120,2,0,2,1,0,207.3706237845271,158.75047057313722,-5.103779150416744,7.159680874577094,-3.0890374015575097,-2.1820858498614633
0.5,5.0,1,121,1,1,1,1,1,42.09197595696342,48.52974983151147,7.178652783988926,4.0069916850625145,1.5751535685775881,-7.609437964732882
0.5,5.0,1,122,1,1,1,1,1,36.507426113745424,24.908444106698273,6.887019414612412,-7.136513970008891,4.97547319815727,-1.0455116797870287
0.5,5.0,1,123,1,1,1,1,1,27.395457399095257,37.36970077649504,6.412881764821914,2.374058393092811,-0.13178349791462723,-2.8836881626254587
0.5,5.0,1,124,4,0,1,1,1,102.571342967143,83.93550648374233,-0.12537758205465166,0.5403654538706663,-2.598479774521849,5.625144258535105
0.5,5.0,1,125,1,1,1,1,1,142.16097206171452,101.15378883184137,12.541373874891375,-4.279613211273186,3.6276539312725395,-1.5291639723644792
0.5,5.0,1,126,3,0,1,1,1,7.468332734397007,69.38438792066212,5.383298148251434,-6.82071611745543,7.905949843121772,-7.347554503107076
0.5,5.0,1,127,1,1,1,1,1,15.1388459412681,15.49345948149507,5.77842942277795,-5.062745173667906,1.391512563295124,3.983838063110238
0.5,5.0,1,128,1,1,1,1,1,9.928076828671816,39.896697262949225,4.49261772963686,-3.4755183600587136,2.460933345084136,-0.36235945696657557
0.5,5.0,1,129,4,0,2,1,0,128.45135555484822,150.37605680707276,-1.3785559846907978,-4.235899484604499,0.6561189597811484,4.402798597955136
0.5,5.0,1,130,4,0,1,1,1,51.869468864901336,71.76670274850967,2.3760860991972157,-3.011858230165896,1.2193555788985762,2.5923622098343686
0.5,5.0,1,131,1,1,1,1,1,40.47622520146289,30.704883647269455,2.9467571217869937,2.311045034577151,-0.04423874447853772,-2.345165281759505
0.5,5.0,1,132,1,1,1,1,1,1.4574557569315358,16.646421228127103,5.074691534175897,-2.7181993631396155,1.0472114516655706,1.9206058324834117
0.5,5.0,1,133,4,0,1,1,1,76.37249896314744,58.16788462038151,1.1594598810244356,1.3609829325087794,-2.0095784348907197,3.137794086040441
0.5,5.0,1,134,4,0,1,1,1,30.204668466039706,6.309101994555308,3.4639706900152363,1.9400485908587604,-2.5413925319862534,4.002849925093335
0.5,5.0,1,135,3,0,2,1,0,87.31708238113714,118.1993066831029,0.6207201653374226,-3.4849386236483064,2.693087598639624,-0.44431517421217165
0.5,5.0,1,136,1,1,1,1,1,38.43164961804001,58.13608498409369,6.9874154682957474,3.760878988994177,-0.8021247911585502,-3.113847689722859
0.5,5.0,1,137,3,0,2,1,0,98.14036592606801,125.35794610561335,0.09077302555847283,-0.2582997943839041,4.316187280154741,-8.81740148145744
0.5,5.0,1,138,3,0,1,1,1,47.611281631505854,85.77334793247047,2.5890013514022066,-2.7507644396954247,4.383766013275004,-5.36880180801406
0.5,5.0,1,139,2,0,1,1,1,114.67374065461027,19.49233434082488,-0.7133775115912088,11.047055628703308,-8.023818745584055,4.576123412413035
0.5,5.0,1,140,3,0,1,1,1,2.5937468035631084,65.84178982555935,5.132960911806421,-7.667876934949372,5.851233756757847,-1.348950189094144
0.5,5.0,1,141,3,0,2,1,0,78.70032091535003,122.81135309150457,1.0446334307095022,-4.374628047463127,4.2056633796881835,-3.1408096707491255
0.5,5.0,1,142,1,1,1,1,1,27.653839353467724,13.243091678201687,6.426297548216272,-3.7184763603003277,4.110273955097885,-3.2216948534850727
0.5,5.0,1,143,3,0,1,1,1,18.60817174137392,89.1326380344558,4.051023833764666,-7.486158819053804,6.341507107511739,-2.9492969230196286
0.5,5.0,1,144,4,0,1,1,1,18.075074914915508,80.30321443309474,5.930075239336046,3.630364402450028,-7.475423003485599,13.350096567579941
0.5,5.0,1,145,1,1,1,1,1,10.230834383172283,4.937270348237606,4.477183647700351,1.4326564108667326,0.063204442045871,-1.6585735139877638
0.5,5.0,1,146,1,1,1,1,1,65.04949419111962,33.71532977880289,8.385910667370977,-4.1991135167227505,2.0987390817240255,1.2429200529070266
0.5,5.0,1,147,3,0,1,1,1,57.76289556626576,76.96192186156473,2.0821354323492707,1.9408054192527984,4.511702204040856,-11.245496034390678
0.5,5.0,1,148,1,1,1,1,1,48.121848154771776,84.4960031051325,7.494435009429901,4.3632001904069115,-3.135307738034971,0.5133518301650105
0.5,5.0,1,149,2,0,1,1,1,124.8332941952922,98.97606525801663,-1.2043099346939468,3.740048629447976,-1.700265266275365,-1.3219140313456754
0.5,5.0,1,150,1,1,1,1,1,109.57763030760596,63.19784647313106,10.766397413734449,-4.734421050916248,4.2304639828954365,-2.0792562542110447
0.5,5.0,1,151,1,1,1,1,1,95.7157106176844,83.43514246700796,10.019783817130506,-3.361735782489462,-0.4468250751116768,5.853600285544871
0.5,5.0,1,152,2,0,1,1,1,70.38431094759555,64.75231776259139,1.4554442599468713,2.669508093449688,0.8463436005831602,-5.256508877689869
0.5,5.0,1,153,1,1,1,1,1,143.5565201877189,91.8399456116302,12.618028289563297,-5.288617829025224,4.63995448655191,-2.9251245848028127
0.5,5.0,1,154,2,0,1,1,1,64.28332254471884,42.54992395167739,1.7578948070881202,2.3074324591470323,-1.9737635947463263,1.6444147028355627
0.5,5.0,1,155,2,0,1,1,1,49.10446405796506,29.02649859705319,2.5142897984395023,2.775481307770124,-1.4196001054954541,-0.2584777419157003
0.5,5.0,1,156,1,1,1,1,1,137.8840483111888,83.53181928297556,12.306776605171752,-6.92871297785031,3.9053770376469052,1.5442952427463543
0.5,5.0,1,157,1,1,1,1,1,5.33488736937923,25.89819361512038,5.273660533142801,5.1186115941959445,-0.06388489769301015,-6.6065240048026785
0.5,5.0,1,158,2,0,1,1,1,6.755822946931096,73.56767270282121,5.346669624580341,7.539983787636566,-5.874289622808406,3.140743699498034
0.5,5.0,1,159,1,1,1,1,1,6.7548134850452985,14.755243193254671,4.654522722957257,3.5217020039602436,-1.225982389633265,-2.051159188254112
0.5,5.0,1,160,1,1,1,1,1,52.18706188403112,9.806280080776776,7.70785368025839,-6.075001944438121,5.902591017214444,-4.0230095295740975
0.5,5.0,1,161,1,1,1,1,1,59.43926373386293,72.93788573592774,1.9986763052618206,-1.7988533555304085,1.0763918864864646,1.9637978485055545
0.5,5.0,1,162,1,1,1,1,1,28.135752626873742,2.0936047029325944,6.451324109445977,-2.4318108100859197,2.547623117677659,-1.6523046783687347
0.5,5.0,1,163,2,0,1,1,1,75.61243545628517,31.673313661901595,1.196980430597434,4.823305337471779,-3.929992417447508,2.019054594107357
0.5,5.0,1,164,1,1,1,1,1,20.862821782844648,23.340613644099406,6.074253666070872,0.7075228455287773,-0.007474534467059266,-0.8448340548853059
0.5,5.0,1,165,1,1,1,1,1,11.029495974198577,12.502535825844188,4.436480131961173,1.0513698421338615,0.8573051945945638,-3.6090597710881975
0.5,5.0,1,166,1,1,1,1,1,55.698748249532365,102.21473927149209,7.892553927382001,6.269744356570683,-3.4442159308586064,0.33476848894416966
0.5,5.0,1,167,4,0,1,1,1,19.32478984011202,32.892026681117635,4.014649881812689,-3.704836736595438,-0.3937010687442886,6.261290801274709
0.5,5.0,1,168,1,1,1,1,1,49.563499362786935,18.198587031413307,7.570071471772258,-4.010598906612161,2.1862606253552066,-0.1026183883110961
0.5,5.0,1,169,4,0,2,1,0,126.1552260024663,110.6841504974864,-1.268009912976171,1.2145288238508558,-1.6794869138757658,1.9185200859767004
0.5,5.0,1,170,2,0,1,1,1,138.83301393233228,80.79949951823076,-1.8768330917205582,7.8576980342216896,-4.140098991257286,0.01499034170465997
0.5,5.0,1,171,1,1,1,1,1,125.01387215909895,115.7056836012665,11.603769205366788,0.14908892575349614,1.469954781494723,-3.2385817473509797
0.5,5.0,1,172,1,1,1,1,1,155.85728606082463,106.58381466163623,13.295944823411569,-5.158987467121807,4.296599597432438,-2.608816016665677
0.5,5.0,1,173,1,1,1,1,1,14.926944449735606,7.911058212408037,5.7674938645484755,-1.828450873519276,2.3637769517901597,-3.233510830173973
0.5,5.0,1,174,2,0,1,1,1,25.73209516557074,1.9162070977027286,3.6899937901948157,4.339693821656129,-1.0772815628348622,-3.675221989279708
0.5,5.0,1,175,1,1,1,1,1,34.96745848734582,18.83462361475784,6.806739723404244,-3.590693290346398,0.05189932582697178,4.888569454703965
0.5,5.0,1,176,1,1,1,1,1,22.21233973499443,9.911749342511298,6.14411935002139,0.17906682437934665,2.050442393220991,-4.616702687494247
0.5,5.0,1,177,2,0,1,1,1,88.40500571482606,44.46350737042755,0.5673249016250467,5.387030965373114,-3.479069905476932,1.6211001118050805
0.5,5.0,1,178,2,0,1,1,1,98.1870771386316,68.92087281346821,0.08849193506203372,3.4998630010501275,-2.3710361679237324,1.1214170373714867
0.5,5.0,1,179,1,1,1,1,1,47.76226000461683,33.44249816382452,2.5814446575574954,1.6401890171690483,-1.2324993811653422,0.8959062523459241
0.5,5.0,1,180,1,1,1,1,1,75.12779970642399,93.66891575977817,8.920180716468252,3.884477859101597,-0.5958026069324868,-4.183173383827472
0.5,5.0,1,181,4,0,1,1,1,38.61278836036473,20.92408418363145,3.040396186476913,0.839490216351246,-2.3091829478924963,4.346233689631786
0.5,5.0,1,182,1,1,1,1,1,65.23369310107128,86.6170654096152,8.39565184990848,3.159194019142168,-1.4865015514497606,-0.9580269773168183
0.5,5.0,1,183,2,0,1,1,1,10.008216749145925,36.97597304912555,4.488532106490947,4.854893024700791,-4.3769271831864724,3.829841464068301
0.5,5.0,1,184,1,1,1,1,1,31.6847915395929,29.650701583879574,6.635812979475212,-0.882756260966442,-0.32487686622005335,2.4674878419155477
0.5,5.0,1,185,1,1,1,1,1,123.78013934729482,95.44501673172475,11.536610617792181,-3.9082840606563454,1.7220691827450951,1.0187861736228425
0.5,5.0,1,186,1,1,1,1,1,81.72369575923135,54.65356245549034,9.271266654377435,-2.1177939770837835,2.9101988467803754,-2.731558434075016
0.5,5.0,1,187,1,1,1,1,1,3.908670828349981,15.509392671489035,5.200430980866791,0.8022460978554811,-1.3698430667684334,2.559418778868449
0.5,5.0,1,188,4,0,1,1,1,70.6390759669988,113.7022087182701,8.681900474589924,1.9589618691227502,-5.654003712275892,10.556522119789236
0.5,5.0,1,189,1,1,1,1,1,98.3449942045277,103.8635688349719,10.16101125823196,2.574980028997929,0.6147732223903123,-5.516208613352618
0.5,5.0,1,190,1,1,1,1,1,0.5142660478990912,6.626150436761937,5.026348986639287,0.23919731355618634,1.2190172697324686,-3.448994718276828
0.5,5.0,1,191,1,1,1,1,1,22.277020770740645,46.7367257614889,3.8649352053743167,-0.5716138983630996,3.594012759655727,-6.753782652871773
0.5,5.0,1,192,1,1,1,1,1,17.61912451016661,29.391007579662453,5.9065127668567134,1.4586734485103094,-1.0324010157956833,0.07490878068039276
0.5,5.0,1,193,1,1,1,1,1,25.668187033254146,14.584461126821067,3.693226986132437,2.344737206935129,-0.25604796990069006,-2.0756757567338897
0.5,5.0,1,194,1,1,1,1,1,43.8567420980909,4.013923929607779,7.270976806913354,-4.536923524099687,4.646242224863828,-3.626263622680803
0.5,5.0,1,195,1,1,1,1,1,31.78794712767753,62.772641495799306,6.641180071626537,2.692654639825694,-3.2773766219428095,3.8573160872422534
0.5,5.0,1,196,1,1,1,1,1,53.002663143295734,1.4416817516111249,7.750722739368767,-2.946058144166353,6.467823351291995,-9.045525936740217
0.5,5.0,1,197,1,1,1,1,1,31.49406782461271,59.014554849839335,6.625890508096474,2.7541790831473216,-2.673553011805696,2.6334504258154077
0.5,5.0,1,198,4,0,1,1,1,37.72469664643341,28.23392661672068,3.085053409257098,-1.1382548231684273,-2.3549303447967582,6.670508722086729
0.5,5.0,1,199,1,1,1,1,1,68.42465281891435,79.17018482736833,8.564541710593126,1.3986505344627789,-0.9515973858714604,-0.1449828243186278
0.5,5.0,2,0,1,0,1,2,0,48.938904452866325,8.729948046957663,4.508210742558165,2.522570909500483,0.15349583897634508,3.2466931145628632
0.5,5.0,2,1,1,0,1,2,0,46.85822944539507,1.4357936232584396,8.943463617177065,2.626701055454131,-1.6306234555753922,8.200248021350086
0.5,5.0,2,2,2,1,2,2,1,72.47320309113874,2.9507845784495244,-7.484303286653346,8.7792005710726,2.721695452927644,-9.369051279444134
0.5,5.0,2,3,2,1,1,2,0,37.98919535809272,8.133894955375277,-0.012921536886269146,6.964322142587866,-0.8911842921501558,0.9643670373119065
0.5,5.0,2,4,2,1,2,2,1,98.48890566498699,6.461950957421624,-3.445617769876862,10.168746445297485,-2.4907107668855835,-0.5934312841590947
0.5,5.0,2,5,2,1,2,2,1,41.9327625005498,18.56375333961781,-7.359495718522906,7.170327415289996,-1.0172815872281482,1.7967198565293534
0.5,5.0,2,6,2,1,1,2,0,19.082111046072185,8.520765644633098,4.207985672357637,5.982135136903207,-0.870381176698771,0.9196233568429897
0.5,5.0,2,7,2,1,2,2,1,3.473937544542485,7.252248154369285,-4.943959496296793,5.1781195906204935,1.032416137911271,-1.0910775893058218
0.5,5.0,2,8,1,0,1,2,0,87.22709350984657,16.370945348923808,7.226190943494509,0.6251380872909793,3.360287178199311,-1.8769285678021508
0.5,5.0,2,9,4,0,2,2,1,57.923701021046284,2.6636373544945875,-1.2028652553291068,2.074126663377741,0.591308360475654,3.3427520710093006
0.5,5.0,2,10,3,0,2,2,1,33.84947421402643,1.8112074099563074,1.7931273159674903,3.280143515883204,4.758040307778964,-6.8926948664978225
0.5,5.0,2,11,2,1,2,2,1,2.6048686923258653,10.834750243517004,-7.500130041415747,5.133531405569289,-0.9132042271325574,1.9733697786172182
0.5,5.0,2,12,3,0,2,2,1,76.06598553383232,9.081552575537472,-0.8797619216138771,1.1745892481953182,2.259382916902438,1.7293686101645704
0.5,5.0,2,13,2,1,1,2,0,191.73281708938524,3.7772036080913693,-2.2258995903251053,15.296504054048752,-5.411321516315885,0.13995482670655976
0.5,5.0,2,14,3,0,1,2,0,85.2743141115956,7.483260100139632,3.6554452822499126,0.7210558101883559,3.741802481128621,-1.0209878089031865
0.5,5.0,2,15,4,0,2,2,1,55.09466915842418,10.642359943606639,0.5813331013147033,2.215115767706578,0.1010864546156292,5.355569863455373
0.5,5.0,2,16,1,0,1,2,0,30.530627776509345,4.604279704739096,5.082702273196467,3.4475174937763446,3.1495109011740077,-4.280183924095674
0.5,5.0,2,17,1,0,1,2,0,39.50307779991211,8.736345329998272,8.502301577558148,2.9956478699345666,3.1888635928014804,-4.084144198763203
0.5,5.0,2,18,2,1,2,2,1,107.98550703153538,9.346778523852246,-2.6475656392327984,10.680387535484122,-0.8477186948113166,-3.7184781486996283
0.5,5.0,2,19,2,1,1,2,0,9.91422334409556,5.40189679349337,2.0224708022681237,4.493324012033205,2.5975206425029103,-4.518649768911786
0.5,5.0,2,20,2,1,2,2,1,91.57753636548468,11.353990561523705,-7.870502622919992,9.797875546154007,0.06206122087829222,-4.476136664533495
0.5,5.0,2,21,2,1,2,2,1,17.298562923122596,3.899045432879927,-0.4943204291948068,4.117529551371926,2.76401005755908,-3.7042774970709367
0.5,5.0,2,22,2,1,1,2,0,15.338801844174208,1.241374410762405,2.5061133508592617,4.217131287584743,2.3225083261951927,-3.0933575034510605
0.5,5.0,2,23,3,0,2,2,1,56.746490464348554,6.52388300432112,-3.81816559310752,2.1327711012218598,2.1888581698898157,0.36561640032592013
0.5,5.0,2,24,2,1,2,2,1,69.66478661366163,3.1254650818812597,-1.0657178044519968,8.630250008860148,-0.7074378571231974,-1.9685921250742346
0.5,5.0,2,25,4,0,1,2,0,67.31532215946159,0.49926902734419787,1.831822459788882,1.6074738510288864,0.45433075428234027,4.575155557346477
0.5,5.0,2,26,2,1,2,2,1,67.04186878982263,3.9909472967610315,-6.806659406806505,8.491321976927708,-4.29582234100098,6.114287879741112
0.5,5.0,2,27,3,0,2,2,1,79.55248757174363,6.247510215598857,-0.3919907966244844,1.0026304811974807,2.995717781204051,0.11753690813222642
0.5,5.0,2,28,4,0,2,2,1,65.6092292375828,7.953352266227857,-1.1799146898393784,1.6920876865374648,-1.1668761229850115,8.974897046257597
0.5,5.0,2,29,2,1,2,2,1,75.26660964343729,5.810470853416965,-3.6465182421862967,8.927557650441093,-1.4149854824698143,-1.4319620311485142
0.5,5.0,2,30,2,1,2,2,1,6.64653138513397,7.481022795121359,-6.0525928107765505,5.34105231779549,-0.6547935758539604,2.5299638786207357
0.5,5.0,2,31,1,0,1,2,0,78.97805608219635,0.28916866064551866,4.118927221005154,1.0309420583798634,2.5955417574704733,0.45402228022891217
0.5,5.0,2,32,2,1,1,2,0,31.57831791233496,1.9281504389374942,2.3877056352862898,3.3946517662703855,2.913843669148717,-3.2332768976196675
0.5,5.0,2,33,2,1,2,2,1,13.799520369778355,8.88052819029535,-1.8843708343209291,5.709330119962564,1.3883685142905655,-2.4345048169786785
0.5,5.0,2,34,3,0,2,2,1,119.12376106555965,1.38112657089288,1.1251058553257067,-0.9287120237812179,6.759144937275218,-5.499797016005568
0.5,5.0,2,35,2,1,2,2,1,6.72110432311028,15.789706569151276,-0.6402562957466832,5.3448851436389315,-0.4235856571095875,2.6405295407490126
0.5,5.0,2,36,1,0,1,2,0,30.271489688902427,0.9233485005720222,4.623955991281844,3.460597593556251,2.596938456798364,-2.720480567831615
0.5,5.0,2,37,2,1,2,2,1,38.69955348437069,9.95237733147241,-0.14731475064374155,3.0360342855340816,2.0481422149639017,-0.2850834730479015
0.5,5.0,2,38,2,1,1,2,0,186.1795752387274,1.2889949267849883,-0.9842875373994888,14.984538392858063,-2.7417617845041087,-5.409529721844987
0.5,5.0,2,39,2,1,2,2,1,17.14134514140656,13.578178983449966,-4.724283251212945,4.125516381643065,0.706579675192342,1.5243826437796384
0.5,5.0,2,40,2,1,2,2,1,131.6024167940323,2.8990961591157327,-5.647997499522414,11.9631036542711,-3.2161317087640264,-0.4381184941099212
0.5,5.0,2,41,2,1,1,2,0,20.61512463238997,4.864981692448471,3.1389935663619624,3.949187395010148,2.626026851276618,-3.8444139107363764
0.5,5.0,2,42,2,1,2,2,1,0.6922691274735836,2.712761715523848,-0.40611537240529266,5.035470710540782,1.4194794019404817,-2.5032137120411764
0.5,5.0,2,43,2,1,1,2,0,211.2622142527463,0.3834653268043103,1.212361524450764,16.400348737492294,-6.587901610606019,1.9730642686511604
0.5,5.0,2,44,3,0,2,2,1,65.52845396255368,17.730547484109433,1.564852058165591,1.6960954902754484,4.6751215913631645,-3.531231803676222
0.5,5.0,2,45,2,1,1,2,0,139.36278668453227,4.933503836110669,1.7035676495266592,12.387832809225847,-4.201732842335926,0.7406737917253907
0.5,5.0,2,46,2,1,1,2,0,7.463126928725556,0.9460326905081179,1.2529938192008088,4.61836169860841,1.9186799551326787,-2.7687477539203633
0.5,5.0,2,47,2,1,2,2,1,26.21231901248895,8.289038843015119,-2.699734287158315,6.351472105834036,3.06088330516277,-6.794189475768351
0.5,5.0,2,48,2,1,1,2,0,84.4051065732003,7.493372245268981,-0.6778888709443461,9.414315952211979,-2.398707211264435,0.06728356193364926
0.5,5.0,2,49,2,1,2,2,1,36.29040391763277,16.678767679792102,-4.9432837891955845,6.8757022298128385,0.2041732846420334,-0.7413429058563704
0.5,5.0,2,50,3,0,2,2,1,134.78798379869963,4.725792812442132,2.7188249131356477,-1.6829882608423516,6.296807606294887,-3.305569121008832
0.5,5.0,2,51,4,0,2,2,1,162.43974230706363,8.172639599385864,-0.68390362741547,-3.000508792171792,2.5897368139788814,7.006882774124461
0.5,5.0,2,52,2,1,1,2,0,41.52092651828952,4.786710130417252,1.2777980335175567,7.148795260484582,-2.2688809751245773,2.923512149406861
0.5,5.0,2,53,4,0,1,2,0,18.614689488967663,9.878202241610126,0.9547197662074159,4.050692949979857,-2.898374282038684,10.00729754797499
0.5,5.0,2,54,2,1,1,2,0,168.22689257480386,2.437001259641559,0.9836164824917288,13.981770444009427,-3.4005549057119886,-2.4967134735273033
0.5,5.0,2,55,4,0,1,2,0,4.1924121615660725,1.8404144733564274,4.474308166334944,4.785443609214133,-1.6912722227658779,4.9989932882641215
0.5,5.0,2,56,2,1,2,2,1,113.96697772404927,0.5347472369112248,-1.1692231666084942,11.0038655730096,-1.7305879579868473,-2.8163034947581758
0.5,5.0,2,57,4,0,1,2,0,159.22594049370625,0.6551186439274428,3.136726776640712,-2.848292421521659,2.326126755136979,6.668955869994645
0.5,5.0,2,58,3,0,1,2,0,45.0844557271313,3.194368898224081,2.134719646634352,2.7155554276141167,3.204636710107119,-2.8677063471351945
0.5,5.0,2,59,2,1,2,2,1,4.155006119788897,4.619533461763603,-0.8875912688141495,5.21307550626046,0.35433571894358296,0.17080625285535014
0.5,5.0,2,60,2,1,2,2,1,115.4696194897111,3.384444318861196,-5.443009074988251,11.085276940058073,-2.540058975120091,-1.38586062694382
0.5,5.0,2,61,4,0,2,2,1,2.923985100417659,2.0114861025502404,-1.8102295490711535,5.149901699474688,-4.427494572523227,11.33920575721884
0.5,5.0,2,62,3,0,2,2,1,84.60696685086548,7.260460045508787,1.093587188609301,0.7538559078055878,3.9011256718078564,-1.4234788623005525
0.5,5.0,2,63,3,0,2,2,1,86.70721239613704,9.322919867028629,-1.329415390703851,0.6506649763056227,2.812626203090789,-0.19107041522334664
0.5,5.0,2,64,3,0,1,2,0,39.95570743343106,7.602405637524869,2.995824173221707,2.972904952053442,3.742022348610007,-4.006402654799363
0.5,5.0,2,65,2,1,1,2,0,24.949497906476935,4.863831473097679,2.187154423163249,3.729593350750962,-0.6075992809786973,3.6492974170714074
0.5,5.0,2,66,2,1,2,2,1,106.4032017164831,9.475414358742892,-1.71041243750971,10.59497421442527,-3.3118731204538543,2.0154648505449164
0.5,5.0,2,67,2,1,1,2,0,23.47148711016505,2.8923285109699495,1.673118811705919,3.804422216225921,1.2370178706896273,-0.06221786171873911
0.5,5.0,2,68,2,1,1,2,0,66.50001424970183,8.518919034449722,3.6747346584331453,8.46264373059151,-1.654371855841586,-0.508472850401845
0.5,5.0,2,69,1,0,1,2,0,94.54183888264407,3.199638078263322,4.824826981411768,0.266659482590975,1.9979503218369974,2.6341650549041575
0.5,5.0,2,70,2,1,2,2,1,101.83683387429244,0.3199839691361624,-0.7464372914242461,10.348849705125529,0.704968297763088,-7.3314524246006405
0.5,5.0,2,71,2,1,2,2,1,42.78930286306653,1.3550005293657865,-5.5833119399508435,7.215124053206279,0.14005540156078777,-2.1915005648931274
0.5,5.0,2,72,4,0,1,2,0,15.48876128077593,2.1477782693947405,-0.014234212567580562,5.7964899094126165,-3.186232331524101,7.221394244286031
0.5,5.0,2,73,2,1,2,2,1,22.174714241619704,4.270745249446625,-2.327340742896899,6.142170822991164,-1.023755226342735,2.057969469183523
0.5,5.0,2,74,2,1,1,2,0,4.923681683959599,6.696344706064342,3.50579123262114,4.748064130885523,2.588613567289873,-3.9352046738900235
0.5,5.0,2,75,2,1,1,2,0,21.119889459344204,2.4601446331878094,3.1665660695916675,6.087558730198913,1.2991880038293824,-3.2036176423115896
0.5,5.0,2,76,3,0,2,2,1,110.90426450504755,3.320777933871186,-2.9188531266896125,-0.530608130835577,3.5294490719933376,0.34524185208270264
0.5,5.0,2,77,2,1,2,2,1,22.017318910480483,14.863726135487688,-6.225964767581302,3.8780966575265836,0.6600999919445961,2.067311064734309
0.5,5.0,2,78,2,1,1,2,0,12.799644704654773,8.51256778007433,1.6636633211781822,5.657773353693985,1.551024827945271,-2.7483037378386084
0.5,5.0,2,79,2,1,1,2,0,25.73940309155693,3.5065556145742565,2.5340634204836605,3.6896240790913373,1.9786057336098368,-1.4940550523375058
0.5,5.0,2,80,2,1,2,2,1,62.468508037940474,4.078668224172663,0.7310987235936894,8.249509726125112,4.2093849065345506,-11.58495327087912
0.5,5.0,2,81,2,1,2,2,1,41.92603402641289,6.870966625135327,-4.174830470285932,7.1699755935181315,1.1894971031226036,-4.000198047232431
0.5,5.0,2,82,3,0,2,2,1,104.37280400986273,9.607183619885147,-0.3912429909402747,-0.21312239655022508,5.907640035082898,-4.133797873656713
0.5,5.0,2,83,2,1,2,2,1,29.7627797989609,5.935401372228193,-3.1405066865709568,6.5358618317378605,-3.260903552402235,6.065799056369602
0.5,5.0,2,84,2,1,2,2,1,27.317763287451648,7.859865111966462,-3.2575341519702823,6.408848039161972,-2.698508558614463,5.979441136122917
0.5,5.0,2,85,2,1,2,2,1,4.746055275852321,6.679765199307047,-2.4907051201343102,5.2434205814425106,0.4533344981016849,0.06691749218879021
0.5,5.0,2,86,2,1,2,2,1,9.613711883032954,6.543556033105635,-1.9703750929494195,5.493664182233365,-0.8977254042842762,1.7878789003558413
0.5,5.0,2,87,4,0,2,2,1,68.72285680609376,1.3495593982906655,-1.810800098833698,1.5377200444732204,-0.6717625411673401,7.437410253787357
0.5,5.0,2,88,2,1,2,2,1,128.54632190278008,2.9477164836190606,-6.112802742232443,11.796282815397126,-4.117627944700315,1.4374400706860473
0.5,5.0,2,89,2,1,2,2,1,69.30299813359782,0.7733120955072019,-3.5929111442788444,8.611076594282038,-0.015459554595355265,-3.639892995015311
0.5,5.0,2,90,2,1,1,2,0,30.718633243267956,6.8545512716517205,3.0240230960062044,3.4380288768908382,1.0342402470956615,1.1912556081590122
0.5,5.0,2,91,2,1,1,2,0,38.13735257561886,2.3754599854645897,2.3978040159291796,3.064300817126519,1.851410495456484,-0.4696325965677729
0.5,5.0,2,92,2,1,2,2,1,154.55522984225956,6.432207502985504,-6.818135313190868,13.223993557381009,-4.456185776161934,1.1878650343274766
0.5,5.0,2,93,3,0,2,2,1,127.00564973824311,4.8749607498200715,2.0414203990178015,-1.3089676022736199,5.728639003771897,-2.6349331225710766
0.5,5.0,2,94,3,0,2,2,1,110.7760742077636,5.368811025398201,0.7765158921336377,-0.5243866971217527,5.273123847363098,-2.7219515706468798
0.5,5.0,2,95,2,1,2,2,1,239.14233072018848,11.686553339263737,-10.325502937812692,17.994532177650125,-3.7318023711226527,-5.681422534919378
0.5,5.0,2,96,2,1,2,2,1,57.34927075100662,1.0395471159934888,-5.872279512896263,7.9794740001180395,-4.441649861552251,7.5953526904140505
0.5,5.0,2,97,2,1,2,2,1,60.39153813662094,0.4830626309496004,-5.8874733843483735,8.139869886567416,-4.0457987928096735,6.254500362055401
0.5,5.0,2,98,2,1,1,2,0,20.210639452331247,7.310789531577033,2.074964404120117,3.9697036858349257,3.058268826029013,-3.882593407268454
0.5,5.0,2,99,2,1,2,2,1,99.76227860816124,4.116675454478129,-1.318016525795416,10.237213433064952,-0.1436463042966223,-5.092878321740465
0.5,5.0,2,100,3,0,2,2,1,87.64413301871222,4.432521147091701,2.482165852073091,0.6046655445663168,5.2649798699149875,-4.287512069384785
0.5,5.0,2,101,4,0,2,2,1,26.511331319049095,0.606965428145487,-1.8703264494714422,3.6505793223719323,-1.4108998512963777,6.019293893641597
0.5,5.0,2,102,2,1,1,2,0,59.30073729998837,0.5848790470294355,2.839684452146971,8.082332779358028,-1.6929380340765319,0.677599644016134
0.5,5.0,2,103,1,0,1,2,0,174.13734380731174,6.471988951436156,5.791546007012087,-3.5525351663210953,3.772533533871821,3.934076344406965
0.5,5.0,2,104,4,0,2,2,1,44.03860435907829,4.636580545241544,-1.4495610174854459,2.7679817358019476,0.3972932262176384,3.398424381090168
0.5,5.0,2,105,2,1,2,2,1,89.25144755095351,8.998229880178272,-6.578222853506641,9.673336340363786,0.3445941807482648,-5.102961399899448
0.5,5.0,2,106,2,1,2,2,1,101.2262998312609,9.455183560956346,-4.548532616947003,10.315983823066489,-3.1475648322257888,1.9822640032200516
0.5,5.0,2,107,2,1,2,2,1,74.99504417141046,1.502779849585153,-3.6926773509732183,8.91312600583049,-1.6712424266723054,-0.2762866747065554
0.5,5.0,2,108,2,1,1,2,0,109.19725823613608,7.787941680478556,3.971375940865835,10.745842832483223,-0.3649751195900616,-6.087907828167476
0.5,5.0,2,109,2,1,2,2,1,137.62793711131735,11.958403172658965,-3.795235955564162,12.29274395563637,-6.9413231656583125,7.092373203806165
0.5,5.0,2,110,3,0,2,2,1,91.46122528957636,8.761611079409498,0.24330462479245407,0.4174772383535656,8.315115602520022,-9.718716501044844
0.5,5.0,2,111,2,1,1,2,0,133.83917215601775,6.324939226282874,0.6518453637159806,12.085357546070503,1.7737751887117192,-11.857608051907745
0.5,5.0,2,112,1,0,1,2,0,114.69062570493806,1.8755963269344538,5.602799852600077,-0.7141954556216513,2.8006614628257873,2.3282658930652644
0.5,5.0,2,113,2,1,2,2,1,83.12963309222114,1.7980971678935966,-2.438822360583877,9.346247991827388,-5.537213584436427,8.576000998840613
0.5,5.0,2,114,3,0,2,2,1,87.90237648117846,4.990118297489256,0.21662596261139586,0.59199041587826,3.487763328129038,-0.4853995453975402
0.5,5.0,2,115,4,0,2,2,1,40.25734882346777,12.01202662596145,-1.9918901494397154,2.9577514078502505,-0.4226450460223812,5.652469976101126
0.5,5.0,2,116,3,0,2,2,1,92.63461472645652,4.723960630942379,-5.240864013144917,0.3600048229547577,3.442628146230084,-0.8085198868292385
0.5,5.0,2,117,2,1,2,2,1,98.53180031264633,4.044397854487537,-6.900542267179271,10.171052121603715,-4.440161798078124,4.871803049136368
0.5,5.0,2,118,4,0,2,2,1,43.24953304098378,0.5098179348574057,-0.6656907389448552,2.8075539149456117,0.1569731837247588,3.4928751267463856
0.5,5.0,2,119,2,1,1,2,0,56.12701709115768,3.5016227617883193,0.2431833677679185,7.915100763387321,0.5179857305372061,-3.7331555992556433
0.5,5.0,2,120,2,1,2,2,1,167.89682967863718,0.8981260457833284,-7.393605123167349,13.963416499453027,-3.477422572135126,-2.41360000478726
0.5,5.0,2,121,2,1,1,2,0,105.29106143456106,4.116060269550694,0.06470429361879419,10.534979993179068,-4.961273024687964,5.690445416737265
0.5,5.0,2,122,2,1,2,2,1,113.77551859653941,1.3048583362118429,-4.822047331545912,10.993496828498559,-5.604316915242844,6.4746730294268335
0.5,5.0,2,123,2,1,2,2,1,12.812710195141852,10.670040585340974,-1.2552988530874012,4.345656448143009,0.27692750537059535,1.9779687217769022
0.5,5.0,2,124,2,1,2,2,1,94.28827900023069,2.9066972732811776,-7.1322720667402475,9.943187629172986,-3.1291310887132378,1.452824449636038
0.5,5.0,2,125,2,1,2,2,1,54.76546915051011,7.565371807918491,-2.8482629741699688,7.843436408726531,-0.483449780739229,-1.1384410080021243
0.5,5.0,2,126,2,1,2,2,1,125.5129272532372,0.32576500778961825,-2.5875278015404417,11.630946893389899,-3.356595285904755,0.05274395434559191
0.5,5.0,2,127,1,0,1,2,0,3.8468472910797895,2.5553681007692064,7.30438237305959,4.803112099175754,3.2807695322549515,-5.748624983191383
0.5,5.0,2,128,2,1,2,2,1,26.10362668271125,3.717840721953395,-0.1294296920958631,6.34583231279148,-1.2319555311773014,2.226651084782409
0.5,5.0,2,129,3,0,2,2,1,68.41009719266769,4.986121192130576,0.7539883158287239,1.5532154694156508,3.854079287126919,-2.57024003210895
0.5,5.0,2,130,2,1,2,2,1,4.934446547259665,4.0480598038377495,-2.7492372787582164,5.253094623496478,-1.8622534328773124,5.237148207252629
0.5,5.0,2,131,2,1,1,2,0,7.183427097661756,5.248056453972378,4.597094677018722,4.632639522859619,2.272025666851055,-3.9998229691011575
0.5,5.0,2,132,2,1,1,2,0,68.56861939043677,3.69980378945227,-0.9639180920816894,8.572167717565002,-3.1014638333438116,3.106409709948424
0.5,5.0,2,133,2,1,1,2,0,65.70580470746839,0.4210520674097897,1.4788720364646972,8.420623016823379,-2.698513079151948,2.669231306165868
0.5,5.0,2,134,1,0,1,2,0,64.74786698023344,14.258094364063533,6.95648633648002,1.7348337909656866,2.4930854959995368,-1.3493819512985015
0.5,5.0,2,135,2,1,2,2,1,156.29307676124637,4.965886244268953,-5.3862192634139525,13.32003670803413,-5.421869720110218,2.5071932446733736
0.5,5.0,2,136,4,0,1,2,0,75.90577074274714,1.9840330449890304,3.074824532823031,1.1824982798084303,-1.508984329889645,9.757542712958116
0.5,5.0,2,137,2,1,1,2,0,5.66659116968189,5.828295310616426,2.766321307145803,4.710103319884819,2.7319172584429823,-4.2521672719892205
0.5,5.0,2,138,2,1,2,2,1,75.69177492260006,6.561372794108924,-4.861336338058439,8.950155800178972,-0.07531885845054512,-4.4655772914177545
0.5,5.0,2,139,4,0,2,2,1,30.151661235273632,2.8955179389998333,-6.062735280013894,3.4666465424090327,-0.6432644544633617,4.722651055187522
0.5,5.0,2,140,2,1,1,2,0,15.701805789610212,0.8148856570283981,0.35013753430272954,5.807487472318704,-1.1690988972310312,2.445508112194692
0.5,5.0,2,141,4,0,2,2,1,47.73433335867365,16.265020389342396,-3.89753302046371,2.582842386081725,0.3707529951845475,4.64938409213374
0.5,5.0,2,142,4,0,1,2,0,53.281540755346064,5.189693480951686,2.852168466967074,2.305578161201484,0.9083845355275209,2.9078978465848304
0.5,5.0,2,143,2,1,2,2,1,0.035394616393434365,6.917140535705677,-0.5236757645452959,4.998186761054762,-1.680418653428691,4.271612964282748
0.5,5.0,2,144,3,0,2,2,1,181.51584934874631,1.2024045055850963,0.7041799748382773,-3.8991203647586814,6.943794817735871,-1.995413384747238
0.5,5.0,2,145,4,0,2,2,1,78.04847406025063,2.277168910498854,-1.6330526870586841,1.0767744887773465,0.15741641702227446,5.818285705512049
0.5,5.0,2,146,2,1,2,2,1,173.46064860484665,15.702744410602598,-3.3953832801678603,14.273201458598939,-3.0674641889203027,-2.6053011778291464
0.5,5.0,2,147,2,1,1,2,0,48.9912500496806,0.43688439112838423,0.32335361861082756,7.540041951780238,-0.524054462475104,-1.201909575217085
0.5,5.0,2,148,2,1,1,2,0,101.84463535831685,14.38338025085075,1.7333277692368199,10.349269733026334,-1.5825572181875862,-1.3036911852858994
0.5,5.0,2,149,2,1,2,2,1,92.83187780369292,11.023623179292766,-1.8096650954448175,9.865091890056702,2.3097253917725826,-9.23890971116155
0.5,5.0,2,150,2,1,2,2,1,85.83696553895922,5.713385964579676,-0.920514009721728,9.490780193122328,2.536247779499595,-9.629771724663247
0.5,5.0,2,151,4,0,2,2,1,128.24349432823306,7.937117338695882,-1.3121304450474625,-1.3685537015379179,1.6639171923822156,5.401436835402246
0.5,5.0,2,152,2,1,2,2,1,15.880028806588822,2.393106096225094,1.4067542761213043,4.189614769496295,2.8161599265213915,-4.017963541590649
0.5,5.0,2,153,2,1,2,2,1,43.75081524814544,9.843608740012046,-1.5157834241791783,7.26543298399359,0.5525739585974356,-2.5240560740423046
0.5,5.0,2,154,2,1,2,2,1,63.622828837880434,5.163951035784269,-1.7213531980791346,8.310492481178416,-2.0672485027826015,1.6976800059503183
0.5,5.0,2,155,2,1,2,2,1,34.95120489315572,8.371541272345437,-1.1246888847158947,3.2246416177501924,2.042519980487216,-1.914137778080445
0.5,5.0,2,156,2,1,2,2,1,40.93831212806877,6.161324306815429,-2.7890013069856745,2.923550085777981,0.9010023861950336,2.144611383924264
0.5,5.0,2,157,2,1,2,2,1,76.42159800550556,7.080559646705294,-3.2073393143685216,8.98895788446442,-0.6282637487939862,-2.2950976792699103
0.5,5.0,2,158,1,0,1,2,0,70.2732162768861,1.6440123102960598,7.083821333487722,1.4609436260510338,0.5823783996887588,4.312176361547502
0.5,5.0,2,159,2,1,1,2,0,35.93380931746154,2.5721967094948077,5.014130709568218,6.857109282279035,0.6233785606709042,-3.0901438816913234
0.5,5.0,2,160,1,0,1,2,0,6.107489157110585,5.16377678476025,6.087813164739443,5.313351307273778,4.979508725989786,-10.29223469846346
0.5,5.0,2,161,4,0,2,2,1,16.094360360571788,5.30289050058581,-5.851379016062435,5.827754511646959,-5.146452015770922,12.874984435579675
0.5,5.0,2,162,2,1,1,2,0,77.39110177277702,1.4144589114330741,1.5161902874011493,9.040524306657677,-0.7018672964223777,-2.6212777124468194
0.5,5.0,2,163,2,1,2,2,1,63.26061945488731,2.820180093532125,0.10396058298078328,8.29135326568916,0.9565602131585818,-5.591185695450438
0.5,5.0,2,164,2,1,2,2,1,11.791611696140945,6.089940614871707,-1.0787491562121827,5.605821422771083,3.412218772712413,-6.755156071137376
0.5,5.0,2,165,2,1,2,2,1,2.987348018258842,2.9623097779597583,-3.039038197946219,5.153152445436334,2.1785760365262083,-3.8577784652979097
0.5,5.0,2,166,2,1,2,2,1,18.87026446418245,6.727912744298643,-0.5682212765534689,5.971181358243695,-0.9817869705079594,2.3816511616178127
0.5,5.0,2,167,3,0,2,2,1,56.29185613257795,2.5192599053944584,-0.7375570070010962,2.1554283822356903,5.494756576297155,-6.895035724304832
0.5,5.0,2,168,2,1,2,2,1,11.931195727186827,0.27320875412360934,1.2085821384203996,4.390544369656832,4.027068180341818,-6.917233883069421
0.5,5.0,2,169,4,0,2,2,1,0.36135734856195123,2.8349292888842186,-2.104977505388809,4.981489413241334,-2.9671457808051795,7.772655056482105
0.5,5.0,2,170,2,1,1,2,0,3.781658397082477,4.964545735889332,4.462860234778389,5.19391195699524,-0.5457130732959674,1.4998817281323307
0.5,5.0,2,171,2,1,2,2,1,188.85520300153317,11.908306695975275,-5.003183896942058,15.134742194015166,-4.558337280593598,-0.48193702288564066
0.5,5.0,2,172,2,1,2,2,1,24.788948318385174,5.842737186450636,0.6589841589667333,6.277640381301975,2.3982332595708185,-5.517065445203039
0.5,5.0,2,173,4,0,2,2,1,168.5919236732424,9.82912670275585,0.25276679646339223,-3.2912316818123024,2.3409467497112617,6.561143927911021
0.5,5.0,2,174,4,0,2,2,1,42.631694791697704,5.761003390340136,-8.039848774547329,2.8385493371340695,-0.01664535669387277,4.356883606664092
0.5,5.0,2,175,2,1,2,2,1,85.30253170643799,0.2510927579672374,-2.8385803716579785,9.462234068779637,-2.1124715764219837,-0.09702798419483075
0.5,5.0,2,176,2,1,1,2,0,35.21105401880074,5.730726455544296,0.47706984062062596,6.819434529259525,-2.020006372049587,3.606986891790634
0.5,5.0,2,177,4,0,2,2,1,74.27939597066067,3.7287737457399492,-5.88039069198095,8.875103891079162,-5.7994196009775,10.078808349936054
0.5,5.0,2,178,4,0,1,2,0,76.5268450246539,6.21047765351932,1.5889801991261288,1.1518422842381977,0.3928324507136649,4.834313930944501
0.5,5.0,2,179,2,1,1,2,0,130.53988356814799,5.834825080063878,-2.032398864544793,11.905075713260583,-4.125816145257542,1.095000732894873
0.5,5.0,2,180,4,0,2,2,1,23.505643551915703,23.33891742893803,-3.0087377728315827,3.802692331604373,-1.9142901834333557,9.015018966812233
0.5,5.0,2,181,3,0,2,2,1,60.330010845983836,5.860779719093494,0.6730932637509388,1.954357619825994,2.233555219954506,-0.4406568431737961
0.5,5.0,2,182,3,0,1,2,0,5.478001092810855,0.564512976437036,3.0980568535673534,4.719738496631035,4.729804691998637,-8.698014389537521
0.5,5.0,2,183,4,0,2,2,1,77.72119797928534,1.2163625138317675,-0.8802892394135339,1.0929155689293606,-3.0275983356439387,13.874464682997925
0.5,5.0,2,184,1,0,1,2,0,51.74906459938973,11.730508933466956,5.496795088538008,2.3821004039535305,2.6247619628806476,-2.307502449617576
0.5,5.0,2,185,2,1,1,2,0,26.277401694452834,0.7026634753252081,5.250744246085741,6.354849238501011,-0.6783716292048123,0.5933040184538458
0.5,5.0,2,186,2,1,1,2,0,94.54807478183045,7.105811376912028,1.8672742955739703,9.957124337904826,2.3161327624437384,-9.6298474565808
0.5,5.0,2,187,2,1,2,2,1,104.86176939993143,1.4008098973233887,-2.023349704283517,10.511830613094334,-1.5891341260034455,-2.4660630982563427
0.5,5.0,2,188,3,0,2,2,1,62.05874392197227,16.992195775622548,1.572142651202214,1.8684002984957204,2.788730522820836,0.20907219919135286
0.5,5.0,2,189,2,1,2,2,1,91.77858036487554,6.7446137808158255,-2.064984493005575,9.808646114768889,-0.37143994781836276,-3.892184258465951
0.5,5.0,2,190,3,0,2,2,1,140.40043603289936,6.576315522685111,2.1250877472869116,-1.9518438834965852,7.003725413318322,-4.239331892584152
0.5,5.0,2,191,2,1,2,2,1,19.673555334731326,7.195704249212053,-0.6057300786389865,3.996951915986867,2.7051852928202833,-3.1801150000189633
0.5,5.0,2,192,2,1,2,2,1,1.92243290007728,6.690172199862974,-0.41339178757995376,5.098531809773614,-1.4203781324600475,4.601969730371165
0.5,5.0,2,193,2,1,2,2,1,76.47883545879716,17.329589522451837,-3.0405128408687645,8.992001579568447,-3.0751274929454757,4.159721955473302
0.5,5.0,2,194,2,1,2,2,1,81.71111796090368,10.455469829664215,-6.585741165769386,9.270596088343806,-0.3295926533059492,-3.049203805919063
0.5,5.0,2,195,2,1,1,2,0,32.32557367283847,4.665788368090799,2.701383415686224,6.669156668587832,-0.25812577740437126,-0.3563332822125625
0.5,5.0,2,196,3,0,1,2,0,59.882305575231925,3.201342440990755,3.6977821115077294,1.9766305683333496,3.9089478905898796,-3.853217085058136
0.5,5.0,2,197,2,1,2,2,1,167.62246361796682,6.603503938895914,-2.9341568980295234,13.948161961428257,-4.538117888311483,0.502102196333938
0.5,5.0,2,198,2,1,2,2,1,1.4257945558559026,0.3536011036867405,-2.372379499198506,4.926982412221254,1.8278436808212086,-3.014556268983967
0.5,5.0,2,199,2,1,2,2,1,4.262883007234518,13.427978986465968,-2.504965773509101,4.781840849873585,2.044864886892297,-2.3177975215371154
0.5,5.0,3,0,3,1,2,2,1,2.896617880190379,73.2751251119037,-4.92341578757931,0.9914653881035536,4.851712024749806,1.2614293511173944
0.5,5.0,3,1,3,1,2,2,1,11.377406760772274,81.75533895433789,-3.382435678178931,3.7504254410690696,5.584481564787454,-3.3511335112043974
0.5,5.0,3,2,2,0,2,2,1,7.804379988433289,80.37422945952429,-0.1569633457908239,7.567207347775684,4.600944408159699,-6.223702725130067
0.5,5.0,3,3,3,1,2,2,1,29.290732372297324,82.6723367193846,0.24666926965885894,-2.02564256632478,6.511328093539967,2.6851658597207297
0.5,5.0,3,4,2,0,2,2,1,23.168931422057607,84.39039965252158,-5.024772110894013,4.99758898722112,3.8197466879511937,-1.0641519124127121
0.5,5.0,3,5,3,1,2,2,1,115.56376907974246,85.61628335583558,2.4388356480539097,-5.722514427788541,11.090379841608328,-1.253982589204745
0.5,5.0,3,6,1,0,1,2,0,32.59619480578877,82.27819850490663,4.633393921339998,4.5479200351643225,3.343316268919848,0.3991793194577965
0.5,5.0,3,7,2,0,2,2,1,73.79415646484678,91.96681956673707,-7.515818986981309,14.5015328921245,1.2867962856636448,-6.724983663934826
0.5,5.0,3,8,3,1,2,2,1,54.5047793442757,77.82364511886061,-3.757676989402982,-4.757974670120623,7.829720568169001,3.4966215541990127
0.5,5.0,3,9,2,0,2,2,1,0.3843733224994384,68.33776016728562,-0.42240795623964283,6.4120364440278355,4.980310526921458,-6.447441171815694
0.5,5.0,3,10,3,1,2,2,1,28.98970767229855,82.87549955335744,-1.130479687803844,-0.8922491174987283,6.495685876069092,1.107041389190117
0.5,5.0,3,11,3,1,2,2,1,59.3586624830026,81.82730750928603,3.14578994269817,2.3302465060947783,8.085387422918464,-6.538492535885131
0.5,5.0,3,12,3,1,2,2,1,1.8765194221472492,86.43109069499992,0.8524351058327153,0.1417561624382334,5.096177496474606,2.9536979764625753
0.5,5.0,3,13,3,1,2,2,1,105.03407608759179,87.94011817918002,4.671116366257038,-4.901654016109062,10.521121591307791,-1.1248411545980317
0.5,5.0,3,14,2,0,2,2,1,113.33446016518965,82.66024042696246,-0.23202467819202038,9.116106780711293,-0.6484787426870633,3.416771134796425
0.5,5.0,3,15,3,1,2,2,1,4.509059534766949,89.42102617697697,-1.767199471520175,0.2750656799859444,4.7692562658835325,3.7253780815961957
0.5,5.0,3,16,2,0,2,2,1,35.26168904749684,89.82326607156219,1.5326931126806294,3.688497116926342,3.2090057420387805,2.4467269871981534
0.5,5.0,3,17,3,1,2,2,1,156.7980359930295,84.4082519453025,1.3634016473237345,-2.580202987843434,13.347958854586478,-9.913311115056205
0.5,5.0,3,18,3,1,2,2,1,59.24171979093188,79.43198545627195,0.2744915260152207,0.7412882873427287,8.079220621541996,-4.647131491600681
0.5,5.0,3,19,2,0,2,2,1,22.6379364061856,77.98595665325445,-0.3570466182946263,6.384365109485015,6.166162392182555,-8.073571955715048
0.5,5.0,3,20,1,0,1,2,0,87.8780809405506,73.84039301512323,10.403933581090397,0.47717357502382746,9.599872382212329,-7.661914122092944
0.5,5.0,3,21,2,0,2,2,1,41.00244905860488,88.10266573610386,-0.9479711585535358,7.471436955208623,2.920329399568629,-2.0400005935287826
0.5,5.0,3,22,3,1,2,2,1,73.397182093999,78.88473858009827,5.225401908191616,-0.49195411481007323,8.828250472663322,-4.53966910065529
0.5,5.0,3,23,2,0,2,2,1,10.139286414738036,76.27392602091683,-0.26879052259397046,4.778260169770188,4.481850372025763,-2.794910139557507
0.5,5.0,3,24,3,1,2,2,1,29.281905920878597,78.90427812111176,1.2488838140276814,3.6885753049693224,6.510869409869212,-5.363547867572311
0.5,5.0,3,25,3,1,2,2,1,0.31984518928988465,83.72611639950736,-3.6722070838746013,0.49900682389820133,4.9836157141827,2.4812108604234533
0.5,5.0,3,26,3,1,2,2,1,23.8141164266002,78.96071802998247,-5.089025517738067,-1.5429978176524377,6.227104407851254,2.3115045166156802
0.5,5.0,3,27,4,0,2,2,1,85.46443999733454,86.29785140885762,-4.710670155213782,1.617882012016214,0.7117130832387116,11.03384046721152
0.5,5.0,3,28,2,0,2,2,1,0.6919271829102458,78.32761630420332,-7.503817406432871,7.3154812554495106,4.9645587797901864,-6.795564191754234
0.5,5.0,3,29,3,1,2,2,1,0.47012758257439335,82.17527965872567,-3.8133288056430743,2.3455415024257116,4.975918279959024,-0.18044190963064233
0.5,5.0,3,30,3,1,2,2,1,116.31655174941228,82.97585000534309,-5.231202904724244,4.53273867101893,11.131189043432897,-14.69113392566152
0.5,5.0,3,31,3,1,2,2,1,52.491579672017586,89.4832210436625,-1.5173632928232015,6.28698280290709,7.723857534250733,-10.137663922952584
0.5,5.0,3,32,3,1,2,2,1,22.640530269480056,80.36514388768333,-3.9467331281566347,2.2582047113208956,3.846515677862842,2.260479779339064
0.5,5.0,3,33,4,0,2,2,1,62.240781572467874,96.93970869926275,-4.288845021429126,1.4572261172134882,1.8593531087023867,9.363493079009107
0.5,5.0,3,34,3,1,2,2,1,78.8526402359059,84.04932846085666,-10.25483257924081,-0.7654644306573546,9.118307418478128,-4.3657392873980045
0.5,5.0,3,35,3,1,2,2,1,40.98760278254159,73.77375517304942,0.20048641225774141,0.5989797289717722,7.120917750388313,-2.946179028413908
0.5,5.0,3,36,4,0,2,2,1,21.05677637957082,79.3075182117132,-2.5726385898301793,-4.956842632018406,6.084292028926301,7.8059121444832
0.5,5.0,3,37,3,1,2,2,1,97.67783366593149,93.10853709775463,-4.117005299230959,-0.7424558467293773,10.12515872370995,-5.7019118506148185
0.5,5.0,3,38,3,1,2,2,1,111.35167760418734,82.19597853570801,0.8083987487458529,-4.873003334598155,10.86231394665685,-2.2808219140428703
0.5,5.0,3,39,4,0,2,2,1,30.495660080233964,74.26259606344149,1.4494314265843382,1.5465362069690216,3.44928240586772,3.664958028999436
0.5,5.0,3,40,3,1,2,2,1,47.18962563632057,76.93179547852701,3.615488800728766,-0.6080452085714444,7.445554121284846,-1.738254766352925
0.5,5.0,3,41,3,1,2,2,1,8.879809275319676,91.43508435799795,-3.9105344806783493,1.86694629934765,4.546074300611778,2.1272949933648873
0.5,5.0,3,42,2,0,2,2,1,81.30032359189494,83.82431710670286,-4.801630853043921,8.41881444852676,0.9165349747074303,0.8237400440794626
0.5,5.0,3,43,3,1,2,2,1,8.819931868434967,80.90798802514001,-1.4283140047942062,2.9642230606211086,4.549128584048652,-0.19775818396120431
0.5,5.0,3,44,3,1,2,2,1,15.518010986199027,92.14176041448461,-0.24796996515399722,4.87735991682113,5.79799973970295,-4.465259315532154
0.5,5.0,3,45,4,0,2,2,1,27.354030193852758,80.01015242361419,-3.4496059422017598,-4.106671853030667,3.607971714781618,12.358939582004785
0.5,5.0,3,46,3,1,2,2,1,95.84207108753489,74.83121095311772,0.8018040735169599,-1.7605540436538683,10.026566908799186,-5.48404482167457
0.5,5.0,3,47,3,1,2,2,1,4.206262128886881,73.8448449443244,-2.2836375312763764,0.3501637302903382,4.784735532166265,2.352789510849904
0.5,5.0,3,48,3,1,2,2,1,29.790337267200304,89.49429724523085,-2.9809255065925924,4.61270505635499,6.5372942516122885,-5.812182869365394
0.5,5.0,3,49,4,0,2,2,1,63.99529555955243,84.97702153637069,-5.481139374197939,3.3074951334528437,1.7721957307183525,5.882024430342688
0.5,5.0,3,50,3,1,2,2,1,18.252041060236003,80.58561283273649,-1.5598011716178004,-0.9255427330878597,5.939221856470104,2.1752548709327666
0.5,5.0,3,51,3,1,2,2,1,15.061234306511151,74.2928155433608,1.2241600304151552,-0.45101088383845395,5.774424003327884,1.3647623957357655
0.5,5.0,3,52,4,0,2,2,1,60.6204632319952,93.12282987183261,-1.2349594093236778,0.9624416916432242,1.9399104676120924,9.590805903260964
0.5,5.0,3,53,3,1,2,2,1,84.5769890816396,91.15291905093112,-4.554185901464258,2.083338306532579,9.423492013858093,-8.131034816087599
0.5,5.0,3,54,4,0,2,2,1,5.655076092733297,86.53186038466865,-1.5812691996391244,-1.7801622136598878,5.290107732615313,5.333095148014102
0.5,5.0,3,55,3,1,2,2,1,15.451373118336415,77.98124391254255,-3.248743787003576,0.11640118169939342,5.794560014335922,0.8102245662712368
0.5,5.0,3,56,3,1,2,2,1,6.088803680676159,91.5563147304577,-5.855838015518179,2.5513033817140367,4.688535451007536,0.8817539604099943
0.5,5.0,3,57,3,1,2,2,1,82.06522682858582,80.69021456615664,1.1151271216368017,-5.773236732318899,9.28947643271398,2.138667471953076
0.5,5.0,3,58,3,1,2,2,1,117.52369710587736,77.76780211241866,2.4423276129665035,-6.444650697222862,11.19666105851401,-1.0061974460144663
0.5,5.0,3,59,2,0,1,2,0,23.690309484413277,78.37913419371726,3.5684529222344663,5.2278027791080985,3.7933402536931204,-1.7638306009419427
0.5,5.0,3,60,2,0,2,2,1,85.21658940769623,76.0620636562588,-8.402095637938036,5.880748220303149,0.7238925557148994,4.025323769764739
0.5,5.0,3,61,3,1,2,2,1,13.741240480760714,77.23079138482706,1.8143754666000704,-0.2157676455511039,5.706324333378657,1.407814806412003
0.5,5.0,3,62,2,0,2,2,1,105.37271114092452,74.84018265461089,-1.6967503781057336,9.389118359005584,-0.26179218362135565,1.5499417788608856
0.5,5.0,3,63,3,1,2,2,1,50.81526717558158,88.30900776784856,-6.14759963858728,2.182072021569986,7.635788837117766,-4.993962789381898
0.5,5.0,3,64,3,1,2,2,1,92.14253654930181,92.1412108795614,-4.066787460543652,-0.2621347562639546,9.82814709671512,-5.830595866946293
0.5,5.0,3,65,3,1,2,2,1,70.26844157057074,91.43470751141919,-1.1236254067047797,-0.560627115580625,8.662248963175694,-3.190294937529804
0.5,5.0,3,66,3,1,2,2,1,104.42878085262035,81.60177436499599,3.5642485894132174,-5.4941952566394905,10.488486811203282,-0.6802159759047609
0.5,5.0,3,67,3,1,2,2,1,27.625616321634165,85.71409790602988,3.768492438272897,0.8431443470177845,6.424832061423974,-0.9391088264643238
0.5,5.0,3,68,3,1,2,2,1,36.57919311527152,81.08215251007957,-3.5780475857365475,-0.96984345227036,6.890762154547879,0.2389660144221193
0.5,5.0,3,69,3,1,2,2,1,109.23834407190404,73.42092608109522,-2.616928223322167,-3.7183755785426915,10.748062848924675,-4.327048743851433
0.5,5.0,3,70,3,1,2,2,1,49.53184501572709,74.48088705077588,-1.3441847994990648,2.941839467856018,7.568410150053856,-6.828426261695234
0.5,5.0,3,71,4,0,2,2,1,78.75447113922954,86.47610477316009,-2.398292134277081,3.8663158520613847,1.0419638684640444,6.932072021016765
0.5,5.0,3,72,3,1,2,2,1,15.376813648451815,85.03075413934431,-4.819487953246542,1.0140261041769723,5.79071152286499,0.11646139813342958
0.5,5.0,3,73,4,0,2,2,1,42.21666995643576,87.00090265234797,-8.274765638877964,3.0815932943905433,2.8593753569946747,3.854760085764439
0.5,5.0,3,74,2,0,2,2,1,17.91942238133015,89.1011416565289,-3.7642454010381416,6.181168677421859,4.085995217631789,-2.8026013699431243
0.5,5.0,3,75,3,1,2,2,1,11.07186924334571,90.86611824418222,-5.296354107979478,2.4424327124490453,5.568743021004137,-0.9091457185721346
0.5,5.0,3,76,3,1,2,2,1,103.98610527292482,69.57185238434027,3.3541544076471377,-2.2935683482806253,10.464625848011293,-5.9959878426770095
0.5,5.0,3,77,2,0,2,2,1,9.3973388400912,87.63171354111047,-2.747843775600569,4.525397386423211,4.51967938094687,-1.6942838234073079
0.5,5.0,3,78,2,0,2,2,1,63.1145740510418,75.76218552329783,-6.243004582162023,8.459616172694288,1.8159371972059646,-1.8314596119163
0.5,5.0,3,79,2,0,2,2,1,79.21268196795425,92.65208869664262,-2.9862319885568773,9.270775220716066,1.0193772684168851,0.1807336210980154
0.5,5.0,3,80,4,0,2,2,1,39.979439707770354,74.81654338854514,-6.312849128639248,-1.5751782014660747,2.9717126340824107,9.44237198574751
0.5,5.0,3,81,3,1,2,2,1,60.44397908948745,82.13316905179096,-3.637086026259958,-1.8626315010605103,8.142636791594535,-1.0396030341097833
0.5,5.0,3,82,3,1,2,2,1,118.79890059869481,78.68593558813309,0.767849268932211,-0.8282739759466428,11.26586624290192,-8.770345961267404
0.5,5.0,3,83,2,0,2,2,1,0.31711854746865686,84.36514385795557,-0.6721308562719935,6.007527395193592,4.9837553774462355,-4.79464822962881
0.5,5.0,3,84,3,1,2,2,1,36.43625819209846,70.81023305218766,-6.188862102064428,2.7676090964315248,3.1498762666092603,2.3557070221365923
0.5,5.0,3,85,4,0,2,2,1,33.521107967691435,93.434495802506,-6.374209997387019,1.4060504482638805,3.2966913976911476,5.756016129665924
0.5,5.0,3,86,3,1,2,2,1,93.29736466209722,96.38609629060757,1.119011392045636,-4.642657895646325,9.890046382719621,0.430175153712189
0.5,5.0,3,87,2,0,2,2,1,53.81292371080042,81.20392530389914,-2.313782058958592,7.624595096258591,2.2790575873870207,-1.3707618623273683
0.5,5.0,3,88,3,1,2,2,1,2.3656511393887643,78.19903464460022,-1.75046845453856,2.6386790388114876,4.878878380209211,-0.6727769396618881
0.5,5.0,3,89,3,1,2,2,1,13.511898361057861,85.38039730866663,-3.863719756768691,3.859493229339501,4.310066557820245,-0.5399317191392772
0.5,5.0,3,90,3,1,2,2,1,13.021060473850982,92.3082278887159,2.560807785513579,0.5773518684820637,5.669188086234624,1.5457879552096936
0.5,5.0,3,91,3,1,2,2,1,22.06895170823845,79.23479126875718,-5.394787968667241,1.1480797485636975,6.136693846396323,-1.2399689272921772
0.5,5.0,3,92,1,0,1,2,0,10.745585125605258,82.7167943929388,5.0506212063138305,4.220397530097072,4.450947734633452,-1.521525917484027
0.5,5.0,3,93,3,1,2,2,1,115.98172946649258,77.1764725194344,5.676239734569722,0.9911322405033532,11.113036097214204,-10.87360952790635
0.5,5.0,3,94,3,1,2,2,1,3.9476215612612675,87.45609653841406,0.5243261987579563,3.5821093050010195,4.797959273579054,-1.0568289394207282
0.5,5.0,3,95,3,1,2,2,1,142.68199910763232,86.5313601337875,0.43935103433936146,-7.0881213019454155,12.569986648709342,-2.1215638374310593
0.5,5.0,3,96,3,1,2,2,1,52.936773065387634,84.36047928866932,-1.0179114775982605,-2.4642940684903905,7.747258838046626,0.8077407371175198
0.5,5.0,3,97,3,1,2,2,1,43.42872369604316,80.64496849515896,-4.019658686798685,-3.507094224419058,7.248577653216241,3.105176676133169
0.5,5.0,3,98,3,1,2,2,1,53.28788777743451,76.57664457706838,5.149157445148665,-2.81406677010265,7.765718542212791,0.6689023879407329
0.5,5.0,3,99,2,0,2,2,1,38.7786976826475,82.93186929124926,-0.023974880739966616,8.626598802228832,3.032055668722145,-4.10095000674766
0.5,5.0,3,100,4,0,2,2,1,57.99758442670719,83.49769617983753,-1.6991959081787453,3.9149626585439052,2.070447178429723,4.2142238843938955
0.5,5.0,3,101,3,1,2,2,1,21.353754500162218,77.52022944713791,-0.4392931437496303,-1.7602312072212554,6.099664344114963,2.789161962925627
0.5,5.0,3,102,3,1,2,2,1,126.7245688400492,83.72278084698576,3.180318253278925,3.4136588560230727,11.69695836802692,-14.343081084783401
0.5,5.0,3,103,3,1,2,2,1,50.54620767191872,86.14602140675206,-1.2228042103380572,5.474292317679864,7.621659922243322,-9.212842363909598
0.5,5.0,3,104,3,1,2,2,1,71.9500909831328,78.53413967269731,1.79504345625694,-1.6607798361241952,8.751440696858785,-2.8310755935547554
0.5,5.0,3,105,4,0,2,2,1,74.99747003255077,77.66028584553604,-4.477134781363769,4.013109606491501,1.2273483953625086,5.566852301794593
0.5,5.0,3,106,3,1,2,2,1,42.670417739999245,81.05311853241447,1.2762053891172525,0.2046680141846253,7.2089053010576025,-2.0502606878432275
0.5,5.0,3,107,3,1,2,2,1,81.3293065442338,88.8278825740632,-4.0839807051726345,2.3903122062552464,9.250242356384627,-8.350044266050983
0.5,5.0,3,108,3,1,2,2,1,17.75242842730837,79.55304375918809,0.1361821466843481,2.2472606099936447,4.0944761386548505,1.6636658408184184
0.5,5.0,3,109,3,1,2,2,1,72.43630581099431,79.42730727580384,-2.7619471317963757,0.3702316294363809,8.777242319036553,-5.536487531494666
0.5,5.0,3,110,3,1,2,2,1,10.492582754255457,83.57868806558045,2.496564874892238,2.678981374551655,4.463841983885819,0.5770170845984114
0.5,5.0,3,111,3,1,2,2,1,9.751763225632661,82.11483233102487,0.9373574829973428,0.6689534766849191,4.501606957495712,3.177603376191953
0.5,5.0,3,112,3,1,2,2,1,34.093214526271865,88.68925398820042,-0.21137023595031718,2.4253809369280432,6.761191550654103,-3.5242273474932313
0.5,5.0,3,113,3,1,2,2,1,12.775492425839023,84.78067399332362,-7.61232257798939,0.5611473270563527,4.347551237504498,3.8891390435910447
0.5,5.0,3,114,3,1,2,2,1,121.72204365659366,85.46911073133994,-1.350057262628976,1.0634496039848773,11.424667536747652,-10.956224401213133
0.5,5.0,3,115,2,0,2,2,1,73.0789955852826,80.5414953122882,-6.198237552272599,6.658348229662114,1.3221442684494586,1.9583959837112415
0.5,5.0,3,116,3,1,2,2,1,101.35197172938138,92.01243405809285,-4.513279201299052,1.612853134645525,10.322748112951356,-9.16847015366139
0.5,5.0,3,117,3,1,2,2,1,9.885404343996688,85.48121387294387,-3.912301222230853,4.799989704681557,5.507649264629206,-4.263310819378387
0.5,5.0,3,118,2,0,2,2,1,0.9071807832225719,85.46527247307044,-7.874835557793671,5.796650973744818,4.953535709342391,-4.387026495959099
0.5,5.0,3,119,4,0,2,2,1,47.94852287202316,75.40934827585578,0.16185543544074488,2.0529624921681577,2.572122688844012,5.037117193339808
0.5,5.0,3,120,3,1,2,2,1,38.214334478580156,89.4560311187178,-6.664862211903944,1.081584397375659,6.976072363746089,-2.1232289412368077
0.5,5.0,3,121,3,1,2,2,1,65.15390063155498,93.99518740331268,-4.816136700435934,2.9494492083161,8.39143199427474,-7.041671141021337
0.5,5.0,3,122,2,0,2,2,1,180.98323761573317,89.66597046139006,-4.440966704075406,11.860996373928927,-3.874144139577208,8.199161295874264
0.5,5.0,3,123,2,0,2,2,1,76.71126851365723,84.00421164162395,-5.924180170520335,10.458410956312452,1.1427409980372034,-2.233460274802261
0.5,5.0,3,124,3,1,2,2,1,123.5945573584368,80.25021257405511,-0.3333149372192786,-3.55192048503091,11.526511908151482,-5.557049984828341
0.5,5.0,3,125,3,1,2,2,1,19.262433054202287,78.95197703871534,3.14471214221858,-1.4562306178090612,5.991459792148824,2.696486376485886
0.5,5.0,3,126,3,1,2,2,1,3.2774054585750556,85.68139579949978,-6.6106019142002825,2.94075182459416,5.168034720173423,-1.1220397573818306
0.5,5.0,3,127,3,1,2,2,1,154.04741157279722,77.88622620885577,-2.5320409185183723,-3.7130379941471876,13.19594404801607,-8.618213350588691
0.5,5.0,3,128,3,1,2,2,1,121.62584042541644,84.86672203932359,3.8260702821563832,-4.345041703177351,11.419437640263268,-3.921707379885738
0.5,5.0,3,129,3,1,2,2,1,66.39350069256754,70.00080154636753,-3.7501177167429027,-1.7754229507042463,8.457007275262987,-2.715374358539107
0.5,5.0,3,130,3,1,2,2,1,26.239141506779745,82.55575614176372,0.862516155969185,1.2930404416697105,6.352863908898687,-1.6377482212052936
0.5,5.0,3,131,4,0,2,2,1,65.92936258676369,81.39928097467966,-2.2818084999873007,3.012751836809298,1.6762052750278706,6.236594643698574
0.5,5.0,3,132,4,0,2,2,1,69.4177688324792,72.30685225393327,1.7807220422866854,2.7392917447866423,1.503299646037782,6.294254262444065
0.5,5.0,3,133,3,1,2,2,1,14.293394219407265,85.24730181474166,-7.0009025770265065,4.057310251613277,4.270301429468286,-0.7267836209741718
0.5,5.0,3,134,3,1,2,2,1,9.224856968487313,90.45474448120349,-7.746907278119812,3.6688754140223017,5.4736515114246185,-2.366119497804201
0.5,5.0,3,135,3,1,2,2,1,127.56025412064427,79.60324313114029,4.471691027224022,-1.5969897502481185,11.74251010269167,-8.598765746647508
0.5,5.0,3,136,3,1,2,2,1,55.25854120167294,81.25453021916354,-5.0407686311237665,2.2355258386024985,7.869383496677959,-6.035470221286198
0.5,5.0,3,137,3,1,2,2,1,132.20324357156733,89.77412950992806,2.727301901153539,-0.7503404082158949,11.9959298190496,-9.435476331478124
0.5,5.0,3,138,3,1,2,2,1,98.93061646564053,83.38921441265123,-1.3158764982082731,-1.307300634086955,10.192491627398677,-5.787765581359652
0.5,5.0,3,139,3,1,2,2,1,71.75207026706916,76.93805774947457,3.8786301481131193,0.3081479591352839,8.740934223934381,-5.565823709696402
0.5,5.0,3,140,3,1,2,2,1,61.441663936080836,78.34596920921597,-4.114789533223392,-1.573499631281397,8.195290421371125,-1.8366981806371852
0.5,5.0,3,141,3,1,2,2,1,137.91544789921628,86.60973313945,1.1746517465511739,-3.15262106313716,12.308497148122427,-7.11179845606983
0.5,5.0,3,142,2,0,2,2,1,27.638441592103344,91.35669617678407,-4.448410558764036,3.9616098914706854,3.5935955740128906,1.3418933303882894
0.5,5.0,3,143,3,1,2,2,1,79.66867646169969,80.72856661208769,2.4107865131419497,-0.49956418607151026,9.161761022039643,-5.050494925534859
0.5,5.0,3,144,3,1,2,2,1,52.6278843945187,84.35530977155284,-5.459060648828952,-1.3865718897379122,7.731021764256828,-0.6852043309355165
0.5,5.0,3,145,3,1,2,2,1,144.78215400261962,92.35906604485517,-1.9649150314866568,-1.9635634703315357,12.685392743158683,-8.958364962558898
0.5,5.0,3,146,3,1,2,2,1,147.84595407177534,92.79298991909148,0.9119903456316282,-1.8276737374056162,12.853964558238818,-9.40910348851965
0.5,5.0,3,147,3,1,2,2,1,20.68400520809858,75.17781508855573,1.48155427422566,5.499792553119407,6.064999632066319,-7.002159290923611
0.5,5.0,3,148,3,1,2,2,1,65.7077027639579,88.91799778484305,-0.6694921546047556,-0.730091742079095,8.420723421400817,-2.6613173940924497
0.5,5.0,3,149,3,1,2,2,1,7.806979951460972,82.58266355601971,-3.819139887386798,2.085464575296749,4.600811719202242,1.0154107615087324
0.5,5.0,3,150,3,1,2,2,1,27.97313851390401,74.19362771296511,-1.2808232407757605,3.161103165660315,3.576680206219724,1.13254850844686
0.5,5.0,3,151,3,1,2,2,1,45.96497578379901,86.73663101071214,1.3429162409451385,0.27470430529253076,7.38137364686795,-2.0728481838326798
0.5,5.0,3,152,2,0,2,2,1,72.93494724589172,82.0466389617311,-7.4617284161315505,7.571516027065499,1.32926558300011,0.8588049072273807
0.5,5.0,3,153,3,1,1,2,0,175.28076008193858,74.54388377674302,9.592472749765141,-6.817870605373654,14.374725175876216,-6.808330814187355
0.5,5.0,3,154,3,1,2,2,1,2.676879471124333,80.3617653395708,-1.5376656805053295,4.454991545381111,5.137225250580599,-3.4393838501978635
0.5,5.0,3,155,3,1,2,2,1,21.60403894499236,91.90663613970754,-6.629737892401631,2.8570965977991434,3.899044746113525,2.2204954981930056
0.5,5.0,3,156,2,0,2,2,1,6.623911926014874,89.30397439837736,-2.973478916518589,6.075302098600414,4.661206915761019,-3.8536257377447205
0.5,5.0,3,157,3,1,2,2,1,27.623723464914047,86.52292492243926,-9.41853828392585,3.8573537104662186,6.4247337751675655,-4.848434974916156
0.5,5.0,3,158,3,1,2,2,1,0.4030039739428612,90.80444368065011,-3.9823245035572836,3.1129340312156217,4.979356268064743,-0.5620199269549102
0.5,5.0,3,159,3,1,2,2,1,18.551830365950547,80.99578915356771,0.19535520350367755,0.562594876287363,5.954718475499495,0.07921195338527687
0.5,5.0,3,160,2,0,2,2,1,10.388735475657242,77.76035957845221,-1.8963889036168784,4.8079842631111545,4.469135014379902,-2.695369882551109
0.5,5.0,3,161,4,0,2,2,1,23.862342336947087,85.094879576157,1.3518488593396407,-1.2851941713974506,3.784628713746687,7.928836058601632
0.5,5.0,3,162,3,1,2,2,1,10.010827140596238,74.13437212951122,-3.194458849764144,1.8682995939115554,5.514105896042414,-1.291618292659667
0.5,5.0,3,163,3,1,2,2,1,56.19261286348303,82.82487940112135,-1.434377614614417,-3.9933771144884176,7.918554564296497,2.5560710385249172
0.5,5.0,3,164,3,1,2,2,1,26.927527204550596,82.81125092548868,-2.0550866753390236,-1.309931522459455,6.388590060879229,1.927809220440483
0.5,5.0,3,165,3,1,2,2,1,62.72488633026249,82.29374337217183,0.6721749673952503,1.7619678017426261,8.263051221652589,-6.12644581350342
0.5,5.0,3,166,4,0,2,2,1,79.48212716410514,99.08069135325701,-4.558250868486013,4.208174174405497,1.0060978558126068,7.565820246700852
0.5,5.0,3,167,3,1,1,2,0,90.16220264909163,82.06525403930004,6.3444235906562465,-2.4360829233233483,9.722081493658239,-3.4428989740476776
0.5,5.0,3,168,4,0,2,2,1,91.85481197841733,79.01028324788832,0.13742801833966728,3.8214434902929937,0.3981957617571313,7.92719418627605
0.5,5.0,3,169,3,1,2,2,1,2.3997238556472613,80.06892423232952,-4.235399978973393,1.9888704012563239,4.877134874152505,0.3554837158694246
0.5,5.0,3,170,3,1,2,2,1,51.60718983238743,83.6251020132966,0.18948209737357652,4.203274312516921,7.6773852279226285,-7.956962980534193
0.5,5.0,3,171,3,1,2,2,1,117.22460715316481,90.77329524411606,0.23363086176358835,-0.9418568947967427,11.18043570517869,-7.613968866566815
0.5,5.0,3,172,3,1,2,2,1,50.16860618941431,92.26939227230247,0.9438595828195904,1.8802920035272324,7.601834353661692,-4.245817431078547
0.5,5.0,3,173,3,1,2,2,1,47.27232035214382,84.32473060307774,-0.37505795525743374,0.4409608559832005,7.449889302436075,-2.6182406080696774
0.5,5.0,3,174,3,1,2,2,1,75.41472634874154,72.31601127612385,0.7384931420583958,-4.60752019749092,8.935429735555752,0.49780985151333806
0.5,5.0,3,175,3,1,2,2,1,31.914290887773884,76.02906673711686,-1.790128598587547,-2.6012265440102325,6.6477539914817445,2.706646973879511
0.5,5.0,3,176,4,0,2,2,1,86.01730948127806,81.17309378524335,-5.0959914223165015,3.6045564612116365,0.6845501723531368,7.728751841145567
0.5,5.0,3,177,4,0,2,2,1,114.60963292268917,83.52354783978073,-7.59230328131359,6.430744606836443,-0.7102719494709425,7.281714729915293
0.5,5.0,3,178,3,1,2,2,1,15.888057977930782,83.09579158247404,-2.484410003845313,1.7838054195883621,5.8171029263967355,-1.1367126195518338
0.5,5.0,3,179,3,1,2,2,1,105.79228484631999,82.827157063269,4.865633101331398,-4.899110056074829,10.562014376583127,-1.5976316589274804
0.5,5.0,3,180,3,1,2,2,1,18.482025756726742,82.44389744515424,-1.624593744092386,3.7618703680221617,4.057428041829643,-0.09029553886042595
0.5,5.0,3,181,2,0,2,2,1,13.918705883893507,78.57884907786085,-6.95712112156658,8.000775503675959,4.289364935632418,-6.245578842694945
0.5,5.0,3,182,3,1,2,2,1,25.787715792853945,78.33201072157068,-9.038989125677457,3.6803546226280295,6.329442126807372,-5.028837313179797
0.5,5.0,3,183,3,1,2,2,1,17.560629771523008,84.01997349657613,-0.17595361259549255,2.131194596141977,4.1042176388376,2.15225610246658
0.5,5.0,3,184,3,1,2,2,1,27.69386749649756,89.17008370711372,-4.118237234417239,-1.1933007941115499,6.428376052467052,2.1726823729203337
0.5,5.0,3,185,2,0,2,2,1,26.537913087782037,74.66500174696893,-1.3923182007610588,5.3990997169260035,3.649235056811837,-1.957224982691799
0.5,5.0,3,186,3,1,2,2,1,85.22783821544876,84.17298741718086,1.401737312718508,1.1510949277911275,9.458245000855676,-7.516917751923499
0.5,5.0,3,187,2,0,2,2,1,109.52448290032518,90.96132122532376,-8.264189651854403,9.32816610542226,-0.4636230194198303,3.3651179979966064
0.5,5.0,3,188,3,1,2,2,1,111.56738733762064,77.16873759130765,-1.0760397320857578,0.05045933328511802,10.873982279647642,-9.26786187380098
0.5,5.0,3,189,3,1,2,2,1,27.771075396007713,85.92545113230123,-5.460535410803838,1.5245429065335758,6.432385270104048,-1.8595301226417065
0.5,5.0,3,190,3,1,2,2,1,92.15526428643093,84.47712615437483,-1.5781811439279911,2.238327179126496,9.82882911886863,-9.549620295149499
0.5,5.0,3,191,3,1,2,2,1,61.93298428745947,90.00950727146113,1.4667551102251584,0.646663092849572,8.221229673165489,-4.0290945898651005
0.5,5.0,3,192,2,0,2,2,1,90.69664636249726,98.3271670825852,-3.4276334138134383,14.658072290712326,0.4549438929818167,-4.693401910554602
0.5,5.0,3,193,3,1,2,2,1,99.44128176725323,87.77321840966722,2.5811672266887555,-3.43169583331866,10.219949996378775,-2.624747119520621
0.5,5.0,3,194,2,0,2,2,1,4.0207454001839755,83.06476186031985,-3.823666037624428,5.962051017872039,5.206183641584126,-5.284850720411269
0.5,5.0,3,195,4,0,2,2,1,15.72185341600706,78.45000110368612,-3.337353609443009,-2.1079561521375285,4.197655812513602,7.669274850909824
0.5,5.0,3,196,3,1,2,2,1,50.28056590501176,89.65521492883967,-7.6628477054337045,3.3603927363006143,7.607712299809869,-6.343197862730776
0.5,5.0,3,197,3,1,2,2,1,17.73492000703053,83.88293808410307,-0.11397793518914216,3.329145049537364,4.095365357752301,0.519541760684878
0.5,5.0,3,198,3,1,2,2,1,12.24669640008206,81.59149892936328,0.19753185109129082,5.026264016472671,5.629272380960311,-5.081453575878931
0.5,5.0,3,199,2,0,2,2,1,26.97669500309089,89.35460147653293,-7.214905499469864,6.149645740804701,3.6270479530879487,-1.770153447653552
0.5,5.0,4,0,4,1,1,2,0,52.01068622988871,30.233808726155342,-0.842874867856179,4.74670786143462,-3.7064139201848265,7.698585390510882
0.5,5.0,4,1,4,1,2,2,1,128.85737972578568,23.73897837605467,-2.0856708917667603,2.0547570535616684,-3.5499233197463487,11.81325093540857
0.5,5.0,4,2,4,1,2,2,1,84.65378647819271,27.221096786801084,-4.004334502288916,-2.0047103329901756,-0.2714323510376221,9.427592142507107
0.5,5.0,4,3,2,0,2,2,1,72.82940111145139,24.305698296742214,-0.15970301050058044,3.7112412374889368,-0.2574074942164086,1.3344837826205802
0.5,5.0,4,4,4,1,2,2,1,63.63058524550642,37.253378171365455,0.7494069954266671,-1.2313089097143828,-0.6412956108478407,8.310902368284122
0.5,5.0,4,5,4,1,2,2,1,7.7458951038268475,20.181461166706264,0.07898802257158269,1.1578508202625306,-0.32477352199834614,5.397570451317116
0.5,5.0,4,6,4,1,2,2,1,28.800691593976705,30.956825787586897,-0.878827948779346,1.2602596235408354,0.03705917156631746,3.534868060764371
0.5,5.0,4,7,4,1,2,2,1,4.826441310908653,26.39125600926365,-2.6625352499837267,3.970298372958285,-2.1414858778634995,5.24754835970007
0.5,5.0,4,8,2,0,1,2,0,193.97044433281965,31.54389411903245,0.2973260702897766,6.116877272349871,0.7082063745058489,-4.481317948828599
0.5,5.0,4,9,4,1,1,2,0,129.3538680546081,28.384778240686423,0.570727360745575,1.4144983790969685,-3.338528010057214,11.84033957531688
0.5,5.0,4,10,4,1,2,2,1,114.23873532436698,25.30162627959854,-1.1307276495086238,-4.73697189999525,0.9005530016000123,11.01858466004374
0.5,5.0,4,11,4,1,2,2,1,42.77625470498851,19.770808368967963,-1.202098074172955,4.627320224031939,-3.1009241363234787,7.214441500553387
0.5,5.0,4,12,3,0,2,2,1,63.20740858230918,36.28877448757192,0.7004942263714939,-5.548563636417601,5.015678893831044,1.8113256383461693
0.5,5.0,4,13,3,0,2,2,1,141.45313216502018,19.088390842873146,0.5544527176329048,1.207706150207756,2.9565558915178727,-2.002189679615118
0.5,5.0,4,14,3,0,2,2,1,170.5755644606378,40.98395909537427,0.3937967009065946,0.7567501123845752,3.1219378492346874,-3.3847832384703165
0.5,5.0,4,15,2,0,1,2,0,12.7315638971777,17.52682859406147,-0.15369012928865797,6.586471043991618,-3.504162192296444,5.654263805434928
0.5,5.0,4,16,4,1,2,2,1,53.60456032808371,25.654706918960628,-6.4969036493213,3.4938275994771892,-2.8707227326770264,7.782370177083352
0.5,5.0,4,17,1,0,1,2,0,83.63297571697926,37.215087483096305,6.847647795952984,-3.5604993125256836,4.101526516698259,0.8017467146443155
0.5,5.0,4,18,4,1,2,2,1,54.48399030091668,33.47361990744716,-2.5903642001648275,-4.314728443177596,1.6535273421353764,7.828626855955995
0.5,5.0,4,19,2,0,1,2,0,217.3762243532403,29.336244961722006,2.674642226889029,7.769217406568625,0.33535216772846155,-5.565909755734172
0.5,5.0,4,20,4,1,1,2,0,141.72475596193647,28.866889086848907,6.766423100341108,-4.170174638002917,-0.18671277301265202,12.51742418095875
0.5,5.0,4,21,4,1,2,2,1,194.84912652251043,32.175350321534076,-2.1232007942573023,-2.2888612814198197,-2.614073066500196,15.471940247948595
0.5,5.0,4,22,2,0,1,2,0,72.87381036199696,32.53776637646955,1.089046822767699,4.379941472250553,-0.9293515373543582,1.3322881570604161
0.5,5.0,4,23,2,0,2,2,1,53.968419761643794,41.18305572141693,-0.9160272254869902,3.7525173933409506,-1.257742210897552,2.2712982991213644
0.5,5.0,4,24,4,1,1,2,0,36.71524600427526,19.48270108393063,2.8568540785879026,-3.9078291490524504,2.2646068609195527,6.897857844583354
0.5,5.0,4,25,4,1,2,2,1,101.09132133148346,37.181033343905916,-3.5426173201323907,4.795520522587081,-4.977137167805677,10.308719067300153
0.5,5.0,4,26,4,1,2,2,1,70.20524064969173,23.691565252105068,-0.2867997995558028,-1.554302150159472,-0.12163973195690517,8.658898323867593
0.5,5.0,4,27,2,0,2,2,1,25.01592530020551,31.647647214151334,-7.247329124521178,4.061041743892475,-1.7354799975875852,3.726231525535331
0.5,5.0,4,28,1,0,1,2,0,18.16484005082099,23.229821388200694,5.51798365760685,-2.3827313025851415,2.3565202411383095,4.073532739613175
0.5,5.0,4,29,3,0,2,2,1,221.57509635937592,19.055572978336194,-5.911030465818615,0.9654884466103905,4.915888913239732,-5.759172853592984
0.5,5.0,4,30,3,0,2,2,1,94.18060397528963,31.25915399540196,-2.2299304170006713,-0.35699919925566276,2.4661766676880936,0.2843327483713889
0.5,5.0,4,31,3,0,2,2,1,85.70696637295899,22.812511854240984,-1.1351805130456005,-1.5392450169882481,3.330757368080919,0.6997966702897971
0.5,5.0,4,32,4,1,1,2,0,102.18274488808737,30.884138367440933,0.8163101915006616,0.02815222391471368,-2.022375154542919,10.367474912997926
0.5,5.0,4,33,4,1,2,2,1,146.06373442459946,32.71874181060847,-1.3520133603641509,1.1027225868168633,-3.646927237862321,12.7558752841266
0.5,5.0,4,34,3,0,2,2,1,56.973164502836596,21.192254905095336,-3.559412781951956,-1.7396746767443363,2.875660035683553,2.12147638920731
0.5,5.0,4,35,3,0,2,2,1,87.26085811066602,15.51482020342588,-4.793165184159101,-5.5459865092654965,6.312689696149996,0.6234804221255161
0.5,5.0,4,36,4,1,1,2,0,22.026897075422468,24.50818180748841,5.663008660435192,2.390779865336492,-1.5180652268444093,6.134516100396918
0.5,5.0,4,37,1,0,1,2,0,14.96465616768221,28.47831695840907,8.051205091640394,4.141606789552781,-2.525437122518999,5.76943996299445
0.5,5.0,4,38,2,0,2,2,1,142.2680651155633,18.823207475148852,-3.737422563521944,7.5813801279563,-0.8226814330773149,-2.0411465618978992
0.5,5.0,4,39,4,1,1,2,0,81.01716421086358,34.013262843156966,2.9699695057197393,-3.45272670960423,0.4944298124503696,9.233605384178366
0.5,5.0,4,40,4,1,2,2,1,6.076198198270376,29.17455355102469,-3.4156702147518656,1.930750100032712,-1.058985842893301,5.3117435100708175
0.5,5.0,4,41,2,0,2,2,1,28.259168537932393,20.490682659203713,-3.076572019404935,6.505668358024017,-3.8800735623320453,6.457734250354717
0.5,5.0,4,42,4,1,1,2,0,59.732155803714825,30.469920435128614,5.421552551419281,-2.2688344651059333,0.32363741508592947,8.10508540207378
0.5,5.0,4,43,3,0,2,2,1,121.09219322663765,29.83441218344959,1.5878562663727807,-1.2413318069436234,3.6835300911959403,-1.0238145402580703
0.5,5.0,4,44,2,0,2,2,1,45.011545115115794,29.521877940055777,-6.519827258795467,6.229698877738695,-2.4859384926422634,2.719209414351835
0.5,5.0,4,45,2,0,2,2,1,99.43557490923108,29.048258691794686,-1.5599774264940025,1.8910936262582505,1.2571149966236712,0.027542185003454827
0.5,5.0,4,46,4,1,1,2,0,89.56813827582576,34.51905456002133,1.5093652859865878,0.9790017827708296,-2.4467985164578607,9.690283707251288
0.5,5.0,4,47,4,1,2,2,1,80.84535478540428,21.842075050631507,-2.966295334292369,1.6494791206632935,-2.2387988342811243,9.224449140740676
0.5,5.0,4,48,4,1,2,2,1,12.325637197279967,26.27213626604984,-1.7410243181886127,3.054993790009068,-1.2361039307124992,4.370456484284514
0.5,5.0,4,49,2,0,1,2,0,35.013420288856025,34.27077393731688,0.32289983835193947,3.794618510430486,-1.4553271292423176,3.2215082819605487
0.5,5.0,4,50,4,1,2,2,1,57.666124729042444,36.638744380819944,2.197752560486227,-6.617264257115198,3.009597106241791,7.996168223521511
0.5,5.0,4,51,4,1,1,2,0,26.284829997510116,27.811159230901684,6.139301429607066,-1.0972083821041387,0.404018399356403,6.35523469908617
0.5,5.0,4,52,2,0,2,2,1,21.901310604273085,29.70280555189331,-4.069624562672788,7.246543905469259,-3.54751399209253,3.883976390992859
0.5,5.0,4,53,3,0,2,2,1,98.4449374181823,27.811579337472516,-0.5240789445178157,0.5072177492795603,2.1357880100923468,0.07590054856011132
0.5,5.0,4,54,4,1,2,2,1,142.21883848346866,16.524770779964204,-3.696173315169513,0.1446725755159906,-2.46191588326188,12.544551314103785
0.5,5.0,4,55,2,0,2,2,1,37.20067473608952,24.882396009300383,-8.41871835542587,4.919496488918726,-1.7474733742497306,3.111412652950654
0.5,5.0,4,56,4,1,1,2,0,11.324306168232084,27.557548458127755,-0.03396648167880723,4.105502843595674,-2.396436300716054,5.581746131593098
0.5,5.0,4,57,4,1,1,2,0,94.68002445607206,18.741917896315936,0.06060441832754514,9.025219000178945,-6.554378897730278,9.964203436399092
0.5,5.0,4,58,4,1,2,2,1,86.9368566085969,34.03489474309972,-1.6345384182036582,0.4449789809951696,-2.055020553001987,9.54955294698542
0.5,5.0,4,59,3,0,2,2,1,81.57294697067098,27.037977605693897,1.8085700256643447,-1.557952446830368,3.1016026716687057,0.9031126165692488
0.5,5.0,4,60,3,0,2,2,1,38.94586342020071,29.30610696387762,-2.573006065316937,-3.099093474358891,3.0736327007420696,3.0236526718363934
0.5,5.0,4,61,4,1,1,2,0,47.04544660519146,37.71158303742613,1.6636684086392355,1.0798855303826072,-1.7115684401880462,7.437996109634821
0.5,5.0,4,62,4,1,2,2,1,50.03912469824861,16.020898242419918,-11.737284819661193,4.868760587996215,-3.2663247333731333,7.595036905116961
0.5,5.0,4,63,4,1,2,2,1,143.317727091381,16.23457881670187,-0.4565644180925383,-2.695797916022516,-0.7295516879672613,12.60490820401704
0.5,5.0,4,64,4,1,2,2,1,207.80281446209545,20.265694102535427,-0.9982936087183756,-0.9100697113160265,-3.331370303338598,16.20404848601565
0.5,5.0,4,65,4,1,2,2,1,57.60687950105985,25.38547193741446,0.5947190706553516,-4.179166733726211,1.7758624270240675,7.9930465482483015
0.5,5.0,4,66,3,0,2,2,1,113.66424911767042,27.506132495934697,-1.4660664342197947,-2.605778893875427,4.492000928784011,-0.6644635705753311
0.5,5.0,4,67,2,0,2,2,1,45.30552789290338,30.1745576417602,-4.7908372988455765,3.8127525266612254,-1.1076876593979377,2.7044769740253196
0.5,5.0,4,68,4,1,2,2,1,100.17257054583149,35.47523847768211,0.39762556155483914,-3.0711773637387823,-0.21439153209854542,10.259283159954999
0.5,5.0,4,69,1,0,1,2,0,83.28062951487416,36.637728705647866,3.8243074413549865,-2.7836005963137818,3.6003397079613433,0.8190770617899079
0.5,5.0,4,70,4,1,1,2,0,14.788548709478828,23.69981971468495,2.2322411495592833,2.9772161914159,-1.6830126883411944,5.760352313351859
0.5,5.0,4,71,2,0,2,2,1,8.361506445541355,15.132492114124078,-6.067185914953437,4.826610473836633,-1.9812572779031343,4.572515338753712
0.5,5.0,4,72,4,1,2,2,1,146.86808578032642,19.55904130449966,-1.0046465872719121,0.4463109893258708,-2.8413799002789277,12.800134374014958
0.5,5.0,4,73,4,1,1,2,0,37.077906097847915,23.844908406403317,2.1221121216535934,-0.34533509155708936,1.4546621849109764,3.1175891105145337
0.5,5.0,4,74,4,1,2,2,1,102.3786388910672,26.28441271627741,-0.7199421494220435,2.0002040358663447,-3.0472872075497923,10.37802400988899
0.5,5.0,4,75,2,0,2,2,1,40.59054693514272,33.11160295566631,-5.380743317648328,9.006777384220229,-4.234902504080178,2.9410151422554254
0.5,5.0,4,76,4,1,2,2,1,56.2561145930507,20.40017076354818,0.2587273700253475,-0.008148056625811476,-0.6663842027901591,7.921898213297994
0.5,5.0,4,77,2,0,1,2,0,56.541593167525505,41.35697088979349,1.5016716905267262,2.246542298081429,-0.31378680022856903,2.142981796889263
0.5,5.0,4,78,3,0,2,2,1,198.58822350240558,25.98434688532916,-3.2515325302923843,1.9815704433050214,3.507149595139445,-4.696281394891557
0.5,5.0,4,79,4,1,1,2,0,56.776075617895266,17.25520620351195,1.8848627236567514,0.5349540175080459,-0.9028759035572085,7.949280375274645
0.5,5.0,4,80,1,0,1,2,0,68.27759675199584,33.14680937568644,4.468884029617166,-4.33128188923197,4.415392152185996,1.559780810885639
0.5,5.0,4,81,4,1,1,2,0,121.93072973369735,24.254682753474096,1.2287596809942025,0.3721906344080282,-2.426963925271806,11.436013182290466
0.5,5.0,4,82,4,1,1,2,0,27.615961602496093,28.87608289236022,-0.3404780733578128,4.604933673662166,-3.070497560996208,6.42433074275898
0.5,5.0,4,83,2,0,1,2,0,95.7523001360987,24.652142166556825,0.5599474900345337,4.62107918899682,-0.3112481763522332,0.2074608766038581
0.5,5.0,4,84,4,1,2,2,1,22.11532965161708,34.14738685460155,-2.479549674776791,-0.6864200570756934,0.02275251488557423,6.139095521379413
0.5,5.0,4,85,3,0,2,2,1,304.77094717697986,21.68436141330486,1.7811987329360617,-5.714695586633543,11.330223147430399,-9.507940666128823
0.5,5.0,4,86,4,1,2,2,1,22.443627242712896,33.63154719805795,1.5413199767361858,-2.3548527800703747,2.071424283428676,3.8564926202027108
0.5,5.0,4,87,2,0,1,2,0,45.084181132781026,30.675642080937962,5.637470691850659,6.238845357039008,-2.528880648957579,2.7155691889350995
0.5,5.0,4,88,4,1,1,2,0,10.659093092203351,34.12689051330686,3.5776134420393824,-1.5850306228259818,0.8352165107796974,5.547484233261434
0.5,5.0,4,89,4,1,2,2,1,26.766885744914102,28.93920898677407,-0.0656737822696899,-0.27421544816493393,-0.1561560012578728,6.380251944450066
0.5,5.0,4,90,4,1,1,2,0,26.147925884077605,19.014605784728367,3.163775956107226,1.702668761853799,0.11723232269377373,3.6689588325685927
0.5,5.0,4,91,4,1,2,2,1,83.43112559403772,15.35845704802662,0.5723298677541121,0.40424798148847507,-1.3305336341085368,9.362333864367416
0.5,5.0,4,92,4,1,1,2,0,86.83150596012395,39.658759591771734,1.8828848620951946,0.2742715096732524,-2.1379107320391264,9.543922162040488
0.5,5.0,4,93,4,1,2,2,1,123.47963762694381,31.74126901710602,0.5168323412002228,-3.2702297170874415,-0.4644812469303497,11.520258844835233
0.5,5.0,4,94,4,1,2,2,1,48.06334871938732,16.52542831128454,-2.817514979444816,1.750365610350369,-1.4239217803078246,7.491366950214691
0.5,5.0,4,95,4,1,1,2,0,161.7824577125664,38.11681049747485,0.23275153723928058,2.1723630720115867,-4.771155147417538,13.623946062018199
0.5,5.0,4,96,4,1,1,2,0,53.36886010001009,25.324875661301505,4.7275458820062894,-0.5261697813222406,-0.45278998327884235,7.7699760758097645
0.5,5.0,4,97,4,1,1,2,0,129.19330214785475,37.92777420950899,1.8415813282597133,-1.571529704673311,-1.8564753844266584,11.831578304974034
0.5,5.0,4,98,4,1,2,2,1,75.12655541063343,19.271011295356455,-1.975531761483598,2.5014639465451416,-2.5349740261185425,8.920114591704602
0.5,5.0,4,99,3,0,2,2,1,47.529595009755035,20.231126895018587,0.5493715052111363,-2.6020808265027937,3.2585877976494975,2.5930901213106545
0.5,5.0,4,100,3,0,2,2,1,236.1635775881015,27.855407292480066,-0.10270665294113246,3.347094903446103,3.434347178494151,-6.4275733563364374
0.5,5.0,4,101,4,1,1,2,0,0.36582185559584596,31.486544921839947,2.085270488793674,-2.275931570074274,1.5918558462921402,5.018742606398932
0.5,5.0,4,102,4,1,2,2,1,73.58782906227627,23.279206990542452,-5.238603218011485,-1.2354938818832901,-0.37922092781353123,8.838373817456931
0.5,5.0,4,103,4,1,1,2,0,126.44022199001832,18.26440904240861,0.41091971711776454,3.3832875933540922,-4.087659906104468,11.681463355819576
0.5,5.0,4,104,2,0,2,2,1,211.42157981579373,28.794163504561254,-4.637539828588844,11.680039336779311,-1.9543430669083384,-5.291153273070074
0.5,5.0,4,105,3,0,2,2,1,294.18379868373137,27.231252548694435,-1.408526645640351,2.9500119699199847,5.014078046985761,-9.039295750609144
0.5,5.0,4,106,2,0,2,2,1,78.75864274240456,30.285186122608728,-6.598548613493378,2.2352821925264528,0.5531689563438397,1.0417582147271292
0.5,5.0,4,107,2,0,2,2,1,67.32878938947185,27.107329750025823,-1.6349730326288832,2.1216933855922484,0.4815758129829499,1.6068062226570474
0.5,5.0,4,108,1,0,1,2,0,109.84937497398136,28.471400599426495,5.597269105645677,0.8407740316089957,2.1559516966438435,-0.479399815188173
0.5,5.0,4,109,3,0,2,2,1,237.28732034466094,21.183022570996712,-2.92772043431007,0.9703574323333628,5.193951545998806,-6.478862804446615
0.5,5.0,4,110,2,0,2,2,1,90.8313164266538,30.028450277695104,-5.082088714416611,3.002947976649341,0.3610485583699219,0.44834364285486467
0.5,5.0,4,111,4,1,1,2,0,50.227826282306985,32.52307624337756,0.17791751128203973,4.639476310197256,-3.6835594710674475,7.6049434008447685
0.5,5.0,4,112,1,0,1,2,0,12.639601351914537,31.07380092366572,5.6112292619387345,-1.0383197113154188,1.1046962379225953,4.3544698637384585
0.5,5.0,4,113,4,1,2,2,1,14.172099413870216,11.002853528419932,-5.200654402617625,5.4191542523383855,-2.6603430467305866,5.728547912393295
0.5,5.0,4,114,4,1,1,2,0,3.7746738262043364,36.18672117034839,0.22722752700935844,2.81720713081235,-1.6113402143755344,4.806802653991759
0.5,5.0,4,115,4,1,2,2,1,19.225036568621825,29.781122688068603,-0.4882623298182276,-1.3461004551327567,1.488925801736359,4.019712375645672
0.5,5.0,4,116,4,1,1,2,0,126.94217241322528,25.684890710943847,2.2660644828724053,1.5948053929817925,-3.305159413796827,11.708817767643492
0.5,5.0,4,117,3,0,2,2,1,24.15315565487467,28.526605169256406,3.6699837644177418,-6.964638769023949,5.383692449813522,3.7699039343676466
0.5,5.0,4,118,3,0,2,2,1,191.04993323448716,38.289237975459926,1.0881149972753217,0.7574459104245455,3.6749712425072847,-4.345114245339243
0.5,5.0,4,119,4,1,2,2,1,23.506077682171842,27.34169651128253,0.9690241187078652,-2.971376853474216,1.673640803488352,6.211140458833202
0.5,5.0,4,120,1,0,1,2,0,159.03274451716774,30.782207192213342,4.0768492553118545,1.8630661482382447,2.529270110144485,-2.839134408346006
0.5,5.0,4,121,1,0,1,2,0,97.50413671508535,29.610119744738743,1.871929112216174,1.6498777215504876,1.3431438240280333,0.1218477535437706
0.5,5.0,4,122,1,0,1,2,0,20.705595521337173,31.983777619607743,4.904289252205018,0.034047586362938996,0.579351664453113,3.944599086085539
0.5,5.0,4,123,4,1,1,2,0,26.089569864937808,41.34805131503727,4.3518358095135765,0.6413587330063877,-1.1219838018691812,6.345102958941755
0.5,5.0,4,124,3,0,2,2,1,148.26020660126,24.467306219090204,0.8545159629769854,1.3548286367622469,2.8275523122074877,-2.3271184483730356
0.5,5.0,4,125,4,1,2,2,1,131.11039478572945,22.500547080525045,-2.5422088583680944,3.915124693202194,-4.624890567563209,11.936229202686787
0.5,5.0,4,126,4,1,1,2,0,91.00154416001156,33.26555331974336,3.165800072687092,-4.338164071814508,0.8744263331469326,9.767023654319422
0.5,5.0,4,127,2,0,1,2,0,40.17394327097371,29.883405867827307,3.7600038779414167,7.4712182762603145,-4.965115969496877,7.078400705819418
0.5,5.0,4,128,4,1,2,2,1,83.34901323222306,35.70821696214329,-3.7368152866547537,-2.94591244254419,0.06261069191650824,9.357952595619132
0.5,5.0,4,129,4,1,2,2,1,119.25666092205134,16.218767488908696,-2.1202407001291177,0.2827248733424329,-2.0486837230798716,11.290719360746015
0.5,5.0,4,130,4,1,2,2,1,46.30813962628234,20.485529407444265,-12.631484942687207,2.246769559022006,-1.8136730726777845,7.3993540371495135
0.5,5.0,4,131,4,1,2,2,1,20.584070287385646,28.355241840362638,0.17882022959233132,0.8887692071086266,0.17442544252352707,3.9507623895109765
0.5,5.0,4,132,4,1,1,2,0,35.47813075729158,31.664112947560174,2.8204215760761135,1.039299990317147,-1.2374008883648167,6.833354775387668
0.5,5.0,4,133,2,0,2,2,1,146.59762319102893,28.518092005343288,-1.74850491325979,2.425734646079991,1.9857247620785188,-2.2478562927325445
0.5,5.0,4,134,4,1,2,2,1,5.361259353003353,23.542841961083038,-1.358251286969108,-1.6105301078001455,1.332230216305871,5.275015091110351
0.5,5.0,4,135,2,0,2,2,1,143.62619157486188,27.77773494173582,-2.7380944823887345,3.6368471089537633,1.2094346130003355,-2.106035744314915
0.5,5.0,4,136,4,1,1,2,0,67.8461408682909,30.74409688639105,3.544647985415634,1.963123028075937,-2.446005324982511,8.533902940500308
0.5,5.0,4,137,4,1,2,2,1,68.37717325958134,22.986928798583943,-3.752850178730599,4.658565947720905,-3.7598755549585214,8.562026803579371
0.5,5.0,4,138,4,1,2,2,1,5.9074428324696395,20.601331646536842,-4.657770898309496,1.6181880870754932,-0.5777405037427291,5.303072917204898
0.5,5.0,4,139,3,0,2,2,1,114.5642036028208,29.22990593066521,2.7349027600808027,-8.634106453182477,8.649120426914198,-0.7080711643122946
0.5,5.0,4,140,4,1,2,2,1,126.87602222914308,19.7359391313637,-1.6626850470569041,3.5821191400466965,-4.258138151461193,11.705212447925591
0.5,5.0,4,141,4,1,1,2,0,17.59672178677087,33.22752885985491,0.8485693623890928,1.3330495551569315,-1.0839767185059044,5.9053551805235545
0.5,5.0,4,142,4,1,1,2,0,118.79157383307191,14.778592766645836,6.391377395333346,-1.601012965217917,-0.8383902983977459,11.265468496961581
0.5,5.0,4,143,4,1,2,2,1,104.67892157359306,33.14313303125261,-3.0873511170569077,4.049538611448948,-4.500445295255124,10.501972098529906
0.5,5.0,4,144,4,1,2,2,1,58.96902249067096,33.71989568540279,-0.15367959569480505,-1.329207264003673,-0.3601226541557257,8.064841696124232
0.5,5.0,4,145,4,1,2,2,1,35.69966140046935,22.812345500138857,-3.3021353799096986,-0.41185859788766177,1.5023076826973072,3.186953631058979
0.5,5.0,4,146,3,0,1,2,0,273.91680501338044,30.300570882655734,3.846427478596251,0.40480117016378026,6.0694596192774695,-8.13538737256328
0.5,5.0,4,147,4,1,2,2,1,40.671432417021364,21.052463314659267,-1.142965740142248,0.7168804183653861,0.9681356763990718,2.9369527417854138
0.5,5.0,4,148,2,0,2,2,1,144.60446773616908,30.618435806930666,-0.3278137692667926,3.183048365635309,1.4068743997637065,-2.152749633391307
0.5,5.0,4,149,4,1,2,2,1,240.1208912758255,23.837277463447254,-3.0387818685383032,0.33357388722970976,-4.857096986191471,18.05088109125276
0.5,5.0,4,150,4,1,2,2,1,8.086315012855383,15.961492615303209,-1.4582971160268747,-5.555629272422904,4.495140164529324,4.586556851515762
0.5,5.0,4,151,4,1,2,2,1,268.0313095357467,24.801382567343722,-1.2019316721164248,-0.1969960286353429,-5.152166881601232,19.66943893092178
0.5,5.0,4,152,4,1,1,2,0,22.081434491968963,21.155962069329984,5.936269760514793,-2.03955628625675,1.3201022695674298,6.137340260172518
0.5,5.0,4,153,2,0,2,2,1,166.27019417505522,29.033124100347063,-4.460286351322421,6.8919773034545955,-0.25698947195403965,-3.181620274648203
0.5,5.0,4,154,4,1,2,2,1,52.85400754663485,30.740845107918734,-0.7519334114769807,0.5365722593928566,1.0129579644884819,2.3269207326597834
0.5,5.0,4,155,4,1,1,2,0,52.31990771314147,26.438038458833937,3.4678647223090295,-2.1829433530061375,0.5686142538211535,7.714835066236423
0.5,5.0,4,156,4,1,1,2,0,123.72022666467326,22.808474335352027,1.5526800827763496,2.2044176848090804,-3.4994647082528405,11.533350283434158
0.5,5.0,4,157,4,1,2,2,1,58.27736802966837,19.896499218093155,-2.630214830097716,-1.3046977226865817,0.11003411887774717,8.028380357666641
0.5,5.0,4,158,2,0,1,2,0,2.9108244916118613,29.061156517207028,-1.323283840283269,6.689816436469913,-3.735304677973586,5.149226525433749
0.5,5.0,4,159,4,1,2,2,1,16.437545320755305,27.887295999617113,-0.11465171360821633,1.8700218134057474,-0.49534442410238344,4.161277670835805
0.5,5.0,4,160,4,1,2,2,1,14.644836132124837,34.50199609755894,0.12093620574549259,-0.7678770881821378,0.22314892584270477,5.752936910994377
0.5,5.0,4,161,4,1,2,2,1,225.81329478882498,33.65818421040261,-4.491677969501354,6.815887053639473,-8.483315155859039,17.22967296599516
0.5,5.0,4,162,4,1,2,2,1,40.51402990254109,35.16270826771455,-1.5437037306803056,-1.2025082419781545,-0.08910975361582534,7.0961695732663905
0.5,5.0,4,163,4,1,1,2,0,56.71258699564721,38.58856381023558,0.3703743692284195,2.362334009321915,-2.7059059250440254,7.945936568238965
0.5,5.0,4,164,4,1,2,2,1,176.89302055071917,34.573973804116015,-3.3008176921667256,2.5125003483090222,-5.162083102061066,14.464730535831743
0.5,5.0,4,165,1,0,1,2,0,77.71953474767658,33.878553821167394,7.9856107739470525,-2.3135888547495758,3.264923714295904,1.0929976051996955
0.5,5.0,4,166,4,1,2,2,1,45.07062085359967,25.64930128548973,0.0019036409984909024,1.6532589738177037,0.33187447300506545,2.7162487658603265
0.5,5.0,4,167,4,1,1,2,0,33.3303511341939,33.13689118212731,5.8208167243660025,-1.071270662140299,0.05302531746072987,6.721462183600104
0.5,5.0,4,168,4,1,2,2,1,82.75130616648704,30.15658238916905,1.2353914266344324,-3.068179362164906,0.3425674132857604,9.326066032126416
0.5,5.0,4,169,4,1,1,2,0,70.14058090238188,18.07691543733076,0.24785616966159768,3.3684801680180882,-2.8959062712721297,8.655470450818449
0.5,5.0,4,170,3,0,2,2,1,59.52788688576326,30.199914820916735,2.897160313657447,-5.134065862235675,4.866074685258572,1.9942660409537614
0.5,5.0,4,171,3,0,2,2,1,106.57922389839908,30.321846660942235,1.2152443232297458,-0.9132744099248804,3.129769314057081,-0.32048675540555455
0.5,5.0,4,172,3,0,2,2,1,52.03346944802927,22.25383430915979,0.03836944645197063,-1.5779204373133064,2.6240010277974473,2.3678946862789405
0.5,5.0,4,173,4,1,1,2,0,105.39951972623628,28.213514857632077,5.4890396825742025,-4.754417243454666,1.0045961589276338,10.540829325109028
0.5,5.0,4,174,2,0,1,2,0,63.10475678018038,22.77391277877832,1.3423933806503914,4.742590653369672,-1.0214233777558532,1.8164248827205722
0.5,5.0,4,175,4,1,1,2,0,10.067867092598624,23.366913660412575,2.983876835379456,4.475153735303116,-2.01766405431327,4.48549116869591
0.5,5.0,4,176,1,0,1,2,0,73.33444937082466,23.371415279730595,6.7160577033009154,3.936071126153906,-0.34847698779647457,1.3095166360644255
0.5,5.0,4,177,2,0,2,2,1,42.156543029991134,31.942910219454394,-1.8368949789769669,4.662982081324199,-1.7305116901891502,2.8623928865780255
0.5,5.0,4,178,4,1,1,2,0,90.43095676057202,21.720432339112335,3.923331908337685,0.6145564838698564,-1.8203715470926685,9.73646980769478
0.5,5.0,4,179,4,1,2,2,1,46.8113456941309,38.35064868339602,-8.238240937608541,4.250313642210045,-3.581370009791111,7.425725433865373
0.5,5.0,4,180,3,0,2,2,1,72.36861274823094,33.27392150630025,-2.085519996724363,-7.548277808565124,6.732119445354752,1.3572683014562517
0.5,5.0,4,181,3,0,2,2,1,111.01712776927317,27.328890525372852,0.8105808666408549,-2.233501242612554,4.19274369967029,-0.5360853786603783
0.5,5.0,4,182,1,0,1,2,0,12.287683333013801,31.71500224629078,6.21798028959031,-7.399177643787541,5.3024672919146,4.372389208480015
0.5,5.0,4,183,4,1,2,2,1,17.264757216152933,28.125977850877792,1.1934787633016484,-4.785630469202297,2.9758611770617147,5.888203496551975
0.5,5.0,4,184,4,1,2,2,1,9.387985828952209,19.93662941137758,-3.2600407586079148,0.7631524230910995,0.29606215076889125,4.520156341860685
0.5,5.0,4,185,4,1,2,2,1,97.10122353904954,29.437482172327247,-3.2786097280419977,6.443814987907949,-5.5572489827409814,10.094181677475818
0.5,5.0,4,186,4,1,2,2,1,87.16983067415677,17.801936338936674,-0.19205638575339407,-7.83440570446933,3.8493086195360897,9.562005980317965
0.5,5.0,4,187,2,0,1,2,0,172.31086742129278,30.24145778273377,1.515719284218976,7.863405835245213,-0.7234803918622112,-3.466548585336541
0.5,5.0,4,188,2,0,2,2,1,130.24347998848125,31.496206937805635,0.5670195322818764,1.9033127502624845,1.842499505744025,-1.4647509585212444
0.5,5.0,4,189,4,1,1,2,0,20.20453755030608,32.00839389655371,2.439102643865715,0.10205425677186034,0.5256430313568069,3.970013217413294
0.5,5.0,4,190,1,0,1,2,0,67.70118853382273,27.825999991007606,1.7862199955695208,0.11334583477658208,1.70311896756091,1.5883465370297785
0.5,5.0,4,191,4,1,1,2,0,3.163025752877341,32.144210773295335,2.6115948632854544,2.134364174795015,-1.0833067989674814,4.838084197005936
0.5,5.0,4,192,2,0,1,2,0,83.94297431893384,25.77625053382991,-1.586163156530123,10.820564817915665,-4.071109936478504,0.7865017216353795
0.5,5.0,4,193,2,0,2,2,1,100.17923655202111,34.3621974607209,-2.65939093048969,2.0766261878338614,0.9770058757868312,-0.008744598435972507
0.5,5.0,4,194,3,0,2,2,1,102.84203259807424,1.4069288018477772,-7.2465157140351595,-0.11915975623479073,3.555921593630731,-0.1385671439887688
0.5,5.0,4,195,4,1,2,2,1,43.02906573627765,30.410464106908833,-3.858475446014667,0.5035186267718591,0.830243284367075,2.818613144080934
0.5,5.0,4,196,1,0,1,2,0,50.202925386831275,34.65998687930969,4.305854864413986,-2.5554729938675527,2.7812002109956158,2.4593628987718836
0.5,5.0,4,197,4,1,2,2,1,57.23037682088947,36.40649594082855,-0.7907354087251603,-2.495178262269868,0.3191109014858935,7.973210449754177
0.5,5.0,4,198,4,1,2,2,1,103.9007898804679,22.39757666242678,-6.955037723569606,-4.873811671485181,1.317161840366971,10.46002779621299
0.5,5.0,4,199,4,1,2,2,1,27.34423364781233,31.871296101083043,-3.512041604655289,-1.4735788252215793,1.676546081176853,3.608466936260777
0.5,10.0,1,0,1,1,1,1,1,8.640967411192152,17.626873238362403,9.097790897591041,-2.3011217587627812,1.158618448008979,0.611946001053876
0.5,10.0,1,1,1,1,1,1,1,37.57327554603832,51.13499492835249,14.01061091602347,3.8027793877909444,-1.9918150951807088,-1.0779862902492818
0.5,10.0,1,2,1,1,1,1,1,19.211020394749305,27.333131951605676,12.032658649339272,0.028493501435203804,-2.765612710796455,5.162541234248543
0.5,10.0,1,3,1,1,1,1,1,37.170820548109816,67.12164932419974,13.9668870458661,6.158270107364169,-5.469850503571195,4.976501320145143
0.5,10.0,1,4,1,1,1,1,1,25.216473706941702,16.710295739421305,7.387791170630807,3.9804739363985173,-0.11254415745849018,-4.1305962775603975
0.5,10.0,1,5,4,0,1,1,1,25.30397709123347,18.637866764666022,7.378835441726318,-1.7588996206315612,-3.3579659124909145,10.461906573988642
0.5,10.0,1,6,1,1,1,1,1,26.55501757464541,11.180231249185123,7.250876556419048,2.655910447106266,-3.139241529815431,3.8847643467322683
0.5,10.0,1,7,1,1,1,1,1,37.47489108379299,37.969256154068006,13.999920595762555,-2.732457399079912,-2.2029785257195846,8.915174647684399
0.5,10.0,1,8,1,1,1,1,1,18.857242097575874,15.350053995045148,11.994889091442587,-0.5940364072031247,0.5638734297787765,-0.17187505168803854
0.5,10.0,1,9,1,1,1,1,1,8.511226012672905,11.927639503848825,9.11128241110067,-0.2541765419273612,0.7609605868590082,-1.66935899390197
0.5,10.0,1,10,4,0,1,1,1,30.70899269611209,6.155975860350241,6.827092520084942,3.7055388770127733,-5.2120931848444565,8.323995765335626
0.5,10.0,1,11,4,0,1,1,1,8.16836715698474,6.143649444127327,9.146943555955191,-2.589435106496242,-2.517448902403183,9.475544335251291
0.5,10.0,1,12,1,1,1,1,1,21.502663895587354,29.127295714820175,12.277624395947297,2.0706608934844635,-1.24138270386992,-0.6030613915778652
0.5,10.0,1,13,1,1,1,1,1,15.769744261533862,21.327351291846114,8.359043940163692,-3.305106128711359,-0.6136733146881916,6.184782564099567
0.5,10.0,1,14,1,1,1,1,1,32.5676147195422,21.939207838468107,6.638020542674969,3.7918958145887833,-0.994477363459678,-3.3794911160452115
0.5,10.0,1,15,1,1,1,1,1,9.450725145417607,30.27070891131745,10.995301204054465,3.2725028078139857,-4.435586472735078,6.552664971544206
0.5,10.0,1,16,1,1,1,1,1,65.88370038422083,38.09345223482479,17.128806452385696,-4.195583404731843,5.826652183580049,-6.844885935648913
0.5,10.0,1,17,1,1,1,1,1,26.647661984936654,30.59423069575318,12.829553103093664,0.9015412917088409,-0.8324869271329394,0.4729125855438133
0.5,10.0,1,18,1,1,1,1,1,28.729563606990762,5.61855542887103,7.028822469407831,4.374496284001456,-4.412051825244387,4.708821383330358
0.5,10.0,1,19,1,1,1,1,1,20.737837143328562,28.808711439938715,7.847166072319298,-0.9822184439744851,1.8534617574981125,-1.9482517384155926
0.5,10.0,1,20,1,1,1,1,1,11.672212270493018,30.468675040207145,8.783052985680563,-3.774051054221464,3.2975508757866647,-1.9233654793940544
0.5,10.0,1,21,1,1,1,1,1,5.318479124714182,4.831528270210484,10.559011353647042,-1.0236750354383055,2.4149307873567887,-3.68320248187489
0.5,10.0,1,22,1,1,1,1,1,23.997191332088814,28.040961439030124,7.51265908724734,-0.8229889644565382,0.6104589158785512,-0.3625497892875165
0.5,10.0,1,23,1,1,1,1,1,2.808344929140049,19.3912763135805,10.294824639649395,4.962957787146175,-2.1135398829864287,-1.799273490425626
0.5,10.0,1,24,2,0,1,1,1,67.73279491636136,42.549889723123535,3.123171869446795,6.525396048227035,-3.668651608519815,0.15025702245760153
0.5,10.0,1,25,1,1,1,1,1,82.98861039631656,76.79668073824509,19.053974746484368,-0.4462610172588468,1.4200673268000172,-2.4083601938558514
0.5,10.0,1,26,1,1,1,1,1,47.27108320240252,58.96187379060798,5.15402829459197,-1.472145204989525,2.6370654666493603,-4.087030758696366
0.5,10.0,1,27,1,1,1,1,1,22.75024323862386,35.367098843653515,7.6405104513016004,-1.194371073217183,3.1235752578672273,-5.1288227346479935
0.5,10.0,1,28,1,1,1,1,1,31.72093999883491,17.08418426828128,6.724108657854237,3.7740897525360273,-2.232653338166229,-0.2764874884953733
0.5,10.0,1,29,1,1,1,1,1,50.80341295377998,28.479625447194017,15.457349114162527,-4.117748866011777,4.083152127703408,-3.51575497909224
0.5,10.0,1,30,1,1,1,1,1,5.954036684312713,5.603995068489172,10.626002879217628,-0.879787563852034,-0.6177507325885502,2.8018250429847997
0.5,10.0,1,31,1,1,1,1,1,12.252028276579992,23.50200975660507,11.292046529198624,-5.855448850288571,7.382163895884084,-7.166852652695342
0.5,10.0,1,32,1,1,1,1,1,2.939655218966242,9.838314236461702,9.692234374529885,1.3443079757355854,-3.1995468080902136,6.068373648955187
0.5,10.0,1,33,1,1,1,1,1,21.74009947295242,37.01657586475859,7.744193391650711,-1.4432089796522023,3.8378921678292612,-6.005373376327924
0.5,10.0,1,34,1,1,1,1,1,26.559121433040527,1.290174829601992,7.2504570567169635,5.247804239178619,-5.298957844416672,5.863543846162473
0.5,10.0,1,35,1,1,1,1,1,0.5445577042800559,17.899666507438734,9.942922731393011,4.448973222623263,-3.0470911982156004,0.38287257557502946
0.5,10.0,1,36,1,1,1,1,1,2.207448205840551,8.11193914546398,9.768811772429038,1.6082305299675994,-2.300224079965289,3.133512919268126
0.5,10.0,1,37,1,1,1,1,1,79.3550218572166,69.01616495708365,18.642382549865843,-2.313533413658541,1.4536423655013613,-0.09438907841022749
0.5,10.0,1,38,1,1,1,1,1,42.36616123878744,63.74653123150791,14.532615074523935,4.549350297776902,-3.922721302063771,2.5620587337817176
0.5,10.0,1,39,1,1,1,1,1,19.178858290841525,8.99806904132097,12.029224479849178,-1.7809319808429485,1.8845522694122034,-1.4380685877590842
0.5,10.0,1,40,1,1,1,1,1,11.627133615072882,16.818592919443834,8.787726900737095,-0.5876735016486142,1.0744535274416516,-2.321432577030274
0.5,10.0,1,41,1,1,1,1,1,17.32052317374115,1.4778455285933356,8.199002140931357,3.245176661018096,-2.9108360456827826,2.7053875861830683
0.5,10.0,1,42,1,1,1,1,1,26.59106359191733,20.206089727753238,7.247191959662476,4.737651467743793,1.0106587224465706,-7.9753157086579805
0.5,10.0,1,43,1,1,1,1,1,9.205101159053829,25.49090814251318,9.039147303803563,-1.9307590218557567,3.8058624526790146,-5.293732617855652
0.5,10.0,1,44,1,1,1,1,1,28.359280441308837,0.010564359107700287,13.013767431982798,-3.4906250338538634,6.588782122142457,-9.29992813408349
0.5,10.0,1,45,1,1,1,1,1,15.292760079126008,10.485910034535257,11.615052838948735,-3.6465182073201667,5.747945438191685,-6.011183260886698
0.5,10.0,1,46,1,1,1,1,1,62.386367438730545,29.61503182453503,16.7390293104701,-2.2905089154650864,8.917222736391665,-15.2857970604899
0.5,10.0,1,47,4,0,1,1,1,11.862341856427905,1.8324747681149887,8.763341884600196,0.3795500537999012,-4.083440030226697,9.74133744703237
0.5,10.0,1,48,1,1,1,1,1,30.720215092678078,65.37601827292494,13.268358596036405,6.27355448083463,-6.821318792606651,7.756298862304456
0.5,10.0,1,49,1,1,1,1,1,2.01755537794765,8.11300023473711,10.211726425326248,0.3322248475069616,-1.915999797153653,2.718071466814529
0.5,10.0,1,50,1,1,1,1,1,18.894993092317982,22.276100770603136,8.036757225656748,2.1628720431349744,2.4246475136362156,-7.933434409241519
0.5,10.0,1,51,1,1,1,1,1,32.19443977579507,40.27093147015589,13.427622266555844,2.3365170848419514,-1.2302390017639104,-1.0572372220394426
0.5,10.0,1,52,1,1,1,1,1,38.592914346276615,48.649672071941396,6.0273828725553305,-3.6726179119884432,0.5806212751332325,3.841227283769448
0.5,10.0,1,53,1,1,1,1,1,23.654526863900173,21.013102943480213,12.508135870475249,2.6157144859441646,2.399662337378069,-8.79472432247955
0.5,10.0,1,54,1,1,1,1,1,29.803418463263295,22.622925717951276,6.919335258671019,2.0153528226577233,-1.0296404605824272,-0.47508071784523026
0.5,10.0,1,55,1,1,1,1,1,10.969989313368709,15.61375993656082,11.156140309151903,-3.4129054977233024,6.145834688038593,-7.730147214404763
0.5,10.0,1,56,1,1,1,1,1,28.559236568428076,35.02185069164861,7.0461988325294005,0.7333212145046992,2.4507992700439605,-6.412299011437052
0.5,10.0,1,57,1,1,1,1,1,7.9422316178980585,3.7875819666755235,9.170470552616152,1.2893673501133747,-0.5972356364298482,-0.6301673419662358
0.5,10.0,1,58,1,1,1,1,1,60.55271123490199,71.65726827344689,16.53518723417317,0.9960579207782945,-3.013533554307089,5.8547773024060765
0.5,10.0,1,59,1,1,1,1,1,1.3381486802133395,2.6818376279928673,9.8597963158797,0.2710952200169923,-1.198942176113478,2.6827185491380034
0.5,10.0,1,60,1,1,1,1,1,11.1660623175218,20.395202584528647,8.835543942769196,-1.641224854285327,1.7511524441677906,-0.8951053159620591
0.5,10.0,1,61,1,1,1,1,1,73.1189382278923,60.45100590421819,17.939308486321224,-1.2822181942904756,2.8799637229510138,-5.288798607688882
0.5,10.0,1,62,1,1,1,1,1,3.9386175586154866,2.452853453904876,10.413705401713548,-0.4518470365605963,0.055341921364854656,0.9944731679773287
0.5,10.0,1,63,1,1,1,1,1,0.2897343753330168,11.256383419260366,9.969628094789119,2.469883374850286,-2.1317673077634094,1.4975848832502006
0.5,10.0,1,64,1,1,1,1,1,4.976399569608928,5.841890872266468,10.522970940736004,0.7071422404559742,0.016363355117471116,-1.4928786755316903
0.5,10.0,1,65,1,1,1,1,1,12.471249870945211,9.812159043957754,11.31530237403378,-1.8850938460700597,-0.5847890285556119,4.115809237443863
0.5,10.0,1,66,1,1,1,1,1,10.646428823753714,18.25795965311489,8.889459578070127,-0.3163873541711724,2.1421575233632915,-3.5610243298294106
0.5,10.0,1,67,1,1,1,1,1,4.877780992561052,17.196957234758372,10.512582983310926,2.978580913352595,-2.056225302519618,0.5869161184753108
0.5,10.0,1,68,1,1,1,1,1,89.29895119478218,92.69830960108222,19.7721702257274,0.9442454211185721,-0.8235946452065709,-1.0706696590220313
0.5,10.0,1,69,1,1,1,1,1,74.30602792051958,59.966236450961574,18.07282257854384,-4.360808118846292,1.2212015486785486,2.2225585211896863
0.5,10.0,1,70,1,1,1,1,1,34.13378900339334,55.086114704642654,13.637475456302978,5.633322038652139,-3.136950834865701,-1.0570098755165003
0.5,10.0,1,71,1,1,1,1,1,17.479426782458983,16.045998002968194,11.847914123364472,0.5367788088680565,0.6203513695400416,-2.507191737307653
0.5,10.0,1,72,1,1,1,1,1,32.27339389621535,21.252411511595525,13.436158165355442,-1.6172886228918575,2.216419209833465,-2.842925926887996
0.5,10.0,1,73,1,1,1,1,1,13.777927709770708,26.407768297125386,11.454020479028934,4.012272102072358,-1.5260167511149174,-2.249866843109381
0.5,10.0,1,74,1,1,1,1,1,29.40310840337411,11.626290133210938,13.126257873240352,-2.4154406828388186,3.875891679187455,-5.025855769675233
0.5,10.0,1,75,1,1,1,1,1,19.32183101585132,4.6120822807472805,12.044491469234993,-3.9779576287992184,4.800085393542744,-4.7118669119708
0.5,10.0,1,76,4,0,1,1,1,73.52416203662185,61.40416192236408,2.5555245416378773,0.3263044346450041,-3.500350898660079,9.208226991355179
0.5,10.0,1,77,1,1,1,1,1,9.870804824815243,10.085966594673183,11.039750255840463,-4.460205074881139,3.183378448058666,-0.2491170669220754
0.5,10.0,1,78,1,1,1,1,1,18.969128357613858,8.885689890873547,8.029123785032313,4.398315089198207,-0.46076772309671976,-5.388585693686626
0.5,10.0,1,79,2,0,1,1,1,56.50063322545734,38.66767823015289,4.233076385867469,7.07791852336946,-1.0780835358843313,-6.348195750913279
0.5,10.0,1,80,1,1,1,1,1,71.81451957613373,62.49218262695569,17.79277228568798,-0.7973830608898759,2.194655834510215,-3.7024617284626804
0.5,10.0,1,81,1,1,1,1,1,36.71855732036206,39.70611685304845,13.91777187558624,0.5399424349285069,-0.7967783404575157,0.713945195195984
0.5,10.0,1,82,1,1,1,1,1,2.1049102467178646,21.88256931921952,10.220902824336026,3.592874203080703,-3.9670289145071522,4.078500538571869
0.5,10.0,1,83,1,1,1,1,1,1.1128143506022088,18.00639366006825,10.11673068224727,-4.919957955833853,2.536788652547214,1.097656890522358
0.5,10.0,1,84,1,1,1,1,1,75.02420327921469,81.47504639220044,2.4090064908855786,-0.8416787272950496,1.4589085855647037,-1.931415295647286
0.5,10.0,1,85,1,1,1,1,1,32.089612200279404,17.307026557599393,13.41629012572172,-3.407862758895236,2.184813724242514,-0.12838139788549724
0.5,10.0,1,86,1,1,1,1,1,43.55965364497987,34.50212976321131,14.662972315052214,-3.4443116795263595,0.29404133028090623,3.980598333109094
0.5,10.0,1,87,4,0,1,1,1,93.0093668484609,85.56383049247079,0.6685030757075432,0.858414926494671,-1.7577261988359603,3.1091031099998245
0.5,10.0,1,88,1,1,1,1,1,11.36930021030788,9.335493682627774,11.19845260148106,-1.7437951269771423,5.3400842948089435,-8.982816513110995
0.5,10.0,1,89,1,1,1,1,1,39.23382556701591,29.676924058655374,5.9626354377358854,2.714335503595146,-1.2973700965026858,-0.6722344995895383
0.5,10.0,1,90,2,0,1,1,1,107.0322476070057,94.92325520725495,-0.6680036533163702,7.715552240491943,1.1620003233184188,-12.168535806502403
0.5,10.0,1,91,1,1,1,1,1,38.64259203487792,50.321868172581915,6.022362818080592,-2.6535720720515927,1.8185451274913351,-0.37085088937990984
0.5,10.0,1,92,1,1,1,1,1,54.933884239695736,27.497173800403782,15.912772801366396,-4.95948334690264,5.1399558332106725,-4.659031119368437
0.5,10.0,1,93,1,1,1,1,1,10.542624033096523,36.48764306527842,11.110873118981196,3.0601624194321175,-6.1668105639293485,10.285090568155383
0.5,10.0,1,94,1,1,1,1,1,32.219365952197585,22.513215674526975,13.43031701940714,1.2234649846626553,3.7729713578262483,-9.473472273347985
0.5,10.0,1,95,1,1,1,1,1,26.668558986854215,24.725425948916776,12.83180034830845,-2.449606613831767,-1.2922099871463117,5.442393501365342
0.5,10.0,1,96,1,1,1,1,1,20.772287444499103,3.8641328143388893,12.199492544854968,-4.690242338765,4.466096972890383,-3.578765915424398
0.5,10.0,1,97,1,1,1,1,1,11.379081974659364,28.809203030642678,11.199489311398949,3.7661444748043253,-3.1379122381527744,2.1108770132419568
0.5,10.0,1,98,1,1,1,1,1,54.235572395679746,48.345600080975814,15.835651300128173,1.8989679557398351,2.9399390605447593,-8.841878279380845
0.5,10.0,1,99,1,1,1,1,1,44.11117587094344,49.143320035865266,14.72326153338172,1.4732415343191307,-0.8503817950423064,-0.6735147036745682
0.5,10.0,1,100,1,1,1,1,1,5.017780065471423,13.108100858129689,10.527330033329902,-1.2365239351839434,-3.4574965733406495,10.441579960223896
0.5,10.0,1,101,2,0,1,1,1,71.70501028310147,49.846184808949616,2.733493324698542,6.298080591394066,-2.8062001744450535,-1.8551697561914708
0.5,10.0,1,102,1,1,1,1,1,1.9833926758484035,11.135044776211288,9.792255155894413,3.432771092860693,-2.011607885515504,-0.21402619469594228
0.5,10.0,1,103,1,1,1,1,1,5.108935389967442,20.620003869662167,9.465675053782817,-6.088466087564959,0.5319596197264871,7.310302198315133
0.5,10.0,1,104,1,1,1,1,1,6.89829000760654,0.3294033033848665,10.725607726108649,-2.261519954373042,0.5546875838635155,1.2321180517949495
0.5,10.0,1,105,1,1,1,1,1,25.34610392590808,28.687945422518702,12.689672867414842,0.29959117652393996,-1.0295802444511408,1.891720305788917
0.5,10.0,1,106,1,1,1,1,1,2.2921241288924903,7.865233774817729,10.24057172328177,-2.827151647952075,1.175960071106797,1.667195275059604
0.5,10.0,1,107,1,1,1,1,1,21.16085951266272,14.10204794097231,12.241053180682064,1.155321918417741,2.8437846143081313,-7.9594937585853645
0.5,10.0,1,108,1,1,1,1,1,14.211669605737269,17.641594968535998,8.520077065208069,0.030795426769220976,0.9923950561871379,-2.2051252791005687
0.5,10.0,1,109,1,1,1,1,1,23.739174521137855,17.017667601997346,7.53910145228651,2.679766449285079,-0.4573962225984767,-2.570559767185674
0.5,10.0,1,110,1,1,1,1,1,22.64124163853418,30.033865657500876,7.65169376404541,-2.9799068228379477,0.19289424436321487,3.690562177301584
0.5,10.0,1,111,1,1,1,1,1,17.98471810268879,13.53970909276163,8.130528938002975,1.3702269552634543,-0.6205951969893332,-0.6767270729241597
0.5,10.0,1,112,1,1,1,1,1,9.971736926251745,3.2739987522864613,8.95950347010508,3.5267250694036987,0.0642591851181803,-5.012861503641779
0.5,10.0,1,113,1,1,1,1,1,1.9960772383748184,6.772702189671943,10.209470320318898,1.4982537454452942,-0.6976275200920941,-1.0842569428707531
0.5,10.0,1,114,1,1,1,1,1,23.7147847360638,2.867972189484353,12.514597610496178,-4.479479866011992,5.253432504888956,-5.597000973744101
0.5,10.0,1,115,1,1,1,1,1,8.690649858426864,25.792262445395934,10.914922093381252,1.7962914114890747,-4.291678471555172,7.396878506249381
0.5,10.0,1,116,1,1,1,1,1,38.05251230374426,4.4944792205771895,14.06269845892702,-8.401265779358875,4.5827618297896615,1.273953309814619
0.5,10.0,1,117,4,0,1,1,1,21.482283836348618,11.783798606127194,7.7706720378368,-0.6141977242957051,-3.5641931262435054,8.835007494663582
0.5,10.0,1,118,1,1,1,1,1,113.04050604726345,73.872488570985,22.513285278542984,-7.8333316402899325,6.7676693851416365,-4.362195728024804
0.5,10.0,1,119,1,1,1,1,1,35.19138026707541,15.359939679958032,6.371682331511217,3.5400245750274144,-3.961795696833796,4.203259429411172
0.5,10.0,1,120,1,1,1,1,1,9.769398830886614,27.857475610166244,8.980518206139058,-3.312096039280958,3.3808159568429454,-2.934888443630329
0.5,10.0,1,121,1,1,1,1,1,38.3897371624384,30.477831542029474,6.047916908496647,1.2933682234024746,-1.694297598293127,2.3509024100702876
0.5,10.0,1,122,1,1,1,1,1,109.79800491147218,85.59027856089762,22.13525054410432,-5.46803742979554,3.694981282190625,0.12096946504791971
0.5,10.0,1,123,1,1,1,1,1,61.26870601470004,43.88957476233454,16.614739841146598,-3.2267646076876524,3.0772551665620247,-2.812109393403814
0.5,10.0,1,124,1,1,1,1,1,33.269215056624304,23.875589827381607,13.543873680714313,-2.277253202623149,1.1910774568306806,-0.2607648078907657
0.5,10.0,1,125,1,1,1,1,1,21.388570905354495,8.573607755780762,7.7802983246314,5.864503102712533,-5.576957566330508,5.557716631943418
0.5,10.0,1,126,1,1,1,1,1,13.629112029010956,7.3075779022140965,8.580348122645114,4.16755570273033,-3.9591435999088347,3.0036748442408197
0.5,10.0,1,127,1,1,1,1,1,42.93189591030087,24.70089912910575,5.589812977941217,4.833851418879511,-2.6814422233605986,-0.9262395667237849
0.5,10.0,1,128,1,1,1,1,1,25.304991144694792,13.764541999162164,7.378731660542492,2.302621533979409,-2.1889350860540433,2.0644537089740194
0.5,10.0,1,129,1,1,1,1,1,8.53214552919983,17.140118864713486,10.898167357281181,1.1353687255752258,-2.1233289661264565,2.906956402756682
0.5,10.0,1,130,1,1,1,1,1,19.209566446627658,40.233015327854666,12.032503399006044,6.707637570266514,-2.485635615673588,-3.9797941030016637
0.5,10.0,1,131,1,1,1,1,1,10.234352458094323,8.859894798555468,11.078231962978899,1.1508958158151354,1.0637110099716147,-3.737391571903596
0.5,10.0,1,132,1,1,1,1,1,26.42570264916899,27.86644332677089,7.264096072479161,0.41858207019646476,0.6711067134870676,-1.558750737549918
0.5,10.0,1,133,1,1,1,1,1,104.7315747454843,78.79596124608004,21.546902609027686,-4.657786631671035,4.890835046731726,-3.2879503364531724
0.5,10.0,1,134,1,1,1,1,1,22.2147081856249,5.591995613977572,12.353847545086623,-2.663489013610061,3.2757464385124537,-4.169280870336663
0.5,10.0,1,135,1,1,1,1,1,31.68102467624403,21.35658614084656,13.372131528598574,-4.357033458173258,0.11581076128210999,6.395366050894196
0.5,10.0,1,136,1,1,1,1,1,22.49709151746163,9.516125599109003,12.38409053612111,-1.0121432757151743,3.3273456113561686,-5.495582226961581
0.5,10.0,1,137,2,0,1,1,1,38.54544684890714,14.028076789918817,6.032179803754362,6.145792727504476,-3.8100867472783517,-0.11002579675993925
0.5,10.0,1,138,1,1,1,1,1,2.621736245707924,33.58445689304172,9.725477160865525,7.558722681553616,-6.501667959844065,4.876080116824768
0.5,10.0,1,139,1,1,1,1,1,7.269025611711868,0.3829299368421876,9.24054049970467,1.8586413260301502,-1.3477822134765092,-0.07640134985895651
0.5,10.0,1,140,1,1,1,1,1,35.8997133952067,48.93372707307009,13.828900389469133,2.6418823118482444,-2.504800648833525,2.5237660120784984
0.5,10.0,1,141,1,1,1,1,1,70.79797368428473,67.36262115367367,2.822344646486753,1.298448929492398,-0.2757652362262254,-1.3437740323766973
0.5,10.0,1,142,1,1,1,1,1,31.929741562994298,23.227256583944552,13.39900986282676,-0.6586457101282659,2.1621659838073226,-3.6216457921167287
0.5,10.0,1,143,4,0,1,1,1,48.85448362678669,27.830266086987308,4.995455640353348,3.305673337959212,-4.462240314489308,5.580321929497123
0.5,10.0,1,144,1,1,1,1,1,4.566970148597386,14.996742812878963,9.522233940772534,-0.7921573739504627,2.6191571999851297,-5.221647472230724
0.5,10.0,1,145,2,0,1,1,1,41.85044907265891,18.9630801982105,5.698703561106305,6.644985986384677,-2.9710616659162095,-2.211918602827454
0.5,10.0,1,146,1,1,1,1,1,36.48199348053586,41.355578651632555,13.892089796880056,1.3485690930904615,-0.8779705552008453,-0.5297637177374755
0.5,10.0,1,147,1,1,1,1,1,42.548342586506955,36.25341955334211,5.628420012471789,-0.2245768064868025,-2.188888726989845,5.561960387357715
0.5,10.0,1,148,1,1,1,1,1,48.81329182798666,21.819675347860514,15.23855856240503,-4.591069575992496,5.269067375658505,-5.496356584058394
0.5,10.0,1,149,1,1,1,1,1,78.27053534650277,60.74134749756096,18.51981404933099,-5.854746333244155,1.196853756162542,4.943404524270661
0.5,10.0,1,150,1,1,1,1,1,44.807152651527275,53.64898455742956,14.799386931100836,3.758500031958187,-0.5501213090997586,-4.132326635455328
0.5,10.0,1,151,1,1,1,1,1,32.43589964686632,11.060519729412382,13.453729031311937,-4.594914992457678,3.495013980191064,-1.020338752702123
0.5,10.0,1,152,4,0,1,1,1,61.00648898711359,59.56154268623253,3.7864031647936036,-1.4320439376599126,-1.4472707361340016,5.721052590190808
0.5,10.0,1,153,1,1,1,1,1,10.61696225562517,9.668583891148245,8.892517742183927,2.7071268244250843,1.3705695685121266,-6.5845910932203155
0.5,10.0,1,154,1,1,1,1,1,46.93203053804956,57.193767491213144,5.188014489073155,0.11800690272899378,3.287923202383319,-7.363692778753976
0.5,10.0,1,155,1,1,1,1,1,7.028908892795166,9.763892548256246,9.265543678456865,-3.1744003622086012,-1.3786700846190427,8.477775374892559
0.5,10.0,1,156,1,1,1,1,1,16.97964298276246,5.262884702123987,11.7946486341945,-0.5786871929730395,3.177573756299173,-6.363008462362522
0.5,10.0,1,157,1,1,1,1,1,19.69419364242681,17.199082425281745,12.084263059033965,-0.4087366708380055,0.3281060957252033,-0.43876731996865903
0.5,10.0,1,158,1,1,1,1,1,26.181219859759434,15.223654356825516,12.779403974690013,-2.111359749315133,1.8714272029813315,-1.26626339110714
0.5,10.0,1,159,1,1,1,1,1,68.7506861379907,73.26201917589253,17.44930202753347,1.6144441042701974,-0.5773527772959811,-0.7586687097103215
0.5,10.0,1,160,1,1,1,1,1,6.449105564734718,10.38045621043458,10.678214190748802,-0.7188503385605896,4.836407568266597,-8.74793978672564
0.5,10.0,1,161,1,1,1,1,1,30.0983447017615,29.33933025832285,6.889285020866442,0.5235226927238841,0.02797179782172261,-0.5586841203667883
0.5,10.0,1,162,1,1,1,1,1,76.30586210388003,73.25640762659448,18.29808937348505,1.453127649325369,1.6440318364624853,-6.2140582191379385
0.5,10.0,1,163,1,1,1,1,1,51.21139107271077,50.37368475999395,4.75986142788065,1.672914399731212,0.7945880038952299,-3.8212694198603856
0.5,10.0,1,164,1,1,1,1,1,34.1795267905746,15.994810003184858,13.642429336291734,-2.106622214631974,4.238297171539222,-5.9906657281858156
0.5,10.0,1,165,1,1,1,1,1,6.68535032350083,17.50616378565522,10.7031378904038,3.6881173532172746,-1.1499347237707702,-2.55077428082934
0.5,10.0,1,166,1,1,1,1,1,77.56357665070125,78.58467613654715,18.439981870091458,-1.0633754719578004,-1.2496804032276905,4.855035592670901
0.5,10.0,1,167,1,1,1,1,1,18.155258722935333,5.461674052648088,11.919982671199486,-3.4875085362860077,1.4355326764302012,1.0912581112411117
0.5,10.0,1,168,1,1,1,1,1,15.955164242361752,9.507204467952233,8.339895975794759,0.8030809036870966,-1.627350429417017,2.3315425474884157
0.5,10.0,1,169,4,0,1,1,1,34.254754669457384,1.972442455108232,6.466682680598539,4.0430403278131815,-7.3930707781370035,11.953145675254548
0.5,10.0,1,170,1,1,1,1,1,37.384991153367274,28.797308015035,13.990153069503567,0.4294232681527018,2.793743829535672,-7.284588399618229
0.5,10.0,1,171,2,0,1,1,1,93.97100584281904,81.99095255277261,0.5762786506732285,5.358774074201396,-0.2227698638023465,-5.50518325646425
0.5,10.0,1,172,4,0,1,1,1,33.74365196956099,2.7978357754984526,6.518558738967899,4.55676971950655,-6.66078714165646,9.787132675488252
0.5,10.0,1,173,1,1,1,1,1,13.001198300974854,5.0483096960249085,11.371541356406984,0.11586861810819062,5.831547175239611,-11.60900613515456
0.5,10.0,1,174,4,0,1,1,1,64.15231357275546,65.14080010051123,3.4756873600934393,-2.2740608097225667,-1.2748760579341085,6.2022277684469795
0.5,10.0,1,175,1,1,1,1,1,55.615208503955074,56.975029498503126,15.988067683277446,0.40715535841343437,-0.3460062625089529,0.6302812168022911
0.5,10.0,1,176,1,1,1,1,1,15.964364118164172,20.567464293392835,11.686521288781757,-0.6689209033837697,-2.021783214109921,6.059520831525805
0.5,10.0,1,177,1,1,1,1,1,41.73421471230593,26.66199757022352,5.710413848020517,4.535215665996159,-1.8448525870232841,-1.7450470524604598
0.5,10.0,1,178,1,1,1,1,1,30.258038215028467,6.071395345978887,13.218474689138812,-7.51823405939172,6.267500541534031,-2.6694314300809845
0.5,10.0,1,179,1,1,1,1,1,0.5770712624273809,9.151008680586004,10.060517483374106,0.9570642647313304,-2.1944120036542407,3.6718189667873697
0.5,10.0,1,180,1,1,1,1,1,59.400076694172746,43.05587504987032,16.407234530930033,-4.958272739593729,1.5248224419593965,3.3560404727111073
0.5,10.0,1,181,1,1,1,1,1,4.559050480623285,11.65266862304049,9.523060645071523,4.115760444957077,-2.5367967179874054,0.029180040209943567
0.5,10.0,1,182,1,1,1,1,1,22.026394105044112,15.484184247812047,7.714797467564304,2.547290981240905,-0.5164271146117122,-2.637264291801047
0.5,10.0,1,183,2,0,1,1,1,29.217121377864526,2.2081585731609845,6.979098565757563,7.641394622797037,-4.991307692043685,1.080368554216982
0.5,10.0,1,184,1,1,1,1,1,37.85662970233844,39.79800628781087,14.041405390304645,-2.397979310909714,-2.4105389923125697,9.157363362308502
0.5,10.0,1,185,1,1,1,1,1,4.518029689132675,3.731071121189602,10.474696967041828,-1.3394194200527396,1.6051453093435766,-1.2314295857530597
0.5,10.0,1,186,1,1,1,1,1,8.983423518660063,2.3556502304726616,10.945876455898755,-0.3998994225032081,1.677065564171493,-3.292907535128891
0.5,10.0,1,187,1,1,1,1,1,4.018849474979139,0.6170243048912334,9.579464924520027,0.376106966600409,-0.9798266810189163,1.340630082285201
0.5,10.0,1,188,4,0,1,1,1,79.44924106150496,58.70612383987845,1.9780048477683512,2.2879155158831774,-4.9477700899561805,8.61002998357887
0.5,10.0,1,189,1,1,1,1,1,46.67358685106888,65.26857777138733,5.21392792279037,-5.090146819350611,2.4007502046536886,2.8886486391118407
0.5,10.0,1,190,1,1,1,1,1,6.354822068346293,21.523309790527666,9.335766435629116,-3.8687839569438998,2.092775038907366,1.5135830211882189
0.5,10.0,1,191,1,1,1,1,1,19.728601358996425,7.628935245700672,12.087938816963915,-0.5269015151766505,3.364294346699807,-6.4342485645217575
0.5,10.0,1,192,1,1,1,1,1,32.10137408608265,27.360497919256108,13.417561560594196,-0.7560422214515649,0.7902645024449904,-0.9726644841580235
0.5,10.0,1,193,1,1,1,1,1,70.93990444885941,63.62069435156182,17.694621469402435,-0.19814374353441344,1.8963901541589667,-4.727553759742403
0.5,10.0,1,194,1,1,1,1,1,6.525448016705935,20.802310045313774,9.317987272779037,-2.4187032725411477,2.7504363485099295,-3.0834664149368707
0.5,10.0,1,195,1,1,1,1,1,2.156078819065072,3.7244174541846684,9.774186212999414,1.6935421273939248,-0.8915713447034451,-0.6481792398224014
0.5,10.0,1,196,1,1,1,1,1,22.171241822958624,5.330207114713285,12.349193061088327,-4.826962291364882,5.388393905128312,-4.327663292462393
0.5,10.0,1,197,1,1,1,1,1,18.416517101037684,6.562795322336431,11.947854869395425,-5.148502335392859,4.31666205461411,-1.6839491266288826
0.5,10.0,1,198,1,1,1,1,1,6.987659776934285,4.25216087686269,9.269839494753622,-0.8130619059320507,-1.5203259640512974,4.838787159570153
0.5,10.0,1,199,1,1,1,1,1,98.31339724494127,72.92154581090759,20.805648254137314,-5.935069832904725,3.703565763397799,0.08036869156919192
0.5,10.0,2,0,2,1,2,2,1,43.60617146613199,22.74717572755793,-1.6806514984479892,14.668056150399988,-2.331394632282087,5.1071563932657185
0.5,10.0,2,1,2,1,2,2,1,76.05979478253889,21.946172753861013,-4.7037589316642165,18.270348506181865,-2.889150871245742,1.870130715532696
0.5,10.0,2,2,2,1,1,2,0,30.754910725301958,14.049825253368446,4.565331725226975,13.272104269267745,0.1041623897723293,-0.1894771595077738
0.5,10.0,2,3,2,1,1,2,0,74.40403004545601,15.676295470797879,-0.46203777498717846,18.083851803875316,-2.920860415270936,1.197741350107488
0.5,10.0,2,4,2,1,2,2,1,37.03033123968084,16.59505539301349,-4.334840716882582,13.951627831521288,-0.9153423729671919,1.6880755285133193
0.5,10.0,2,5,2,1,2,2,1,128.42680046651398,19.085011810737637,-4.891428127285257,24.323144541942145,-6.697820185297158,3.5570313976657624
0.5,10.0,2,6,2,1,2,2,1,103.2321220087123,15.672856413423904,-7.678410981404538,21.37332021600348,-10.291458354242245,16.36724349260969
0.5,10.0,2,7,2,1,2,2,1,29.45248187738817,22.424455971019817,-5.644532472657155,13.13158148792985,-0.5700298384636528,2.8201728531771746
0.5,10.0,2,8,2,1,2,2,1,38.67331588648895,22.095555352788192,-2.319812084783662,6.019258215116718,5.584357058139449,-1.7602068919534741
0.5,10.0,2,9,2,1,1,2,0,83.34478519015187,18.810307781667884,-0.27389012053042716,19.09439695956399,-5.0168553679099706,5.548110802126082
0.5,10.0,2,10,2,1,2,2,1,1.540219291696723,13.402654440138818,-2.402397885495516,9.83864003065458,-0.09895465244188846,4.546592204505183
0.5,10.0,2,11,2,1,2,2,1,59.60612001535907,20.38410535663071,-1.4030588332936034,16.43009685868262,-1.5454479852626475,0.700393309535496
0.5,10.0,2,12,2,1,2,2,1,99.06477278770076,22.909305784403223,-5.509682907208135,20.892192679815512,-2.2250387895860224,-2.548058306519692
0.5,10.0,2,13,2,1,2,2,1,19.26613207877237,14.962114850125408,1.3770711459778946,12.03854354841363,2.9379574269917974,-4.702034880253816
0.5,10.0,2,14,2,1,2,2,1,97.57384021921254,16.627771732122707,-2.4119166420293356,20.720525602472048,-4.74964085510332,2.5841906041591787
0.5,10.0,2,15,2,1,2,2,1,17.015219886494453,17.53802938106904,-1.86805254293193,11.798439477348943,3.0009281352215194,-4.1736727251113495
0.5,10.0,2,16,2,1,2,2,1,3.74949134225744,16.9151079366047,-5.178645644076718,10.393804403251492,1.936758794819327,-0.2618184648314727
0.5,10.0,2,17,2,1,1,2,0,5.334544136642329,21.09296948450063,5.9121222138199805,10.56070420105371,3.3805557525640397,-2.961048643172475
0.5,10.0,2,18,2,1,1,2,0,40.70928746504301,16.592933482876496,0.4701178776822975,14.35189141079603,-2.3099471066609016,4.47535655735983
0.5,10.0,2,19,2,1,2,2,1,19.602871966852764,17.833757160938767,0.7792475239047246,12.074507797866195,1.9137679042905476,-2.1481733360211237
0.5,10.0,2,20,2,1,2,2,1,36.81394064219745,14.724047188924217,-2.3943226698955717,13.928128612756696,0.0754719576208523,-0.82001198602613
0.5,10.0,2,21,2,1,2,2,1,90.91384730591116,22.87858125709071,-7.001117054155112,19.95666074945547,0.3629893831267196,-7.1236565517558015
0.5,10.0,2,22,2,1,2,2,1,8.618084226753519,16.189988893280532,-5.165929552135736,9.10017034682018,2.6066200182156853,-0.21003823318472026
0.5,10.0,2,23,2,1,2,2,1,41.35365460176922,12.378647912169335,-1.0474671108405564,14.422141906226155,0.6181731100717437,-2.955108319770896
0.5,10.0,2,24,2,1,2,2,1,28.33769330565846,14.606338410767487,-1.5298480030928912,13.011442227270079,1.2217604127287907,-2.2584000151794625
0.5,10.0,2,25,2,1,2,2,1,122.25154948020766,16.88300610418031,-8.502508375294049,23.59357202680254,-5.528621167900451,1.1805864902406327
0.5,10.0,2,26,4,0,2,2,1,10.509816576227424,20.349437375951414,-6.2279774716238325,11.107398864504386,-3.106495582744268,11.39722150348929
0.5,10.0,2,27,2,1,2,2,1,65.82705824725213,15.627056784746419,-2.199371810895168,17.122483339813712,-5.1545501823960755,7.854787904704062
0.5,10.0,2,28,2,1,1,2,0,34.355281711616634,17.831149933288547,6.743195220336917,13.66146743907389,4.460501363122585,-9.230771485357078
0.5,10.0,2,29,2,1,2,2,1,13.082327397972378,22.796466381826754,-0.34559699688140805,11.380153414526893,2.156421633587709,-1.082530636702614
0.5,10.0,2,30,2,1,2,2,1,134.8224167231617,15.984922313519904,-6.450798322704386,25.083292273777285,-2.1020334900421975,-8.288238046790484
0.5,10.0,2,31,2,1,1,2,0,2.072386974575895,11.7820974827596,4.051130189443115,9.782942903008705,5.609824263781066,-7.915810416371771
0.5,10.0,2,32,2,1,1,2,0,20.96781066643892,21.331453131947463,3.3870572004739343,7.823529838930689,1.8831295915733106,3.872381048945492
0.5,10.0,2,33,2,1,2,2,1,109.7524190561305,18.037414549949503,-4.47619818693207,22.129944131816874,-4.743778397983934,1.1465792842256255
0.5,10.0,2,34,2,1,2,2,1,28.514587069293132,15.481298110084664,-4.38207484550057,13.03049731003371,-0.4094504181631562,1.4960570015901926
0.5,10.0,2,35,2,1,1,2,0,60.90852150145958,16.56367688451785,0.5013270211737992,16.574713745452886,-6.200908924545248,11.464099340564744
0.5,10.0,2,36,2,1,2,2,1,53.08674768533027,14.362686541832781,-2.729212934409164,15.708886826015659,-3.556671581109567,5.435916362927356
0.5,10.0,2,37,2,1,2,2,1,4.359705183101965,16.013614719816456,-6.972294578101512,9.543871605035058,2.546233620896386,-0.6657179813645603
0.5,10.0,2,38,2,1,2,2,1,65.70575831390401,17.254123057667485,-7.576871439659066,17.108943453470467,-0.5511380213530772,-2.8076744227126107
0.5,10.0,2,39,2,1,1,2,0,102.9451317546416,13.973128667421811,-0.2210877276287476,21.34012539930187,-3.1176685150470393,-2.3619099221247914
0.5,10.0,2,40,2,1,2,2,1,67.11832596675873,20.834686550631552,-8.567293228555393,17.266715838658747,-0.4575478046786225,-2.66542870653049
0.5,10.0,2,41,2,1,1,2,0,102.35237389059955,13.936146136354928,-1.2715681731605424,21.271592614543884,-2.805365542155635,-2.9962261334684737
0.5,10.0,2,42,3,0,2,2,1,45.974085396044934,19.945675652877437,0.46536670689534726,5.284097025759676,6.280739198984804,-2.5835904701198573
0.5,10.0,2,43,2,1,1,2,0,83.35017544825833,12.708772442260232,3.059974239835895,19.09500880439519,-2.0113696220897923,-2.514048797951527
0.5,10.0,2,44,2,1,1,2,0,67.59779961303816,23.012890238678324,0.37220469897319725,17.320317472821767,-3.0345855871038405,3.533076165179666
0.5,10.0,2,45,2,1,2,2,1,32.4865723469832,18.03262949180085,-0.7199374103097397,13.459208552337945,-0.8132834534196159,2.287557585810901
0.5,10.0,2,46,2,1,2,2,1,2.074296573310998,17.356294219457958,-4.630687785139117,10.217686851574488,3.4421095307702125,-3.221869977305896
0.5,10.0,2,47,2,1,2,2,1,24.536619933675325,14.619809182186334,-3.1531209774546016,12.602763988235107,-0.45082831841387666,1.993494697011287
0.5,10.0,2,48,2,1,2,2,1,72.57537540535631,21.476662549601336,-3.810293733299266,17.8782234103628,1.7837177333952423,-8.003522567471498
0.5,10.0,2,49,2,1,2,2,1,2.441484118489699,18.643281719042438,-3.0263307028747595,10.256266167212932,0.11579008499732167,4.324056931726384
0.5,10.0,2,50,2,1,2,2,1,133.72896818952307,13.453539383175352,-11.398431037002393,24.953002402564078,-5.275419626611084,-1.4592585936660545
0.5,10.0,2,51,2,1,2,2,1,59.2624613013982,23.20198327785834,-1.1610499352946528,16.391967387217544,0.6112459517079764,-3.6400780500348096
0.5,10.0,2,52,2,1,2,2,1,76.70421353214824,20.07361266417205,-2.2158637261682705,18.343012072845394,-2.643945205256576,0.918317095093653
0.5,10.0,2,53,2,1,2,2,1,72.9870233614865,19.495983136364988,-6.035343138241498,17.924481110121263,-0.06788988256619619,-4.460179752192749
0.5,10.0,2,54,2,1,2,2,1,16.648383380416305,21.37540148151631,-4.47074952107,8.268338537622558,1.120658868137984,5.050802992880393
0.5,10.0,2,55,2,1,2,2,1,16.388616338114808,18.362834255928032,-4.218114654198672,11.731691485728247,-2.8285658125174686,9.490854422256932
0.5,10.0,2,56,2,1,1,2,0,1.0269726685402327,9.28485282516379,3.0265267996795124,9.892383631891583,1.3916305709580694,0.415941641922588
0.5,10.0,2,57,2,1,2,2,1,41.99396856733227,17.777994075559377,1.3121375425674497,14.491993265947487,1.976157111525328,-5.145352059252124
0.5,10.0,2,58,2,1,2,2,1,40.86554944682251,16.917196017270204,-0.6718558146853668,14.368923515177936,-2.6078308000044346,5.226789839375172
0.5,10.0,2,59,2,1,2,2,1,76.65849368630661,16.397779170846867,-1.854770380305371,18.33785530948216,-1.382631315232129,-2.506455818171609
0.5,10.0,2,60,2,1,2,2,1,50.854764629961934,18.191375989110345,-8.137831320219545,15.463000124773998,0.13712908755131514,-2.26615240072382
0.5,10.0,2,61,2,1,2,2,1,20.19692797718027,14.434809829082685,2.6975343219474275,7.902780096398114,2.811325767141788,0.6070810339878671
0.5,10.0,2,62,2,1,2,2,1,0.8873806441304444,19.8804197853178,-7.850240610387744,9.90700528171827,0.37239750643786645,4.379811215945967
0.5,10.0,2,63,2,1,2,2,1,11.01806876267815,19.053217569711258,-5.690074420092643,11.161234112594515,0.7386365435629045,1.7794468595414816
0.5,10.0,2,64,2,1,2,2,1,65.90879394030485,21.904002568129524,-3.9448508848998274,17.131607821982836,1.2103933614912294,-5.9384931647755
0.5,10.0,2,65,2,1,2,2,1,67.36800773886071,23.494994663891312,-7.328295320322502,17.294625371386907,0.3580841856035705,-4.082243102564624
0.5,10.0,2,66,3,0,2,2,1,59.36785138858578,18.629128944875845,-4.055549213068317,3.9486222125844637,9.33998748233143,-7.1653597860685565
0.5,10.0,2,67,2,1,2,2,1,1.967264217811663,13.867131161871974,-1.2496886006706258,10.20644381786813,-0.681121546213163,5.515365427567218
0.5,10.0,2,68,2,1,2,2,1,37.24128114870154,16.14134768572254,-1.889960407780749,13.974540877389497,-0.5926960091953825,0.8479389489968718
0.5,10.0,2,69,2,1,2,2,1,22.825581430036028,16.44846919926051,-1.1640796136235625,12.41928174201503,-0.7740065132066896,3.2627723191822064
0.5,10.0,2,70,2,1,2,2,1,23.092474782789985,15.975507679174518,-1.9202098738505429,12.447882206793137,-1.8905351423974912,5.81488129493297
0.5,10.0,2,71,2,1,2,2,1,40.57137604601255,20.71141047746806,-6.6499002976086965,14.336861571879368,0.9597827057112293,-2.3618682653685283
0.5,10.0,2,72,2,1,2,2,1,120.6620848401725,16.100339284694954,-5.598513637828437,23.406479205394024,-3.4393925480074508,-3.595732216087217
0.5,10.0,2,73,2,1,2,2,1,49.5472921748441,21.637413992812828,-4.1611000320788305,15.319205019207288,0.62863452397698,-2.6621276746159963
0.5,10.0,2,74,2,1,2,2,1,78.87519295683342,12.716478836048179,-9.575369584873364,18.58813673376137,-1.6916664620071415,-2.648043942550445
0.5,10.0,2,75,2,1,2,2,1,92.97635803969875,10.508901107592328,-4.2510588526599,20.192701402873933,-3.8699471864795285,0.15884770157769745
0.5,10.0,2,76,2,1,2,2,1,42.68356811226473,16.83843769937287,-4.293701409279901,14.567268844332917,0.6896699927286725,-2.62139119708073
0.5,10.0,2,77,2,1,2,2,1,29.283359200364846,11.086734486158607,-2.893044162514646,13.113347150393267,-0.02312309293005306,-0.1577222892248716
0.5,10.0,2,78,2,1,1,2,0,2.6449142979925413,12.010410312647847,4.688663808545889,9.723053237371214,6.964786523464819,-10.423208019369406
0.5,10.0,2,79,2,1,2,2,1,57.89528318596263,16.403075884729983,-3.3346579095204767,16.24040045134347,-0.9289203758714684,-1.0810722233745025
0.5,10.0,2,80,2,1,2,2,1,50.0728218042512,21.93294135796296,-1.051381647164496,15.376980943929938,-0.25372042965983077,-0.7371596719747899
0.5,10.0,2,81,2,1,2,2,1,70.37446986021095,16.73567588887147,-2.7437993236024396,17.63121095769898,-2.5896173976186563,1.124896103125827
0.5,10.0,2,82,2,1,2,2,1,18.784191684544233,21.026755018743028,-0.3185795824949457,11.987091776971145,6.29524454328972,-10.46784671636632
0.5,10.0,2,83,2,1,2,2,1,32.47076815027513,18.950565951321806,-4.886505697337494,13.457499528209466,1.5426754220847407,-2.841462150102301
0.5,10.0,2,84,2,1,2,2,1,129.05563409545186,16.19558800164111,-4.135776352172384,24.39767901513278,-5.7512012542308515,0.7010654644032919
0.5,10.0,2,85,2,1,2,2,1,7.295200440443767,15.08741669172815,-0.5816664163833625,10.767502709688893,1.4830937751005742,-0.0060665234664581515
0.5,10.0,2,86,2,1,2,2,1,25.112426591118272,13.452211749203002,-4.632659778586551,12.664577611094149,-0.7684387455123388,2.469956279709049
0.5,10.0,2,87,2,1,2,2,1,37.591551264847475,14.949999532656276,-0.7982919250671634,14.012596840879135,-0.9903991177788735,1.5309212467006115
0.5,10.0,2,88,2,1,2,2,1,41.985716166739756,14.98563617227754,-3.829519664083968,14.49109274670193,0.08426955911699782,-1.4768047862083868
0.5,10.0,2,89,2,1,2,2,1,58.00817541256338,16.877093582576254,-4.251328792767048,16.252908333759848,-2.3708616595981202,2.298464998564553
0.5,10.0,2,90,2,1,2,2,1,3.8106869646749146,18.296067974218353,-4.059880149109904,10.40024338228279,4.7712055212283655,-6.046673860215095
0.5,10.0,2,91,2,1,2,2,1,116.7255051567108,20.90868051152681,-4.7893247999246435,22.94433041105378,-3.9845192562642495,-1.127727032389846
0.5,10.0,2,92,2,1,2,2,1,44.65851832568837,11.74931550967753,-1.9465718780597134,14.783125183586526,1.5019831831110888,-5.3537823884807905
0.5,10.0,2,93,2,1,2,2,1,10.178696484293251,22.682358706393682,-2.215687760283179,11.072339884611687,2.021623799228369,-0.42275069856581426
0.5,10.0,2,94,2,1,2,2,1,37.33431767608913,14.740274785948836,-3.6017122124678167,13.984647822042099,-1.3575582727359559,2.386759508724147
0.5,10.0,2,95,2,1,2,2,1,6.18721602479922,15.145122458628599,-3.1132165718596028,10.65059153797227,0.318020607588188,2.788612792962675
0.5,10.0,2,96,2,1,2,2,1,12.720354129548838,22.769057201388858,-8.388445881621521,11.341734181845224,2.549225104776055,-1.8893664831601666
0.5,10.0,2,97,2,1,2,2,1,39.75356194051961,11.604427764117021,-6.1663100954778285,14.247775275081034,1.6470094190404474,-5.063157359681153
0.5,10.0,2,98,2,1,2,2,1,20.625446505729887,12.715673946116581,-2.192293809417785,12.183790835160055,-0.6205205972747333,2.619695207380669
0.5,10.0,2,99,2,1,2,2,1,11.086432893041716,23.54340406112555,0.10679267104683392,8.843804324135737,4.655033455559654,-3.1660633327150856
0.5,10.0,2,100,2,1,2,2,1,33.83277783509322,15.911918981336694,0.10391175283849163,6.509510795359108,5.070268563155825,-2.2336816316980648
0.5,10.0,2,101,2,1,2,2,1,11.386428410569135,22.201512353367576,-5.336110211107407,11.200267921970793,0.1764288553515518,3.514875239873559
0.5,10.0,2,102,2,1,2,2,1,65.04861808967671,19.581208855988187,-5.698562124080997,17.035618565789484,-0.6056129094074822,-2.257785876080116
0.5,10.0,2,103,2,1,2,2,1,63.0534009988264,15.776734896615633,-3.3861434673062583,16.81326984846795,1.4459376037861107,-6.947114175327767
0.5,10.0,2,104,2,1,2,2,1,5.971893542897755,18.11617059524958,-3.9429540806869596,9.375677978480226,-0.2275027152477753,6.226781228167679
0.5,10.0,2,105,2,1,2,2,1,20.784504005987852,14.66131486056273,-0.45535072921270214,7.842369323547804,5.109620149948454,-4.171568832831708
0.5,10.0,2,106,2,1,1,2,0,110.5050844683646,17.737730130492565,2.068617617640812,22.21758752633021,-1.3989006413518164,-6.554464560906424
0.5,10.0,2,107,2,1,2,2,1,19.629508335071343,14.740734320183037,1.2663950117237566,12.077353088614702,6.479617425200954,-11.764782268952116
0.5,10.0,2,108,2,1,2,2,1,26.45043018235856,16.867000270579748,-2.708283578758093,12.808345173076107,3.0699157387870217,-5.602156748972289
0.5,10.0,2,109,2,1,2,2,1,49.6026828429767,12.818465326309562,-2.2227673784639794,15.325293220406136,-5.081199619980132,9.53570425092754
0.5,10.0,2,110,2,1,2,2,1,2.4444738924463376,21.329481170007977,-1.4858275415466555,9.744016744004446,2.7266807173337635,-0.5082338415969765
0.5,10.0,2,111,2,1,2,2,1,32.578315675676144,18.88791586157201,-2.687579531166782,13.469129942293703,-2.0761479537281824,5.407218077952958
0.5,10.0,2,112,2,1,2,2,1,25.342637748705368,18.810935410943745,-0.8345914910305576,7.374878868456809,6.416295016164233,-5.643078726846036
0.5,10.0,2,113,2,1,2,2,1,46.11679211452539,16.873685032176265,-6.580797233053135,14.942771259469428,2.424691224928015,-6.716627581535859
0.5,10.0,2,114,2,1,2,2,1,67.78989536131246,18.237128427025116,-1.591686917307041,17.34179924113794,-3.194927356965912,3.141279242691888
0.5,10.0,2,115,2,1,2,2,1,52.81070526540399,12.406215964175694,-1.0978641804755207,15.678448224096353,-0.12849863952242366,-2.794958167931517
0.5,10.0,2,116,2,1,2,2,1,33.74815178711111,16.268954526071283,-7.878202230447534,13.595715503926451,-1.6716513177335406,3.8578212278769253
0.5,10.0,2,117,2,1,2,2,1,5.751836408978175,18.531573180641413,-1.213241821063449,10.604685372676773,2.611802435838011,-1.7529829117526954
0.5,10.0,2,118,2,1,2,2,1,37.065859156965246,14.075210052282927,-4.713640645632783,13.955486495176778,-1.6406674035860893,2.98424233103614
0.5,10.0,2,119,2,1,1,2,0,25.847000343818976,16.0140662945407,2.899817406008203,12.743484355775998,4.035401112858269,-7.610795541775935
0.5,10.0,2,120,2,1,2,2,1,47.24805470204813,18.854348047761867,-3.5497491101573124,15.06677035809891,-0.41121948351011733,-0.47691330609367577
0.5,10.0,2,121,2,1,2,2,1,25.215314177847887,16.813609586224707,0.707869290669594,7.3879098502347835,4.914783314021996,-2.8867799599059083
0.5,10.0,2,122,2,1,2,2,1,48.605142607102714,17.18609026545197,-6.319412437659229,15.215698952378245,-0.2916077753253954,-1.174454501784635
0.5,10.0,2,123,2,1,2,2,1,6.575679521428409,18.853145658459862,-0.6819863133937081,10.691566979699177,0.6572439741720153,2.5341539852620243
0.5,10.0,2,124,2,1,2,2,1,30.881665895587275,18.780054877804382,1.4004619962538756,6.809512883334737,3.3456113717861315,1.5255173916304288
0.5,10.0,2,125,2,1,2,2,1,43.305015849203,18.91785020887224,-6.902003490518364,14.635147476641878,1.3366232622300989,-3.7904027226611086
0.5,10.0,2,126,3,0,2,2,1,54.275739007224985,23.650716685604213,-3.514793598561906,4.454342426873002,7.421997517532832,-3.3035744195350594
0.5,10.0,2,127,2,1,2,2,1,12.179405986626822,16.235079920208666,-4.252190839443193,11.284343557068496,0.39202116482166105,1.9764092517707907
0.5,10.0,2,128,2,1,2,2,1,13.172000993740419,15.833383147587243,0.41547509581479436,8.627663992998242,4.333766964483946,-3.364247173411916
0.5,10.0,2,129,2,1,2,2,1,41.541814744649805,16.614807275230962,-5.291888433304968,14.442663729300595,-1.110388419388868,1.53532318748657
0.5,10.0,2,130,2,1,2,2,1,48.67509571366166,16.62881759656074,-5.4271364821690815,15.223380919275373,2.123051775660766,-6.447544876538745
0.5,10.0,2,131,2,1,2,2,1,61.78489501222955,19.398714340986892,-7.79554011712947,16.672126153335178,-0.8706233725891095,-1.2695069157323313
0.5,10.0,2,132,2,1,2,2,1,19.502887354942327,20.826072524995404,-1.419000715414403,12.063828108979132,-0.28505244961260473,3.2618352441742675
0.5,10.0,2,133,2,1,2,2,1,43.442417490464095,17.38173960973814,-8.981305096482878,14.650160820815394,-2.8422130447246525,5.515310943226184
0.5,10.0,2,134,2,1,2,2,1,15.988707155461288,19.243562219062667,1.1666204388111978,11.6891126016732,2.4832463773664837,-2.6965573570808714
0.5,10.0,2,135,2,1,1,2,0,26.96631619131796,12.847982396907458,3.401852791923358,7.208841438791956,4.741696506902678,-2.8870867911120266
0.5,10.0,2,136,2,1,2,2,1,72.61861199063301,9.591649442525382,-3.590169569575373,17.88308113850342,-1.356109843312356,-3.0520303901013923
0.5,10.0,2,137,2,1,2,2,1,44.51236831158603,18.582609262320958,-4.871708999013365,14.767137485141449,-1.584431123464294,2.543787759186609
0.5,10.0,2,138,2,1,2,2,1,57.93301534977593,18.584548024422322,-2.0652607962626663,16.244580832743573,0.30680352852219717,-3.489644349675773
0.5,10.0,2,139,2,1,2,2,1,76.37015922485648,16.94524990432441,-5.7502607031552015,18.3053391038349,-3.086585523623897,1.5206993501687125
0.5,10.0,2,140,2,1,2,2,1,102.25506083935315,17.386592110733147,-3.260583530196416,21.260345287594745,-3.9222511569814626,0.09939757419491363
0.5,10.0,2,141,2,1,2,2,1,42.31577517043478,15.22297361747004,-3.2612653515338472,14.527115000821425,-2.79099294512507,5.200074634431631
0.5,10.0,2,142,2,1,2,2,1,73.60833266437442,12.200010379053563,-7.245761651733471,17.99433324980801,-3.1312023259453405,1.2646777123228985
0.5,10.0,2,143,2,1,2,2,1,38.699199907236085,19.976723543399384,-8.512838250572791,14.133023713686738,2.4490991995542344,-5.400518792850723
0.5,10.0,2,144,2,1,2,2,1,12.40949020181216,16.729910372712936,-6.783068202532016,11.308750186215812,1.8449045887955557,-1.2259538308678888
0.5,10.0,2,145,2,1,1,2,0,24.13620380348429,16.481404555450354,2.2137533320209557,12.559798768712337,2.6418821313333014,-4.477814293669115
0.5,10.0,2,146,2,1,2,2,1,11.430672910789287,20.28065290467688,-3.0556694362864953,11.204957281955972,-2.253036373548452,9.073460468426518
0.5,10.0,2,147,2,1,2,2,1,93.19629376356258,20.81774729866424,-5.639221384348221,20.21789897410419,-1.3857021441012836,-3.9666909673591917
0.5,10.0,2,148,2,1,2,2,1,79.79133982157555,20.033120866665552,-6.482268626063744,18.69173088980716,-1.4082466048860667,-2.3133419811374636
0.5,10.0,2,149,2,1,2,2,1,36.803052009479345,19.626142325056787,-3.9812735712987157,13.926946275573238,0.47126496301014753,-0.9599415540954771
0.5,10.0,2,150,2,1,2,2,1,10.246355502679432,17.018683533472334,-2.5214649841107395,11.079502718925738,4.011018042147531,-5.4875715996863095
0.5,10.0,2,151,2,1,2,2,1,35.44310193066718,11.5141449461568,-6.0210186602548665,13.779373147686247,-2.711229908164584,5.369883006073635
0.5,10.0,2,152,2,1,2,2,1,8.744034451073686,15.699437308299615,0.01878112327339102,10.920565693698677,3.1330392008025285,-3.6680944502451003
0.5,10.0,2,153,2,1,2,2,1,3.7242913374812323,15.565117009789926,1.1077602937462465,10.391152977946842,3.044123253490549,-2.8572505371525554
0.5,10.0,2,154,2,1,2,2,1,29.257579630642642,19.110448321945352,-2.108137640413421,13.11056792690381,4.289795047321863,-8.098638816384673
0.5,10.0,2,155,2,1,2,2,1,77.03692794401958,22.10618330168471,-4.023401532500025,18.38054585960796,0.9989241598332612,-6.847834096894441
0.5,10.0,2,156,2,1,2,2,1,51.33021779514466,17.042160429685584,-3.8471145907909134,15.51533464831731,2.725091238534673,-7.944197230463175
0.5,10.0,2,157,2,1,1,2,0,75.75700383330337,14.250158396886466,-0.88599631106406,18.236221720134996,-5.010679864927108,5.861056868026033
0.5,10.0,2,158,2,1,2,2,1,10.422139215710072,20.820660519441166,-0.26051810921219676,8.91273945627256,6.709084404284761,-7.777864304869693
0.5,10.0,2,159,2,1,2,2,1,118.39114293092301,12.280625370552967,-3.1174082045272566,23.13966229014722,-6.982361658311569,4.5775833891985815
0.5,10.0,2,160,2,1,2,2,1,30.755522186754828,23.829257548905353,-1.5452862470149689,13.272170282571421,0.8969514433430232,-0.47579969327107674
0.5,10.0,2,161,2,1,2,2,1,55.698653925573616,16.282101923525946,-2.981713496346028,15.997292810958577,-0.6966761283343281,-1.3329917254583796
0.5,10.0,2,162,2,1,2,2,1,50.88834523096649,11.092476168236724,-1.5339029971887612,15.466695661658036,-3.0115023965229404,3.8907347630242395
0.5,10.0,2,163,2,1,2,2,1,57.26645440873292,17.365258980881674,-3.7448097001403466,16.17075405396633,-3.555754696093393,5.3322560088533235
0.5,10.0,2,164,2,1,2,2,1,2.649263757479441,16.608350364415983,0.8137874380060642,10.278102945301548,0.5512405831531006,2.960795351555843
0.5,10.0,2,165,2,1,2,2,1,69.56566977114103,19.547198620448363,-3.4865144213052632,17.540567666544874,-6.207945689634287,10.714852221070299
0.5,10.0,2,166,2,1,2,2,1,25.40631988416589,20.689904347309504,1.288779868827949,7.368361888066917,3.062552912966503,1.7119615450401533
0.5,10.0,2,167,2,1,2,2,1,6.185546573213634,18.191875789062887,-5.549523380811852,9.35340773904807,-0.018156859455579193,5.768933083374376
0.5,10.0,2,168,2,1,2,2,1,74.77326197348982,14.886557490849674,-9.438597035433396,18.12541466802737,-5.369212450636899,7.011032822083475
0.5,10.0,2,169,2,1,2,2,1,14.804113488226795,11.843642364213647,2.3320428267659556,8.458817488263387,4.807575459671568,-4.71907126376326
0.5,10.0,2,170,2,1,2,2,1,37.22916403390978,20.541010740583392,-0.4333863492407007,13.97322461080958,-0.3084488807232054,0.8760071510584678
0.5,10.0,2,171,2,1,2,2,1,37.7857581265174,22.893014953928457,-1.3732166301181128,14.033702401420186,1.4002431279033416,-2.635491820967391
0.5,10.0,2,172,2,1,2,2,1,39.20065777435574,17.827706301830453,-6.548958445415468,14.187585533709852,-0.8031037648667629,1.3284501486206628
0.5,10.0,2,173,2,1,2,2,1,56.28724812297557,17.56180381086524,-0.12207422762162266,16.0623844102112,-0.8189639918222444,-0.9436716066042463
0.5,10.0,2,174,2,1,2,2,1,71.7338435952512,19.490520660035966,-2.2951708052833615,17.783715262293942,-3.309980652941914,3.0758645550734114
0.5,10.0,2,175,2,1,1,2,0,98.91757794091126,16.219576646654417,1.1927671543624652,20.875233701464705,-3.7961661118438252,0.06743045826796537
0.5,10.0,2,176,2,1,2,2,1,63.11299178358676,14.463683711929502,-3.444697214551537,16.819904573177897,-0.38612376953142863,-3.2494779160501217
0.5,10.0,2,177,2,1,2,2,1,39.904110079870094,14.024563216188914,-6.615158118366589,14.264169602012966,-3.198119590758682,6.345359584146422
0.5,10.0,2,178,2,1,2,2,1,47.671715971542504,20.707273109902815,-3.1843263679896023,15.11324281797365,-1.7869529706411793,2.9225373011799993
0.5,10.0,2,179,2,1,1,2,0,68.43843698183599,14.133119498424817,0.30297204527927163,17.414353701395836,-1.6674463550954768,-1.1372660585263636
0.5,10.0,2,180,2,1,2,2,1,0.18477513901715983,18.76415669618027,-2.475607301775742,10.019373752796458,6.136828143487824,-8.24315633592914
0.5,10.0,2,181,2,1,2,2,1,141.42556776124727,18.96894871789681,-5.406805277650931,25.87298320615134,-3.0875383311080933,-6.567955138688018
0.5,10.0,2,182,2,1,2,2,1,1.4999814558248141,20.470621215148054,-2.2993373176131784,10.157372318168552,4.0445441730508636,-3.9529512186001448
0.5,10.0,2,183,2,1,2,2,1,96.46265731705802,19.632218124150945,-1.658082961022973,20.592741742475486,-2.0710943787291556,-3.043105477547094
0.5,10.0,2,184,2,1,1,2,0,10.286045821295783,22.57320030601297,3.805382785914045,11.083704815365364,2.213621601441455,-0.8751746994405017
0.5,10.0,2,185,2,1,2,2,1,73.61505205920507,19.151336329216846,-0.8937280488061975,17.995088919477176,-1.2160870400904016,-2.074793242194226
0.5,10.0,2,186,2,1,2,2,1,19.103019214756777,16.86055352757358,-0.37666122550944114,12.021127035794349,-0.1715643849209137,2.4319345210365757
0.5,10.0,2,187,2,1,2,2,1,31.69550149857241,15.693606653648667,-3.215903507026838,13.37369583506799,-1.731077568401477,4.19011118136116
0.5,10.0,2,188,3,0,2,2,1,15.51144901051309,19.719248620827972,-1.47743491387953,8.385723234204425,8.613911903171564,-10.930577999750763
0.5,10.0,2,189,2,1,2,2,1,32.31025794131596,21.22809889120361,-0.21025474255877943,13.440143836079214,4.130744575657074,-7.858001618531565
0.5,10.0,2,190,2,1,1,2,0,1.6345170939203342,14.664022677553957,4.207343581064359,9.828768682015928,4.024042217145734,-4.3607731802468725
0.5,10.0,2,191,2,1,1,2,0,15.50708623732858,19.979221002484902,3.867190130563129,8.386173921075448,2.3066380150363206,1.9550620420970646
0.5,10.0,2,192,2,1,2,2,1,24.986173912000584,16.236191667884317,0.45372238925225755,12.65102131159917,0.2728685646100266,0.5297288015200675
0.5,10.0,2,193,2,1,2,2,1,26.101338033316377,16.61150661025352,-5.780963452035516,7.297262162214643,1.3324763491954412,5.1091265334814295
0.5,10.0,2,194,2,1,1,2,0,21.722022690499593,19.678857869280225,4.187229573344315,12.301100874599987,0.3169357258955221,1.3944120102629283
0.5,10.0,2,195,3,0,2,2,1,54.792115263106936,13.891089014346665,1.726275158453592,4.402946916171816,5.943758409685625,-1.6428850464690479
0.5,10.0,2,196,2,1,2,2,1,28.895776931150674,19.777789742253745,-3.484755810468459,7.011868497009724,6.003908080223184,-4.224218351353032
0.5,10.0,2,197,2,1,2,2,1,39.243251034157744,18.479110268126178,-2.751347941937776,14.192221154195975,-4.228593548787528,9.775989460367605
0.5,10.0,2,198,2,1,1,2,0,102.91884395643524,19.265683658211817,0.5401736040203083,21.33708526688692,-3.5103850724222223,-0.664456419505094
0.5,10.0,2,199,2,1,2,2,1,50.21698993658882,23.795403337692637,-2.9242252124605748,15.392835627169088,-2.5788264203573164,4.955714839914373
0.5,10.0,3,0,2,0,2,2,1,4.76646382298801,142.67060824630218,-14.896060931521124,17.85408741591039,9.501411605995665,-6.131663065076497
0.5,10.0,3,1,2,0,2,2,1,9.467759372711438,137.31235929214128,-8.017192495208443,15.505271968715695,10.99710326654186,-7.136225148538125
0.5,10.0,3,2,3,1,2,2,1,67.57877884430079,144.13287185785995,-10.397928913662549,3.3436993815085447,17.318190623872336,-3.327938761046645
0.5,10.0,3,3,3,1,2,2,1,41.80679589138962,138.60775195874285,-8.476196694972765,10.988871265410172,14.471570332729186,-8.24755321945592
0.5,10.0,3,4,3,1,2,2,1,57.3076704145434,149.49923905210912,-13.458951457667428,5.936395446521744,16.17531768505488,-3.732995645883314
0.5,10.0,3,5,3,1,2,2,1,43.884751982737804,137.00277536345754,-8.810523747338449,10.672742519538645,14.698506349451737,-8.516921728789702
0.5,10.0,3,6,2,0,2,2,1,14.122474173531199,142.9469123577883,-15.911507599396796,17.59371774677878,11.490626635826716,-9.545941393996921
0.5,10.0,3,7,2,0,2,2,1,9.45290685504092,144.91054180418902,-17.717724016027226,13.346372760154818,9.01339703692479,0.4380271423250458
0.5,10.0,3,8,3,1,2,2,1,65.24169132623815,143.31004933277262,-9.19848665339041,7.33600051796319,17.057157260484257,-7.940534902103728
0.5,10.0,3,9,3,1,2,2,1,42.445263962634826,142.7247440141373,-5.704751810847414,11.62211625669994,14.541250351569651,-8.523626953598429
0.5,10.0,3,10,3,1,2,2,1,18.880171392523494,146.62585734284474,-15.250196439067452,10.954763450900487,11.997336649144495,-2.392829443091615
0.5,10.0,3,11,2,0,2,2,1,13.22239690044547,143.92852245156658,-14.304467574573893,20.036946651724843,8.622446467714271,-6.639871133125727
0.5,10.0,3,12,3,1,2,2,1,100.60412012763948,143.63199091046815,-9.675840656881192,6.5767887374099665,21.06969040709034,-13.782019926638378
0.5,10.0,3,13,2,0,2,2,1,3.918267592617873,145.98634303257958,-10.904603764526044,13.993921035793685,10.411563883611533,-3.0157899193486397
0.5,10.0,3,14,3,1,2,2,1,39.87121499512022,141.73084333678187,-10.152765415906085,13.179514842802115,14.260587206285821,-9.905847477878977
0.5,10.0,3,15,3,1,2,2,1,33.47324727115908,144.65743775884357,-6.059619030247024,7.447788568438028,13.565955963476975,-1.3847903466174956
0.5,10.0,3,16,2,0,2,2,1,15.989768781833861,143.04214985327235,-6.32147128779229,14.974098499929234,8.336322806320432,-0.42623354578537687
0.5,10.0,3,17,2,0,2,2,1,22.321221387873727,138.37861995548724,-12.07008711039562,15.249202825481087,12.365254053480564,-9.236512504592246
0.5,10.0,3,18,2,0,2,2,1,11.625659250056051,139.1542498733303,-4.201680634140514,10.827321664226625,8.787879771528498,3.1966172149171217
0.5,10.0,3,19,3,1,2,2,1,61.89532608333079,139.38418965461105,-8.892336783096127,12.476657061323191,16.684406780343036,-13.628405088040967
0.5,10.0,3,20,2,0,2,2,1,5.10744581928145,139.66189852084906,-8.187105055549777,18.515269007075265,9.46583046368024,-7.21723714400123
0.5,10.0,3,21,2,0,2,2,1,2.070930763987348,136.49336941797264,-10.488010607833793,10.817988628425223,10.217333278330127,-0.18526924003774595
0.5,10.0,3,22,2,0,2,2,1,20.86218921617133,142.34827485820435,-10.522064015356158,14.161557763349586,12.209106830883751,-7.185903011514232
0.5,10.0,3,23,3,1,2,2,1,24.140908262792756,141.01634175617386,-13.06808331641901,8.813611710698288,12.560303468691655,-1.6841888720646476
0.5,10.0,3,24,2,0,2,2,1,12.475365907816723,147.89695682811805,-14.506454737384326,19.99478735375939,11.315739065060118,-11.071676122075429
0.5,10.0,3,25,2,0,2,2,1,4.494137449940006,148.77064131809,-10.472285882907588,14.942225863181498,10.47218129503625,-3.837392871590152
0.5,10.0,3,26,2,0,2,2,1,10.867377249394876,144.37055971377194,-9.549874944891652,13.076425816087681,11.145269798808211,-3.6106932013014355
0.5,10.0,3,27,2,0,2,2,1,1.0827504769901444,141.27306772908182,-14.086536403122032,14.265439649692683,10.113575450139821,-3.440069519308865
0.5,10.0,3,28,2,0,2,2,1,7.471271201143721,141.34575033305404,-9.070585515113002,15.585931689318327,10.78609253610998,-6.253914029550721
0.5,10.0,3,29,2,0,2,2,1,5.54794812934947,142.42020624968214,-10.102047317451227,11.817585791419052,10.58319406319441,-1.269136770875703
0.5,10.0,3,30,2,0,2,2,1,15.687852883945116,140.85686136299012,-13.431036014904722,13.531250714030815,11.657090926565916,-5.638554760777099
0.5,10.0,3,31,3,1,2,2,1,16.619849878029974,138.6455879557244,-7.791258737999958,10.427352965180091,11.756318646632852,-2.460160901331404
0.5,10.0,3,32,2,0,2,2,1,4.051048411581639,142.4847268002175,-9.904729192504973,12.731097786826684,10.425537752824326,-2.054982772754471
0.5,10.0,3,33,3,1,2,2,1,19.315849396350558,145.44620602962638,-8.018923846269297,9.167272773366566,12.04385269506812,-0.4394685068500977
0.5,10.0,3,34,2,0,2,2,1,14.596554469828613,138.51164409060314,-14.244201508694024,20.95387847334586,8.480275462518193,-8.109319816624467
0.5,10.0,3,35,2,0,2,2,1,20.83364114332149,149.16732677418062,-11.09414477723159,16.837437003014628,7.837318893134699,-0.6850767216969267
0.5,10.0,3,36,3,1,2,2,1,14.472181484119364,142.71317179764725,-8.17748922468571,9.730245337777243,11.527793398558678,-0.52971887900114
0.5,10.0,3,37,3,1,2,2,1,55.84798692300755,143.06863862739766,-15.930083341511347,13.100220589699138,16.01380382823045,-12.679768376908287
0.5,10.0,3,38,2,0,2,2,1,16.59967493264265,143.8645968889798,-10.564314078219704,12.893927459554957,8.273364915460292,2.394236473433712
0.5,10.0,3,39,3,1,2,2,1,40.83482539555839,143.46095450672232,-11.41423667078601,7.789565509661039,14.365574482041874,-3.5328966667840245
0.5,10.0,3,40,3,1,2,2,1,107.2476947633732,145.10054194974913,-9.957582137814725,4.483274818122945,21.838736272384352,-12.432383783844982
0.5,10.0,3,41,2,0,2,2,1,36.25829022996297,144.88810238096573,-13.085353248793963,17.63181316872874,13.86780922855317,-13.527656338306876
0.5,10.0,3,42,2,0,2,2,1,16.828282230685144,138.9087968868825,-7.503380745976338,11.911240021844353,8.249776232085072,2.916410591550386
0.5,10.0,3,43,2,0,2,2,1,21.71133164631878,147.25218876011806,-14.574340556312308,14.123687973072819,12.299956571132114,-6.617087609695068
0.5,10.0,3,44,3,1,2,2,1,43.318337683322206,142.77972921675578,-6.916559074177305,12.417871938435153,14.636603015692543,-9.583659071345583
0.5,10.0,3,45,3,1,2,2,1,16.728801750907568,141.0279010962813,-14.19447619058986,6.091397563436548,11.767924274090621,3.472772761401647
0.5,10.0,3,46,2,0,2,2,1,24.57637300450388,143.79785530432747,-14.886126096279684,17.510353652255418,7.4533264245399495,-1.4869632981283778
0.5,10.0,3,47,2,0,2,2,1,0.0387062402982674,143.96519859085805,-4.8930366263552925,12.767986959259204,9.995942066256438,-1.0144708348281752
0.5,10.0,3,48,2,0,2,2,1,4.407950173794846,140.15473124193946,-11.788155672300869,12.592541944212456,9.538834632103159,-0.4430080467797116
0.5,10.0,3,49,2,0,2,2,1,12.706899563113774,142.48302273545053,-11.526378885520343,13.006003467107835,8.675828117131623,1.18955067664573
0.5,10.0,3,50,2,0,2,2,1,18.5020726268191,139.28801177395405,-17.430313608203814,12.65998365198166,11.95698381956594,-5.423006984091913
0.5,10.0,3,51,2,0,2,2,1,11.452149980595248,146.10744188911778,-13.428650661552416,15.27157213876562,11.207233652253077,-6.0198496813846285
0.5,10.0,3,52,3,1,2,2,1,89.17856869498547,139.45857498741918,-6.822400685041351,3.438692426737057,19.7584287412822,-8.479565546751946
0.5,10.0,3,53,3,1,2,2,1,57.32235923863942,146.418537731335,-11.708831769144558,11.487152947977876,16.17694414445813,-10.748291171276431
0.5,10.0,3,54,2,0,2,2,1,35.01179504428255,141.58373998968227,-11.946621037551967,16.03457019795044,13.732610407033876,-12.077143455475598
0.5,10.0,3,55,3,1,2,2,1,33.85455132435549,145.18396982064502,-8.478709613272848,10.817723579668266,13.607235783014355,-5.526836511610673
0.5,10.0,3,56,2,0,2,2,1,20.106838862012804,141.19526501081165,-6.877021186480188,14.963064301195844,7.91204546902078,0.18915473207107322
0.5,10.0,3,57,2,0,2,2,1,11.711392758956391,144.82761511900466,-13.17195848612742,15.484239101130779,8.778990776633322,-1.6732036173311895
0.5,10.0,3,58,3,1,2,2,1,31.645490271357,143.2820241123541,-12.666083093709629,9.851345178130796,13.368291917016917,-4.192742806254917
0.5,10.0,3,59,2,0,2,2,1,9.58819886435457,141.23228061235469,-7.245832480371578,11.998669308515082,11.009845477015308,-2.5184056893819697
0.5,10.0,3,60,2,0,2,2,1,35.776883363445144,143.49125139369244,-12.874357067185645,14.076873665089776,13.81557527426646,-9.860486109929681
0.5,10.0,3,61,3,1,2,2,1,95.05873320673798,144.13919301915232,-8.66592396489768,5.453573165643137,20.43148660421073,-11.38781887623057
0.5,10.0,3,62,2,0,2,2,1,21.575265070997506,144.24140170222392,-8.155000850489378,14.04317740214668,7.761121761347798,2.1058460474442553
0.5,10.0,3,63,2,0,2,2,1,28.843441242146604,139.524923228436,-5.9138914362751365,13.174873750972067,13.065930181339228,-8.052459790687228
0.5,10.0,3,64,3,1,2,2,1,38.94607897454754,143.8899538856144,-6.841725294992491,7.739061196812245,14.159882474761929,-3.015529320889955
0.5,10.0,3,65,3,1,2,2,1,58.62334465627675,142.9605110510022,-5.834887107512428,7.433983546386762,16.32108959855325,-6.7918509920217485
0.5,10.0,3,66,3,1,2,2,1,17.530021654722514,141.05415750676724,-8.862607999227437,10.105014805106908,11.853307790652803,-1.8952734946254386
0.5,10.0,3,67,3,1,2,2,1,23.407780464438282,140.34430495130783,-11.143819670490226,10.175728591132781,12.481679943966101,-3.3156815731380367
0.5,10.0,3,68,3,1,2,2,1,34.64561258218123,144.48535514095664,-8.574310363317032,6.8445055077892585,13.692923609796079,-0.8857368085207497
0.5,10.0,3,69,2,0,2,2,1,19.452916585138766,145.76284582679153,-17.41842165476072,13.638867813304802,7.97932310009889,2.383219847461863
0.5,10.0,3,70,3,1,2,2,1,60.31405403403669,145.60136077836944,-6.104781368282711,12.680045462172018,16.508682618122215,-12.73062085097974
0.5,10.0,3,71,3,1,2,2,1,93.29898057306018,144.84065750477978,-11.585878215483467,4.320151181152627,20.229665393809167,-9.610228062356116
0.5,10.0,3,72,3,1,2,2,1,33.81181237054697,139.2475055014146,-8.108708581214085,5.461937516120606,13.602608134946342,0.3017375744475881
0.5,10.0,3,73,3,1,2,2,1,30.767730580360936,143.01642264408585,-7.472741296094573,8.166550710751839,13.27348830730433,-1.9696418557153559
0.5,10.0,3,74,2,0,2,2,1,23.63061724354427,142.13385811749174,-15.691077203198928,16.533674897010144,7.550228683268581,-0.7916962720851499
0.5,10.0,3,75,3,1,2,2,1,31.283349316645733,147.39781577883502,-12.505193288600747,8.820628869822542,13.329168787571003,-2.2440343565075946
0.5,10.0,3,76,2,0,2,2,1,16.184738193350785,141.2427112623962,-7.536777242645557,12.161481084269957,8.316193004034366,2.8205313458529457
0.5,10.0,3,77,2,0,2,2,1,25.692971170619263,139.48330590957585,-11.776359583191255,15.143660677302067,12.726934209076788,-9.624546746800041
0.5,10.0,3,78,2,0,2,2,1,9.263493495969445,142.15267177777,-9.360509544125033,16.004415585641446,9.033079025266424,-3.192899571938839
0.5,10.0,3,79,2,0,2,2,1,7.230268893237145,139.4994922390673,-10.036951325423395,17.324984462503547,9.244575821272921,-5.500381442054826
0.5,10.0,3,80,3,1,2,2,1,62.7619321178998,144.24491891984331,-4.625134843536595,9.594590241416135,16.78082368579145,-9.960809167716254
0.5,10.0,3,81,3,1,2,2,1,29.178886110154583,146.2955387869745,-9.368613792867958,12.325841348723326,13.102084620371624,-6.190210819961524
0.5,10.0,3,82,2,0,2,2,1,26.650281088680213,145.31419885789154,-13.794452324024522,16.727228958491665,7.2411390665061175,0.10646050231491919
0.5,10.0,3,83,3,1,2,2,1,47.34591067387326,143.72871243982812,-11.398566387314196,11.101024154345016,15.077502756840005,-8.750212388397896
0.5,10.0,3,84,3,1,2,2,1,60.68254678471841,140.20788232041184,-10.988008183819915,11.728412793015162,16.549608947551608,-12.486618039463227
0.5,10.0,3,85,3,1,2,2,1,22.942775113655696,150.42556823575916,-11.349347284609685,10.80404728385183,12.431839397242848,-2.4960560445061835
0.5,10.0,3,86,2,0,2,2,1,0.037042392343561444,140.13508654425806,-9.253412855293874,16.145195616501375,9.99611649977211,-5.541567509925308
0.5,10.0,3,87,3,1,2,2,1,41.506346408359235,144.9639619397706,-8.45965721821447,10.298778573122307,14.438795067871748,-6.489269198782209
0.5,10.0,3,88,3,1,2,2,1,48.168222539118936,151.58069988042524,-13.200469719998498,9.474355283879502,15.167729747822783,-5.907580375066683
0.5,10.0,3,89,2,0,2,2,1,20.997731266708,141.506353740605,-11.690383421792568,17.314985772452633,12.223603542461502,-10.77341487228285
0.5,10.0,3,90,2,0,2,2,1,1.0077616706980355,141.57637103113274,-13.215100899536852,17.462676449195385,9.894395783877593,-6.610676924418951
0.5,10.0,3,91,3,1,2,2,1,55.2751702740287,140.83538896193483,-8.843599234224689,8.65263122215183,15.950483079572098,-7.876872957157385
0.5,10.0,3,92,2,0,2,2,1,11.788454821835417,144.63585633931785,-13.377590259065608,16.50121481426221,11.24288492594574,-7.668753134395565
0.5,10.0,3,93,3,1,2,2,1,59.43797699370123,146.2798104286401,-5.4487718653532715,10.390064744042594,16.411439567208514,-9.943932698002525
0.5,10.0,3,94,2,0,2,2,1,58.81473144079776,135.90371647078817,-7.2674447332339405,19.681777524547385,4.003436254559635,2.1272270867334075
0.5,10.0,3,95,2,0,2,2,1,13.517296442916916,141.81470866312895,-10.422296470284754,11.671955028212755,11.426337832764538,-2.8573513447461774
0.5,10.0,3,96,3,1,2,2,1,46.36800644952318,148.08786226772892,-11.151033210106661,6.192730159189933,14.970295627970936,-1.9871876103854065
0.5,10.0,3,97,3,1,2,2,1,97.69251639441684,145.0052104172609,-5.831961733818549,5.844067046438374,20.734181130859646,-12.223501759827588
0.5,10.0,3,98,2,0,2,2,1,4.614918673552067,141.13445711702934,-9.160549510870046,17.45537628767038,10.484899231200034,-7.7859056057195035
0.5,10.0,3,99,2,0,2,2,1,34.33452876033979,141.0475859613228,-7.415578166991682,13.854611325245605,13.659219274401902,-9.67325746449371
0.5,10.0,3,100,3,1,2,2,1,31.023226554853107,148.6474300211854,-7.199688048331697,8.774683683301657,13.30107530922922,-1.9468175196143314
0.5,10.0,3,101,3,1,2,2,1,60.09323525811408,138.27256866462204,-10.96168885982102,6.087558974686713,16.4841644579433,-6.114607572889539
0.5,10.0,3,102,3,1,2,2,1,26.767264161099117,140.48321328545035,-9.728174837080354,7.688241705895468,12.842415620991044,-0.8959895814224769
0.5,10.0,3,103,2,0,2,2,1,2.3144586409529206,140.98658627173427,-15.495541901105419,17.017492230729196,9.75761682045524,-5.937078095959692
0.5,10.0,3,104,2,0,2,2,1,10.585442304791538,141.63740322354312,-8.611959751306262,16.459544814765042,11.11540766532272,-7.806586371386221
0.5,10.0,3,105,2,0,2,2,1,19.37601535371717,145.30637865794307,-13.27253329797701,22.37500994137166,7.987237702446823,-7.706680642667979
0.5,10.0,3,106,2,0,2,2,1,3.031026646405125,142.80306536906417,-9.762053794691859,15.684367426311146,10.318235915003141,-5.257954232343921
0.5,10.0,3,107,2,0,2,2,1,18.29145333330927,142.41389397692177,-15.5332172884656,20.33410403241323,8.098921609124481,-6.1583806142103255
0.5,10.0,3,108,2,0,2,2,1,21.649814556075757,149.63617570414533,-16.078489051550633,13.933422152651348,7.75346525562232,3.1036077945445966
0.5,10.0,3,109,3,1,2,2,1,25.630983351771963,143.9081630672801,-6.428539296261522,9.92023710671508,12.720274419448941,-2.941094137126874
0.5,10.0,3,110,3,1,2,2,1,36.36434377747925,142.0076871053702,-7.691709179267956,13.649090778601389,13.879319548711901,-9.708087048769274
0.5,10.0,3,111,3,1,2,2,1,34.219501644375214,141.07700383104836,-12.96089655631934,10.070048642107976,13.646759207269499,-5.301771685353353
0.5,10.0,3,112,3,1,2,2,1,25.25642865887089,142.681561644709,-11.862936989799538,10.563365729838255,12.680041731177031,-3.825641144451393
0.5,10.0,3,113,2,0,2,2,1,5.082820888292735,136.99833914132347,-12.291447878148405,11.266650871613894,10.534181892938097,-1.3073653256145987
0.5,10.0,3,114,2,0,2,2,1,11.580282974271416,139.4810243871193,-10.376627614330937,11.639446076362987,11.220815530049123,-2.7591210458802315
0.5,10.0,3,115,2,0,2,2,1,11.643121706262077,147.14208675614506,-11.478933071724708,15.030302497572512,11.227476934185539,-5.636476255553167
0.5,10.0,3,116,3,1,2,2,1,57.067484460941,145.47537395878845,-13.220850677780504,9.285032476053315,16.148725681845384,-8.321517716939535
0.5,10.0,3,117,2,0,2,2,1,12.971249619947002,141.37799968634414,-9.97869008643427,15.185992238780372,8.648450418059141,-1.5709050080861215
0.5,10.0,3,118,3,1,2,2,1,45.071855235498575,137.88037338673013,-12.743357795270525,7.584186869589972,14.828353151001341,-4.963005576482985
0.5,10.0,3,119,2,0,2,2,1,17.47216745081101,133.4926897039711,-11.355347417553604,13.695526800439781,11.847140263516657,-7.233807461951694
0.5,10.0,3,120,3,1,2,2,1,55.09395864544218,150.49726245014384,-4.465313480603221,8.591592808068564,15.930458638118383,-6.403693838489269
0.5,10.0,3,121,3,1,2,2,1,54.090579282864,145.1974759206502,-11.303787981198674,0.7317682504772113,15.819644707229633,3.2815727463983104
0.5,10.0,3,122,2,0,2,2,1,28.62367933911538,144.32153229224033,-12.374744159121295,13.59942669769355,13.042250384384445,-7.81459719055669
0.5,10.0,3,123,3,1,2,2,1,32.964368865324765,134.26012571312694,-5.996989254200535,11.761252642246934,13.510888362483856,-7.997101256408808
0.5,10.0,3,124,3,1,2,2,1,73.77329640825883,143.3565493196355,-5.517253465316632,4.939210864875701,18.012886631777985,-6.724806317431183
0.5,10.0,3,125,3,1,2,2,1,52.050233695230034,143.72690739139608,-12.863193647875153,7.97621327641017,15.59463407399626,-6.015282596681732
0.5,10.0,3,126,3,1,2,2,1,16.087809877086524,141.92416893683537,-5.629723860002581,7.8334260815975485,11.6996626930593,1.4338709592582872
0.5,10.0,3,127,2,0,2,2,1,54.79775286981385,149.32279892371022,-11.6366181410123,17.049963644480005,15.89773443625635,-15.76060387713644
0.5,10.0,3,128,3,1,2,2,1,53.302669666138414,139.00234266941268,-9.149811735389116,5.659838611673047,15.732701659472268,-4.093883497495443
0.5,10.0,3,129,2,0,2,2,1,53.089113437178256,142.54649391720972,-13.18596091551413,21.49195841879193,4.572544502276905,-0.19701213821000813
0.5,10.0,3,130,2,0,2,2,1,11.102297313878177,138.05905543472215,-9.83636371419649,13.874764466278963,11.170158314993014,-5.5081485056982755
0.5,10.0,3,131,2,0,2,2,1,17.49071556261128,138.7102733247996,-12.442693987831234,13.308833202657391,8.181452531506524,1.2717055283009684
0.5,10.0,3,132,2,0,2,2,1,1.9515041209532427,142.13242592091746,-11.74422679471235,13.859395471167948,9.795592126898184,-2.1999783372768045
0.5,10.0,3,133,2,0,2,2,1,18.251170503109037,137.81550179407108,-8.50571516870309,13.768996822511104,11.930214157457371,-6.861687665785543
0.5,10.0,3,134,3,1,2,2,1,26.079898159892387,136.85716532222287,-9.511370686776166,11.673088318842453,12.768513405425264,-6.1541458589725275
0.5,10.0,3,135,2,0,2,2,1,35.111539695304685,141.99455125472835,-11.42581069447004,15.526960096264556,13.743423117026735,-11.503775158985146
0.5,10.0,3,136,2,0,2,2,1,18.061164991057375,143.47244466264485,-11.854796396699308,14.388994242266092,11.909946035915748,-6.72425961071883
0.5,10.0,3,137,3,1,2,2,1,19.323599264345663,144.3267161028124,-11.342049592365349,11.325995929101005,12.04468030030828,-3.2769334585445753
0.5,10.0,3,138,2,0,2,2,1,7.275031689914708,140.35903241991298,-9.48952399269939,11.78550488588725,10.76537346058416,-1.9035841469474803
0.5,10.0,3,139,3,1,2,2,1,25.15590239933869,142.85679510724069,-5.952021844862139,11.255479551872092,12.66924617538602,-4.610857296848592
0.5,10.0,3,140,3,1,2,2,1,61.05542418642346,144.58829101836184,-9.481928390110417,9.362930301650518,16.591036888400694,-9.316107155907025
0.5,10.0,3,141,3,1,2,2,1,52.98016775968503,144.7551433850314,-9.261947925570858,8.626412329652096,15.69713353852545,-6.8367079058716484
0.5,10.0,3,142,2,0,2,2,1,15.168687429309449,140.19931613767784,-4.8248983334390765,15.251550634227625,8.42113719053519,-1.3617782958950333
0.5,10.0,3,143,2,0,2,2,1,56.564358537184475,141.18754227882528,-12.177035650897297,22.672329241735845,4.22674580407055,-0.9963326987131257
0.5,10.0,3,144,3,1,2,2,1,31.652261560339948,140.12456019146524,-6.742436135146919,8.400356636741446,13.369023567464236,-2.877146002137242
0.5,10.0,3,145,2,0,2,2,1,20.232770049960877,139.38993527226333,-12.207133155167368,15.947489936893358,7.89909407694754,-1.2343705958877718
0.5,10.0,3,146,2,0,2,2,1,5.396216758622533,145.03628673521453,-13.628265979289194,11.00784301320193,9.435706536647437,2.5114399481317418
0.5,10.0,3,147,2,0,2,2,1,5.6944007495744025,139.50420584516422,-11.468253870208828,12.786140595480438,9.404609361020896,-0.5042853083922777
0.5,10.0,3,148,2,0,2,2,1,33.67669511685607,142.5958396580523,-10.041121051468785,11.733753362369471,6.525356618431132,7.544441974368271
0.5,10.0,3,149,3,1,2,2,1,28.016814204163722,145.24531810415277,-15.265211442926455,12.733776503673061,12.97688517176725,-6.576564211753373
0.5,10.0,3,150,3,1,2,2,1,26.469982060647848,139.6845171033852,-7.414560623822348,7.363412912192846,12.810447368318673,-0.5371526223942334
0.5,10.0,3,151,3,1,2,2,1,55.33565141036938,137.14524824956254,-1.840688193625413,6.158885716361024,15.957167200691341,-5.403561979429895
0.5,10.0,3,152,2,0,2,2,1,3.0701745938020206,143.25808042810067,-8.151550160530775,14.012747652483135,10.322352183503424,-3.264392526335449
0.5,10.0,3,153,2,0,2,2,1,12.110673792753358,140.04728719400822,-12.07656948586438,14.75961474540587,11.27705369453763,-6.437698008539908
0.5,10.0,3,154,3,1,2,2,1,32.73742622117551,149.50542979293857,-10.315846060406502,6.863461182870985,13.48633867578589,0.2599583384754811
0.5,10.0,3,155,3,1,2,2,1,20.253505457207513,140.3799393545069,-9.115625563304707,12.057120645903392,12.144028989495828,-4.916841888593628
0.5,10.0,3,156,3,1,2,2,1,33.6329545219039,143.47395739255367,-8.412267277548759,11.889079234235203,13.583243978747833,-6.979108019580719
0.5,10.0,3,157,3,1,2,2,1,41.48003988828696,137.96851556292063,-8.63403704274162,5.572018638545044,14.435925803784592,-1.670091260808705
0.5,10.0,3,158,3,1,2,2,1,80.45311330463241,143.08933255700236,-15.847490486718058,7.9163230348644795,18.766617829533338,-11.59125468364442
0.5,10.0,3,159,2,0,2,2,1,2.7317235684401493,142.43307125169122,-12.541125953360824,19.675917361889535,10.286770328075255,-9.610997393422178
0.5,10.0,3,160,3,1,2,2,1,42.4475595174709,139.7154379333725,-8.95849674349621,11.469045391362027,14.541500956352424,-8.767721235464276
0.5,10.0,3,161,3,1,2,2,1,18.144676872888056,145.22030963834987,-13.963063312265378,11.450443558996,11.918853898918503,-3.0499322625043077
0.5,10.0,3,162,3,1,2,2,1,42.117921916869435,141.30354823591554,-10.756700855822363,13.160273697404925,14.505520167406402,-10.376304991206931
0.5,10.0,3,163,2,0,2,2,1,2.7442386130621785,141.28604484843643,-9.534432386744099,12.608063935116592,10.288085848818039,-1.8101079920568752
0.5,10.0,3,164,2,0,2,2,1,2.9305575230939027,138.89236190151433,-13.421821209246925,14.364511210116715,9.693185523340874,-3.073766044949915
0.5,10.0,3,165,3,1,2,2,1,37.047576481388205,146.75263883067237,-5.3387024942946875,7.017432062334311,13.953500809526286,-1.277285301535899
0.5,10.0,3,166,3,1,2,2,1,41.28015260619961,146.4741025307421,-6.492561502093711,9.221931900696827,14.414126357099649,-4.942277863673158
0.5,10.0,3,167,2,0,2,2,1,1.0015515176932857,146.16077257879488,-12.178995485106904,18.17075767355263,9.895046240620394,-6.740134347496161
0.5,10.0,3,168,2,0,2,2,1,16.079497452900384,146.68064108926666,-13.89342660077794,11.850352470554421,11.69877774633207,-2.8869338950657375
0.5,10.0,3,169,2,0,2,2,1,23.746894569999203,146.82542128175598,-10.932543141968793,15.109407346986275,7.538310183300945,1.6649886958794218
0.5,10.0,3,170,2,0,2,2,1,11.35890935572168,142.8827555762773,-15.67488608370664,13.068609022575718,11.197351348367498,-3.919633496166585
0.5,10.0,3,171,2,0,2,2,1,21.214864786003396,138.70253010559335,-2.075559082696622,14.224186653136844,7.798143866502379,0.9466374893288304
0.5,10.0,3,172,2,0,2,2,1,7.596075320414758,143.84432729303873,-9.796070379171256,17.377811930945892,10.799271439786597,-7.910883334968491
0.5,10.0,3,173,3,1,2,2,1,25.09292785961452,144.18679339862712,-17.7641327974337,12.471853545728793,12.662483840937778,-5.835405681759804
0.5,10.0,3,174,2,0,2,2,1,31.97621473238269,144.3810140180913,-11.408252631934994,17.6906277534409,6.698145541163311,-0.03464523125492981
0.5,10.0,3,175,3,1,2,2,1,33.01196816658133,144.16465214651495,-7.725270586442445,6.723967440262893,13.51603812545579,-0.4302629081957337
0.5,10.0,3,176,3,1,2,2,1,15.585158520117599,142.83903334851473,-14.594457154927218,9.29333652710711,11.646162668235608,-0.1951498210205819
0.5,10.0,3,177,2,0,2,2,1,24.315027287187526,142.206323860189,-9.274902254417396,19.10372012043817,7.4800952077862455,-3.602010904701901
0.5,10.0,3,178,2,0,2,2,1,29.984608026001652,139.84512431491893,-9.606084628947395,14.483820498730976,13.188973028539378,-9.686243496642845
0.5,10.0,3,179,2,0,2,2,1,6.314766402720808,146.84068809385695,-11.250559605560788,13.167854973120766,10.664043981485385,-2.406812795637468
0.5,10.0,3,180,2,0,2,2,1,13.03632470341283,145.4362415221163,-7.992472110877394,15.092204953889954,8.641711904738537,-0.8355426738903722
0.5,10.0,3,181,3,1,2,2,1,20.207882967848732,143.92074804396233,-11.699797458034615,9.984712711909214,12.139152750534686,-1.8816514348477829
0.5,10.0,3,182,3,1,2,2,1,105.03497330910567,142.2700285953015,-11.447874880087884,7.776022527022415,21.58205537471065,-16.0891005547105
0.5,10.0,3,183,2,0,2,2,1,2.0217980859460933,134.98801476585854,-11.442420408395835,11.33806046305888,9.788236364598673,-0.18601698022085805
0.5,10.0,3,184,2,0,2,2,1,0.9624536492246123,142.55290181977446,-10.346717664905874,16.934599292190754,10.100951088357693,-6.282309296727454
0.5,10.0,3,185,2,0,2,2,1,6.413210190316054,144.46788353849357,-11.87876285338643,14.378495308998717,9.329682088764365,-1.531376006428894
0.5,10.0,3,186,2,0,2,2,1,19.89209201182591,142.63896929141333,-8.69797504354548,19.228742179094507,7.934134693135195,-4.589255364838396
0.5,10.0,3,187,3,1,2,2,1,43.10526066740159,146.6278898612474,-6.450833865488037,8.293342166651536,14.6133245096599,-4.161842652818735
0.5,10.0,3,188,2,0,2,2,1,19.461464603998195,139.91956103080818,-8.433326247318737,12.836299068401367,7.9784433818683,2.4806985857188364
0.5,10.0,3,189,3,1,2,2,1,48.17240047635188,142.77542402793168,-14.924403250781552,12.358394302437576,15.16818834657684,-10.454146703276882
0.5,10.0,3,190,2,0,2,2,1,9.638119598661945,143.16017008170056,-14.287038517776354,12.602996669688993,8.994154971122347,1.1300494314305716
0.5,10.0,3,191,3,1,2,2,1,24.951304767644185,144.84603356113556,-11.704233530316927,10.847505011198159,12.647277547320106,-3.7887615402088395
0.5,10.0,3,192,3,1,2,2,1,26.917344350711637,139.62011399852926,-10.482126964026422,10.696447816518926,12.858557946277543,-4.772901511162112
0.5,10.0,3,193,2,0,2,2,1,17.0799733530123,139.89561435183154,-10.399639657911441,12.827901654838305,11.805339514912225,-5.2437805242303765
0.5,10.0,3,194,3,1,2,2,1,40.12357994396677,146.73361188758645,-13.827755153318103,13.565687162593512,14.288073552160549,-9.694054905328088
0.5,10.0,3,195,3,1,2,2,1,4.628615694095585,141.0679192583106,-10.072634383300057,9.875945513292583,10.486341582846707,1.1541325691052284
0.5,10.0,3,196,3,1,2,2,1,54.37462090227679,142.52148929509798,-3.6409977343123656,14.580112321612388,15.851003712982104,-14.044581065219466
0.5,10.0,3,197,3,1,2,2,1,50.319279731773,140.6509927654589,-11.199921569759248,7.324607416971716,15.404086121728753,-5.3135151277454264
0.5,10.0,3,198,3,1,2,2,1,31.374660577171475,142.60474353486248,-7.784977604584071,10.857242578010931,13.339032132673715,-5.441650200889476
0.5,10.0,3,199,3,1,2,2,1,49.86915687640614,143.35626926672808,-7.962698094664843,13.381986026490136,15.354586898409728,-11.81996047568892
0.5,10.0,4,0,4,1,2,2,1,6.086496979556297,18.238136844562952,-0.926963653234634,2.788646113253109,-0.1456822941128553,9.363731663271786
0.5,10.0,4,1,4,1,2,2,1,60.059788433685945,18.092115461925516,-1.4517071086035525,5.291594582123441,-4.322807339962668,16.48045120831815
0.5,10.0,4,2,4,1,2,2,1,48.39467163518235,16.769129024878445,-2.3938058060723693,5.647844053477524,-3.963531573045631,15.19258897101967
0.5,10.0,4,3,4,1,2,2,1,45.027046545426536,13.931126079292568,1.189495288202208,2.6818035767175212,-1.934903049615325,14.82344925332807
0.5,10.0,4,4,4,1,2,2,1,26.021251526328335,15.194570436028327,-5.8392553372611715,5.950409651061042,-3.117458015017787,12.762210248867339
0.5,10.0,4,5,4,1,2,2,1,7.6340942871361195,20.590398750338135,-2.4227402656834087,4.4860051554195275,-1.2415210211436127,9.2025371265931
0.5,10.0,4,6,4,1,2,2,1,65.78090956626076,16.8167857475011,-7.228562461390334,-0.09486258772995808,-1.3267308239970355,17.117331892023966
0.5,10.0,4,7,4,1,2,2,1,65.15017342594871,14.779725344672162,-9.79443514868191,8.584754120491414,-6.114479363557813,17.04694729277302
0.5,10.0,4,8,4,1,2,2,1,11.180399557547355,15.948985160014521,-7.4232441947943455,2.55321264520668,0.3671311387907579,8.834056731629747
0.5,10.0,4,9,4,1,2,2,1,40.2657002405533,18.33712016104546,-2.4900158666677012,4.528717801003563,0.25904655897093715,5.8584743634310685
0.5,10.0,4,10,4,1,2,2,1,2.9056737258696432,19.797444582296098,-1.874592524209159,3.8269954216072066,-1.2437486745629676,10.305056531033932
0.5,10.0,4,11,4,1,2,2,1,65.97905526379682,17.12413686790366,-8.994679924109393,1.6631238522729113,3.1938263596611045,3.295685606693261
0.5,10.0,4,12,4,1,2,2,1,1.1600785981441784,14.902403931120173,-4.50555940386827,3.6848266587535425,-0.7592685287587542,10.121691292744693
0.5,10.0,4,13,4,1,1,2,0,44.006036185755136,10.985073206796557,4.329512977860763,0.3023463947433771,3.5193671814091805,5.481769135303832
0.5,10.0,4,14,4,1,2,2,1,33.89836538888538,20.878233703303245,0.8047721849271059,-4.448143018138475,5.501477479729273,6.502852921878034
0.5,10.0,4,15,4,1,1,2,0,12.915981234019513,19.27905735997485,4.7709459732511785,4.3694832619117845,-0.8651569842110818,8.654173777817375
0.5,10.0,4,16,2,0,2,2,1,90.71302351222981,18.024254604811123,0.30278003323099095,4.474899002711665,2.476443698627662,0.8890723768782022
0.5,10.0,4,17,4,1,2,2,1,27.2738020994282,14.473553895481224,-5.481904046588147,1.9172860132618548,1.542473895477011,7.177426843295395
0.5,10.0,4,18,4,1,2,2,1,63.70237773670731,18.309617627926773,-3.147487602030635,-0.39967523619751155,-1.153704715772827,16.8855459836053
0.5,10.0,4,19,1,0,1,2,0,56.129240914657515,18.92244852207185,6.095747028438079,5.329016240189087,0.4202548771383107,4.269978786515871
0.5,10.0,4,20,4,1,2,2,1,18.64881139948186,19.92081323400093,-0.9956630669005222,0.25987729211035854,1.824942902186238,8.06210953552315
0.5,10.0,4,21,4,1,2,2,1,2.8939386460741154,13.798516099327664,-5.732001897105364,8.99704642839861,-3.769678716335085,10.30382280613791
0.5,10.0,4,22,2,0,2,2,1,52.207862459919404,23.944219858274177,-3.910007437667336,6.843017475691853,-0.9606965531486877,4.660414168259232
0.5,10.0,4,23,4,1,2,2,1,37.40438096678368,11.211003054200516,-0.08653657354096861,3.1175675159510807,1.4679548922664098,6.147558035557877
0.5,10.0,4,24,3,0,2,2,1,101.45173208888549,20.953495120962078,-3.3141066805356534,1.6782642644643804,4.473801333890337,-0.1382691664000187
0.5,10.0,4,25,4,1,2,2,1,1.3154693747870703,23.848849085292763,0.17091435164007507,1.0550299113740496,0.21108200056853557,10.138001878561385
0.5,10.0,4,26,4,1,2,2,1,9.342751833040126,18.921263429638792,0.634689716763416,1.1905986264895982,0.9163275956163631,9.024842839795557
0.5,10.0,4,27,4,1,2,2,1,27.880340096367814,17.299695006024876,0.9834633519380702,4.825604325597224,-0.36985954479299193,7.1154862868503495
0.5,10.0,4,28,2,0,2,2,1,61.18915740156651,26.622727301480097,-1.42195682551345,8.15316807071606,-1.5067159498984417,3.7683353594025206
0.5,10.0,4,29,4,1,2,2,1,16.906012965076556,24.224742423292785,-6.182052641571315,2.8255232172710176,-1.5331484043484935,11.786803507342198
0.5,10.0,4,30,4,1,2,2,1,4.731432043619081,15.822315795623695,-7.116250067856425,4.111311765780872,-0.8245336521362443,9.505067793448799
0.5,10.0,4,31,4,1,2,2,1,14.285028171817096,17.765632361329974,0.7781679967126568,-3.279971386619524,4.066835596170385,8.512489804039294
0.5,10.0,4,32,4,1,2,2,1,6.173880730968701,21.704645553851762,1.1172142997835965,-0.4787687198299937,1.0993801604459397,10.649185189783026
0.5,10.0,4,33,4,1,2,2,1,15.183229897083892,20.432266768616124,0.1688915224698868,1.1388652040085396,1.0947439112472483,8.419634434961907
0.5,10.0,4,34,4,1,2,2,1,11.991711851155925,18.440160329121916,1.9647029016474002,-3.009986982060793,2.6923047662500204,11.264437501357904
0.5,10.0,4,35,4,1,2,2,1,34.914718560155826,21.145707134537844,-3.6804855414391477,4.990230981586767,-3.327643890594815,13.722087923766068
0.5,10.0,4,36,4,1,2,2,1,16.166225605254496,21.307427586080795,-2.641812561432074,0.8408658082817346,-0.11472925704344898,11.708011233580903
0.5,10.0,4,37,4,1,2,2,1,17.497232813996778,18.516235136956062,-8.858550192211199,4.658075562267848,-0.7895267257382025,8.180780553248795
0.5,10.0,4,38,4,1,2,2,1,21.47802097068425,25.022913780481378,-0.0706750969296741,2.382793103344788,0.2914647210331946,7.771109905031821
0.5,10.0,4,39,4,1,2,2,1,10.683421280147988,17.090478652938895,-8.658482149094388,7.07308362380444,-2.3633695914675483,8.885620467276127
0.5,10.0,4,40,4,1,2,2,1,103.82017644370082,15.685518504545005,-9.193739033295929,0.6700860403400829,-3.2840986417416014,21.441366084635053
0.5,10.0,4,41,4,1,1,2,0,3.392378135883478,22.724991608303103,3.5039127030791253,5.113771770213604,-1.9242315355631459,9.644913369789863
0.5,10.0,4,42,4,1,2,2,1,18.304261130328673,11.137603238968659,-9.29911662113202,3.343689742132922,-1.0243252002882846,11.935878056030832
0.5,10.0,4,43,4,1,2,2,1,10.863729721411767,15.767747026337787,-4.98287978944598,0.7774429028811735,1.452883984760818,8.866909830787625
0.5,10.0,4,44,4,1,2,2,1,17.74609241503594,18.919954398121916,-3.347432166663377,-3.4416769616284495,4.246003397994976,8.155124355386025
0.5,10.0,4,45,4,1,2,2,1,41.778290326161724,20.820704568644455,-1.125871151215136,2.3186587584859026,-2.042087234032231,14.468460330597349
0.5,10.0,4,46,4,1,2,2,1,35.70298043463629,16.794365492341527,-4.01765518228864,0.6855450148109067,-0.5399605436812982,13.807558727294204
0.5,10.0,4,47,4,1,1,2,0,80.7455746149692,20.39782162875518,2.2532385154317085,-1.0428991950498063,-1.610501869245054,18.799728092467145
0.5,10.0,4,48,4,1,2,2,1,21.810616653309665,21.744446638338705,-0.3774816027540932,-0.974808660897387,0.7399905464902429,12.3105838749466
0.5,10.0,4,49,1,0,1,2,0,60.82718683906655,23.929158670834312,5.170025893620526,-0.24571419763872887,3.700742001223487,3.80414107091604
0.5,10.0,4,50,4,1,2,2,1,45.98193861190566,11.997550416242301,-3.827397162627303,-3.1596030728527356,1.7646964392873947,14.927998716080937
0.5,10.0,4,51,4,1,2,2,1,40.617416234601116,20.707882385862888,2.4577948142690285,-3.634192169245519,5.2617876689780285,5.82299431147057
0.5,10.0,4,52,4,1,2,2,1,104.16626455857222,15.023875227261943,-9.535818366682507,2.9678429010616143,-4.592296980610268,21.48143100165781
0.5,10.0,4,53,4,1,2,2,1,25.865659326775248,22.703466051889173,-3.7477638249733194,3.782388895216185,-2.364500579931126,12.745489393606665
0.5,10.0,4,54,4,1,2,2,1,44.7497640339778,20.493419995408455,0.839445837092786,-4.696723159424541,2.23849959237158,14.793107898421235
0.5,10.0,4,55,2,0,2,2,1,79.13156224805556,14.706113574416994,-1.6807268366549093,8.701856651424873,-0.2653707404021808,2.0088864483306006
0.5,10.0,4,56,4,1,1,2,0,15.06949534381896,23.52700707259065,1.6601524940589947,5.961968799137916,-3.2210090224419368,11.59130434994671
0.5,10.0,4,57,4,1,2,2,1,32.030814041273786,21.408239968625434,-1.4607872097395223,2.6649595911813764,0.8155556613507223,6.692593252901029
0.5,10.0,4,58,2,0,2,2,1,101.87567419323467,18.916930833836904,-1.2809723623673488,8.089458360677556,0.763577668769977,-0.17861114471690484
0.5,10.0,4,59,4,1,2,2,1,13.732310878186622,14.797601024304914,-8.451407049462096,4.487659919412582,-1.74707375994944,11.449174843952878
0.5,10.0,4,60,4,1,1,2,0,53.5582558844984,16.256339130889213,3.235815132541089,-1.8479629682737884,0.3110227156594216,15.760897543171446
0.5,10.0,4,61,4,1,2,2,1,1.5099220222679577,10.633719137332012,-7.995392725232964,2.416538870572042,0.3994814603020676,9.841811818973653
0.5,10.0,4,62,4,1,2,2,1,43.482143324734466,15.631065528982075,-3.999608872935345,-1.1447514204633333,0.3400661786736526,14.65450187498699
0.5,10.0,4,63,4,1,2,2,1,21.465722180677723,21.668450027481335,-2.985235382847385,3.872398394051805,-2.1664837460687076,12.273671258534964
0.5,10.0,4,64,4,1,2,2,1,52.87244705795648,18.295757066863487,-8.242961481713913,-1.544186421301212,0.012130758816651436,15.685255663051494
0.5,10.0,4,65,4,1,2,2,1,11.886384365525693,14.56991034537755,-3.450484119567082,6.661923908415866,-1.9150978175656068,8.760849605673556
0.5,10.0,4,66,4,1,2,2,1,22.21929616408218,15.489301316112199,-6.981474743949241,1.9134720254548117,-0.6280286567015922,12.354338848246982
0.5,10.0,4,67,4,1,2,2,1,28.116931903627655,18.822932751063558,-1.0509600006654651,5.056384261980421,-0.5971429781474789,7.0913348880424305
0.5,10.0,4,68,3,0,2,2,1,132.0321587625457,20.649476673063713,2.618484658908712,-1.9850026479787113,8.278834801284653,-3.0068577184014624
0.5,10.0,4,69,4,1,2,2,1,10.696138978103233,13.761265021069715,-1.0904688022197633,-0.6876219906558517,2.504673669561754,8.884300644273344
0.5,10.0,4,70,3,0,2,2,1,65.18115403320691,19.296677086847232,2.5233099269802093,-1.6324517132486362,5.1216824267747345,3.374269900201764
0.5,10.0,4,71,4,1,2,2,1,3.1213302732341304,11.383427138926363,-3.4916510901727578,1.4097498631191951,0.763855300457736,10.32773125412685
0.5,10.0,4,72,4,1,1,2,0,75.46767416584463,20.135375486772464,0.4226135610948486,3.484684928227381,-4.057064972094679,18.203621320744077
0.5,10.0,4,73,2,0,2,2,1,14.113260409003589,20.219487772572524,-2.872536926366667,11.556245369125632,-5.99565508795138,11.48964756784681
0.5,10.0,4,74,4,1,2,2,1,47.85345173547772,20.216637319500038,-4.128096258660928,5.0226647890921505,-3.8134442752117303,15.133183618604132
0.5,10.0,4,75,4,1,2,2,1,22.98351199859274,21.359572055627734,-1.285043567790127,1.1055726677324382,1.3861824676260779,7.616581517901566
0.5,10.0,4,76,4,1,2,2,1,55.29584779213969,16.86003022298974,-5.680341544947133,-1.6377907201559985,0.0650505073170363,15.952768228665192
0.5,10.0,4,77,4,1,2,2,1,15.046076266790955,14.441285336654662,-1.2342650402597803,1.5499373349325445,1.2454519876354484,8.433808124669886
0.5,10.0,4,78,4,1,2,2,1,39.74525679972627,20.284539030405927,-1.6003365264546408,0.11821743247839853,-0.5982254994556157,14.246870933872199
0.5,10.0,4,79,4,1,2,2,1,30.82891344136353,14.685464252518278,-5.355178172174004,-2.885343777273646,4.753476175619695,6.814883236051443
0.5,10.0,4,80,4,1,2,2,1,29.884446587215407,22.41971641492516,-4.288523846205132,5.624264448088553,-3.563728197866193,13.178168066803723
0.5,10.0,4,81,4,1,2,2,1,56.16283444979798,18.634536240503106,-4.754808688027845,4.070074209051632,-3.5077547666058173,16.048622676788053
0.5,10.0,4,82,1,0,1,2,0,41.360108852184204,14.500650659336328,7.175768491395394,2.008015119578571,2.0906239805148403,5.7481127760872965
0.5,10.0,4,83,4,1,2,2,1,29.035527049192552,18.59232020209542,-3.469548553818516,7.1896463139798765,-4.152968382379211,13.086631884681482
0.5,10.0,4,84,4,1,2,2,1,75.87103694165985,23.958854482010604,1.0766044666077694,0.38300747511786937,-2.508259802806184,18.24907294123855
0.5,10.0,4,85,4,1,2,2,1,9.24393869783187,19.42652895704547,0.09421675887213031,2.704405020759945,-0.8209912388759584,10.973427458350777
0.5,10.0,4,86,4,1,1,2,0,80.90360201087658,17.409490981597813,3.340786173638579,-2.2170321729484073,-0.6898778612636719,18.817622603068504
0.5,10.0,4,87,4,1,2,2,1,55.82570978550204,24.08114655474917,0.17450634889145186,3.57740977012279,-3.5670991348876835,16.011340605234306
0.5,10.0,4,88,4,1,2,2,1,71.0466536895221,19.22746103641594,-3.2967848061786738,4.7134406617028075,-4.515798629016301,17.706596669892065
0.5,10.0,4,89,4,1,2,2,1,100.69379728313008,15.748581873937923,-3.5593320465385547,5.742597789567695,-6.052784974822895,21.080038852308228
0.5,10.0,4,90,4,1,2,2,1,107.33999367769808,14.537646663368903,-2.9022664356559753,1.6222791205400715,-3.913195600589499,21.84945492929318
0.5,10.0,4,91,4,1,2,2,1,24.728439771226306,17.99094961656419,-0.06842976781036342,2.3529502118556778,-1.1643967026375912,12.623352339012378
0.5,10.0,4,92,4,1,2,2,1,27.406924003465978,17.54778648742065,-2.6563680750766934,6.166545802124937,-3.449796446856399,12.911232210097602
0.5,10.0,4,93,4,1,2,2,1,58.27451546934933,18.23327064727052,-3.0492472044839394,4.007449242755425,-3.532135408049174,16.282422785979705
0.5,10.0,4,94,4,1,2,2,1,9.12162968421975,19.50183115576851,-2.016343107901851,8.176077863471326,-3.9455661556090567,10.9604917135559
0.5,10.0,4,95,4,1,1,2,0,48.189525902401634,21.10885901245015,4.508689015176909,-2.636793034012245,0.7099427129664942,15.170068168686052
0.5,10.0,4,96,4,1,2,2,1,18.91687531793463,19.21335495143393,-8.776250517998378,5.1771343830089664,-2.650180078141732,12.001254673162622
0.5,10.0,4,97,4,1,2,2,1,40.01961900025523,21.426265530968053,-1.6288776961737832,4.46503752999034,0.07709768570915067,5.883305371860618
0.5,10.0,4,98,4,1,2,2,1,29.353858818583745,22.254562926104835,-3.997461180770659,6.5171651836220255,-1.6167171116124974,6.965157455220786
0.5,10.0,4,99,4,1,2,2,1,11.108214281670694,16.603753066037175,-3.8695194695799144,0.3014440826420145,0.7508221587393479,11.170785257827252
0.5,10.0,4,100,4,1,2,2,1,20.67541465303721,15.928101553418708,-3.757328497562404,2.1346348918355265,1.0268648629412993,7.853582629016614
0.5,10.0,4,101,2,0,2,2,1,30.99462627773415,23.30123304784018,-3.900175106572649,7.069375001153371,-1.9312609702153503,6.798014097170318
0.5,10.0,4,102,4,1,2,2,1,17.8380279089781,24.648909118682578,-0.8587058791753149,1.6886656762703445,0.5836155494683687,8.145647798445173
0.5,10.0,4,103,4,1,2,2,1,1.6295168735050938,22.745997359337707,0.6926956247687659,2.746280478415425,-0.7488244929524105,10.170973235339599
0.5,10.0,4,104,4,1,2,2,1,66.21217698922979,18.583555825964456,-2.6842727223067144,8.954106607326104,-6.593989253267296,17.165481900968622
0.5,10.0,4,105,4,1,1,2,0,96.94107181862428,17.99074364113564,2.3473543670341996,0.544392908214587,-3.079408618040511,20.64774188456987
0.5,10.0,4,106,4,1,2,2,1,62.08954396112671,18.884875898453704,-4.645968267929863,0.4298701345318305,-1.62905640789573,16.706008161115644
0.5,10.0,4,107,4,1,2,2,1,65.03740001786015,16.552578182068153,-4.4341700428670485,3.4981133671521203,-3.4063820756281995,17.03436723180965
0.5,10.0,4,108,4,1,2,2,1,3.5518322090106365,21.123621127640916,-4.734475764531442,5.118186780967666,-2.1080201878352267,10.373009353286362
0.5,10.0,4,109,4,1,2,2,1,21.115889431421547,26.727429315188704,1.1737034839912248,2.105419767304734,0.32829445333934226,7.808313331891206
0.5,10.0,4,110,4,1,1,2,0,44.7482022101112,18.77304701242233,3.010405867169494,3.6624647794247727,-2.81526679789834,14.79293702015269
0.5,10.0,4,111,2,0,2,2,1,50.77024017168205,18.86670741841386,-4.726101053762571,5.342805894970253,0.18934421370401153,4.803918200531161
0.5,10.0,4,112,4,1,2,2,1,15.161874440000483,22.243693368569097,-6.2261897633218855,8.629311623657394,-4.614081653188544,11.601130026662563
0.5,10.0,4,113,4,1,2,2,1,39.012745873676465,17.285092843280243,-4.503492271705141,0.8275960445109984,-0.7983605419691842,14.167136463129964
0.5,10.0,4,114,4,1,2,2,1,4.534422450715212,13.6140502966262,0.16577769247707166,2.965587379812953,-0.005178415806239612,9.525631512192232
0.5,10.0,4,115,4,1,2,2,1,14.27962102189799,17.305995871874334,-8.006020225427216,6.028769671014635,-1.6361331141822317,8.513049031574964
0.5,10.0,4,116,4,1,2,2,1,13.815879829041746,22.010766363302334,-1.8806508289575954,-0.43119141224375046,1.907378869512875,8.561021593400806
0.5,10.0,4,117,4,1,2,2,1,6.91954586791943,16.318384299812045,1.4442126230345556,-2.5323916800269224,3.3524299742271544,9.276933467179584
0.5,10.0,4,118,4,1,2,2,1,15.566121012501046,25.706931075335095,-4.133131789410808,2.041673945907373,-1.1104654756947188,11.64413690241339
0.5,10.0,4,119,4,1,2,2,1,80.42689657607349,15.567905657762788,-4.2314637104482875,5.4034773199848685,-5.043987940495417,18.763650220054934
0.5,10.0,4,120,4,1,2,2,1,0.8869888124106671,22.350268585855222,1.5484379790070946,-0.5523050356490129,1.327784617814597,10.093032288286574
0.5,10.0,4,121,4,1,2,2,1,5.943773109616927,16.019520559689422,3.936010488199848,-3.6018884582811905,4.03600206237219,9.378609464820483
0.5,10.0,4,122,4,1,2,2,1,19.947760893000563,17.54741225637646,-3.8800853455356212,4.1010803938608635,-1.963612743688006,12.11135434193319
0.5,10.0,4,123,4,1,1,2,0,25.723206133713198,21.003608217292367,1.335143402910131,9.774978927243849,-5.573455182982512,12.730182707685097
0.5,10.0,4,124,4,1,2,2,1,55.23287997630163,13.387156083300173,-7.049684536865805,3.940170796611078,1.5877203932158328,4.359097113262733
0.5,10.0,4,125,4,1,2,2,1,113.1458914079813,20.27905084568694,-2.6475633873510964,-1.1105880535217496,-2.9012166740161573,22.52559149563858
0.5,10.0,4,126,4,1,2,2,1,1.124015517579246,21.955262134635376,-5.5801294512073305,-0.9925077001501389,1.719683328021213,9.882219967018854
0.5,10.0,4,127,4,1,2,2,1,57.253597110082524,18.81534009313476,-0.43431310927929895,2.7252234861839484,-2.787676467804259,16.169330469737446
0.5,10.0,4,128,3,0,2,2,1,47.95553882152361,17.85586389796157,-2.5247583740516792,-3.769696639434745,5.885159251443831,5.08545281603561
0.5,10.0,4,129,4,1,2,2,1,7.282214143361729,19.86471279138579,-2.488900049536056,3.8010036299439895,-1.415694840695374,10.766131719649627
0.5,10.0,4,130,4,1,2,2,1,1.9955239449335667,13.253793845467584,-5.869811913302762,2.932809815610206,-0.0681059623395905,9.790985708467131
0.5,10.0,4,131,2,0,2,2,1,95.61338807773232,16.895162205277813,-1.538598196683773,5.512980926326001,2.14292704892231,0.41896398143920843
0.5,10.0,4,132,4,1,1,2,0,51.026291921144285,26.14062653921838,4.223117885139302,-0.761792271706453,-0.9247874395490139,15.481877901973363
0.5,10.0,4,133,4,1,1,2,0,9.461139669631793,19.68037099233667,0.6823111262522732,7.235833391547512,-2.676489663789161,9.012541643725678
0.5,10.0,4,134,4,1,1,2,0,104.79487311942512,21.98587612661064,-2.2358012772723987,9.568464759889224,-8.63519754883196,21.554235729826
0.5,10.0,4,135,4,1,1,2,0,81.69065143115263,21.90857487511977,2.106918768554221,1.6548011916297833,-3.366610712806486,18.90678568084416
0.5,10.0,4,136,4,1,2,2,1,15.513728817161978,17.78171890289109,-0.05717452612037494,-4.6095810964195385,5.012646727975942,8.385487724442825
0.5,10.0,4,137,4,1,2,2,1,31.885367948277523,13.453915975872313,-3.7502085753270062,-0.331211096974098,3.221372651628017,6.707384531662291
0.5,10.0,4,138,4,1,2,2,1,45.163891421779304,19.920049906980587,1.8600807263095012,0.6343647672642586,2.7372512021234323,5.3654285226984
0.5,10.0,4,139,4,1,2,2,1,58.06740429750377,21.531281173835634,-1.0040054695364038,-1.4456179876013127,-0.4875029843817654,16.259471130145823
0.5,10.0,4,140,4,1,2,2,1,27.08961207091369,12.972851614816086,-6.084604258829468,3.9205927145385138,-1.851689994726845,12.877089564540837
0.5,10.0,4,141,4,1,2,2,1,44.0374781993508,14.73550903666412,-1.6795405649025028,3.4876480153629013,-2.4185359847437513,14.715203495801344
0.5,10.0,4,142,4,1,2,2,1,12.1013729860161,22.910654547973216,-1.6714717624186055,1.0937440276554224,0.8219354382334695,8.73856613367942
0.5,10.0,4,143,4,1,2,2,1,37.232754355506614,22.727544571916454,-1.7961264895378537,1.2752172978669791,1.7998886772659415,6.164922821929306
0.5,10.0,4,144,4,1,2,2,1,12.012258582997758,18.51604284309962,-0.3348566970571082,7.125341471022209,-2.4325781102187363,8.747802246652524
0.5,10.0,4,145,4,1,2,2,1,42.98034427673112,22.273227798865364,-5.046073253543684,6.376816321421703,-4.506219697954843,14.599679684560115
0.5,10.0,4,146,1,0,1,2,0,43.153670502450176,22.378686295483586,8.525128527008999,-0.917345164628965,3.465869861360956,5.567496420536849
0.5,10.0,4,147,4,1,2,2,1,22.933673042545898,21.849073927299873,-3.41228233426938,4.033661463079545,-0.4183203403256854,7.621693598976825
0.5,10.0,4,148,4,1,2,2,1,22.745404378315595,14.145975487673017,-2.8992139097508707,0.07968717176171121,2.514276595277404,7.6410068825646995
0.5,10.0,4,149,4,1,2,2,1,127.62134474353455,21.96617607119187,-1.7201668698100407,-4.816623181573912,-1.3063044210665606,24.227740613582803
0.5,10.0,4,150,4,1,2,2,1,10.852683117397204,16.61587777607502,-0.4609445989602408,0.37703398314334335,0.7137956322486888,11.143713219801455
0.5,10.0,4,151,4,1,2,2,1,12.089284309787901,19.721293539415946,-3.1555295627838826,1.4648493087985386,-0.21527988740470527,11.27478518417739
0.5,10.0,4,152,4,1,2,2,1,13.567299101615403,20.29411614902547,-1.7585847515782613,-6.2996388651357345,5.909648006270406,8.586745215041102
0.5,10.0,4,153,4,1,1,2,0,34.814414447865026,19.835095440795097,2.3120662993791634,2.6318038773810106,1.0615573615592595,6.409907139299569
0.5,10.0,4,154,3,0,2,2,1,86.43764202853535,19.435459316843907,2.032440528015255,-0.8627312598504149,5.553010821676564,1.3010213625775102
0.5,10.0,4,155,4,1,2,2,1,39.69929869614953,21.42541594714458,-2.145091986781721,-1.2488549933904012,0.1730116863014211,14.241866716214652
0.5,10.0,4,156,4,1,2,2,1,52.91345064798459,22.371507222393873,-2.871793595472628,3.0805501794062415,-3.049214637166905,15.689776800063516
0.5,10.0,4,157,4,1,2,2,1,38.83910282537762,16.052118980339305,-1.5812246378905108,4.9509973968882095,0.10405516390535206,6.0025072416197816
0.5,10.0,4,158,2,0,2,2,1,62.06904274018965,22.269466383814095,-2.1205297740926503,7.265935272409872,-0.6763669593764556,3.681349606155054
0.5,10.0,4,159,4,1,2,2,1,16.53829273419965,23.828000968818,-1.6601611814542776,2.3019655090228017,0.21180717909225405,8.27969946979513
0.5,10.0,4,160,4,1,1,2,0,4.742456121418736,18.040619944133642,2.7216424926570584,2.2746982384102115,-0.2814513280139599,10.498330168780724
0.5,10.0,4,161,4,1,2,2,1,37.173259881152596,21.362134208441123,-1.5193975327697582,2.193960840429636,-1.8130470577071967,13.96715201151756
0.5,10.0,4,162,4,1,2,2,1,33.35794390678388,22.171515108786597,-2.4343172605190326,-0.9058092737408583,0.17710100819039654,13.55347622265571
0.5,10.0,4,163,4,1,2,2,1,5.184817434827386,17.65870817137748,0.7336710039119194,-0.10221122200980091,1.1826755845622137,10.544927784832371
0.5,10.0,4,164,4,1,2,2,1,15.238286901283256,21.58935220223782,-0.7887944389021944,2.720120698869119,0.05619222274728345,8.413945271537656
0.5,10.0,4,165,4,1,2,2,1,44.85494084158433,16.782768087278757,-2.883343247299115,1.4093721922989297,-1.3605152740915072,14.804615818989497
0.5,10.0,4,166,4,1,2,2,1,98.91346122918097,19.829696463164666,-6.143307728334121,-1.5137277372518936,-2.038151753603348,20.87475943084624
0.5,10.0,4,167,4,1,2,2,1,49.09925444345054,20.682917240655332,-0.4820545106776828,1.8377064930353633,2.1043372254760935,4.970963949402223
0.5,10.0,4,168,4,1,1,2,0,40.703002803875584,20.415665742153994,3.1463600485834347,0.094416350788308,-0.6331252870059821,14.3512064539535
0.5,10.0,4,169,4,1,2,2,1,9.22569153215284,16.137962559931093,-4.933617665812575,7.185875393912701,-3.1834142359849946,10.971497491154736
0.5,10.0,4,170,4,1,2,2,1,41.95546753025884,19.730518414752183,-3.194637918738035,5.45453226303865,-3.785296168222384,14.487792012664471
0.5,10.0,4,171,4,1,1,2,0,87.0916254095281,23.052249787122808,-0.46383016824557594,6.873987580700616,-6.591032310873322,19.520457664498448
0.5,10.0,4,172,2,0,2,2,1,43.767774394858826,22.957532215081663,-3.9619831467043864,5.712716120517353,-0.5980756296832267,5.505725471998215
0.5,10.0,4,173,2,0,1,2,0,110.36709352538476,22.830589605466557,3.61354890075367,4.502914580652638,2.9799763177528655,-0.9832239817492385
0.5,10.0,4,174,4,1,2,2,1,27.507841967604172,16.107530179569935,1.653792520827006,-2.8466964545481863,4.479623445076623,7.153522103375079
0.5,10.0,4,175,4,1,1,2,0,7.221101298309219,21.749022475573362,3.2768027416870114,1.6354858278831264,0.361150780983263,9.245530366443216
0.5,10.0,4,176,4,1,2,2,1,28.327497650261662,21.95681458051516,-1.7842955424173947,1.0441025969172457,1.612879378966661,7.069844821174569
0.5,10.0,4,177,4,1,2,2,1,6.187998323687339,16.038896072124153,-0.7745085612725868,-1.3691172072149989,2.05080956004137,10.65067404024335
0.5,10.0,4,178,4,1,2,2,1,6.807460440642268,22.345099808047834,2.2601708647903407,-7.163057464399795,5.455012141748705,10.716022644676391
0.5,10.0,4,179,4,1,2,2,1,17.310339347648917,19.831291986771074,-5.1988261161834215,5.2792486858253564,-2.683213523204096,11.829890441242938
0.5,10.0,4,180,4,1,2,2,1,21.781646993572814,19.39722198207261,-1.7265871770076915,0.3421700805533024,0.08237600643041612,12.307482906319303
0.5,10.0,4,181,4,1,2,2,1,55.54934374988947,18.515476754751383,-2.173820684763655,2.980909872367924,-2.8467599637842835,15.98078666627544
0.5,10.0,4,182,4,1,2,2,1,12.636875698312657,15.85267696365097,-2.6931098874289705,3.042945317914897,0.14045637041987707,8.68308136996754
0.5,10.0,4,183,4,1,2,2,1,0.3432912352956731,9.830576170027248,0.9119369650792785,-2.2529973736119464,3.335476237913891,9.964014823045522
0.5,10.0,4,184,4,1,2,2,1,39.53440137342634,15.827023108187396,-6.564100904023665,7.865121196548351,-4.768839371035517,14.22391342576676
0.5,10.0,4,185,4,1,1,2,0,125.74060084660105,16.481130024074282,1.6415490181586854,1.4960372540204796,-4.7109762523419505,24.005256836148433
0.5,10.0,4,186,4,1,2,2,1,26.73631473275788,16.467635810996708,-6.37407486328135,6.644610136742226,-1.4131250123941193,7.232345780079183
0.5,10.0,4,187,3,0,2,2,1,50.60420229068145,18.20622670707201,-3.750707669392092,-2.151896431703084,4.894740955988613,4.820504838088261
0.5,10.0,4,188,4,1,2,2,1,6.47768790949237,13.621721774378063,-6.653400470566055,4.900561140277616,-1.6064148121197355,10.681229314909773
0.5,10.0,4,189,4,1,2,2,1,20.35109740387863,19.387293218362903,0.7893651737614009,-5.1624445836603385,3.689675118371285,12.154460558202718
0.5,10.0,4,190,4,1,2,2,1,27.908210446036154,21.665103833124114,-0.745557393432296,-1.2130309130636114,3.040586099252998,7.112640985945395
0.5,10.0,4,191,4,1,2,2,1,15.412226264134882,21.86917831327449,-7.0393244528747285,4.722626370502384,-2.4203534121511985,11.627762435910439
0.5,10.0,4,192,4,1,1,2,0,74.15926396108756,18.380626139454815,4.6785936477370305,-3.152099066395119,0.12013231866126002,18.056307589895166
0.5,10.0,4,193,4,1,2,2,1,25.501001630452905,17.141404606606613,0.6718997208427854,0.8140803377810122,-0.21199024779264428,12.706310841652035
0.5,10.0,4,194,4,1,2,2,1,1.9220397576750086,23.405059541119567,-1.2659015512139904,3.643186188804723,-1.3354655129629285,10.201693635219703
0.5,10.0,4,195,4,1,2,2,1,140.06670255451897,20.6705032328999,-5.048077143658412,9.060647134750027,-9.650090778987945,25.71006598725513
0.5,10.0,4,196,4,1,2,2,1,29.953192803971582,17.665474629307724,-2.055438487350232,4.003873777274187,-2.329521037254324,13.185583985844321
0.5,10.0,4,197,4,1,2,2,1,95.3488909835186,30.28303468201034,-0.19682158817396497,2.7948120106448977,-5.120384344235753,20.46479652535471
0.5,10.0,4,198,4,1,2,2,1,62.45359258351569,23.217963250919173,-0.6691253505948228,5.10018507387429,-4.643279117244773,16.746509300623067
0.5,10.0,4,199,4,1,2,2,1,64.8799642235771,18.952177309338463,-1.6775430059313576,0.48878615880120957,-1.7854018829074472,17.016807268798768
