split,index,n,fs_hz,phase_deg,voltage_ratio_scale,edge_time_s,load_proxy,target_mode,reciprocity,min_real_y_eig,kcl
train,0,4,27286.49421720371,16.276549614753506,0.9634044602149572,1.557826510144558e-07,0.08066527815908196,residual,6.6671180517865e-16,1.0692506187773574e-06,3.682119936616265e-12
train,1,8,22778.7532678042,21.63725068648421,0.9944234293816405,6.178471374669902e-08,0.12824752608883558,residual,2.2315206618374916e-15,6.422193094835182e-07,2.4283519182169842e-11
train,2,4,15051.844540838396,18.110246987791058,0.9434858260126802,1.0803306633509084e-07,0.15755851494549364,residual,3.202372833989377e-15,2.2547468889222398e-06,8.580155856231254e-12
train,3,8,29819.482752440745,9.590554635275723,1.0187198124467745,1.954304768820388e-07,0.04786791623336888,residual,1.1112850348086691e-15,5.251906107701964e-07,1.828061726177273e-11
train,4,4,22305.146628055536,22.357548867897112,0.9031823688125096,1.6545180863449627e-07,0.12235457848146569,residual,2.5121479338940403e-15,9.581211027893463e-07,4.547473508864641e-12
train,5,6,16000.868441256533,6.6600957588715115,1.0516500248439038,1.3573439451552338e-07,0.0650517818295552,residual,2.5121479338940403e-15,1.6246408929447125e-06,1.4580309236299762e-11
train,6,4,17450.54162694159,14.269408632427313,0.9639681304253003,1.4566335956034502e-07,0.11199919702251361,residual,1.8971499361070192e-15,1.1741570623545341e-06,7.298128296362863e-12
train,7,8,16382.277283622096,9.017766037785806,1.0726514647747638,1.0826044925120446e-07,0.08655393107617979,residual,2.2215299868541707e-15,1.868091840278035e-06,7.499885442698834e-12
train,8,6,22486.513299799943,22.47745684738598,0.9859646946129381,5.986134019766784e-08,0.13310109252156607,residual,7.774348620928472e-16,9.816214861347545e-07,8.134767913360665e-12
train,9,4,16151.224040859315,26.640673713801295,0.9637187916918079,1.0343946828555485e-07,0.20900312055794742,residual,1.6011864169946886e-15,2.565601515727375e-06,8.134767913360665e-12
train,10,6,24905.308061822994,11.268400784765989,1.0482199119839155,8.63687373018904e-08,0.06860751420651648,residual,6.866350197783357e-16,6.017406246699695e-07,7.770726138294351e-12
train,11,4,29977.795011690498,21.452129252025536,0.9206091269155241,1.9751058497295422e-07,0.08954862022250563,residual,1.7772239894833365e-15,4.0411541021948775e-07,1.8331451766013172e-12
train,12,4,25870.67601433184,34.80644420467851,0.9979149813496779,8.398402718745359e-08,0.16712647533207994,residual,2.2247786310271853e-16,5.455211811280465e-07,3.0505379675102492e-12
train,13,8,16820.824386820535,11.463118073630277,1.0484308868798053,8.982303982505306e-08,0.10323875053605458,residual,2.701289205785704e-15,1.725551338710219e-06,4.478741994624263e-11
train,14,8,28484.926522580772,34.6279254328712,0.9089596442697813,1.6429732254756808e-07,0.13771760115374734,residual,1.9389211565826717e-15,6.62372488384909e-07,1.0289757937229989e-11
train,15,6,16313.619457968924,31.13155415978901,1.0787569500642962,5.092968886003871e-08,0.26274183273187135,residual,1.4895204919483639e-15,2.8797192976969473e-06,8.580155856231254e-12
train,16,8,28566.97905715405,26.19654400066184,0.9044163578565559,8.835951264887357e-08,0.1093620584399191,residual,2.6852712547870858e-15,5.265707607613514e-07,1.4999770885397668e-11
train,17,4,19949.302273362024,24.132131383861754,0.9219739134577887,1.7600477325427213e-07,0.14903754540047523,residual,1.734223803652547e-15,1.1904301709474377e-06,4.2309225286609024e-12
train,18,8,22353.8951211839,6.538743349959745,1.0176290351101982,1.8268682872629765e-07,0.04426755642565963,residual,4.572178254219405e-15,1.4220902916207637e-06,1.4999770885397668e-11
train,19,8,28059.810538857884,16.258676591193762,1.0927512220978957,1.9066447686182055e-07,0.08888583245450213,residual,1.336885555457667e-15,6.698587321469938e-07,1.472847974646506e-11
train,20,6,20914.82395075845,31.09338023021707,1.066825210489916,1.7678775912722835e-07,0.20247597021134586,residual,2.808666774861361e-15,1.2005637991412695e-06,9.668061295755842e-12
train,21,4,19818.42731932809,23.17168129938941,0.901428705320526,1.5722657929794687e-07,0.14170876646911953,residual,3.179194921382489e-15,1.3407227050828384e-06,9.674075226714563e-12
train,22,4,23977.1040481417,14.236864035799123,0.9027133387365728,1.8751552831373751e-07,0.07617420189363915,residual,2.220446049250313e-15,6.457379660845441e-07,3.6737739337824054e-12
train,23,6,21577.077800532887,21.590588685523986,1.0967763612859462,1.9126417689366864e-07,0.14904705765533982,residual,2.3603665272841412e-15,9.588528502347868e-07,1.60713143914766e-11
train,24,8,29029.17540670024,16.105016549285438,1.064522392713478,1.84370900935058e-07,0.08298496727820205,residual,8.881784197001252e-16,5.57925860016006e-07,2.187046385444964e-11
train,25,6,16444.225390383388,34.402436041792114,1.0192431305363114,1.0482259553328334e-07,0.2661706506349647,residual,1.6011864169946886e-15,2.2833538594524766e-06,8.580155856231254e-12
train,26,8,28440.16698192404,25.029310221582374,0.9217902024802108,1.915140802805786e-07,0.10778315253835528,residual,2.3525204118543076e-15,3.9464875806761694e-07,2.401134912805735e-11
train,27,4,20174.55484147319,27.577339586359702,1.092117169833925,8.838001233282958e-08,0.19508310889242375,residual,1.790180836524724e-15,1.0309265711045528e-06,1.2870233784346879e-11
train,28,6,24502.667650072748,25.219831311912728,0.9307769748081753,1.3663303973401108e-07,0.12712830132118663,residual,9.930136612989092e-16,6.503798449730867e-07,7.332580706405269e-12
train,29,6,21778.701255734006,21.952694555414332,0.9357898543663932,1.266742233907717e-07,0.12781263090011238,residual,2.3914935841127266e-15,1.2658026934559072e-06,2.2208251624897056e-11
train,30,6,24300.6698010662,12.390998249736274,0.9434548454751863,1.447184262406654e-07,0.06912879699898805,residual,4.445768331151996e-16,7.511675035891545e-07,1.091926419138562e-11
train,31,6,22503.394414663806,33.45715967708914,1.0582313343384593,1.854835308484629e-07,0.19766908309361866,residual,6.280369834735101e-16,1.220887103721483e-06,7.941821057362623e-12
train,32,6,22954.36020503578,32.115273266574036,1.0501861345930155,5.883568128471206e-08,0.18628956200546182,residual,3.2330182483522125e-15,7.177226391644842e-07,7.275957614183426e-12
train,33,8,23918.73822809921,12.394757473186232,1.0404113757227385,1.6065519685300903e-07,0.07747203205855673,residual,5.551115123125783e-15,7.978537337117588e-07,7.332580706405269e-12
train,34,4,18659.234829047535,18.024706678124446,0.9876618642096269,1.7920721433830047e-07,0.13249025158852548,residual,1.831026719408895e-15,1.339136433024618e-06,4.067383956680332e-12
train,35,4,18140.151039201264,24.611322954454586,0.9601983814961432,1.1678314420491436e-07,0.1735509072732158,residual,3.66205343881779e-15,1.5828029741856649e-06,6.370521862719171e-12
train,36,8,25734.18195907543,27.33063980382356,0.9177386000298422,1.7340399761386103e-07,0.12757418548928828,residual,9.485749680535096e-16,7.741047410327159e-07,7.332580706405269e-12
train,37,8,26000.657016363628,12.956091598001912,0.9445588889412898,1.0306664168059026e-07,0.06740651258526917,residual,8.881784197001252e-16,1.2455052905188923e-06,2.961100216652941e-11
train,38,4,15669.26296051902,32.849281009521604,0.9316372815087723,9.451304007787018e-08,0.24639905414159805,residual,1.3322676295501878e-15,1.6665787224962298e-06,2.7284841053187847e-12
train,39,6,20804.267806974844,19.382775008056015,1.0080027987331182,1.1801632908424958e-07,0.1293212411662623,residual,2.7465400791133427e-15,7.421914009287733e-07,7.622954678590853e-12
train,40,4,25689.864733632043,13.289780451123665,0.9713880835902281,1.8024186872443158e-07,0.07182298866459674,residual,9.485749680535096e-16,8.788308171881823e-07,3.8114773392954265e-12
train,41,4,18279.7023002658,24.84768256625639,1.0636300090570558,1.1690366526432486e-07,0.19231719204154538,residual,1.6011864169946886e-15,1.4035567677985394e-06,7.731540852509763e-12
train,42,6,15986.814909886112,9.908171044705547,0.9347186422850788,1.2326954321462714e-07,0.08447892773423427,residual,1.831026719408895e-15,1.8926339335212425e-06,1.0913936421275139e-11
train,43,4,23318.710728258455,16.22926196465729,0.9788929399201701,5.411436453069161e-08,0.09565732390784645,residual,3.877842313165343e-15,9.891395039166313e-07,5.486494279472778e-12
train,44,6,20404.426451570573,14.764756358702035,1.0625663807732808,1.4516551376331036e-07,0.10892138077985987,residual,1.6011864169946886e-15,1.579513183768864e-06,7.499885442698834e-12
train,45,8,17620.02640679083,12.399882339960339,0.9346773406274744,9.570800367063438e-08,0.09451473733531982,residual,1.790180836524724e-15,1.4765141203115937e-06,1.0289757937229989e-11
train,46,6,15267.548138883829,22.816576434599657,0.951767667900786,1.2547360048140936e-07,0.19167759982554325,residual,8.881784197001252e-16,2.111535002861701e-06,9.094947017729282e-12
train,47,4,27470.748408841053,18.52919616502608,0.9455456436343621,1.0311269809805012e-07,0.08829072480355678,residual,2.2644195468014707e-15,7.903717068160725e-07,5.624914082024126e-12
train,48,6,21550.616625766706,22.02350401774385,1.0308048633642992,6.632584170105612e-08,0.14267508548154362,residual,1.4043333874306805e-15,6.850569526182826e-07,1.4559018921847493e-11
train,49,8,27981.100518056177,14.551559027697406,0.9224666107534212,9.39408767517026e-08,0.06804724666727875,residual,8.981148454337477e-15,5.936505890669892e-07,2.2499656328096503e-11
train,50,6,18963.980979584696,11.043420675939004,1.0046457609146535,8.539834783820392e-08,0.08474511206646546,residual,3.66205343881779e-15,1.124465539710144e-06,1.4665161412810538e-11
train,51,6,25535.550009137885,11.09855599687021,0.967670182913893,1.8568700608369274e-07,0.060902409041252964,residual,9.155133597044475e-16,6.658820945109162e-07,7.622954678590853e-12
train,52,4,18745.51874231037,16.837217626889867,1.0400444500230004,9.764853011638888e-08,0.130676758999199,residual,1.3426356273935429e-15,1.3519252202176082e-06,9.78119823410475e-12
train,53,6,25506.815761567937,23.01894883950507,1.025938832094875,1.7999118656155264e-07,0.1246092931932004,residual,3.3306690738754696e-16,1.052662669177111e-06,1.4999770885397668e-11
train,54,6,22946.089747600974,29.60367618781652,0.9610772063642513,6.624829689145702e-08,0.1598766149388796,residual,4.14813554445046e-15,9.362007311604732e-07,9.094947017729282e-12
train,55,8,16236.372776236025,22.183751680116444,1.0823086997278617,8.845337636463666e-08,0.20007892008729583,residual,1.3322676295501878e-15,2.430252226092962e-06,2.949603854454115e-11
train,56,4,16621.833854986184,24.728028296055257,1.0318112272668762,1.382371050870546e-07,0.20434139698931592,residual,1.1322097734007353e-15,1.3947739213767066e-06,1.5245909357181706e-11
train,57,8,29539.587791129023,5.389919027616258,1.0298592675402043,8.033949626597429e-08,0.028130502780435055,residual,2.3914935841127266e-15,6.915120412666353e-07,2.2296536684973512e-11
train,58,6,29125.341333243647,31.685682523000136,1.0237221770062799,1.3371692598510024e-07,0.14161515134067307,residual,1.336885555457667e-15,6.102588264329372e-07,7.499885442698834e-12
train,59,8,15171.919036207088,10.768327987088059,0.9628330009890054,1.6796162091729185e-07,0.09915003233268657,residual,1.3322676295501878e-15,1.6697070516361776e-06,4.4999312656193006e-11
train,60,6,27511.513429046692,6.677953035124069,1.055537899333218,1.1765167053930536e-07,0.038072290746858826,residual,1.8971499361070192e-15,7.838064488616187e-07,7.402750541632352e-12
train,61,4,16379.073205938876,11.546165048504907,1.0316411289348588,1.6557256462145008e-07,0.10502930139647543,residual,3.552713678800501e-15,1.8128794545896586e-06,9.094947017729282e-12
train,62,6,20664.02943184819,20.981047980541284,0.932425140170408,1.4614827699695684e-07,0.1290706555217404,residual,8.881784197001252e-16,1.2993697124671972e-06,1.4665161412810538e-11
train,63,6,29030.136541369124,5.350812130943035,0.9875500297733262,1.8155220814833992e-07,0.02725516342303412,residual,1.7763568394002505e-15,5.88487381004581e-07,1.4580309236299762e-11
train,64,4,22293.615001587175,22.652126014407678,0.9713896375575707,1.7720959681658492e-07,0.13314820215150386,residual,2.2887833992611187e-16,1.0867224820876085e-06,5.4569682106375694e-12
train,65,6,23765.56833323341,24.102708894957377,0.9063357770002012,5.687418826782527e-08,0.1228564134261408,residual,1.831026719408895e-15,9.658278753707045e-07,8.412825991399586e-12
train,66,6,17132.999789973186,14.615665735334728,0.9426430808040421,1.601036537586751e-07,0.1140195532274585,residual,4.440892098500626e-15,1.2133019155721982e-06,7.275957614183426e-12
train,67,6,28881.362685195178,20.26670361721432,0.9373215930173528,1.8617760972123953e-07,0.09007452927738127,residual,3.3306690738754696e-16,6.387303555726713e-07,2.2737367544323206e-12
train,68,4,21373.283434005534,29.574001810246596,0.9396912826536522,1.589342114334883e-07,0.16768701702694866,residual,9.930136612989092e-16,1.340086856291111e-06,5.532240293449122e-12
train,69,4,26223.834440885224,15.801951082288706,1.0407149201470847,1.3957638329991858e-07,0.08828090585052355,residual,1.3322676295501878e-15,8.642077196924561e-07,4.547473508864641e-12
train,70,6,21291.26606898544,11.396973669596953,0.9470229621438712,6.791914098845332e-08,0.07327678757452984,residual,2.808666774861361e-15,8.737508329875518e-07,8.580155856231254e-12
train,71,6,15011.258627575053,18.33798349707284,1.0486183726979172,7.810465661785936e-08,0.17754662186469072,residual,1.2560739669470201e-15,2.1592032807157183e-06,1.1504299109832135e-11
train,72,4,19854.004478446423,31.524238938839282,1.0340140673332505,9.008158086849327e-08,0.2089926396891653,residual,1.4043333874306805e-15,1.2722027067163999e-06,2.033691978340166e-12
train,73,8,16605.67138624221,32.01191604505961,0.9038849476285209,6.029553281344222e-08,0.22107906562090412,residual,3.179194921382489e-15,1.4276405416877487e-06,9.094947017729282e-12
train,74,8,21650.285548894186,31.148916228275475,0.9475827451490535,8.635878135342561e-08,0.17398064878913222,residual,1.5565409952966684e-15,1.282565023088841e-06,1.4805501083264704e-11
train,75,6,24612.51526103187,24.12504591187129,1.0621910699629384,5.867708761891549e-08,0.13913731668796922,residual,1.1102230246251565e-15,5.29082697627424e-07,8.0356571957383e-12
train,76,6,19087.60263439018,27.23450356736967,1.0897363095471269,8.675393949888203e-08,0.20364195815363126,residual,2.673771110915334e-15,1.500984327235868e-06,2.925354751947859e-11
train,77,6,18903.690255180307,14.647174353975796,0.9500274134873383,8.40475502455428e-08,0.10435361675625708,residual,8.899114524108741e-16,1.8496924565760288e-06,2.188176315729058e-11
train,78,4,19080.16168115836,17.498883522261174,1.0252139332821486,1.570881375705236e-07,0.13099406759515278,residual,1.2560739669470201e-15,1.5627779990862775e-06,1.9426815345735877e-12
train,79,8,15177.81277805251,13.619582958424335,1.0441111182839369,1.9663738496458246e-07,0.1336460218509154,residual,3.202372833989377e-15,1.9014896543066732e-06,2.212896117379649e-11
train,80,4,16205.335145250217,23.590963832684363,1.0659388670614713,1.4800004637922963e-07,0.20808189508743433,residual,2.5121479338940403e-15,1.7776531630777152e-06,7.275957614183426e-12
train,81,4,15573.605292443168,8.192377081338428,1.0259258129989888,1.0702955574416109e-07,0.07949350491539925,residual,4.742874840267548e-16,2.5499621171289983e-06,9.094947017729282e-12
train,82,6,25659.447750363568,10.236998000483126,0.9010912428195426,5.7928819654940043e-08,0.05232263628454248,residual,2.987304636342383e-15,5.830450985835408e-07,4.067383956680332e-12
train,83,8,28361.174747359815,15.708998378672202,0.912322918893841,1.6848169375280285e-07,0.07117691008517892,residual,9.930136612989092e-16,7.350062968635625e-07,7.988067941637916e-12
train,84,8,23158.7356797931,24.756310784297717,0.9027294915376951,1.0849978778196056e-07,0.1284384792326688,residual,1.790180836524724e-15,1.0438962385890432e-06,1.1368683772161603e-11
train,85,6,24690.183687847013,26.527084264208458,1.07438165238531,1.3977281884560627e-07,0.15188259622442515,residual,4.441027621704298e-16,8.563723871720724e-07,9.668061295755842e-12
train,86,4,25426.52690151884,31.911921888776618,0.9854640682971503,5.6284745490426464e-08,0.15702879482430923,residual,1.350644602892852e-15,1.002333984150084e-06,8.580155856231254e-12
train,87,4,28608.07506644124,7.080845354185758,0.9005307077285863,1.0646302337137965e-07,0.03304384620869838,residual,9.930136612989092e-16,6.442883137578986e-07,7.499885442698834e-12
train,88,4,27287.45139651212,32.02717809099293,1.0130240926625533,1.788417316843734e-07,0.15083770603026295,residual,1.350644602892852e-15,4.675868893540774e-07,4.067383956680332e-12
train,89,6,17812.385264852262,13.889057120117707,1.063805379953264,1.1757252735132873e-07,0.11813092341490512,residual,1.4217791915866692e-15,1.293588409758004e-06,2.979202573289367e-11
train,90,8,27947.57522374967,18.609238541416705,0.9645153088539969,7.626350856163636e-08,0.08886377408491346,residual,5.551115123125783e-15,8.197913433007052e-07,2.2058762325532195e-11
train,91,8,16936.53818023636,34.072939025564914,1.0235077687029384,1.9568021444884964e-07,0.2576110090503776,residual,6.713178136967714e-16,2.2997309075847536e-06,1.7160311712462508e-11
train,92,6,21218.198227124583,18.731565708092063,1.0104360017359948,1.4124436285469193e-07,0.1233321345198768,residual,1.7763568394002505e-15,1.1881355552668135e-06,8.580155856231254e-12
train,93,6,15154.837349008436,16.18961362984937,1.0741164919427229,1.8765402002790446e-07,0.16115007544043616,residual,1.7763568394002505e-15,1.8485527346854418e-06,9.094947017729282e-12
train,94,8,16802.294235364316,25.934939396917507,0.936558368216749,1.0687212388113963e-07,0.1909449375875643,residual,3.468447607305094e-15,1.2488215818879218e-06,1.5245909357181706e-11
train,95,6,28869.940011646577,26.059496895771787,0.9456725727194928,1.1788463985985577e-07,0.11265911350171057,residual,6.280369834735101e-16,4.6308267090853806e-07,1.0913936421275139e-11
train,96,8,21965.747588531485,32.893116023116676,0.9972290515561473,1.7362522439780446e-07,0.1883386423815138,residual,1.1102230246251565e-15,1.6712443735178496e-06,1.8189894035458565e-11
train,97,6,17683.314775673945,12.315098615341178,0.908740726992853,6.902494137004376e-08,0.09098308471927241,residual,1.1514383065176238e-15,1.235386698350065e-06,1.1823431123048067e-11
train,98,4,17684.754357614605,28.67281177068079,1.0056436051253832,6.738904414577932e-08,0.21153624935076182,residual,1.1226435567921847e-15,1.4774239193794478e-06,1.531526697276505e-11
train,99,8,15368.863953735221,8.409338789919786,1.0826165611584693,1.3334013408554039e-07,0.08714468137478566,residual,4.0943002132167226e-15,2.226289981527862e-06,2.9330322825621076e-11
train,100,4,22033.130102086754,31.011654696859726,0.9868413005593046,1.0577007034879708e-07,0.177419292690182,residual,9.930136612989092e-16,1.258148279244126e-06,5.752149554916067e-12
train,101,6,28489.483068101203,21.326057897966834,1.044441533283301,1.9520507891169552e-07,0.106357531474573,residual,1.831026719408895e-15,9.024291064281306e-07,7.290154618149881e-12
train,102,8,27842.386673761517,29.670737001768742,0.9809515068270739,7.546175998287653e-08,0.1347303473269545,residual,2.2315206618374916e-15,6.590098724342993e-07,1.0289757937229989e-11
train,103,4,21284.73378243105,26.008983093219896,0.9539441556608369,1.6099831566585525e-07,0.15389551996670225,residual,2.6852712547870858e-15,1.0848408826465062e-06,2.9118037843694986e-12
train,104,6,27154.296241803724,18.125704070573605,1.0080262526687325,1.6559741558311968e-07,0.09338100806406958,residual,3.2330182483522125e-15,5.576108116990029e-07,1.0914528524160221e-11
train,105,4,23623.540617062117,5.530947404898116,1.0541616294643257,1.9712394694364042e-07,0.03691752995564375,residual,1.7763568394002505e-15,9.888292880829007e-07,3.637978807091713e-12
train,106,8,15414.099574736885,16.17185265681092,1.0425834684323119,8.605319326549845e-08,0.15363616536450617,residual,3.1086244689504383e-15,1.7340671244150902e-06,1.7160311712462508e-11
train,107,4,15792.565740787286,23.041712770409205,0.9263131172822451,7.198176032580077e-08,0.18186813744479305,residual,2.0947646133377085e-15,1.9143036091803345e-06,3.6662903532026344e-12
train,108,8,21151.47923344437,13.90082430241934,1.093595339996095,1.7448356858404066e-07,0.10234730847064273,residual,4.0943002132167226e-15,1.2133122235636499e-06,2.212896117379649e-11
train,109,6,26483.799179505004,27.745439711277054,0.9154046085700391,1.203680748228031e-07,0.12518353718060238,residual,2.3525204118543076e-15,4.861396650099806e-07,8.0356571957383e-12
train,110,6,29471.662196859477,24.015173793201306,0.9303790209326572,7.631826160137246e-08,0.10138550169751241,residual,1.1110033759434665e-15,4.425808289711019e-07,8.134767913360665e-12
train,111,8,17225.669331105244,12.945388261680986,0.9872975696068986,1.5995114232879666e-07,0.10626689731643858,residual,2.6645352591003757e-15,1.7702890897123748e-06,1.626953582672133e-11
train,112,6,16872.050228229095,28.1883004029735,0.9497065006267584,1.953427985192647e-07,0.20651336991889357,residual,3.202372833989377e-15,2.044712287248536e-06,1.5883642114725246e-11
train,113,4,19090.881518451868,28.187939195147212,1.0660341979608408,1.1568626329089484e-07,0.20486475342838,residual,1.350644602892852e-15,1.2731201174417367e-06,4.547473508864641e-12
train,114,6,21106.94866742805,27.130550231806584,0.915410173372738,1.246641930774291e-07,0.15421338634207626,residual,4.965068306494546e-16,1.195740987625938e-06,7.402750541632352e-12
train,115,4,22377.725722576313,21.509587681573866,1.0988501473940824,6.424701181291163e-08,0.14351922944187467,residual,2.673771110915334e-15,8.896894134785932e-07,1.6169130228773635e-11
train,116,6,26943.369555054906,9.496734011164845,1.0051810509140084,1.399693536145812e-07,0.05179070830543118,residual,3.37661150723213e-16,6.612167369890124e-07,2.187046385444964e-11
train,117,4,23828.69241063527,8.053611062369885,0.9757341687608102,1.1921625225251814e-07,0.04861468802461249,residual,1.2560739669470201e-15,9.404817851124978e-07,3.637978807091713e-12
train,118,8,17959.930721878995,11.185064877669836,1.0074962290323222,1.1801588461993619e-07,0.09081145517426108,residual,2.220446049250313e-15,1.863733011142047e-06,2.300859821966427e-11
train,119,8,22562.398113879717,29.292882608405982,0.9763487837734351,7.978641477208435e-08,0.16378272582409667,residual,6.114205093613682e-16,1.1443559615493363e-06,1.0951766470309208e-11
train,120,4,20027.503984195388,18.39843297281955,1.0023325782333015,1.0228564604645293e-07,0.12757451064722777,residual,2.2315206618374916e-15,1.1372256408933217e-06,3.7240032166117086e-12
train,121,4,28587.38655296307,14.37389980841022,0.9068922507463184,1.9828729820047026e-07,0.06474960379311491,residual,1.4432899320127035e-15,5.741914234659683e-07,3.6662903532026344e-12
train,122,4,17469.319096616455,34.048452052718545,0.91334704048428,5.5974164683621744e-08,0.2227503601490165,residual,2.6645352591003757e-15,1.1780564224611744e-06,4.547473508864641e-12
train,123,6,21272.010047593292,30.197303658367773,0.9821604372010078,5.5117886477738554e-08,0.17906643703007483,residual,1.7763568394002505e-15,9.223170458116559e-07,1.241218711944037e-11
train,124,6,21668.73845863653,20.592264868009128,0.910836898375109,1.0352296717051811e-07,0.11829679654102229,residual,9.930136612989092e-16,1.487597616100642e-06,2.2737367544323206e-11
train,125,6,21938.502421798916,7.28761773385704,0.9201911379710284,1.3400889060302008e-07,0.04526188280483726,residual,3.179194921382489e-15,1.0813626086024488e-06,2.1903532940618417e-11
train,126,4,18266.230538339874,10.031787679291117,1.013310547141611,9.566972201539073e-08,0.08109464108148907,residual,2.2315206618374916e-15,1.0698307761285984e-06,7.770726138294351e-12
train,127,6,23937.547018646073,6.742600475352091,1.0177773123297171,1.005956841569653e-07,0.04258384072324487,residual,1.7763568394002505e-15,1.1655261738859614e-06,3.749942721349417e-12
train,128,4,29049.603614976768,28.75701511585273,0.9148063652825783,1.469850332058423e-07,0.11742498182288258,residual,8.881784197001252e-16,7.218595423203805e-07,3.749942721349417e-12
train,129,4,16640.683569620258,18.981584054252156,1.0428780250399226,1.6856840633205695e-07,0.16421878903449225,residual,1.4043333874306805e-15,1.9222126954685214e-06,7.499885442698834e-12
train,130,4,23253.096064317804,30.13072440395948,0.9123158666114177,1.3991698268526343e-07,0.15189347308265777,residual,1.831026719408895e-15,1.0923243197803195e-06,4.834030647877921e-12
train,131,8,18025.949403653707,9.244278326674902,1.0048154556698767,1.4120223097183373e-07,0.07543778454026721,residual,4.0943002132167226e-15,1.2388114811268418e-06,5.106146581099238e-11
train,132,8,28396.590197924488,34.58783471859003,0.939755866243637,1.312994595480327e-07,0.14270048750992168,residual,1.5788995281571398e-15,6.889111171694795e-07,1.4665161412810538e-11
train,133,6,29251.149559105434,22.52435970518967,0.985829671533218,5.0414791237780235e-08,0.10248900413243006,residual,4.742874840267548e-16,5.652304011177952e-07,8.134767913360665e-12
train,134,4,18296.183985189302,29.87809204276181,0.9487758036840328,1.259030287059373e-07,0.19941255908246364,residual,3.580361673049448e-15,2.4650838178044204e-06,6.5584595640102444e-12
train,135,8,24583.580527529237,13.172309133678956,1.047751112962849,1.7009328966173904e-07,0.0802963004035455,residual,2.886579864025407e-15,7.487862267514937e-07,1.4795130981884302e-11
train,136,6,24485.361017465744,9.41449638040185,1.0286803629441716,7.032363570457038e-08,0.05784497550574216,residual,2.710399819191012e-15,7.903449868200695e-07,7.28394683375943e-12
train,137,8,25338.863280350022,15.260894978843996,0.9827369777303204,1.9824690974247367e-07,0.08359481950884422,residual,6.280369834735101e-16,7.66327475497772e-07,9.374856803373543e-12
train,138,8,18125.060924215748,33.83697150113417,0.9470816874516235,1.0040460228566757e-07,0.22155903855147024,residual,1.336885555457667e-15,1.3011529238413158e-06,3.176728422945049e-11
train,139,6,17994.757315955423,28.948466351515684,0.9959117325556488,1.1636857668133084e-07,0.2074808617948939,residual,1.790180836524724e-15,1.6340540557448823e-06,1.4805501083264704e-11
train,140,4,28114.077468078787,27.928100771350337,0.9084217917697158,1.976441885558736e-07,0.11765396517650893,residual,6.6671180517865e-16,7.221842818484548e-07,3.749942721349417e-12
train,141,8,19275.399571139853,27.597373439225304,1.0559169738806546,7.347638601607291e-08,0.19753273316468628,residual,3.202372833989377e-15,1.099555038583831e-06,2.3646862246096134e-11
train,142,8,22836.121919765195,7.216257001197031,0.9460229105106823,1.65845558947565e-07,0.04428398142097426,residual,1.4043333874306805e-15,8.473590802122701e-07,1.4665161412810538e-11
train,143,8,17708.959640315414,16.889197138990397,0.909575763364668,1.3152476761116107e-07,0.12130816990760124,residual,1.7772239894833365e-15,2.2346139716645305e-06,3.049181871436341e-11
train,144,6,23093.317924204508,18.674937778065612,1.0345373165039673,1.0462974784425861e-07,0.11571064644788764,residual,4.965068306494546e-16,9.151110936762121e-07,8.580155856231254e-12
train,145,4,27973.62079021304,9.083810882885224,1.0524675461934598,6.67054773717227e-08,0.05007994041216976,residual,9.155133597044475e-16,5.856898690254115e-07,3.749942721349417e-12
train,146,8,22811.26823515578,6.293826882393969,0.9860950804929776,1.407977342629947e-07,0.0405183634215679,residual,2.1868857395626282e-15,9.846584849689013e-07,1.1823431123048067e-11
train,147,6,29673.602858699018,26.58206072807006,0.9846750111518429,9.100114167180535e-08,0.11602188483146078,residual,4.449557262054371e-16,5.199902503940414e-07,2.033691978340166e-12
train,148,8,24039.560585898842,33.43396539215371,0.9268106921625995,8.24082477852893e-08,0.16197135896452788,residual,1.784146017590271e-15,1.0316344014190166e-06,3.339220666145742e-11
train,149,4,26826.723134388216,23.93642986467983,1.0441135271302513,1.7176862125399983e-07,0.12465034862633724,residual,1.790180836524724e-15,6.304437513192309e-07,3.8853630691471754e-12
train,150,8,23737.922729500453,11.842979101428181,0.941339006984956,1.6695179116638086e-07,0.06770672387239773,residual,2.6716093228425255e-15,6.851797043210779e-07,2.2058762325532195e-11
train,151,8,26698.032564982244,19.46119004430389,1.0353358370816197,5.170008652795107e-08,0.10387329553781284,residual,3.110606378280845e-15,6.719841735185646e-07,1.5541452276588702e-11
train,152,4,20679.56418997312,12.967978867873889,1.0225036903085705,1.5141155764402187e-07,0.09182226924195157,residual,1.1957467920563633e-15,1.0998602534551997e-06,8.829596408280667e-12
train,153,6,25992.7953761787,18.123585946055897,0.9967531547891887,1.3146991737268742e-07,0.09645279717083086,residual,7.782704976483342e-16,7.037128808749221e-07,1.8331451766013172e-11
train,154,6,28825.31638844482,14.071542092662234,1.028148390733334,1.5853589488786896e-07,0.07139976418547596,residual,1.0934428697813141e-15,1.0077085155973107e-06,7.30786208804975e-12
train,155,6,20743.993636995892,7.094959267800265,1.0629290994121103,1.6332225906909046e-07,0.05389171150692005,residual,1.8971499361070192e-15,1.3244226700748142e-06,7.332580706405269e-12
train,156,8,16871.606176385758,15.372811550461691,0.9968697908739695,1.4362562099223696e-07,0.12820039390827054,residual,1.2560739669470201e-15,1.8267526590191395e-06,4.4999312656193006e-11
train,157,4,16158.62131698418,5.345938900226569,0.9103744485245294,5.801898445877654e-08,0.04509941670100626,residual,1.1105699151271774e-15,2.0149972211375363e-06,4.067383956680332e-12
train,158,6,25013.268393415434,20.32986611257656,1.0658911217930906,1.8299308701736126e-07,0.11859137341035235,residual,1.831026719408895e-15,9.167620490387423e-07,8.960369311916124e-12
train,159,6,29767.012554174875,29.561735349114947,1.0992734263584583,6.371627842677423e-08,0.1408027728994227,residual,4.460365043975677e-16,4.536989950454409e-07,1.1064480586898244e-11
train,160,8,28454.049102564873,8.981103560168703,0.9762378558732618,6.631988646475783e-08,0.04517912969928854,residual,1.350644602892852e-15,6.333813390997032e-07,7.275957614183426e-12
train,161,6,27248.89607050897,20.91116103894869,1.0766544766190123,6.108369330645258e-08,0.11269321941332792,residual,3.33355902589325e-16,5.249920965247493e-07,7.332580706405269e-12
train,162,6,16449.231626492987,6.610613058131747,1.0120579079755476,1.3487367188812833e-07,0.060461161200147925,residual,1.3358046614212628e-15,1.5204076765189311e-06,1.1064480586898244e-11
train,163,4,24840.664672176343,27.177184407033486,1.0232321572478196,1.30113595388919e-07,0.1466750061614514,residual,6.280369834735101e-16,9.138338354517713e-07,4.61658157843134e-12
train,164,4,29623.837088234304,10.670542682258553,1.058437961239257,5.8159877087028655e-08,0.05534719424002981,residual,1.1102230246251565e-15,5.943783450253865e-07,7.499885442698834e-12
train,165,4,22948.723588250992,28.849819838988104,0.952659487708511,7.387900781702491e-08,0.15519703704296187,residual,3.5596458096434965e-15,8.675898277712536e-07,5.1448789686149945e-12
train,166,6,29737.352318786398,19.829790320572144,1.0013368558353615,1.6362596675469087e-07,0.09169174929326507,residual,1.831026719408895e-15,5.784555574487451e-07,4.414798204140334e-12
train,167,8,26676.522752701545,5.0987033191963995,0.9064292339320709,1.880370323572035e-07,0.025978253180361104,residual,3.66205343881779e-15,6.091597887580801e-07,1.1504299109832135e-11
train,168,8,25669.927350709957,7.072701650988644,0.9841619805238484,1.2147180043572024e-07,0.040201599083582555,residual,6.75322301446426e-16,6.827503613591144e-07,1.1504299109832135e-11
train,169,8,24391.815969873944,16.360087018479238,1.0075346383021342,1.529044511404891e-07,0.0948076079701298,residual,2.2644195468014707e-15,7.147895729382949e-07,1.65858147964508e-11
train,170,8,21687.28661502138,6.344905565121463,0.9825898952580987,1.1019801871553608e-07,0.042798865276398305,residual,4.14813554445046e-15,1.6239766633447106e-06,2.2296536684973512e-11
train,171,4,22836.694695092312,28.542235674196668,1.0057280559802193,1.2707573147205514e-07,0.1632222417676957,residual,9.930136612989092e-16,1.1149105083397486e-06,9.094947017729282e-12
train,172,6,15615.242498620955,34.958731432888214,0.9976256010298445,1.5794976646746563e-07,0.27772731514964094,residual,1.7763568394002505e-15,1.3903431270493745e-06,1.4805501083264704e-11
train,173,4,27976.926984918882,31.117977101560403,1.0830458124576314,1.9926068991712123e-07,0.15376338284466223,residual,1.350644602892852e-15,9.678558494832e-07,3.8853630691471754e-12
train,174,4,18277.674598025784,30.159249004667085,1.0184428889103723,1.9641483609741958e-07,0.2158831229777684,residual,2.589462819655575e-15,1.709792110642213e-06,7.279509460923746e-12
train,175,6,15087.930783078047,14.233955257711553,0.9721879115985989,1.7496318853180437e-07,0.1303449452907477,residual,1.831026719408895e-15,1.694219413186507e-06,7.275957614183426e-12
train,176,8,27801.711679534154,5.5830143703942685,0.9736893865505245,1.440055884115911e-07,0.0292387574239837,residual,1.6658548726907658e-15,7.618850573525243e-07,8.134767913360665e-12
train,177,4,22838.891081415288,30.00676546264023,1.0911402004775899,1.6495047747131675e-07,0.1843524385396817,residual,3.580361673049448e-15,1.154645338968463e-06,2.1945977117891112e-11
train,178,6,20349.88105073401,15.826103687164267,1.068567408078704,1.0096151333288324e-07,0.11696896576617165,residual,2.6645352591003757e-15,1.5799782125155723e-06,1.4551915228366852e-11
train,179,4,28195.640927754874,28.68993656322231,1.0579611642361848,1.352467869795976e-07,0.13964894047325985,residual,2.7217452008024307e-15,5.594757686596626e-07,1.1064480586898244e-11
train,180,6,24229.991128303645,14.682209229755129,1.0031951379728494,8.691931273141416e-08,0.0861580089615857,residual,1.3322676295501878e-15,9.442512098007413e-07,8.134767913360665e-12
train,181,6,26383.078822990854,32.27412060061903,1.0894059821004491,9.991407816658196e-08,0.16878263832338494,residual,8.886119947416683e-16,7.236893473473158e-07,1.0289757937229989e-11
train,182,8,26238.739549957216,31.212976878090757,0.9784348813701513,1.3981639211918561e-07,0.1484710201601675,residual,6.280369834735101e-16,7.708707872507844e-07,1.5541452276588702e-11
train,183,4,16076.157234040758,26.652804531255743,1.0741728153529633,9.983914284155006e-08,0.23413328203184644,residual,8.881784197001252e-16,2.2906698842234506e-06,3.2792297820051222e-12
train,184,6,25046.055136932173,34.67647841905905,1.0999472250723739,1.5781628519200817e-07,0.18973869302490787,residual,1.336885555457667e-15,9.860673677523858e-07,9.374856803373543e-12
train,185,8,19594.788076430636,13.035104520787877,0.9214676958905177,1.4489478897835384e-07,0.08774688755538214,residual,2.886579864025407e-15,1.6478545220084124e-06,1.0913936421275139e-11
train,186,6,25910.258310152043,16.60399930685298,0.9608758583137966,1.383683634291172e-07,0.08625855079472217,residual,1.790180836524724e-15,9.52324625592258e-07,7.30786208804975e-12
train,187,4,21100.717887585197,32.69605740782164,1.0776135645509213,5.367024520586035e-08,0.2108764420808882,residual,1.336885555457667e-15,1.1025421296502114e-06,1.3116919128020489e-11
train,188,4,27511.840672123235,27.563049414407306,1.0348472929192418,1.4145184909142296e-07,0.1354960470420828,residual,5.551115123125783e-16,8.134667266813922e-07,2.2737367544323206e-12
train,189,8,16464.292261205133,23.607319376720312,0.9432362911586872,1.9264909949870426e-07,0.18133975449076903,residual,3.1401849173675502e-15,2.0551315497818737e-06,2.9330322825621076e-11
train,190,8,19813.87119600278,9.751240734838229,0.9666093538810611,1.0521630975183902e-07,0.0694349266231842,residual,3.820199830714189e-15,1.516645543106778e-06,2.1827872842550278e-11
train,191,8,25325.47534864746,10.230207832305847,1.0133180385283864,1.9088622126251773e-07,0.059577946608840276,residual,8.005932084973443e-16,5.847534104701155e-07,1.2202151870040997e-11
train,192,6,29924.98394526699,15.644325919104274,0.9182230597081832,1.2397574834539776e-07,0.06764073453112106,residual,2.6852712547870858e-15,5.190074026473099e-07,7.693836012407988e-12
train,193,6,25927.977501741665,21.582634810645494,0.9984312018337773,1.823650205996554e-07,0.11287798302634118,residual,2.673771110915334e-15,9.391405318672975e-07,4.290077928115627e-12
train,194,4,23148.573253295894,10.306958663872516,1.077885355232247,1.4556010413539795e-07,0.06982250075599414,residual,9.930136612989092e-16,1.0560914747888102e-06,3.637978807091713e-12
train,195,4,19424.91569532616,32.80995855472802,0.915487431374802,1.5841623692935977e-07,0.19513260486364287,residual,1.4043333874306805e-15,1.293973278419141e-06,3.749942721349417e-12
train,196,8,28154.489489193762,11.143425026638342,1.0756177335367405,1.8662510650717504e-07,0.06163103445722858,residual,4.551914400963142e-15,4.592568280519267e-07,2.212896117379649e-11
train,197,6,21029.124155538713,26.86050714597773,0.952776938475224,6.262606608817875e-08,0.15978056531181514,residual,4.440892098500626e-16,1.36065212773714e-06,1.46157241760995e-11
train,198,6,18635.55858435564,26.05193936401403,1.0294612919784663,1.0354569870881237e-07,0.18994784761936162,residual,3.580361673049448e-15,1.2531643695812405e-06,7.622954678590853e-12
train,199,8,29893.88549905707,6.274393797831568,1.051596825213245,8.929614004866523e-08,0.0328741851711951,residual,1.831026719408895e-15,6.032240415272891e-07,2.2499656328096503e-11
train,200,6,28943.52857419158,33.23363237889504,0.988662656566939,5.098497117291784e-08,0.14284120359220884,residual,1.350644602892852e-15,7.376374256996689e-07,7.770726138294351e-12
train,201,4,26603.97838339666,15.624041909680354,1.030362888381716,1.0780562427132672e-07,0.08527619284405656,residual,1.1102230246251565e-15,9.332395569169028e-07,3.749942721349417e-12
train,202,4,25583.74697074976,9.549750805344182,0.9448843757706933,1.5380671722275693e-07,0.05154145628203652,residual,9.930136612989092e-16,4.743095997592392e-07,7.30786208804975e-12
train,203,8,22658.624043015556,29.190809628928605,1.0246433823344432,1.705321137066954e-07,0.17067332290621032,residual,2.8435583831733384e-15,8.284008840579762e-07,8.134767913360665e-12
train,204,8,19106.868066353007,10.596656627555634,0.960382254503397,1.9960249168343742e-07,0.07735670275412308,residual,5.420799638382024e-15,1.1562139420925648e-06,1.8189894035458565e-11
train,205,4,20377.75086604154,6.339490805996565,1.0485994655564128,1.3591215253906588e-07,0.0485692412687499,residual,1.336885555457667e-15,1.3795609847848891e-06,4.553154302471008e-12
train,206,6,18006.03037615125,29.401363947221643,0.9447484897552214,1.3933941917793662e-07,0.19917702144868052,residual,3.5596458096434965e-15,1.3140708573488648e-06,9.094947017729282e-12
train,207,4,27745.734153481222,18.595449996894985,1.010875923399115,1.7534284752061537e-07,0.09375114636869897,residual,8.881784197001252e-16,5.066897617870501e-07,3.7949102376102284e-12
train,208,8,25836.822365733,32.76654068799458,0.9250585416304163,1.7363699444411262e-07,0.14808794850799828,residual,1.7790111516265277e-15,6.842707240656286e-07,9.094947017729282e-12
train,209,6,18618.265611251663,33.73747556498593,1.0446566411877927,1.1422268357490564e-07,0.23737363740397152,residual,2.3914935841127266e-15,1.6172379870451712e-06,1.1647215137477994e-11
train,210,8,28735.5986462293,17.903643815385692,0.9316924985895916,1.8345913472226302e-07,0.08067138630394814,residual,4.577566798522237e-16,6.190556519353052e-07,7.8969401269261e-12
train,211,6,28911.930343742755,10.56476558794828,1.0016756339577975,1.5224431537378879e-07,0.05316993175207845,residual,1.2215606906376903e-15,7.03100782456757e-07,1.100606615121869e-11
train,212,8,15316.25947354946,13.08721607391439,1.017039701499049,1.9188423236181703e-07,0.12435823627135499,residual,5.420799638382024e-15,3.3295281245571796e-06,4.4999312656193006e-11
train,213,8,25013.611230721428,12.935430817188937,0.9291352401452344,5.074916018100488e-08,0.0688208889951791,residual,4.965068306494546e-15,1.2286740203642443e-06,2.2737367544323206e-11
train,214,6,18366.879244665568,7.08066723339719,0.9459268428571641,1.2018103487493707e-07,0.05406203678784284,residual,3.1086244689504383e-15,1.6827037770123907e-06,8.134767913360665e-12
train,215,8,20491.354119681528,16.784217629009362,0.9123728125146909,1.1884012933847658e-07,0.10457248272974805,residual,3.972054645195637e-15,1.248834879340363e-06,1.4551915228366852e-11
train,216,4,20725.205500414453,23.96027084631629,0.946830157628759,6.057755310820673e-08,0.14643761149686688,residual,1.6011864169946886e-15,1.0736851263664926e-06,3.6662903532026344e-12
train,217,6,22170.447048832473,19.415508613639773,1.0933626346783578,6.465221379146407e-08,0.1318240465928906,residual,1.1102230246251565e-15,6.70906848537736e-07,4.1194814302783556e-12
train,218,4,23986.89504516534,20.07947540789461,0.9914114771901136,1.9318566522420184e-07,0.11378603507043078,residual,1.111609937126711e-15,1.0376178533484517e-06,3.6662903532026344e-12
train,219,8,21858.15608052984,8.075159458014978,0.948629601051149,7.60515769550567e-08,0.05165654741358049,residual,2.2644195468014707e-15,7.253021528361725e-07,2.1903532940618417e-11
train,220,4,17197.394680798163,11.001523230206212,0.9414510792977752,1.3295098280383612e-07,0.08726160537919318,residual,1.831026719408895e-15,1.3305239452643744e-06,4.067383956680332e-12
train,221,6,25544.319868123723,12.797171085543503,1.0375657914967147,1.777844334887429e-07,0.07451288639447477,residual,1.4432899320127035e-15,4.473156557658141e-07,1.819131506542327e-11
train,222,6,26832.716211343642,21.666452022474054,1.0984500634037289,1.8851506997296451e-07,0.12040067257395269,residual,1.790180836524724e-15,8.072022691834989e-07,1.1434432017886282e-11
train,223,6,21048.36186087783,33.21252517660112,0.9951322484589622,1.780265713122841e-07,0.19760861936633145,residual,1.3322676295501878e-15,1.050889809145558e-06,1.2202151870040997e-11
train,224,8,24436.20401966133,30.27870376091176,1.0129949496442014,1.3592637909821963e-07,0.1611190469062452,residual,1.807312143953211e-15,5.571022016906771e-07,1.5541452276588702e-11
train,225,6,24868.513281809654,10.957041264129831,1.0035384317586495,1.2539244536585774e-07,0.06408067210694109,residual,3.580361673049448e-15,1.038107791643936e-06,1.472847974646506e-11
train,226,8,23142.146155362963,16.79107738826261,0.96335600214202,9.979816431103018e-08,0.09780433976197772,residual,1.5742574924190435e-15,7.939646604002189e-07,1.4765290047811705e-11
train,227,8,29038.95052785278,10.9947080554986,0.9851681986013194,1.9773502700915471e-07,0.05404629930644152,residual,2.223219874253422e-15,4.7012959426832394e-07,1.0923406216047001e-11
train,228,8,29736.569651633836,10.504275480227895,1.0824303878945813,8.767765986546319e-08,0.05556309741193381,residual,1.3322676295501878e-15,5.975206750203706e-07,3.1082904553177403e-11
train,229,4,25297.420025742635,8.800047391994777,1.0288714644042107,1.452724781876669e-07,0.05253225344026142,residual,3.552713678800501e-15,8.711070862675737e-07,6.5584595640102444e-12
train,230,8,28673.208217139458,33.16038832639464,1.0200573900757086,9.154253459164323e-08,0.14851271656390375,residual,2.7755575615628914e-15,6.82277598360039e-07,1.2202151870040997e-11
train,231,4,28314.674551124663,8.262020092429452,1.0507499077654485,1.472050696502606e-07,0.04514325522513297,residual,5.551115123125783e-16,8.265397284254162e-07,2.2737367544323206e-12
train,232,6,22105.56881691241,22.834895005388496,1.0064811632346358,6.247649582586683e-08,0.1400914375387252,residual,1.4217791915866692e-15,8.240662058102829e-07,7.622954678590853e-12
train,233,8,27531.352759560577,20.277026137563084,1.0183498954291887,1.3263746264234736e-07,0.10270547836922594,residual,7.22320191464045e-16,4.998662396315892e-07,2.5270208406163518e-11
train,234,4,23641.84485228691,31.502518711275624,0.9787586921611289,1.317524950952768e-07,0.166039387907905,residual,2.2644195468014707e-15,1.0247518778824691e-06,3.183231456205249e-12
train,235,6,23502.44112799741,24.098970489512034,0.9227324099323826,1.0232345302259521e-07,0.12646279133827562,residual,2.2644195468014707e-15,7.21617657719941e-07,5.47958838160188e-12
train,236,8,23032.91613160348,20.605243227524454,0.9436510610768016,1.1432002894064036e-07,0.11536306130910177,residual,2.673771110915334e-15,1.1556533001042228e-06,1.60713143914766e-11
train,237,8,18910.359457138053,15.433630788303256,1.0443863913624427,1.0567989058224062e-07,0.12026052713850918,residual,4.705040823708615e-15,1.2961672924564717e-06,1.1504299109832135e-11
train,238,6,28669.126289909243,13.342889668435415,1.020578376343705,1.7922597321529322e-07,0.06786691934699063,residual,2.220446049250313e-15,7.048130699317635e-07,5.475883235154604e-12
train,239,8,20090.832037655426,22.065212867164796,0.9267503674904847,9.301949357990627e-08,0.13781714660628275,residual,7.108895957933346e-15,1.1817247561873712e-06,2.1997742119215807e-11
train,240,6,17015.24879496535,6.191363364981537,1.0063712750286338,1.3850550279488592e-07,0.05456699822291064,residual,2.2644195468014707e-15,2.0891574056676515e-06,1.1249828164048252e-11
train,241,8,27094.631533010877,21.853733023936194,0.9445069637669764,1.2316213953021875e-07,0.10329016760200485,residual,2.2315206618374916e-15,5.221102036066485e-07,2.1846812432094003e-11
train,242,6,18801.428009038915,28.48955911791112,0.9569042313774007,1.6179896741236136e-07,0.18834687476634468,residual,2.808666774861361e-15,1.4384202035077122e-06,8.348051665364355e-12
train,243,4,24374.64900892251,31.33419451131938,0.933864042592787,7.762021042350513e-08,0.15301267067655777,residual,1.7763568394002505e-15,7.792132743905842e-07,3.637978807091713e-12
train,244,8,25281.3828248422,26.729834891194777,1.0806667632849472,9.742530601762813e-08,0.15014032790243623,residual,1.3358046614212628e-15,1.0921014977135979e-06,1.9336122591511685e-11
train,245,8,15100.57362100246,20.100376597803237,1.0443458520037663,1.5697546564577557e-07,0.19057021563696191,residual,5.420799638382024e-15,1.9772900237235622e-06,2.123236759858401e-11
train,246,4,16302.474742660164,25.653664449677862,0.9007266313697427,9.828232609552258e-08,0.18755890535481123,residual,1.9860273225978185e-15,1.490108874338294e-06,6.370521862719171e-12
train,247,4,26427.669579899637,13.706194338220085,1.091354564418399,9.456881629608344e-08,0.08069608170856629,residual,3.1401849173675502e-15,8.096047865651613e-07,7.36423987323253e-12
train,248,4,20858.64759926674,29.195893749502446,0.9108450479091097,1.5839005951589614e-07,0.16483361571973337,residual,1.350644602892852e-15,1.0940972104266862e-06,7.290154618149881e-12
train,249,8,27774.436790101012,16.82826111541621,0.9711480004077614,8.325894001699771e-08,0.0823145924148011,residual,9.930136612989092e-16,5.389831601431957e-07,1.5179640950440914e-11
train,250,4,17140.5695846946,6.321415879582744,0.9816508015207118,1.098031041787818e-07,0.05390696706302013,residual,2.6645352591003757e-15,1.8334305300374601e-06,5.1448789686149945e-12
train,251,8,25305.78195286662,15.660051996050543,0.9992140459893594,1.9623208089929327e-07,0.08712195305502914,residual,6.2803698347351005e-15,4.923067298705761e-07,2.1903532940618417e-11
train,252,6,24053.434180771605,7.593850846390852,0.9694022653569778,6.52035931129859e-08,0.04523704656717555,residual,1.861072919577845e-15,9.462105391349944e-07,4.290077928115627e-12
train,253,4,16427.95857059783,10.431640445580921,1.028659159990351,6.877627580026574e-08,0.09495936811929026,residual,1.350644602892852e-15,1.673696548002512e-06,5.823607568738997e-12
train,254,4,29240.256724688996,7.745650927557078,1.0320589609656126,1.526996980414201e-07,0.04037420029897857,residual,9.155133597044475e-16,4.5021587314724585e-07,2.7308515540117503e-12
train,255,4,15112.23301358363,33.496418479985266,1.044637885556448,6.067504784919814e-08,0.2908280125744119,residual,1.831026719408895e-15,2.32129597186659e-06,1.626953582672133e-11
train,256,6,28451.14768423442,27.977104813626386,0.9134330346279496,1.0807073159034101e-07,0.11706880414170237,residual,1.336885555457667e-15,6.379267681820803e-07,1.626953582672133e-11
train,257,6,18033.81179470765,6.775223093864445,0.9515853967426444,6.81038727746067e-08,0.053094108815630404,residual,3.9968028886505635e-15,1.3490841038140552e-06,1.4999770885397668e-11
train,258,6,21242.510493669863,26.087204273680015,0.9851813962938955,1.281143615516366e-07,0.15964860043369009,residual,2.3914935841127266e-15,8.75504059404987e-07,2.1903532940618417e-11
train,259,8,16515.742340674857,15.163917576429153,1.0123680938872335,6.911155750835875e-08,0.13135800347416823,residual,2.9790409838967277e-15,2.0091079900880854e-06,1.8189894035458565e-11
train,260,4,24137.254129524048,15.437518104651902,0.9648315783216342,1.8895959865653118e-07,0.08706115890093685,residual,6.731800026102354e-16,8.658660377930117e-07,1.8954451656778878e-12
train,261,6,28869.11670890945,22.000196173356752,1.0286976211525678,1.2043554016763307e-07,0.10619151809838083,residual,8.95090418262362e-16,5.516097529301848e-07,6.5584595640102444e-12
train,262,8,21320.996076215335,11.499422467601079,0.9803639838986299,8.987540953851449e-08,0.07638529671631994,residual,2.710399819191012e-15,1.2822963893369195e-06,2.1903532940618417e-11
train,263,4,25893.42820953691,27.427495214969568,1.0480278215284964,5.226152832928184e-08,0.1452105503598926,residual,1.7763568394002505e-15,7.306762253290824e-07,7.332580706405269e-12
train,264,8,29036.540062243483,30.087134899786243,0.9376330002389499,5.609219770540358e-08,0.12487061345338644,residual,8.881784197001252e-16,4.7194285038190433e-07,3.049181871436341e-11
train,265,4,18764.237318172836,28.125212645528958,0.9889991762216039,1.430975540179331e-07,0.19301852807772193,residual,2.288783399261119e-15,1.566292714711154e-06,2.033691978340166e-12
train,266,4,19726.692125434423,31.35916611835139,1.0100655378367913,1.4788836584380144e-07,0.20462109998548375,residual,2.7465400791133427e-15,1.1522118930749832e-06,4.547473508864641e-12
train,267,6,28223.030783897484,29.600170576608807,1.0493995352762702,1.4094702297052426e-07,0.14191596823687538,residual,1.1957467920563633e-15,7.297565332450222e-07,5.823607568738997e-12
train,268,6,27770.533887086087,27.096907150102815,1.0355700867425546,1.280746552915803e-07,0.1324596948748262,residual,8.95090418262362e-16,4.765143280018673e-07,1.0951766470309208e-11
train,269,8,26872.867229242947,27.869595212354483,0.9613271314271632,1.8894503401831435e-07,0.13003383284397074,residual,1.3334236103573e-15,5.712697137065744e-07,1.828061726177273e-11
train,270,4,19894.82724451628,17.327196066207623,1.0285981997482398,1.674515125558061e-07,0.12493994740398004,residual,3.1401849173675502e-15,1.5796494940424176e-06,7.332580706405269e-12
train,271,6,19706.659428327283,25.203971712055907,1.0993626878121927,5.426138477832493e-08,0.18659898104069617,residual,2.2315206618374916e-15,1.2247299347339465e-06,1.4580309236299762e-11
train,272,4,21473.127887174654,19.95393570471696,0.971744159779358,8.568894909937743e-08,0.12390324623353571,residual,8.005932084973443e-16,1.5090420360262014e-06,7.42454261274165e-12
train,273,4,15926.430041989714,9.549277194435891,0.9830593326996448,8.592584315055174e-08,0.08613568833506195,residual,2.6645352591003757e-15,1.623141369425333e-06,2.1827872842550278e-11
train,274,4,26183.07736981097,13.725665404402907,0.9396875271295719,1.5104405522331944e-07,0.07022211222404381,residual,1.1102230246251565e-15,9.201590656539243e-07,7.473126256420435e-12
train,275,4,29534.138813477206,22.761561471091035,1.0995641675757517,1.5691235560263876e-07,0.1142377209139244,residual,4.965068306494546e-16,6.367563553019299e-07,3.6662903532026344e-12
train,276,4,29877.81828349895,22.22090920348596,0.9531559520087088,1.9973634513627902e-07,0.0958912203262226,residual,2.223219874253422e-15,5.351120071354088e-07,1.1249828164048252e-11
train,277,4,15781.90362465761,27.353311578643115,0.9160502959924858,8.570932007667171e-08,0.20778286056414105,residual,2.701289205785704e-15,1.6698299654598326e-06,1.46157241760995e-11
train,278,6,21333.131992212573,30.11252501918421,1.0294288284082969,1.4873968188112507e-07,0.18672682472110777,residual,2.701289205785704e-15,1.1302913662651163e-06,1.0645362554641566e-11
train,279,4,16586.604805326973,10.725189477340095,1.0872256210658369,1.9621378868633503e-07,0.1020262630272202,residual,5.566705740848049e-16,2.0869513848583386e-06,6.431098710768743e-12
train,280,8,18603.825438797026,30.329224993946323,0.938274311424926,7.613616798947259e-08,0.19628105321744246,residual,8.908848018021073e-16,1.711875461786408e-06,1.4665161412810538e-11
train,281,4,23066.990339489803,14.461930389466259,0.9103752788846875,1.1919028831442066e-07,0.08100394395840885,residual,2.3914935841127266e-15,8.563807897176772e-07,5.532240293449122e-12
train,282,8,18974.948020834006,33.169116708144486,1.0252817763322621,1.9246499924723414e-07,0.22561421026808626,residual,1.3381095131927032e-15,1.2030081238771624e-06,1.3116919128020489e-11
train,283,8,15892.385650332946,15.862933967921732,0.9084141205768335,1.565794029560034e-07,0.1275961153805839,residual,6.76416532196092e-15,2.006456246988507e-06,2.9160618472599524e-11
train,284,8,16065.486568627512,33.248976194735455,1.017961922646867,1.2574463321400116e-07,0.2650632726421424,residual,2.5121479338940403e-15,2.057490207923064e-06,3.531838563312267e-11
train,285,6,21803.32327685483,30.50742815387988,0.9548452123802373,8.166718233606891e-08,0.17123320300363576,residual,1.4043333874306805e-15,1.061237864085008e-06,2.2167475784238112e-11
train,286,4,18622.961842623332,28.374762231846866,0.9723209995286474,1.5689554932874692e-07,0.1925826360457905,residual,1.4043333874306805e-15,1.611538546940612e-06,1.4999770885397668e-11
train,287,8,17092.23116825673,11.11008567322863,1.0826894382491399,1.1808028953637567e-07,0.10190107243042403,residual,3.66205343881779e-15,2.113778618190622e-06,3.918223088210291e-11
train,288,8,16182.141597124491,5.883677326362451,0.9260112056042633,1.9553153151318695e-07,0.05025983603672961,residual,1.831026719408895e-15,1.7187777949393315e-06,2.961100216652941e-11
train,289,8,20728.704679862272,7.096594530944976,0.9443280438205084,1.3501793805283322e-07,0.04792440739016687,residual,1.5664082319591336e-15,7.633591008129458e-07,1.4665161412810538e-11
train,290,6,18018.96313901784,27.931200353785236,1.0774096986312895,7.777171759393169e-08,0.217737529375055,residual,8.881784197001252e-16,1.6442238593025228e-06,2.1997742119215807e-11
train,291,8,26305.90185021576,19.009567173697654,0.9389413308006934,1.205025436512568e-07,0.09365048841542548,residual,1.3732700395566713e-15,1.0085881173464398e-06,7.30786208804975e-12
train,292,8,16823.526541173404,29.138829938330932,0.9125921505838803,1.9381492942318894e-07,0.2044380646163712,residual,1.7763568394002505e-15,1.8560393741404182e-06,1.7659192816561335e-11
train,293,8,23203.400153844494,18.69570019666312,0.9267243631989814,1.5758365151086645e-07,0.10326166403791993,residual,3.972054645195637e-15,9.639167516080848e-07,5.532240293449122e-12
train,294,4,28753.282730170387,16.230862336492354,0.9839162889686699,1.2853721326171138e-07,0.07798244744677377,residual,1.1801832636420706e-15,7.045246036534408e-07,3.7240032166117086e-12
train,295,8,16921.728437568825,26.523917387083348,0.9910283148014513,1.7376677589730872e-07,0.20439591080427177,residual,2.23445312947698e-15,1.3749626102342676e-06,1.7160311712462508e-11
train,296,8,17738.74560370223,7.582122904681626,1.0409860810470497,5.4809401684754494e-08,0.06577299524720683,residual,6.2803698347351005e-15,1.20908337356958e-06,1.626953582672133e-11
train,297,4,22745.761265755973,22.470940446258062,1.0857409131810147,6.786769586931588e-08,0.14486389059109137,residual,2.673771110915334e-15,1.0111649831295265e-06,6.68726041560728e-12
train,298,8,29837.39838841988,26.26210737406351,1.0489404082754628,1.4970960083721251e-07,0.12168942761181886,residual,9.155133597044475e-16,4.653182990078436e-07,1.4580309236299762e-11
train,299,8,29563.388378439093,25.790823371546757,0.9603708502751667,8.148278013191968e-08,0.11076758200011455,residual,1.6711069443220837e-15,6.899851607919932e-07,1.4999770885397668e-11
train,300,4,27882.583416237918,10.828174409972574,0.9196867509580623,5.92358918741961e-08,0.05180154193711494,residual,2.288783399261119e-15,8.643864197142061e-07,1.1064480586898244e-11
train,301,6,15337.373851867098,9.067194509050314,1.0715777435910905,1.821210490324131e-07,0.0928375184259243,residual,3.468447607305094e-15,2.5702525416989706e-06,2.4404303740081994e-11
train,302,4,25856.210895970355,30.090526579503123,0.9176703496936026,8.404027383521487e-08,0.1372565801213161,residual,2.8435583831733384e-15,1.4252961701583996e-06,7.28394683375943e-12
train,303,6,19705.198376329747,21.711952531969597,0.9163246125699047,8.304099275800237e-08,0.13701497392362819,residual,2.808666774861361e-15,1.6363354684352972e-06,8.134767913360665e-12
train,304,4,27395.023454203678,18.729832488893106,0.9160706028859497,6.301993206187402e-08,0.08659597161503113,residual,9.930136612989092e-16,5.307569043876295e-07,2.1450389640578135e-12
train,305,8,16376.265622403436,14.90164375896058,1.0188255472722902,6.753111688058716e-08,0.13122433111995357,residual,8.881784197001252e-16,1.372503076118457e-06,3.1082904553177403e-11
train,306,8,27771.360596381,33.38057555143737,1.0851700831411843,9.500927192580602e-08,0.1639602133056171,residual,5.551115123125783e-16,4.672269555604828e-07,1.1504299109832135e-11
train,307,6,24498.416233774657,8.349547115716398,0.9426396384167424,1.6030533600082634e-07,0.047278974867033245,residual,1.1102230246251565e-15,8.638868840769974e-07,1.0913936421275139e-11
train,308,4,22324.141921937295,14.582645569196888,0.9337897197269523,5.14168669624506e-08,0.08650559422936671,residual,8.95090418262362e-16,8.765268208801092e-07,3.749942721349417e-12
train,309,8,21821.765231180707,13.755823882003426,0.9576240495115064,5.710379635776419e-08,0.08603807817705252,residual,1.8971499361070192e-15,9.426002142067443e-07,8.580155856231254e-12
train,310,8,15575.799631285347,20.206156858768736,1.0015997340689125,1.4359106370839755e-07,0.17800823736524193,residual,1.332556718764733e-15,2.042331153712371e-06,1.5245909357181706e-11
train,311,4,26950.532006645702,9.082749947563588,1.0516505263879292,1.4144393148920641e-07,0.0519349651637003,residual,1.350644602892852e-15,8.169018020962023e-07,7.275957614183426e-12
train,312,8,23513.97390297705,26.591544743893394,0.9665263219529506,5.81577535620856e-08,0.14375832594837726,residual,1.7763568394002505e-15,9.727663486105313e-07,1.4665161412810538e-11
train,313,4,18480.882329840828,22.374470814653503,0.9909485798569497,1.1979382889589595e-07,0.1621288256166732,residual,2.482534153247273e-15,1.4551821965179063e-06,4.1740258326821776e-12
train,314,6,25220.999461570766,16.996920070740593,1.029492934634384,1.8406793867611207e-07,0.09695709819731989,residual,2.223219874253422e-15,8.585814539697e-07,1.5351091221737784e-11
train,315,6,18522.296913726408,13.978994267354118,1.0399252774227994,7.42973844546833e-08,0.11171172274303037,residual,3.552713678800501e-15,1.252180512354134e-06,8.134767913360665e-12
train,316,6,19164.51249122671,9.864517367614459,0.9367550621895453,1.3724868283567553e-07,0.07033176248480906,residual,6.662783593823665e-16,1.046097332194885e-06,1.0289757937229989e-11
train,317,8,24767.40011530918,5.156084220863161,1.0542553514201518,1.324020310489964e-07,0.032899432751310555,residual,9.155133597044475e-16,8.449567265320248e-07,1.0289757937229989e-11
train,318,6,20545.18125178043,21.105714074899282,1.044693234378238,7.991109191842367e-08,0.14619739158010256,residual,1.1133411481696098e-15,1.095223437955134e-06,1.7405599654925608e-11
train,319,4,20854.866375384525,8.443577654197721,0.9851190961992738,1.517759847436063e-07,0.05866340917386582,residual,2.3914935841127266e-15,1.2106186554395757e-06,3.6662903532026344e-12
train,320,6,16966.792838137666,24.77135161007223,1.0349273236222025,1.2696974274072692e-07,0.20108707862755987,residual,2.010699415441723e-15,1.6157802550774562e-06,9.663381206337363e-12
train,321,8,23204.35791196573,27.28568623087688,1.0497780865448036,6.740412550821663e-08,0.16161998497301358,residual,4.440892098500626e-16,9.212070177524281e-07,3.0233004760875085e-11
train,322,4,23568.826142152233,26.735707671922167,0.9551611744141532,5.7479875091323194e-08,0.14237176377994323,residual,4.965068306494546e-16,5.590052473631215e-07,1.0923406216047001e-11
train,323,8,25170.012507568754,32.7266852653468,0.9037741250930394,9.235979651646115e-08,0.14837305628807818,residual,3.179194921382489e-15,7.906215179305809e-07,1.1249828164048252e-11
train,324,8,17482.58811851194,24.649758316221764,1.0994089154950453,1.1679403007190559e-07,0.20645747727107389,residual,1.2560739669470201e-15,1.953400821204663e-06,1.4555911482528855e-11
train,325,4,29908.839902738517,23.581784006946048,0.9810068862659546,1.8747712563117391e-07,0.10372631812865024,residual,4.454424009010536e-16,5.317460240923018e-07,3.8853630691471754e-12
train,326,8,15456.84939919902,15.608679959327318,1.0066918292558016,1.8013524323393856e-07,0.14327589035984697,residual,3.76822190084106e-15,1.2147454972171453e-06,3.4320623424925015e-11
train,327,4,22103.19845122133,26.3530486278474,0.935694579544846,1.7485959575326312e-07,0.1469556508652191,residual,2.482534153247273e-15,5.550179997761776e-07,7.622954678590853e-12
train,328,4,17962.94136393759,24.494172784499245,1.0084395763542597,1.6368907182986462e-07,0.18333034806812012,residual,8.005932084973443e-16,2.182632583777449e-06,7.402750541632352e-12
train,329,8,22291.785414634647,11.268796816183782,0.9554530168242248,7.115254477459218e-08,0.0698698680360897,residual,5.773159728050814e-15,9.12644770391082e-07,1.5541452276588702e-11
train,330,8,27688.6064803273,23.444008076806004,1.0400772347748848,1.0807743368178024e-07,0.11820028866472389,residual,9.155133597044475e-16,8.816841169592979e-07,1.4805501083264704e-11
train,331,4,18625.039836869306,22.331609099010212,0.9827309286015911,6.487549038139846e-08,0.15927754594809873,residual,1.2560739669470201e-15,1.010281183007791e-06,4.382845083046331e-12
train,332,6,23749.172255419457,34.08166992083091,0.929035907279326,1.3392943113963538e-07,0.16678893217264207,residual,9.930136612989092e-16,1.1412849271512185e-06,1.4206761399521665e-11
train,333,4,22383.55096099057,11.154961328210552,1.0157304847964792,1.335762595138052e-07,0.07327542805022154,residual,1.790180836524724e-15,1.3018897621672574e-06,4.414798204140334e-12
train,334,4,15697.417158957101,16.66285544870517,0.9505228893241695,1.6139822804131483e-07,0.1412931978512996,residual,3.5596458096434965e-15,1.6128831547307598e-06,3.749942721349417e-12
train,335,8,25791.901225277823,30.32031567844113,0.9416518417838033,7.734707208167452e-08,0.14205485117033237,residual,1.9860273225978185e-15,4.5035991211956544e-07,7.499885442698834e-12
train,336,4,22783.787961675203,21.75452051153279,0.9314346882715067,9.908811537280105e-08,0.12065902031028411,residual,4.446439748506844e-15,8.219668459236646e-07,8.238962860556711e-12
train,337,8,24218.50577233077,15.164791746159912,0.9302380289928796,1.4119698910456304e-07,0.08231626679014353,residual,1.8971499361070192e-15,7.469776671386356e-07,7.290154618149881e-12
train,338,8,25687.60618063692,17.82730358283609,1.0287937402910048,5.603742321563581e-08,0.09927058144956562,residual,1.790180836524724e-15,8.388732184866831e-07,1.846632631372536e-11
train,339,4,26272.906093751004,16.817509730628615,0.9500050724406913,1.9193645943900177e-07,0.0850757024671348,residual,1.790180836524724e-15,9.297978100275457e-07,4.547473508864641e-12
train,340,4,22625.5231723723,32.49312536285521,1.015756538723494,1.9140184865116445e-07,0.18447912621534004,residual,4.440892098500626e-16,1.3172750785874632e-06,2.9118037843694986e-12
train,341,4,24939.638951009685,14.946287901940224,1.0018169076059265,1.4307276630342986e-07,0.08495898666627724,residual,3.3306690738754696e-16,8.692720845846896e-07,4.067383956680332e-12
train,342,6,19446.175522215824,18.429308169360453,0.9777749119885252,1.754516667944369e-07,0.1283597298181103,residual,4.528839093602941e-15,1.5093245200990668e-06,1.1647215137477994e-11
train,343,8,26003.12621044416,24.12002243550188,1.0748306550580469,1.8766365439829723e-07,0.1332401188901487,residual,2.318213734067276e-15,8.864962776586213e-07,1.8189894035458565e-11
train,344,8,26857.063707347614,18.393338967880325,1.0618105015643944,1.9383831072599366e-07,0.10075365453177254,residual,1.9991722838696e-15,6.107062699886064e-07,2.919251318545145e-11
train,345,6,25317.026389953695,22.79907889005726,1.0317280411213134,1.1650202010980876e-07,0.1252210718267839,residual,2.886579864025407e-15,8.122976844685425e-07,1.8353383509379028e-11
train,346,4,28704.311152488386,20.660130058358916,0.9278632570287212,7.914457619741983e-08,0.09123192667836784,residual,1.734223803652547e-15,6.855046420764614e-07,2.00441385476599e-12
train,347,6,27654.243912371923,7.655163791702616,1.0016269257979689,1.8923962429089375e-07,0.040968442509740244,residual,4.440892098500626e-16,6.089629081282489e-07,1.1064480586898244e-11
train,348,4,15504.167580745054,10.890476209113043,1.0781081199094682,9.045148198048036e-08,0.10979467798155051,residual,9.155133597044475e-16,1.9773694211302146e-06,1.8212617209884032e-11
train,349,6,18663.97613580759,12.021674957740728,0.9360911812558468,1.4725331450898644e-07,0.08683297889490647,residual,1.6011864169946886e-15,7.420115069228358e-07,1.4665161412810538e-11
train,350,8,28795.923639849167,10.696569475662427,1.0033878952359359,1.0744684034194847e-07,0.05410041638317631,residual,1.1102230246251565e-15,4.3458260314599786e-07,7.622954678590853e-12
train,351,8,15845.487612666846,5.265125647507151,0.9648605579957771,1.3944591673774532e-07,0.04802858214252712,residual,5.420799638382024e-15,1.848912482481803e-06,2.212896117379649e-11
train,352,6,21872.367040519985,34.229781023962936,1.0009633124653259,5.354725391512537e-08,0.1957707437691827,residual,8.881784197001252e-16,1.0241508675859347e-06,6.5584595640102444e-12
train,353,4,25456.68620264879,27.669170327569155,1.0445007663430914,9.272451696472157e-08,0.14826659950136217,residual,1.831026719408895e-15,4.772686668261398e-07,3.749942721349417e-12
train,354,6,19623.70020466055,5.873932829164788,0.970087846831065,5.741448707823924e-08,0.04334863428274671,residual,3.580361673049448e-15,1.6179567179605007e-06,8.134767913360665e-12
train,355,8,29395.633976542507,15.795665089149477,1.080961728743046,1.783690995120999e-07,0.08177160292841848,residual,6.66169953867201e-16,6.169066419123631e-07,7.731540852509763e-12
train,356,8,23776.27996409589,5.041069617597531,0.9402279921241042,1.6529541224184158e-07,0.02990202291141416,residual,8.95090418262362e-16,8.009828882407893e-07,2.212896117379649e-11
train,357,6,21904.945090639576,28.803896424292134,1.0657440148327717,5.7933830609129894e-08,0.18165822332567955,residual,1.6011864169946886e-15,9.43289971640141e-07,1.3116919128020489e-11
train,358,6,28853.88534082508,31.124201547616728,0.9879127636300575,1.638012244335676e-07,0.13601572053127053,residual,2.7465400791133427e-15,4.888678389964557e-07,7.332580706405269e-12
train,359,8,22764.70380931261,12.45503586903334,0.9176592261388422,6.403439422826405e-08,0.07211876511871898,residual,2.808666774861361e-15,8.324645529446481e-07,1.4999770885397668e-11
train,360,4,26235.9204656244,23.982321690710112,0.9942995641694604,1.6485349641462909e-07,0.12157337336355406,residual,4.449557262054371e-16,8.041860222962383e-07,2.033691978340166e-12
train,361,4,15168.564488471351,14.492760349444085,1.0501922480707364,8.976317859516561e-08,0.14237866658379275,residual,2.701289205785704e-15,2.3537752823813873e-06,8.134767913360665e-12
train,362,6,25257.28635710624,25.465691268977572,1.065444498651581,1.6585837402275595e-07,0.142323631181036,residual,4.518280359883027e-16,7.690124667386913e-07,1.0951766470309208e-11
train,363,6,19522.84665175971,31.158441101305357,0.9585506923577098,1.0249922686922552e-07,0.1952200242711189,residual,8.005932084973443e-16,1.4177897684706305e-06,7.332580706405269e-12
train,364,8,26595.13665135912,16.748616989550023,0.9462679061831507,1.1261680032249613e-07,0.08340655698031153,residual,2.2315206618374916e-15,4.891951546833074e-07,2.2499656328096503e-11
train,365,4,18229.184311622364,31.472270453977575,0.9286043478107795,1.754718870918776e-07,0.20415103343376065,residual,9.930136612989092e-16,1.5441009014634032e-06,1.2862197421537486e-12
train,366,8,24488.1626016032,12.802660710152757,0.9340645731498052,1.405158329438303e-07,0.07000076520827062,residual,3.1401849173675502e-15,7.884580467059518e-07,1.4999770885397668e-11
train,367,8,23087.82195836828,26.89072960402666,0.9748861704287528,7.621714766959603e-08,0.14904846462344754,residual,8.881784197001252e-16,8.783242972212817e-07,2.300859821966427e-11
train,368,8,20445.550648095083,8.236123242812,0.9369553082815723,9.826548216210816e-08,0.05558111102178115,residual,2.808666774861361e-15,1.293985736380503e-06,2.9999541770795335e-11
train,369,8,19851.530293936743,6.988315951470116,0.917564082694548,1.6521753931718796e-07,0.047911842076047054,residual,2.3603665272841412e-15,1.6445313028696273e-06,1.626953582672133e-11
train,370,4,25778.87668882538,7.0679099292358405,1.0315141493876832,5.550449400013942e-08,0.04193052367075546,residual,8.881784197001252e-16,6.686214811377146e-07,7.332580706405269e-12
train,371,8,21400.492636269853,27.451658630539434,1.0233150090799628,1.6230245662845533e-07,0.1716778010099358,residual,6.661338147750939e-16,6.884653544775944e-07,1.5245909357181706e-11
train,372,6,20315.864537178153,7.888799312475072,1.0998618764909551,1.7604622907254241e-07,0.06301956073870493,residual,2.701289205785704e-15,1.105833865731626e-06,7.770726138294351e-12
train,373,6,27295.426270862437,34.36560281355237,1.0474034984639844,1.9421990501891732e-07,0.1646510698671671,residual,1.7798229048217483e-15,4.845120944919813e-07,1.5541452276588702e-11
train,374,8,26928.40207392197,17.04575969654582,1.094597333766393,1.8793524041898389e-07,0.09680066020639794,residual,1.336885555457667e-15,7.963629425653536e-07,9.094947017729282e-12
train,375,4,21959.00049962655,12.637015967307946,0.939765679600512,1.5120339272741204e-07,0.07760030813169638,residual,1.350644602892852e-15,9.525494665411904e-07,3.8114773392954265e-12
train,376,4,29131.938412741536,30.07426357364821,0.9604169485516868,1.4335518380424077e-07,0.1274424505271917,residual,2.701289205785704e-15,6.814706441603113e-07,3.749942721349417e-12
train,377,6,26449.750652396,9.728379258916213,0.9107704066292631,1.2124078433990077e-07,0.048901545019785185,residual,1.350644602892852e-15,7.305224327712844e-07,7.499885442698834e-12
train,378,4,23161.950268596058,7.302149033973044,1.022665074717283,7.866995893403957e-08,0.047736262663838416,residual,2.326341149472306e-16,6.387929564353266e-07,3.6662903532026344e-12
train,379,6,23414.03799546546,32.07758028840999,1.0449084520749108,1.1072926632615523e-07,0.181547392394,residual,1.3322676295501878e-15,6.852727807915876e-07,3.637978807091713e-12
train,380,6,19069.698590276676,19.277371993317956,0.9501667518017686,6.875701577120292e-08,0.13235286378749017,residual,6.661338147750939e-16,1.197374293481898e-06,1.195875299068326e-11
train,381,8,17784.09660198039,25.690789073213082,1.0789738750694078,1.349160456787669e-07,0.2062058127985047,residual,1.1102230246251565e-15,1.9554434534754437e-06,4.3995484238431613e-11
train,382,4,28190.472460365556,21.923084722584015,0.9393505863624094,1.5975247451047347e-07,0.099002909989961,residual,2.6852712547870858e-15,5.26873533278303e-07,7.290154618149881e-12
train,383,4,22040.353131114738,5.020816875079522,0.9574421152512486,1.5789464965367218e-07,0.03271954335025408,residual,9.155133597044475e-16,9.773413200143927e-07,1.8749713606747085e-12
train,384,8,29307.459558429364,24.567219715504475,0.9270155569956203,1.3008903719016818e-07,0.10355235080094588,residual,6.6671180517865e-16,5.359997634978106e-07,7.499885442698834e-12
train,385,8,27139.7148038014,28.940854429836243,0.9255030569394008,5.5906642127038316e-08,0.12781547539516622,residual,9.155133597044475e-16,6.369567009551608e-07,1.4665161412810538e-11
train,386,8,17069.04575504709,15.281462081892604,0.9541674688818655,1.0206899327771594e-07,0.1206355306990878,residual,1.3426356273935429e-15,1.1743106283587794e-06,2.9390191470259243e-11
train,387,8,25002.483479418603,12.178109787202786,0.9020474847438821,1.1755361036988305e-07,0.0632160321484653,residual,1.0021117808169478e-15,7.262712220475801e-07,7.499885442698834e-12
train,388,8,29323.13090059853,8.444853962530997,1.003660878875611,1.9775278339086859e-07,0.042513321772648265,residual,2.808666774861361e-15,3.583821346319621e-07,1.626953582672133e-11
train,389,8,23731.633988064343,21.460692599605867,1.0866253005341677,1.2211773176347615e-07,0.13356274943238272,residual,1.000067707767975e-15,9.912978715751527e-07,1.8749713606747085e-11
train,390,6,27353.08339545872,25.27058841326497,0.979088039888353,1.424868745631134e-07,0.11999307232999806,residual,9.485749680535096e-16,8.163754073276187e-07,7.770726138294351e-12
train,391,8,26137.925293815293,16.141303033913815,1.0720856738086106,1.3297666272334933e-07,0.09300771122432445,residual,2.9790409838967277e-15,6.447868708339451e-07,1.5883642114725246e-11
train,392,4,21070.80841475413,16.025992706011756,0.9262851968984231,1.5994987622668282e-07,0.09904121634694696,residual,1.4043333874306805e-15,6.991071770565806e-07,1.9426815345735877e-12
train,393,8,23602.63343055141,30.044101270373286,0.9508114955894017,1.9650608970795499e-07,0.15559986742235746,residual,4.636427468134552e-15,1.1072074137517126e-06,3.2955851442226844e-11
train,394,4,18273.70410705223,13.050134302764103,0.9031260827262855,5.3741867095206185e-08,0.09231565190252092,residual,9.930136612989092e-16,2.118715571513341e-06,4.547473508864641e-12
train,395,8,17500.000797228873,11.212813709459539,0.997142858013619,1.9122889895674738e-07,0.092454037954859,residual,2.673771110915334e-15,1.3644666262107213e-06,5.4569682106375694e-12
train,396,8,22104.702513631593,33.72453438460767,1.029413681414506,7.745698863167498e-08,0.19695871491464514,residual,1.7772239894833365e-15,6.232002726167365e-07,2.2499656328096503e-11
train,397,4,19487.12777934812,8.092559351592488,1.0138229718772611,1.9580233110920714e-07,0.062050795205553566,residual,1.9860273225978185e-15,1.378671100062536e-06,1.0289757937229989e-11
train,398,4,21789.39156041594,26.473268278703372,0.937511890644374,1.5828533073749708e-07,0.1499255794129678,residual,9.155133597044475e-16,6.673940078939868e-07,4.320099833421409e-12
train,399,8,23824.535032879103,12.753759932486378,1.0724394705007727,1.2537230530986955e-07,0.08231812048233932,residual,4.119810118670014e-15,6.767934837950606e-07,1.4805501083264704e-11
train,400,8,23076.041015090937,5.575131923851758,1.0224383264848587,1.2153028086582968e-07,0.036939572012613,residual,1.2560739669470201e-15,7.582010957717633e-07,1.4805501083264704e-11
train,401,8,23914.156770574617,18.089445849103058,0.9000000374366418,9.50527706504508e-08,0.09450186222715057,residual,1.9860273225978185e-15,8.050261069500152e-07,2.255588117339681e-11
train,402,8,16707.61740949856,15.281218550414584,1.0243092160069796,1.198928843349588e-07,0.1323031411400314,residual,4.6840360722841785e-15,2.172854593927789e-06,3.8543694427820976e-11
train,403,8,17105.903242826334,9.556787355293697,1.0695855110927348,5.621346362591272e-08,0.08731997915761779,residual,2.5121479338940403e-15,1.1628656845065896e-06,4.3807065881236834e-11
train,404,6,17836.39949654304,34.42027767879206,1.016588957477519,1.5584554115959322e-07,0.24485328907035606,residual,1.4217791915866692e-15,1.6191677246638211e-06,1.4805501083264704e-11
train,405,6,17571.974199364435,12.329526685005568,1.0175844303858028,1.8564256588166466e-07,0.10263733824698565,residual,1.8971499361070192e-15,2.1357705605835272e-06,9.097788744721837e-12
train,406,6,24966.371988332423,33.87173333735251,1.0724780816327708,1.662999269999279e-07,0.18228760193280183,residual,1.9860273225978185e-15,7.619810187884329e-07,1.0289757937229989e-11
train,407,8,15319.523375545024,31.776808973091757,1.058768679482224,1.0003766732419395e-07,0.2790838868612095,residual,4.528839093602941e-15,2.196617981450896e-06,1.546140993013978e-11
train,408,6,19166.278508852964,14.664407111277146,0.9199224623683355,1.690060522806311e-07,0.09976926753873355,residual,2.3914935841127266e-15,1.1971616687060708e-06,9.106308604942016e-12
train,409,4,27128.736606561382,7.086424610750582,1.0361024304612845,1.2323236538095654e-07,0.04012193542816914,residual,7.108895957933346e-16,7.839099752946761e-07,6.3175521015408794e-12
train,410,4,27192.4057073251,5.612509977332371,0.9317241058916818,6.339559412527095e-08,0.028751773768927964,residual,1.1102230246251565e-15,5.986802933416111e-07,1.8331451766013172e-12
train,411,6,27847.663007428695,13.597212860839893,1.072464031413308,1.3760915713772548e-07,0.07470625439424487,residual,1.4043333874306805e-15,5.8955707874214e-07,7.941821057362623e-12
train,412,6,19279.307009844226,17.217207972968428,1.0295917167668893,1.61185157543016e-07,0.1283208797458491,residual,1.9860273225978185e-15,9.871557165081553e-07,1.3116919128020489e-11
train,413,8,22926.032630021204,18.55032029607164,0.9320837125298216,1.2673624964568129e-07,0.10439197217438653,residual,9.930136612989092e-16,1.1266778261031013e-06,1.5116502380437543e-11
train,414,6,20769.92222280229,24.039014700459806,0.9861365844900282,1.8384668436990626e-07,0.15261152177501097,residual,1.4043333874306805e-15,1.2409575721198671e-06,1.4580309236299762e-11
train,415,4,29422.79957460083,9.16189186976315,1.0919537400137278,7.258803689896873e-08,0.04980152605997561,residual,1.2560739669470201e-15,5.06270498751027e-07,1.9426815345735877e-12
train,416,4,27755.367402620926,15.88382406980895,0.9929907125411364,1.8173943278896674e-07,0.07995712172408566,residual,4.440892098500626e-16,5.632509236109386e-07,5.503033075609345e-12
train,417,4,26250.048562914653,20.174624285759922,1.0715324738994656,1.3744796928623252e-07,0.11284411237322128,residual,1.88411095042053e-15,8.551584666126428e-07,3.6662903532026344e-12
train,418,4,21423.57553817571,6.432743560493954,1.0180846289806316,1.0212377223341629e-07,0.045489215989676875,residual,1.350644602892852e-15,1.1246518611981953e-06,7.275957614183426e-12
train,419,4,23093.75304944415,17.43803126158151,0.9926058534518232,5.292602958743844e-08,0.10446028482717133,residual,1.790180836524724e-15,9.66297888548995e-07,9.118409074625759e-12
train,420,6,22053.209506574938,34.61626454922702,0.9065516699433527,7.543105417762569e-08,0.1773655510379285,residual,1.3732700395566713e-15,1.1749332996555429e-06,7.770726138294351e-12
train,421,4,23552.36212805286,14.918248240827323,1.0270105361119202,1.2021575249284707e-07,0.092068234711245,residual,9.930136612989092e-16,1.3501888351781173e-06,3.749942721349417e-12
train,422,4,20830.425725288034,32.104009825236346,1.0284042250086864,1.1052831095018493e-07,0.20097122245398866,residual,3.1086244689504383e-15,1.9443839429000106e-06,2.9558577807620168e-12
train,423,4,21981.356210179518,7.331408832727593,0.969685000166917,1.692748299634154e-07,0.047877279692200264,residual,1.1105699151271774e-15,1.207229673893371e-06,5.624914082024126e-12
train,424,4,20700.591119601817,24.983650460249734,1.0354465320051407,8.384243132771492e-08,0.16608515662283674,residual,2.6645352591003757e-15,1.1421061962197467e-06,4.290077928115627e-12
train,425,4,19373.35186211949,15.358235156135498,0.9387345069183155,1.5106678632835015e-07,0.10504414025136978,residual,8.881784197001252e-16,1.1570910198761163e-06,1.8749713606747085e-12
train,426,4,21533.625790144222,29.574001415862753,1.041283063824839,1.89209145284267e-07,0.184432360482487,residual,1.790180836524724e-15,9.285480754125804e-07,7.332580706405269e-12
train,427,8,26138.267120881206,16.112338206501672,1.0234617093664125,8.055971493252307e-08,0.08864456735548669,residual,1.1102230246251565e-15,5.641114614370897e-07,1.5116502380437543e-11
train,428,6,27764.202841190767,15.83534974084126,0.912923961026544,7.173931700451955e-08,0.07328400434133538,residual,8.881784197001252e-16,9.399035060119701e-07,1.10135499278234e-11
train,429,8,16585.712358951965,12.839538649114116,1.0631782125806781,8.179658225023364e-08,0.11795257000169526,residual,3.7942998722140385e-15,2.204971360255658e-06,2.2499656328096503e-11
train,430,4,24157.377295990256,31.282256963188825,0.990487702895086,1.6919821341922698e-07,0.16353573223167786,residual,7.108895957933346e-16,5.964798066872874e-07,5.1448789686149945e-12
train,431,8,16267.941851128677,20.457760397448972,0.9888426856726935,1.2245722570743844e-07,0.17009081229289372,residual,3.552713678800501e-15,1.7557431997734737e-06,2.401134912805735e-11
train,432,8,18628.007341094475,18.146554706551946,1.047123749072549,1.645273788951654e-07,0.14154685653244553,residual,1.7763568394002505e-15,1.1396674704539637e-06,2.1903532940618417e-11
train,433,6,19328.16205213486,10.171930458339451,1.0565883003616472,6.977732089491721e-08,0.0809618798752979,residual,3.2330182483522125e-15,1.0463716209755865e-06,1.4551915228366852e-11
train,434,8,29133.14726937624,12.278767591407645,1.03017488020104,1.4424449300081635e-07,0.062433670037481064,residual,7.774348620928472e-16,5.40960772107376e-07,1.8393392034483154e-11
train,435,8,19978.743983550263,31.16906548002823,1.091016930762171,1.2808263810768773e-07,0.2171864804640914,residual,9.930136612989092e-16,1.0375588960856962e-06,1.1647215137477994e-11
train,436,8,29144.804077475244,34.73578161962318,1.0599086858259357,1.6622609935497003e-07,0.15732419833078806,residual,4.288393621505008e-15,6.594598538222729e-07,9.094947017729282e-12
train,437,6,15990.989774857138,10.940607017530986,0.9784476373849098,1.4445957131397774e-07,0.09702763733720114,residual,1.6011864169946886e-15,2.2782671297957383e-06,2.841352279904333e-11
train,438,8,16420.670011417424,25.676406717287968,0.9890970295469882,1.9448325779221778e-07,0.204628954920222,residual,2.0175840826237853e-15,1.4102126368347943e-06,3.6425234419768065e-11
train,439,8,16901.307309218926,31.463325349513752,1.0557141121033211,1.8249127081413497e-07,0.25027463444341436,residual,1.1103097574110882e-15,2.702714199020041e-06,4.66243568297661e-11
train,440,4,29981.551357345437,24.93223035607681,0.9487072543085959,8.996907770088696e-08,0.1048849753782386,residual,6.661338147750939e-16,4.783754168542223e-07,3.8853630691471754e-12
train,441,8,24808.202812052114,7.687105487901433,1.0841543630675627,1.329638606168433e-07,0.049628245947692336,residual,1.1226435567921847e-15,6.32779068052082e-07,2.212896117379649e-11
train,442,4,16634.705642426863,20.13532328764077,0.9990717427651767,9.439235083527932e-08,0.16574680488287255,residual,1.790180836524724e-15,1.1846006843668692e-06,1.0289757937229989e-11
train,443,6,28132.481164224257,24.3898964175318,0.9132832595575837,6.374699763896661e-08,0.10563253374513504,residual,1.7798229048217483e-15,4.930724932974007e-07,7.499885442698834e-12
train,444,4,27227.426655082552,8.200536982918237,0.9792333123805922,1.0779548554400832e-07,0.043440635005241826,residual,9.930136612989092e-16,8.604494104165768e-07,3.749942721349417e-12
train,445,4,29177.79092105654,32.68822002228396,1.009481721905305,1.8051319955178085e-07,0.14283258315858435,residual,1.734223803652547e-15,6.709598134097973e-07,4.547473508864641e-12
train,446,8,16214.976059638435,7.64419808178708,0.9663806076897884,1.60838762870101e-07,0.06731970796101203,residual,2.4525628233156873e-15,1.4855883281404787e-06,3.918223088210291e-11
train,447,8,27132.468869117754,30.989444327940717,0.9727244485553507,6.742581431623964e-08,0.1419331464211095,residual,8.934752161915345e-16,6.253519178702752e-07,2.300859821966427e-11
train,448,8,21829.89410813233,12.62165157872186,0.9906309555663005,1.6598751209234607e-07,0.08219174865792216,residual,1.8971499361070192e-15,1.002982326843895e-06,2.187046385444964e-11
train,449,8,20725.067487056353,15.299310983405137,0.9826308155255218,1.603132509957897e-07,0.10242694124846133,residual,1.734223803652547e-15,1.0531783844362104e-06,3.918223088210291e-11
train,450,6,26208.7180962223,16.800391938748355,0.9061878382894015,1.197129436702141e-07,0.08127621374748496,residual,3.202372833989377e-15,6.681923232542667e-07,4.834030647877921e-12
train,451,6,28527.166313138474,11.187154462388932,1.010732785502371,5.9579279227988275e-08,0.05736610100151531,residual,4.965068306494546e-16,6.252624707610393e-07,2.913578733503772e-11
train,452,8,16040.62295989225,26.71820018717078,1.023970077231536,8.324432973943124e-08,0.2241384244225254,residual,4.636427468134552e-15,1.904430724918412e-06,3.0408253962334656e-11
train,453,4,18937.82006629387,26.740391943735904,0.9308328857177787,1.9112782420556877e-07,0.17269895136601465,residual,6.713178136967714e-16,1.187422844159828e-06,7.290154618149881e-12
train,454,8,27315.738033845268,21.59332008222526,0.9597658039793515,9.438094859672275e-08,0.10303807493767864,residual,1.890641683868921e-15,6.808114793220767e-07,1.5245909357181706e-11
train,455,4,17109.104003899647,30.242473771954806,0.9009700672320403,8.264667445897478e-08,0.20447563033263608,residual,8.920730087951354e-16,1.4528672194516666e-06,2.033691978340166e-12
train,456,4,23342.196587280258,25.7446931112278,1.0240615701010516,1.3304548144334865e-07,0.1493704428875281,residual,2.3914935841127266e-15,9.379736167525331e-07,1.8189894035458565e-12
train,457,8,23692.710808956253,25.072435295497456,0.914406651722004,1.413848334938305e-07,0.12852935425934203,residual,1.790180836524724e-15,1.1184809146471194e-06,1.4999770885397668e-11
train,458,6,28344.06793179725,5.3790204650672475,0.9885363229939383,7.606678280501324e-08,0.02808552569463799,residual,1.831026719408895e-15,6.215443335236854e-07,7.499885442698834e-12
train,459,8,20346.05428006089,20.654021858168736,1.097564590574232,9.752526956033542e-08,0.15221172802888255,residual,1.9860273225978185e-15,1.2519992956750708e-06,1.5245909357181706e-11
train,460,4,26557.513556239755,14.597802812457292,1.055042675353681,1.2100834782275718e-07,0.08223635851479537,residual,3.1264164235997256e-15,6.490487837144105e-07,3.746521448977828e-12
train,461,6,20800.496651342793,33.53525453080083,0.9546564369104843,1.4931835192995135e-07,0.19326828714240943,residual,9.930136612989092e-16,9.424923658652047e-07,1.9336122591511685e-11
train,462,4,24655.713519491415,31.618406654799035,1.0372940497849692,1.9536147516036473e-07,0.1692219952971321,residual,8.95090418262362e-16,8.757302610520789e-07,3.749942721349417e-12
train,463,8,21033.960280809544,7.760986680202802,1.0248476903726131,1.2768237971664e-07,0.055839205873965625,residual,9.930136612989092e-16,1.247230967798987e-06,8.134767913360665e-12
train,464,8,15902.628525795673,30.894593507160724,0.9805953182880367,1.2805050063806065e-07,0.2435282044357392,residual,1.7763568394002505e-15,2.2667880567896663e-06,1.7772661013905128e-11
train,465,6,25262.066389598753,19.566233249117396,1.0074191447978493,7.187651518503841e-08,0.10732399327816625,residual,2.7755575615628914e-15,5.568696268428519e-07,7.770726138294351e-12
train,466,4,15837.94480506814,24.040188335312294,1.0543417953196623,1.5321411103998638e-07,0.2139861447697835,residual,8.881784197001252e-16,1.2406903802340063e-06,9.674075226714563e-12
train,467,6,16762.598479893477,29.69798612870032,1.0480871886214027,1.9729019382656405e-07,0.2392766715344927,residual,1.790180836524724e-15,1.198869242612649e-06,7.332580706405269e-12
train,468,4,18503.71353445582,23.371786249415763,0.9259133046454416,1.734198814175441e-07,0.15704561629776517,residual,9.155133597044475e-16,1.095375378553243e-06,4.290077928115627e-12
train,469,6,28865.11344191779,20.740390421082328,0.9323073566298132,1.8681410349619597e-07,0.09146625667823044,residual,1.7798229048217483e-15,5.305838076577315e-07,7.499885442698834e-12
train,470,6,29105.773865948908,20.853487060904776,0.9592964304539013,7.502364382375264e-08,0.09377821905250315,residual,1.0473823066688542e-15,4.948838748092864e-07,7.332580706405269e-12
train,471,8,20717.06203968745,29.244277571369977,1.0327449649227247,1.3372997316459163e-07,0.1884222182178525,residual,1.4217791915866692e-15,1.259914506498963e-06,2.9999541770795335e-11
train,472,4,27590.355837897707,16.828869238702712,1.0836232978917513,1.5473157672391126e-07,0.092463809047922,residual,6.697380712247044e-16,9.069351825672461e-07,3.865770426254881e-12
train,473,8,17372.66852760888,20.071944181456864,0.9068986082577806,1.537001812536609e-07,0.14366758430916274,residual,1.6011864169946886e-15,1.1885128550033077e-06,2.1903532940618417e-11
train,474,4,23798.016594020755,23.16435268339923,0.9280169585329416,6.010700982954482e-08,0.12145980733542294,residual,5.551115123125783e-16,8.888931275354716e-07,7.606193217680916e-12
train,475,4,17559.275462464146,19.335394331199772,1.0774328293755677,5.800585910005613e-08,0.1634215583590286,residual,8.881784197001252e-16,1.8023589717883533e-06,3.701375270816176e-12
train,476,6,19053.795254267457,16.065448707984654,0.9264662083293851,1.366038307707237e-07,0.10979029062923693,residual,1.4895204919483639e-15,1.0306162704278428e-06,1.1148268342486756e-11
train,477,6,20154.03793636417,34.84799032834931,0.9898243397464959,5.17930802367105e-08,0.2129851562724495,residual,8.920730087951354e-16,1.3476436187788371e-06,8.134767913360665e-12
train,478,4,15934.668615817936,13.180231677289573,1.0736780598302216,5.48800614429007e-08,0.12701473000661614,residual,2.669734357232622e-15,1.6993694474801006e-06,5.1448789686149945e-12
train,479,6,20661.397672118015,28.972818780514654,1.0449970110548474,1.3656315290405579e-07,0.18973773302687352,residual,1.5553031891404225e-15,9.619309698767152e-07,1.7659192816561335e-11
train,480,4,20255.151366212278,16.12537210590498,1.0060114892170877,1.035439812536167e-07,0.11252302535669037,residual,6.661338147750939e-16,1.0175835028465136e-06,5.7891052422173806e-12
train,481,4,29601.20181547942,17.319343235296863,1.05854233506173,5.560904646657913e-08,0.08638109661020232,residual,4.577566798522237e-16,5.932851374348737e-07,3.8853630691471754e-12
train,482,6,23331.936440763937,10.18026434802945,1.0012239477479765,1.3488551994542422e-07,0.06360337318286594,residual,2.3914935841127266e-15,7.938006915257532e-07,7.499885442698834e-12
train,483,8,19581.50417869403,29.949705798673275,0.9673780555073628,1.6071995252766673e-07,0.19034088430137452,residual,2.9790409838967277e-15,1.1204092220638484e-06,2.075960257664215e-11
train,484,6,23202.572016040678,32.01155286397352,0.9518450209149001,1.1579185254898653e-07,0.16661617390945316,residual,1.4895204919483639e-15,7.857735003477817e-07,7.770726138294351e-12
train,485,8,29094.620079247285,13.675575968145779,1.0579240508224788,9.119410699723254e-08,0.07090811552367537,residual,2.2315206618374916e-15,7.148570095034058e-07,1.46157241760995e-11
train,486,4,23761.20133098629,20.52655908766185,1.0046965422659744,1.4803983525601712e-07,0.11866523979875056,residual,8.886119947416683e-16,9.344470179512032e-07,3.653931044024875e-12
train,487,4,27045.723982720257,13.915648301769963,0.9086007859681474,1.7977256322264063e-07,0.06656702459071556,residual,1.6654248846680025e-16,8.028072941107435e-07,9.713407672867939e-13
train,488,4,15188.649644810896,24.840316610830353,0.9952900885115228,1.6781427786369546e-07,0.2165304685036645,residual,1.9860273225978185e-15,2.3382913124158592e-06,6.5584595640102444e-12
train,489,8,20796.23649523197,18.552867729394546,1.0094638653392773,1.9946932974885627e-07,0.12465218701091516,residual,1.831026719408895e-15,1.233255798539018e-06,2.300859821966427e-11
train,490,6,16635.259375707123,13.09047289974381,0.9954482610461695,1.3653233967343292e-07,0.11209289020019556,residual,3.580361673049448e-15,1.8459912010970845e-06,1.4665161412810538e-11
train,491,8,17487.25832099814,27.598442843971903,1.0414866996822074,1.4894222180015043e-07,0.21476251203253602,residual,3.580361673049448e-15,1.7507417812743375e-06,1.626953582672133e-11
train,492,8,17540.41704860256,21.73903087061686,1.0071734046000889,1.1727905532096115e-07,0.1693677910275469,residual,4.189529226675417e-15,1.6538725902469822e-06,1.828061726177273e-11
train,493,4,25076.10383823246,17.100431699119156,0.9966494685743671,1.0176367743329719e-07,0.09492090640120582,residual,3.1577990563142797e-15,8.24052586402438e-07,3.691322511952926e-12
train,494,6,29796.124181340485,28.054620242044695,1.0566700724812925,1.5718967959384685e-07,0.12960567370832665,residual,8.881784197001252e-16,4.7194684925639184e-07,5.1448789686149945e-12
train,495,4,29856.248127748186,20.590105340433816,1.0563897226353909,1.528510041031757e-07,0.0995669648101984,residual,4.449557262054371e-16,5.264722163172444e-07,2.033691978340166e-12
train,496,6,16256.590363081657,9.920249475141338,0.9601787174359334,1.3549985030124224e-07,0.08543784905526192,residual,6.866350197783357e-16,2.213011814511103e-06,1.4999770885397668e-11
train,497,4,15997.562107412106,23.913608833628516,1.0909090250326754,1.1176606379999052e-07,0.21822142092322297,residual,1.6011864169946886e-15,2.9155430169251985e-06,1.4551915228366852e-11
train,498,8,26110.33288986053,11.870409542712633,0.9429865204860524,1.2376513361423582e-07,0.06179529686270214,residual,2.7465400791133427e-15,4.161007302486809e-07,1.4551915228366852e-11
train,499,8,15666.629051970958,18.94517575223042,1.0641009824273011,1.8911899281144214e-07,0.17767738322814405,residual,4.7207330545682824e-15,1.807524134028011e-06,1.626953582672133e-11
train,500,4,21879.096961469386,16.175575548516264,0.9941289471230633,7.224811130823623e-08,0.10322959159119065,residual,4.494775313252277e-16,1.8872656917552064e-06,7.332580706405269e-12
train,501,8,21311.828336745333,17.729431581233303,1.004128920136076,1.2302003675133154e-07,0.1162132975978561,residual,1.1133411481696098e-15,9.531936628252109e-07,2.187046385444964e-11
train,502,8,19022.716682794446,9.352618423604564,0.9804892958036205,8.749306065943987e-08,0.07052703899849451,residual,2.482534153247273e-15,1.3261932854789325e-06,2.1846812432094003e-11
train,503,8,24253.284195982516,17.576654664277388,0.9426591275935846,8.646283380422269e-08,0.09513082903719812,residual,4.463041323674983e-15,5.73293514728266e-07,2.2296536684973512e-11
train,504,6,19061.57690772245,12.444830350618622,1.0342141483205514,1.2509490732596814e-07,0.09699535805471293,residual,1.2560739669470201e-15,1.5838429637353818e-06,8.134767913360665e-12
train,505,6,29582.03128037382,12.060458480682577,0.9582015555988215,1.6989937548496576e-07,0.056246842767612285,residual,1.4043333874306805e-15,5.554517928681225e-07,7.31934897104105e-12
train,506,6,27741.089833829017,6.28598390715917,1.0685430290072653,1.8187804043151685e-07,0.036060281394253185,residual,1.8971499361070192e-15,5.240184800371988e-07,7.499885442698834e-12
train,507,4,24861.57261462352,28.575029973996365,0.9409732320002808,9.756212065681835e-08,0.14040589841845152,residual,1.1102230246251565e-15,1.231046720003202e-06,3.6662903532026344e-12
train,508,8,20775.228954446357,31.176414825700924,1.0256197401029847,1.4586306613966098e-07,0.19637716021586735,residual,2.9790409838967277e-15,1.0521814682431666e-06,1.4551915228366852e-11
train,509,6,27119.48842796839,29.45412773168397,0.9325492505141847,1.75981896976905e-07,0.13072474149905214,residual,9.155133597044475e-16,8.164841966071173e-07,4.547473508864641e-12
train,510,4,18035.82147907634,21.01424588379604,1.0137193179687678,1.1973168877205024e-07,0.16099274469573302,residual,2.220446049250313e-15,1.325177665675848e-06,7.332580706405269e-12
train,511,6,27111.34269859997,30.95454697936754,0.9711033152885706,1.2103420321209265e-07,0.14168050070399704,residual,1.6011864169946886e-15,8.454257575615058e-07,1.3116919128020489e-11
train,512,8,15581.982949768391,12.339724405739396,1.0075353987368452,1.5745316827983793e-07,0.11469004253967116,residual,3.580361673049448e-15,1.7712495938425628e-06,3.1082904553177403e-11
train,513,6,28708.099601774673,21.37120576724132,1.030704673541159,1.833610364799601e-07,0.10435021276096634,residual,5.561946577567962e-16,8.444165826284107e-07,7.499885442698834e-12
train,514,6,24826.077359521772,25.238781534775292,1.0927119243449743,1.8500530972471058e-07,0.14739426705966788,residual,1.734223803652547e-15,4.398515445922563e-07,1.5245909357181706e-11
train,515,4,21024.423242110875,33.65810586601294,0.9378587058927342,6.815226693476072e-08,0.18837538654303906,residual,9.036560719766055e-16,6.607231951710582e-07,4.290077928115627e-12
train,516,8,19638.170107048747,26.055255046915335,1.0389593595795048,1.3594804228236096e-07,0.18193247530427287,residual,1.734223803652547e-15,9.64417321960499e-07,2.4204352270628558e-11
train,517,6,19315.083851701733,19.439768135515617,1.003683397631923,1.7575289552817604e-07,0.13905342770285986,residual,1.831026719408895e-15,1.4041911027947847e-06,1.5245909357181706e-11
train,518,8,16465.920459496894,15.525226989923326,1.0371756764660198,1.7511787007342383e-07,0.13789739225784856,residual,3.202372833989377e-15,2.075289874956619e-06,2.9160618472599524e-11
train,519,6,20773.46291246752,27.736475175200308,0.9960190435853802,1.8834888488843654e-07,0.17360346149815356,residual,6.684427777288335e-16,8.930952513201842e-07,1.4999770885397668e-11
train,520,4,26799.195741890348,33.776557478238466,1.0101815333599868,1.3542763121349658e-07,0.15961089820085694,residual,1.1133411481696098e-15,8.886943993940576e-07,3.749942721349417e-12
train,521,8,15054.966411272144,27.355070523734728,0.9159393077117505,1.9466615605308907e-07,0.21780087326577732,residual,1.320372144714677e-14,2.46644455446832e-06,2.4204352270628558e-11
train,522,6,24213.252770667117,33.67354767961497,0.9539267395223512,1.5867764452372753e-07,0.1664278846086668,residual,1.7798229048217483e-15,4.048164668417325e-07,5.1448789686149945e-12
train,523,4,20300.59768913433,23.058926544258707,1.0347177774759613,1.1536436676577303e-07,0.15813983446153634,residual,9.155133597044475e-16,1.3470096418961224e-06,3.701375270816176e-12
train,524,4,29450.728645220028,28.372406103161097,0.9944138306774264,1.0490157892656333e-07,0.12453688872982045,residual,1.1801832636420706e-15,4.846442410055698e-07,3.8853630691471754e-12
train,525,4,25672.53091241405,25.98769900811667,1.0828498449348165,1.4152857269356384e-07,0.14473557130648299,residual,1.1105699151271774e-15,9.393333649668569e-07,4.067383956680332e-12
train,526,6,23394.481828463682,16.696856452959032,0.9911220622993511,7.099228716120732e-08,0.09903654033712757,residual,4.518280359883027e-16,9.343123850127452e-07,8.580155856231254e-12
train,527,8,21234.07166938726,15.346727828285513,1.0144406183182695,1.6208823951905243e-07,0.10349800945258061,residual,1.790180836524724e-15,1.2588234464905797e-06,1.4665161412810538e-11
train,528,8,27493.39597888416,19.79831125835718,1.0237968518630738,1.217179628916248e-07,0.1012588822757503,residual,6.866350197783357e-16,5.352466741006584e-07,1.5245909357181706e-11
train,529,6,21931.945236037587,11.960793945638734,0.9522614753365133,1.5659364313730556e-07,0.07481732572692062,residual,1.3322676295501878e-15,8.062139396967102e-07,1.1504299109832135e-11
train,530,8,27196.483565268078,33.9930764802797,1.0724496932607335,1.5658001502910293e-07,0.16779560655133838,residual,9.155133597044475e-16,5.237810085560856e-07,1.3116919128020489e-11
train,531,8,24665.33841845952,17.773713377495987,0.9193641217330029,1.660517887745838e-07,0.09214088122328537,residual,6.731800026102354e-16,8.114805145509605e-07,2.183149926985468e-11
train,532,4,15164.645608010629,7.565701077080828,0.9993066696350784,1.472705414019086e-07,0.07370413326618844,residual,2.808666774861361e-15,2.2768623151463495e-06,7.332580706405269e-12
train,533,4,17276.8895974039,24.34459208733864,0.9728533705042922,7.695907095754683e-08,0.18293678180423775,residual,8.005932084973443e-16,1.4134301119718527e-06,3.749942721349417e-12
train,534,8,25131.389753409625,21.982884714719248,1.0030712010644964,1.6993439612729462e-07,0.11886570120702816,residual,3.1401849173675502e-15,6.689737113714371e-07,1.4665161412810538e-11
train,535,6,24369.11933511289,32.4080021689303,1.048216217825888,5.6042629859951065e-08,0.1763918843842466,residual,1.1102230246251565e-15,7.44193918367915e-07,1.828061726177273e-11
train,536,4,21871.792143034305,33.32119266929768,1.0124481602929478,1.8602132874973781e-07,0.19396743482231826,residual,3.38208266098046e-15,8.506726607052384e-07,7.275957614183426e-12
train,537,6,26721.533514882634,32.412064490701916,0.9405236686182706,1.0918779413148212e-07,0.1443505331443618,residual,7.108895957933346e-16,5.247607497204961e-07,6.366462912410498e-12
train,538,8,16445.582056381994,31.92267654961437,0.9521648871930349,1.506248774282001e-07,0.2346406512471575,residual,1.3322676295501878e-15,1.617055340872075e-06,1.9336122591511685e-11
train,539,4,22194.403060849767,21.380079104417003,1.0893495713966408,6.326029403413645e-08,0.14270635837383472,residual,1.1102230246251565e-15,1.058183683998261e-06,7.499885442698834e-12
train,540,8,19005.45894048739,21.551538216533164,1.0257977771932447,1.4521641434721536e-07,0.1580164066813669,residual,2.808666774861361e-15,1.2764376649604649e-06,1.1504299109832135e-11
train,541,6,26158.30663992992,6.6107801939516415,0.972666076815047,1.9842390148111235e-07,0.03654108526666016,residual,2.7465400791133427e-15,1.031409994930884e-06,9.094947017729282e-12
train,542,6,21999.877372645024,28.318789528216428,0.9065891419285237,1.9357377458402092e-07,0.15175716813280452,residual,8.881784197001252e-16,1.1434862461104959e-06,1.626953582672133e-11
train,543,6,16616.82953902094,6.7565517977135565,0.9328239560169542,1.5236648977394925e-07,0.05633599184016942,residual,3.580361673049448e-15,2.7887371833819614e-06,8.134767913360665e-12
train,544,6,15764.477192793787,7.835242311543886,0.9564883622804198,6.570972287662188e-08,0.07016964742358725,residual,2.701289205785704e-15,2.0895915960294364e-06,2.4404303740081994e-11
train,545,4,27261.070402822967,17.133118698882363,0.9948913689994289,5.4380653401493684e-08,0.08730808284461077,residual,1.861072919577845e-15,7.143702162971892e-07,1.9854552643406558e-12
train,546,4,27259.349359694454,24.92126528265532,0.9534423327723806,8.876084984728056e-08,0.11589208364334391,residual,1.350644602892852e-15,8.678177522430704e-07,2.4442670110147446e-12
train,547,6,16398.334232247842,15.208146912334241,0.915524054882408,8.198592418068615e-08,0.11995947358598444,residual,2.673771110915334e-15,2.5883666714950425e-06,1.4665161412810538e-11
train,548,6,26978.5404425148,17.56191043776864,0.9210501581863638,5.366451366583258e-08,0.08349816883924341,residual,2.288783399261119e-15,7.341201314306479e-07,7.941821057362623e-12
train,549,4,26423.74148946107,19.72084619879567,0.9853397486591808,1.68020121182153e-07,0.10105243123343599,residual,1.4895204919483639e-15,6.053074504425724e-07,4.986694011554689e-12
train,550,6,18243.000406969386,11.418241699594411,1.0358335485129588,1.2954875932916226e-07,0.0937035414615004,residual,1.4043333874306805e-15,1.7174814059723437e-06,7.332580706405269e-12
train,551,8,24573.194744331162,6.027234701821742,0.9504590730689468,1.933233086937659e-07,0.03477151851794921,residual,2.6852712547870858e-15,8.406099037615006e-07,1.1249828164048252e-11
train,552,4,15571.68016194826,32.72205025093015,0.9240500988690256,7.521509087905186e-08,0.24518323391704888,residual,1.7763568394002505e-15,2.039711297780399e-06,7.499885442698834e-12
train,553,4,15528.03877063506,17.659662996089423,0.9748223926916151,1.5751772784271478e-07,0.1543015305245931,residual,1.111609937126711e-15,2.289420733343034e-06,6.048150451633704e-12
train,554,8,17007.58534055389,17.77410289899716,1.0541267340160156,1.5157034788739673e-07,0.15321826227422147,residual,1.807312143953211e-15,1.8315295295599617e-06,2.2499656328096503e-11
train,555,8,25590.049737225272,29.653300039795884,0.9618199430156842,1.4834348894991025e-07,0.14366205309595637,residual,8.62265274246159e-15,7.318470678923893e-07,2.979202573289367e-11
train,556,8,21040.593022135203,21.907677774911704,0.9917239983795848,1.1742776770435812e-07,0.13995630208387877,residual,2.8435583831733384e-15,1.7220111547620082e-06,1.4665161412810538e-11
train,557,4,19032.169007714605,27.97244330854768,1.0558154069673575,7.175469403268231e-08,0.20225763125625354,residual,1.8971499361070192e-15,1.4426899934676185e-06,8.640947574194735e-12
train,558,8,15739.721933892904,17.66798310618394,0.9855869194866033,1.1805908927646458e-07,0.15397191961672785,residual,5.0242958677880805e-15,1.4790894981721232e-06,1.7160311712462508e-11
train,559,6,20029.56659102555,31.738403789313978,0.9171008498000973,1.5427573456152068e-07,0.18471909220219723,residual,1.3334236103573e-15,9.087833495841349e-07,6.5584595640102444e-12
train,560,8,16932.14287105867,24.252508667961024,1.0217610485031086,1.7394273906170555e-07,0.19541938211277077,residual,1.790180836524724e-15,1.8089731590247765e-06,1.5883642114725246e-11
train,561,4,23836.443389259453,26.31093364204721,1.0289668805787766,6.727231144032867e-08,0.14965514831040952,residual,4.440892098500626e-16,1.0025563194747363e-06,5.752149554916067e-12
train,562,4,20161.15268655605,15.952897821210398,1.0625139314410679,1.1423441700423578e-07,0.11824421710788525,residual,1.350644602892852e-15,8.875336471152419e-07,7.499885442698834e-12
train,563,6,23200.60890133828,28.92935105016739,1.0767535445325016,5.457628480517062e-08,0.17389544342167063,residual,4.213000162292041e-15,9.992656560117043e-07,9.973388023109378e-12
train,564,8,22261.96404640485,6.622161309216663,0.9379489285293698,1.5818781176752878e-07,0.04147262682670771,residual,3.6955587428207345e-15,8.555994275355488e-07,2.546585164964199e-11
train,565,6,23421.470408754714,8.486546306611013,1.0826262713577193,1.054609763761445e-07,0.05768276519118364,residual,1.336885555457667e-15,7.837784988434278e-07,8.580155856231254e-12
train,566,6,28185.55664275349,19.039247381716926,0.9445784874496594,1.1959291102013254e-07,0.08805087864079897,residual,4.440892098500626e-16,5.512888384783665e-07,4.547473508864641e-12
train,567,6,16700.945368280023,14.976812293310223,0.9441014227451835,6.034991453739027e-08,0.11978279551222944,residual,2.220446049250313e-15,1.489434650796307e-06,9.094947017729282e-12
train,568,4,28971.03193287956,23.166824249371032,0.928021410980503,1.3136733767772469e-07,0.09978171430607363,residual,4.965068306494546e-16,7.397400923931022e-07,3.8114773392954265e-12
train,569,8,20224.93813549335,5.738015592853795,0.9155948895220316,1.8376504493145834e-07,0.038809051306117615,residual,3.580361673049448e-15,9.364506572084206e-07,1.4580309236299762e-11
train,570,6,28655.39102522874,31.46310584625799,0.9612067093012466,1.4844739790414374e-07,0.13439987769944942,residual,4.965068306494546e-16,5.894037548963355e-07,7.332580706405269e-12
train,571,8,15353.468983816962,32.22098838372425,1.0771588194076123,1.9923756081790483e-07,0.28640284687087936,residual,2.8435583831733384e-15,2.2809090561382793e-06,2.474093072803124e-11
train,572,6,26753.532618232195,31.42874485206107,0.922660756336219,1.7325366704315777e-07,0.13806234066211467,residual,4.453364592678439e-15,5.430162646907895e-07,1.1064480586898244e-11
train,573,6,16263.741049231068,16.11422290013639,0.9696819131369562,1.4885920895230258e-07,0.13499322249108478,residual,1.350644602892852e-15,1.9064853823227022e-06,1.1504299109832135e-11
train,574,4,18172.67327973061,19.366416996776234,0.9571350420322071,1.6464927654893649e-07,0.14047288839973252,residual,6.661338147750939e-16,2.0066411285267034e-06,5.1448789686149945e-12
train,575,8,19608.77620933384,11.078289625833614,0.9779443049674366,7.613532128277767e-08,0.08001553364117342,residual,2.2315206618374916e-15,1.9551812252799943e-06,1.3116919128020489e-11
train,576,6,26386.521707322703,16.176597311171225,0.9477009662821255,7.257330015014485e-08,0.0816027480567737,residual,1.350644602892852e-15,7.672874224013012e-07,1.0923406216047001e-11
train,577,6,24690.510772694128,28.917104899006464,0.9214152355671006,1.734456708413825e-07,0.1397809257854067,residual,2.9790409838967277e-15,8.870601985705576e-07,7.275957614183426e-12
train,578,4,23530.20824752665,7.621590039414453,1.0079485126254069,1.3915483048563763e-07,0.04824957825847107,residual,1.2560739669470201e-15,1.0341574487075764e-06,3.701375270816176e-12
train,579,4,26345.488720186037,19.667092346205536,1.07780367815554,1.1743642042857123e-07,0.11059836752631776,residual,4.518280359883027e-16,5.809881188000222e-07,8.134767913360665e-12
train,580,6,24137.537016532893,24.246646913213688,1.040951479241756,5.19398571751101e-08,0.1396301215514711,residual,8.881784197001252e-16,8.33469210897708e-07,3.637978807091713e-12
train,581,6,24221.935676815396,31.175543719652936,0.9532658448487195,1.6464563751806598e-07,0.15654745669173525,residual,3.1086244689504383e-15,5.918848256087112e-07,7.499885442698834e-12
train,582,6,28972.06814151908,21.99623732081221,0.914480074965571,1.4705209405057942e-07,0.09405092352012553,residual,1.1144649932300827e-15,6.168852908487311e-07,3.6662903532026344e-12
train,583,8,29037.939647463787,17.013388057090197,1.0970186799166135,1.2792304090604238e-07,0.08981387895197647,residual,9.155133597044475e-16,5.767581419103808e-07,1.3593542364891637e-11
train,584,6,22680.69062812499,6.7618435614817045,0.9085916313510081,1.282641137815305e-07,0.040232184946846924,residual,1.790180836524724e-15,9.317740140312642e-07,7.622954678590853e-12
train,585,8,17441.796902321188,23.067165065299363,1.0863173191199516,1.3768205824729873e-07,0.19329739934978676,residual,5.197930934883577e-15,2.5168806084394034e-06,3.253907165344266e-11
train,586,4,23068.56081599267,16.956279372787584,0.9522200047240132,1.7213070848714418e-07,0.0978371808019922,residual,6.684427777288335e-16,1.6253658064655727e-06,5.1448789686149945e-12
train,587,8,27919.447504047246,11.201450504795492,1.0094745070878945,1.5975289408242507e-07,0.05861165703834636,residual,7.771561172376096e-16,5.636751918220827e-07,3.651878889816335e-11
train,588,6,26270.96447599702,12.319891679861932,1.072102188194057,9.036134554328265e-08,0.07227716168494819,residual,2.808666774861361e-15,6.010455978585959e-07,8.134767913360665e-12
train,589,6,23470.029243590085,12.280906377493288,1.0888202976905585,5.3302263595177856e-08,0.08192340486497299,residual,4.0943002132167226e-15,9.492713250758862e-07,1.4551915228366852e-11
train,590,4,23932.715469585884,19.724537371704812,0.9544517957884926,9.557755219726755e-08,0.10809071156097533,residual,8.005932084973443e-16,1.100491559609384e-06,3.637978807091713e-12
train,591,6,17896.434549758007,23.541385112840874,0.9001103785622786,1.2166233146386158e-07,0.15882294143717635,residual,4.449557262054371e-16,1.3451618600370236e-06,1.0998871059607903e-11
train,592,8,22745.598503440437,28.3288441304478,1.0739494745703493,1.2930173467263259e-07,0.17392852797095062,residual,4.14813554445046e-15,9.442018061199751e-07,1.626953582672133e-11
train,593,6,22468.123406584607,22.61074426947447,1.0317551453955043,6.021890116655764e-08,0.14010456033834007,residual,2.220446049250313e-15,9.415932795539242e-07,2.2058762325532195e-11
train,594,8,21266.751317819126,19.93841975155814,1.045636195522656,1.4834476119229573e-07,0.13452709980282412,residual,3.66205343881779e-15,1.0768506707246587e-06,1.6320694897557092e-11
train,595,6,18368.630229142727,25.699529056261493,0.9495793887606588,1.1970398526910168e-07,0.1757516509504108,residual,1.3322676295501878e-15,1.5230524176799542e-06,7.332580706405269e-12
train,596,6,27984.799326162094,26.044811502039554,1.0872615001450787,1.2392026179024818e-07,0.13356105791719594,residual,4.440892098500626e-16,6.411232120014839e-07,5.823607568738997e-12
train,597,4,15571.236603395875,5.025170178630833,0.904860080033294,1.511556375251413e-07,0.04380635997157638,residual,3.202372833989377e-15,1.9236404874824857e-06,4.067383956680332e-12
train,598,8,18587.062393061122,24.93673077480408,1.0515201134823493,9.672947513979791e-08,0.1875459841005181,residual,3.3009303617866924e-15,1.2621468684885266e-06,1.4665161412810538e-11
train,599,4,27585.560940676078,31.802021630092344,0.9099720389618862,1.162652566598742e-07,0.13328943442843433,residual,9.930136612989092e-16,5.833020165431583e-07,2.9558577807620168e-12
train,600,6,28093.784394741644,30.177123687717106,0.9204019074238038,6.204481959608867e-08,0.1269918141255397,residual,8.881784197001252e-16,1.0184895632866048e-06,6.5584595640102444e-12
train,601,4,20195.973875057138,27.02527006437489,0.9931667620696363,8.638249160444604e-08,0.17430088943963779,residual,1.1188630228279524e-15,1.2528195569746123e-06,7.402750541632352e-12
train,602,6,21716.838220927908,8.592219143912732,0.9142141086150695,1.938767977163305e-07,0.05315445745190403,residual,6.866350197783357e-16,1.2815811052495644e-06,7.770726138294351e-12
train,603,8,27386.333937924668,33.454846249195654,1.0319950979133106,1.9553061489173562e-07,0.15838962227318895,residual,2.2644195468014707e-15,5.010859080647437e-07,2.9330322825621076e-11
train,604,6,18746.765503132912,22.96825945844504,0.9448724922505644,1.104771691752336e-07,0.15585289638916838,residual,8.881784197001252e-16,1.49225020681759e-06,1.4665161412810538e-11
train,605,4,27935.502170702923,21.41193933033611,1.051572598566038,1.9230788792888043e-07,0.10958768676382562,residual,3.3306690738754696e-16,7.416110521706254e-07,5.6535631116077445e-12
train,606,6,29914.84813371478,33.53452138437083,1.0182618894256554,8.047216929545786e-08,0.14333510328889798,residual,1.350644602892852e-15,6.546616404267804e-07,1.2202151870040997e-11
train,607,8,19566.168637897576,14.568976886944018,1.050941028781308,1.0056454808385617e-07,0.11098672947442813,residual,3.3009303617866924e-15,1.3684714493280696e-06,2.9330322825621076e-11
train,608,8,22682.979627775854,23.78143063097536,0.9225696984558428,1.6472683957571846e-07,0.1295454625208616,residual,2.888714119299626e-15,1.118688636429813e-06,3.6425234419768065e-11
train,609,4,17875.333613710816,10.332085206714282,1.0370938180969245,6.09448113970537e-08,0.08719750932586334,residual,3.202372833989377e-15,1.532170394690385e-06,9.094947017729282e-12
train,610,8,22320.77476781117,26.776703108131898,0.9453810432072467,1.272349587693888e-07,0.14898138917085793,residual,4.0943002132167226e-15,8.523981021055186e-07,2.2499656328096503e-11
train,611,6,20329.63160222664,10.762538640770456,1.0092764398688256,1.640374275153788e-07,0.07752545814850201,residual,1.831026719408895e-15,1.4521949820552175e-06,7.332580706405269e-12
train,612,6,17958.944103813017,32.2091167749559,1.0272409992014282,8.315992435457828e-08,0.23343743115246254,residual,5.365950338995594e-15,1.127253408747499e-06,1.4580309236299762e-11
train,613,6,18995.075681335726,25.901963304567616,0.904328278092554,1.5644919998557446e-07,0.16291735907153226,residual,1.3322676295501878e-15,1.6126716598795525e-06,8.580155856231254e-12
train,614,6,21353.73747366309,5.421200695298053,0.9740380528232374,1.471270405824688e-07,0.03701191032940638,residual,4.14813554445046e-15,1.0164586634658713e-06,1.4551915228366852e-11
train,615,6,23508.396883237685,15.379368583169999,0.9680617346907134,1.84761690549792e-07,0.08938307619479834,residual,1.1133411481696098e-15,5.638097186850372e-07,1.149534299831515e-11
train,616,4,18032.145697362103,33.90603859057725,0.9528786886397741,1.5027752946797456e-07,0.22441506746339665,residual,3.580361673049448e-15,1.8297941792549334e-06,1.1368683772161603e-11
train,617,4,27296.887940412413,22.583076879557282,1.0350137437925462,1.7828495959732369e-07,0.11556331765292993,residual,2.318213734067276e-15,5.817223332425881e-07,3.8114773392954265e-12
train,618,4,20270.92291733467,16.860581101442406,0.9956633588644466,1.2082449326464156e-07,0.1158305027804168,residual,6.713178136967714e-16,1.4615460542319287e-06,3.183231456205249e-12
train,619,8,24284.913139811924,9.912149450734788,1.00499204732977,1.379373555039033e-07,0.05981632042287723,residual,8.055813764361259e-15,9.126836025643523e-07,9.094947017729282e-12
train,620,6,19282.183379210775,12.628658791230999,0.9689030471149065,5.238218359903017e-08,0.0910573333394861,residual,1.9860273225978185e-15,1.3061225492547244e-06,2.1827872842550278e-11
train,621,8,27614.672065006245,29.647688565798855,0.91225625317495,1.0289425021869908e-07,0.1262497122290805,residual,5.402578411571408e-15,5.009474215531127e-07,7.275957614183426e-12
train,622,8,19014.990949319883,9.840158718139119,1.0928663928008677,1.373956992722546e-07,0.08250544523665954,residual,5.063396036227354e-15,1.145150404340683e-06,4.3995484238431613e-11
train,623,6,26010.63804789017,14.26169260471927,1.0785991958920462,7.88418705688918e-08,0.08403409866776146,residual,1.6653345369377348e-15,7.073442121351232e-07,7.332580706405269e-12
train,624,6,15447.678265583012,24.693492894149625,1.0556775462473351,8.925838471511959e-08,0.22469465178383266,residual,2.808666774861361e-15,2.28545483686586e-06,1.4805501083264704e-11
train,625,4,17273.819783289196,28.878383796888752,1.0141190901126746,1.598319285329456e-07,0.21966078753813087,residual,9.930136612989092e-16,1.4660366068271574e-06,1.0928729369620903e-11
train,626,4,18428.783764479762,14.421589983570914,1.028738059439868,1.0439473772385215e-07,0.11428190579685685,residual,2.482534153247273e-15,1.3336546282944799e-06,7.275957614183426e-12
train,627,8,21356.712879856666,30.307810245830865,1.0751532933183499,6.504386191144518e-08,0.19581329277002138,residual,1.4895204919483639e-15,6.573762289485816e-07,2.300859821966427e-11
train,628,4,24379.927046619225,11.059905603399603,0.9149097099888004,1.4890571363085e-07,0.06011494815531063,residual,2.808666774861361e-15,9.640517185210165e-07,4.067383956680332e-12
train,629,8,21780.43333514772,16.179225008376562,0.9630409564767209,5.37698225378212e-08,0.1004748626771736,residual,2.7465400791133427e-15,1.248290964590399e-06,2.212896117379649e-11
train,630,6,26207.63055568275,26.415531323245407,1.0641305980332847,1.7795127204415727e-07,0.14122978966351735,residual,9.155133597044475e-16,7.406789092460187e-07,7.770726138294351e-12
train,631,4,23052.56639387759,23.32149625958941,0.9490089893321297,7.303018835485598e-08,0.1289642567697726,residual,4.440892098500626e-16,1.2273946080156612e-06,2.0463630789890885e-12
train,632,6,15752.600190704508,9.865919192486102,1.0466638484416413,1.5429068527801753e-07,0.09561726905295648,residual,2.220446049250313e-15,1.8900781017277203e-06,1.0289757937229989e-11
train,633,4,20435.351702780445,17.306347851123494,0.9923282323876057,1.332616650686872e-07,0.11722001076093969,residual,1.7763568394002505e-15,1.0536547570873658e-06,4.5983480086207884e-12
train,634,6,22730.328414631083,27.375758946799007,0.9671099183951855,1.128119005840472e-07,0.15240959225654563,residual,8.881784197001252e-16,7.504850661813856e-07,1.4551915228366852e-11
train,635,6,22190.820083167557,23.89670665971658,0.9458181540338144,5.625050057651209e-08,0.1363128821245597,residual,1.336885555457667e-15,8.790106559103873e-07,1.4805501083264704e-11
train,636,4,28665.87693782166,34.694606297856524,0.9127354901664894,1.0682578240098951e-07,0.137618206523477,residual,1.4217791915866692e-15,6.745916367217735e-07,5.475883235154604e-12
train,637,8,24368.823637784597,28.422595533679363,1.0234048670080256,1.7611569090992856e-07,0.15511850241621342,residual,3.6955587428207345e-15,5.998843957228549e-07,2.300859821966427e-11
train,638,4,29492.902272006595,34.127315139007436,1.0474817298776473,5.958264931850467e-08,0.15158545558294725,residual,2.0947646133377085e-15,5.650415660148049e-07,1.8749713606747085e-12
train,639,4,18853.167206537033,24.0645539766598,1.029335180246346,1.2623781006883063e-07,0.17564979589156238,residual,4.443059973708341e-16,1.8025422869253174e-06,2.766120146724561e-12
train,640,6,26295.33009102464,19.78262389498039,1.072065448476487,1.8840716042615294e-07,0.11078696644419157,residual,1.1102230246251565e-15,7.318383155715809e-07,8.765690166092662e-12
train,641,8,17963.678879319054,25.432408296921928,0.9789895272459943,1.542426102094286e-07,0.18367124909946028,residual,3.7942998722140385e-15,1.5793385438058818e-06,1.0289757937229989e-11
train,642,4,29958.00179127129,25.485431984863794,1.031666959548024,1.040816872535654e-07,0.1162627523404333,residual,8.95090418262362e-16,5.541289969874429e-07,7.332580706405269e-12
train,643,8,24702.44455790742,7.2036504248672415,0.9621471031148294,1.6538543733289498e-07,0.041566286368632584,residual,2.482534153247273e-15,8.668915260018397e-07,1.4665161412810538e-11
train,644,4,20736.425753019845,32.25305909345327,1.0058243153916278,7.62785089769801e-08,0.19816644943175762,residual,1.4217791915866692e-15,6.824910177102963e-07,9.668061295755842e-12
train,645,4,18356.961856651844,20.264270673555234,1.010412450899171,6.924457485907145e-08,0.15275077399579676,residual,3.6418022968069345e-15,1.8105501709040873e-06,7.499885442698834e-12
train,646,8,26803.491520571857,18.525618372852694,1.0264220973661666,9.438595967429906e-08,0.0982117512430079,residual,6.6671180517865e-16,9.814627289104443e-07,1.8212617209884032e-11
train,647,4,25274.242852313037,23.318285826905957,1.0871021170625106,1.476513737540248e-07,0.13472854264807999,residual,1.3322676295501878e-15,6.262297934313341e-07,4.067383956680332e-12
train,648,8,28844.41464698713,28.49803868592504,0.9085609938122752,6.297427993799171e-08,0.11659450249706349,residual,5.572324966150414e-16,5.854432134497236e-07,5.823607568738997e-12
train,649,8,28238.4682705959,18.616801452488993,1.0974959571251959,6.730980305539578e-08,0.1001100476705202,residual,9.155133597044475e-16,6.417602956285926e-07,7.332580706405269e-12
train,650,6,21871.580225822683,34.94000961109025,1.0774347541251892,1.241066794579098e-07,0.21405923629702983,residual,9.930136612989092e-16,6.904549458706731e-07,1.4999770885397668e-11
train,651,6,29161.575156376555,12.00224730010891,1.0943796811718323,9.436956945423287e-08,0.06487473168894457,residual,1.3732700395566713e-15,6.417204020204518e-07,7.332580706405269e-12
train,652,6,28262.99719292081,24.69417791290236,0.9248820962435367,8.298847122830823e-08,0.10759769200867798,residual,2.2215299868541707e-16,5.364601590946186e-07,7.275957614183426e-12
train,653,4,16818.202122674735,5.455880687980181,0.968847434243292,1.1479341025933881e-07,0.04703253643350496,residual,7.160723346098895e-15,1.7651146811140876e-06,1.1504299109832135e-11
train,654,4,20146.182290058972,28.537459825877992,0.9871334118152391,6.037062317442755e-08,0.18157503259704422,residual,9.930136612989092e-16,1.0556005426840523e-06,7.499885442698834e-12
train,655,6,18200.02859841049,14.39887723943412,1.057004659661195,6.737504905807139e-08,0.1187269268123572,residual,1.9860273225978185e-15,1.5007301022588908e-06,1.4999770885397668e-11
train,656,8,27588.159266234274,34.48203588574148,1.0516382643932292,1.3732967283478615e-07,0.16398557757637142,residual,1.1102230246251565e-15,5.472554917282564e-07,1.626953582672133e-11
train,657,8,28056.438775795723,23.825149732239478,1.0752413212057774,1.3541895744850236e-07,0.12225668816541316,residual,2.3314683517128287e-15,5.241552377647337e-07,7.402750541632352e-12
train,658,6,20023.81378271326,10.99663455406202,0.9184922994108712,9.299044912993856e-08,0.07308636397831351,residual,1.4043333874306805e-15,9.372245216865302e-07,7.402750541632352e-12
train,659,4,28404.15682143374,25.44492642364524,1.0289353434157835,1.4382503081364927e-07,0.12213584408192438,residual,9.155133597044475e-16,4.76836185282715e-07,5.823607568738997e-12
train,660,4,18833.006354896155,34.875880786866595,0.9200981973897953,1.1537841833067655e-07,0.21199801638185858,residual,7.772800161809615e-16,1.3775714198853056e-06,1.1368683772161603e-11
train,661,8,27995.02404133013,13.148137686254652,1.0348561997525456,1.334445808009923e-07,0.0695259532067767,residual,8.886119947416683e-16,5.036462327621881e-07,1.4795130981884302e-11
train,662,4,16649.16058030603,16.66101538744894,0.9811712876406462,1.7945572682983323e-07,0.13749797265399857,residual,6.280369834735101e-16,1.8166690782994416e-06,4.2309225286609024e-12
train,663,4,19590.401903498354,7.003073742571027,1.0828478125640242,1.309485745828925e-07,0.05741212914963883,residual,2.701289205785704e-15,1.1358173414784515e-06,1.8189894035458565e-12
train,664,8,25889.09119253475,26.482113124982426,1.0136859792281387,9.294079831443558e-08,0.13647425858427434,residual,3.3399081181809284e-15,3.764219184103334e-07,1.669610333072871e-11
train,665,8,16353.623652257422,19.19716681807637,1.0435854191658733,5.882882230189406e-08,0.16888743025418584,residual,2.808666774861361e-15,1.2658550948978301e-06,2.6249599049445918e-11
train,666,8,26184.29615346373,30.798607189900455,1.0478514784987158,7.56156402464761e-08,0.15765773004609104,residual,2.701289205785704e-15,5.480573384351025e-07,1.4999770885397668e-11
train,667,6,21899.133876785385,5.888093601757472,1.0028916389505849,7.273090230164326e-08,0.040251561894480564,residual,6.662783593823665e-16,8.69588968281499e-07,1.0998871059607903e-11
train,668,4,19553.89774715049,33.01620515999685,1.0297440773634328,6.139790136093284e-08,0.21910135448177637,residual,8.886119947416683e-16,1.539866062496048e-06,5.823607568738997e-12
train,669,4,20055.26244760321,30.109943724946287,1.0442063738615712,1.9889318672527854e-07,0.20146204853959157,residual,1.88411095042053e-15,1.365582738837003e-06,1.4765290047811705e-11
train,670,6,29700.192924040428,29.115221891375867,0.9840120515842181,6.685639878336521e-08,0.12478407639927255,residual,4.965068306494546e-16,4.960365331895759e-07,7.332580706405269e-12
train,671,4,28170.085020946808,29.84052039075764,0.996622250173913,1.78972456588236e-07,0.13591082765181436,residual,1.3322676295501878e-15,5.651267343039538e-07,7.290154618149881e-12
train,672,8,16645.121186397144,10.93598463212181,1.039198480461149,1.6951094288589992e-07,0.09896305679020183,residual,7.32410687763558e-15,1.407827523108944e-06,2.212896117379649e-11
train,673,4,16539.24731605953,23.556617531658205,1.0134733991164158,1.7830028901867164e-07,0.19360618612107924,residual,1.831026719408895e-15,1.33092429101439e-06,4.290077928115627e-12
train,674,4,16507.286650649145,10.77447935772085,1.0549188331213653,1.9385361821229774e-07,0.09989827617725634,residual,2.808666774861361e-15,1.3118753646653392e-06,7.499885442698834e-12
train,675,6,15109.06984676402,22.94352852455437,1.0494261438024595,1.622132520728604e-07,0.2145767608991103,residual,1.3322676295501878e-15,2.33583115428968e-06,2.201954398031561e-11
train,676,6,17335.976919442284,11.264030425779717,1.0847964924366997,1.815527087393914e-07,0.10196565830224794,residual,2.2315206618374916e-15,9.741864559208752e-07,7.332580706405269e-12
train,677,6,16351.269897364144,16.048869235719422,1.0267698025432797,5.971507939442339e-08,0.14165533784367232,residual,1.9860273225978185e-15,2.2146879968221427e-06,8.134767913360665e-12
train,678,6,26320.24070524174,10.296105820823868,1.0988062633479634,5.908724910663537e-08,0.06253865895965899,residual,6.661338147750939e-16,4.33665445683051e-07,7.31934897104105e-12
train,679,6,28671.76763294736,34.861825464770405,1.0310136968094292,1.825567271604107e-07,0.15598909423117263,residual,4.14813554445046e-15,5.589605429250449e-07,3.637978807091713e-12
train,680,6,17662.5120626355,12.679124405650168,1.0853521077613748,1.7308061375553122e-07,0.11176609136548989,residual,1.4217791915866692e-15,1.2037863838292587e-06,2.300859821966427e-11
train,681,6,25201.097507027764,8.338065527598834,0.9776261865983004,8.123222047972317e-08,0.04760418853322672,residual,1.1801832636420706e-15,4.117310816534603e-07,1.4999770885397668e-11
train,682,4,17210.70061757477,29.39187429378269,1.0314514378593713,1.2898648120553917e-07,0.2274460557600511,residual,1.3322676295501878e-15,2.2662888917277125e-06,1.5245909357181706e-11
train,683,6,24063.275593586317,10.240448079354412,1.0239646600654155,6.456396697706762e-08,0.06342140989133259,residual,2.443909561242743e-15,9.071234020119539e-07,9.094947017729282e-12
train,684,4,27085.520540666483,11.59995505313675,1.081355683036675,1.897433141507069e-07,0.0668624643140196,residual,9.155133597044475e-16,9.223250692068531e-07,4.067383956680332e-12
train,685,8,27955.946326817262,27.271095506028146,0.9143711430114745,8.545973884027385e-08,0.11679510017947523,residual,6.684427777288335e-16,6.841213783937049e-07,1.8189894035458565e-11
train,686,4,17573.29924795513,31.409167024249147,0.961586091401224,1.4264320556418254e-07,0.21894538416994838,residual,2.6645352591003757e-15,1.1922690922798371e-06,7.30786208804975e-12
train,687,8,15370.697830395857,20.494734276407616,0.9267215238471945,1.496754320673883e-07,0.16897617336592682,residual,2.5468671054250576e-15,2.5342939136924557e-06,2.9999541770795335e-11
train,688,6,19115.709730551323,20.84737446053188,1.0007982499457095,1.8717061190171596e-07,0.1489271141209312,residual,4.965068306494546e-16,1.3344086866141766e-06,7.770726138294351e-12
train,689,8,17172.961615129163,26.437566708823567,0.9319553436866744,6.577371365716134e-08,0.18888995294180394,residual,2.2266822963392197e-15,2.1284202710963227e-06,1.4896012866446834e-11
train,690,6,16216.619274655653,28.737159196955115,0.9106068624708324,1.5130787063466765e-07,0.20926624113903958,residual,1.7763568394002505e-15,1.7319546345035358e-06,1.60713143914766e-11
train,691,4,20911.83121836862,18.205325089446216,1.0734178757525394,9.377327986258928e-08,0.12962593726143143,residual,1.790180836524724e-15,6.001053592463794e-07,7.64882011071557e-12
train,692,8,19713.857910193452,31.051531344052204,0.9765898250610414,1.7012536688301864e-07,0.19643194980694087,residual,2.6645352591003757e-15,9.124294294511021e-07,7.941821057362623e-12
train,693,6,29853.731837765165,8.413984310418154,1.0007417625640738,5.471691730614169e-08,0.04149153224618873,residual,9.155133597044475e-16,4.7406834834314136e-07,3.637978807091713e-12
train,694,4,21540.728966972132,14.326641862935652,1.069233213299287,1.970329086802662e-07,0.10100935856571551,residual,1.1168440202394181e-16,1.6835664223673464e-06,5.562819066137194e-12
train,695,6,25720.327588246484,7.349344904638612,0.9620639426699785,5.421171451423907e-08,0.04069085272792063,residual,4.577566798522237e-16,9.056692348002301e-07,4.067383956680332e-12
train,696,4,19940.978394001933,21.099690277516466,1.0349369605685201,1.9700836440004197e-07,0.14918348465568654,residual,9.036560719766055e-16,1.2455068154823252e-06,5.475883235154604e-12
train,697,4,26835.588265980816,30.90785213222175,0.9445930418430792,9.806764189146074e-08,0.13906239617295907,residual,2.0947646133377085e-15,7.34010068794745e-07,4.687428401686771e-12
train,698,6,21857.700522055526,33.727685085056144,1.034621629788345,9.905200149188103e-08,0.20020653075311337,residual,9.930136612989092e-16,1.090450362099535e-06,3.011306604301954e-11
train,699,6,25392.63141617929,17.8562690570984,1.042570327599581,1.0927714900375232e-07,0.1019156840650651,residual,2.6184557666721356e-16,1.0570145257563916e-06,8.829596408280667e-12
train,700,8,29583.532282774053,9.333002966025948,1.0245212335572247,1.1384378453870665e-07,0.04729272904808123,residual,1.0934428697813141e-15,4.321701897866374e-07,8.580155856231254e-12
train,701,4,20363.601321937633,26.592907006702116,1.0261474512317716,8.202339193723233e-08,0.17624586198226352,residual,1.1102230246251565e-15,1.2707988779794626e-06,7.941821057362623e-12
train,702,8,28452.89310480813,21.12281113276777,1.0257516164929348,1.9231436156183846e-07,0.10372454289206069,residual,2.701289205785704e-15,6.778824948247831e-07,1.4580309236299762e-11
train,703,4,22392.91409237049,13.920296162605428,1.0552904580274598,6.679246065609593e-08,0.09340689233298356,residual,6.804363002006077e-16,5.758063791611577e-07,7.275957614183426e-12
train,704,8,18755.86589188846,28.990581014576055,0.9777026500293277,5.851101988797065e-08,0.19565147146929734,residual,6.315598112628559e-15,1.4334021076308545e-06,3.7933262110241405e-11
train,705,6,19609.970794075205,29.292194664137398,0.9825772323586661,9.722399583780201e-08,0.18963997790179316,residual,1.5543122344752192e-15,1.393563327384009e-06,1.626953582672133e-11
train,706,6,25443.05905013022,31.262813539266578,0.9556971842679546,1.5601948851489961e-07,0.14974457308583644,residual,1.831026719408895e-15,6.824534255562845e-07,1.1504299109832135e-11
train,707,8,28756.364038153617,14.525496753777318,1.0941628272246573,1.1324399003692853e-07,0.07840839280606215,residual,1.6662594659381953e-15,5.597539659681324e-07,1.1249828164048252e-11
train,708,8,18211.469787135273,32.19071646995867,0.9307601338591627,1.7129181694656233e-07,0.20848634681297065,residual,7.44429167831138e-15,1.9286166651261993e-06,2.212896117379649e-11
train,709,8,20094.640239553242,29.978608320375205,1.0614863795981133,1.431020089090719e-07,0.20368138409514777,residual,9.930136612989092e-16,1.6080913240673514e-06,1.4999770885397668e-11
train,710,4,20171.352167969308,24.688555820120385,1.0779023224293236,7.395100363812615e-08,0.17566936410698394,residual,1.1102230246251565e-15,1.3159730838519522e-06,7.448006433223417e-12
train,711,6,27990.740381246796,34.63165558509353,1.028459800609455,1.2751357632230002e-07,0.15858734268873934,residual,9.155133597044475e-16,9.166358424990343e-07,1.0951766470309208e-11
train,712,8,20383.700498316048,16.93429042227655,1.0255686466294358,1.4837757444817476e-07,0.11911428358547091,residual,4.490574227168739e-15,1.6311397164954321e-06,2.9231448352199e-11
train,713,6,26373.54337851357,18.385636209717006,0.9608209446380642,1.8808110076837103e-07,0.09280793025552495,residual,1.6011864169946886e-15,5.299422580270332e-07,8.238962860556711e-12
train,714,4,27739.188909411467,31.675188081729615,1.0779271303020677,1.733520622218486e-07,0.1565240736719843,residual,4.577566798522237e-16,5.030577572040015e-07,2.033691978340166e-12
train,715,4,24300.19279258341,17.17378946171399,0.9599613192572812,1.7357389537441488e-07,0.09470806287820914,residual,1.8971499361070192e-15,7.26338592811496e-07,1.2635104203081759e-11
train,716,6,17109.42930672153,32.952577113400615,1.0375792555907286,1.0179193635410651e-07,0.251932994181566,residual,6.713178136967714e-16,1.9064127641892079e-06,1.4665161412810538e-11
train,717,6,26440.94637514674,30.677096822823028,0.9818780185317153,1.689957299836255e-07,0.1458390119131105,residual,9.930136612989092e-16,7.976385260294265e-07,8.134767913360665e-12
train,718,4,15096.759482236757,22.880069726396066,0.9645142639744584,1.2097731565788002e-07,0.1969092096562197,residual,1.790180836524724e-15,1.6702162133991356e-06,7.278677152352214e-12
train,719,6,22596.33944230887,19.278240963878286,0.9698513694663957,9.800840023493503e-08,0.11401491389134844,residual,8.881784197001252e-16,1.2426043259255185e-06,1.091408445000788e-11
val,0,4,20349.653290173876,15.343042115577584,0.9849511486541012,6.669180382683407e-08,0.1048338970233948,residual,1.6653345369377348e-15,1.1883635185775184e-06,8.580155856231254e-12
val,1,6,16037.492593054938,13.62849197247364,1.0645055017103726,7.385245225510198e-08,0.12902999678248087,residual,2.9790409838967277e-15,1.2437593448337502e-06,1.5387672024815976e-11
val,2,8,27224.963949142682,16.097341475635687,0.9056106340196298,1.6207247683538778e-07,0.07524312840966395,residual,1.4895204919483639e-15,6.20302620460975e-07,7.770726138294351e-12
val,3,4,23854.47330128201,23.60761496270309,0.9999379421538678,1.8627032480341088e-07,0.13268548644872538,residual,8.005932084973443e-16,9.993514436789937e-07,3.6662903532026344e-12
val,4,6,18853.463257000712,15.365971543780402,1.0818777372035793,1.985394037515049e-07,0.12445695289232944,residual,9.155133597044475e-16,1.2710594892875968e-06,8.404372046368835e-12
val,5,8,26293.963651187718,28.18651034842633,0.9851151961143596,1.4450044884583997e-07,0.1374469551957936,residual,3.179194921382489e-15,8.207088762289628e-07,2.2737367544323206e-11
val,6,4,20189.146703174574,15.129842309559912,1.0314206431497872,6.91109880487304e-08,0.1092563781122364,residual,1.9860273225978185e-15,1.7339329041484275e-06,3.6662903532026344e-12
val,7,6,16241.072350266311,22.7971223907826,0.9977833588618431,1.756142989752928e-07,0.188761998538462,residual,3.72214583915569e-15,2.8554204772492346e-06,1.5116502380437543e-11
val,8,8,26905.700452041798,21.706857928111265,1.0726575824772935,9.404324031767887e-08,0.11744333003892714,residual,8.95090418262362e-16,6.2993869319126e-07,1.5706897137688926e-11
val,9,4,17426.105514320625,23.815724539663325,1.0248512500428162,1.2918360372585577e-07,0.1875487139916162,residual,3.66205343881779e-15,1.5789599545123965e-06,1.1368683772161603e-11
val,10,6,15421.012263948669,14.482276398706109,1.0610961315082852,7.163257529665725e-08,0.14140855171407493,residual,3.800791407964896e-15,2.2254898011767375e-06,1.4580309236299762e-11
val,11,8,19125.289969208512,29.953518689044213,0.9579103770103691,1.8647690773772683e-07,0.19299364161809598,residual,4.463041323674983e-15,1.5885657895768822e-06,1.6856733524293376e-11
val,12,4,17125.76456123522,27.544007228828157,1.0910242782446962,1.24130106690503e-07,0.2293551829834523,residual,4.440892098500626e-16,2.03329008775763e-06,6.94141705138179e-12
val,13,6,28846.248492116763,5.624419541899624,0.9631720475736549,5.1057781086868906e-08,0.028075687112911436,residual,1.784146017590271e-15,6.04199146983083e-07,7.290154618149881e-12
val,14,8,24165.107318376817,22.37355653545354,0.9059766647916879,9.994172685446867e-08,0.11335609458259722,residual,2.5121479338940403e-15,6.383425569876731e-07,7.558251190218771e-12
val,15,4,23696.708823771416,17.4715132811215,0.9042838427016554,9.750550353037681e-08,0.09290289391806124,residual,1.831026719408895e-15,8.317945769993889e-07,7.402750541632352e-12
val,16,6,26106.19729620733,28.86320052037607,0.9547697851745005,1.0445303233455387e-07,0.1367798892425243,residual,9.155133597044475e-16,8.016228405952283e-07,3.749942721349417e-12
val,17,8,28217.906202658425,13.401940769086096,0.9783051913234946,1.9994914574475233e-07,0.06636509090713688,residual,7.771561172376096e-16,6.256481737949938e-07,1.5147677944291235e-11
val,18,4,18286.542016219373,17.761095660958652,0.9478636129525507,1.6085531250095907e-07,0.1280535169144141,residual,1.831026719408895e-15,1.6582330636644461e-06,4.687428401686771e-12
val,19,6,18254.7367292471,23.752325283943108,1.0770504969208936,1.9024000958910643e-07,0.18772956578558808,residual,1.831026719408895e-15,1.545521640426337e-06,1.4695095735129622e-11
val,20,8,26391.84197563942,10.275856713491086,0.9445456312090172,1.8734013549634844e-07,0.05351399768328178,residual,1.3732700395566713e-15,6.070158092078635e-07,7.332580706405269e-12
val,21,4,18329.1686904013,34.06959948796242,1.0181458061907946,1.128142558996476e-07,0.23677317622892005,residual,2.701289205785704e-15,1.510083237537491e-06,3.749942721349417e-12
val,22,6,21827.514444053468,12.94740226250844,1.0371202612114971,5.277579046776326e-08,0.08810756485979343,residual,2.673771110915334e-15,1.1296842539018814e-06,1.0913936421275139e-11
val,23,8,23482.543995041757,9.092692411173278,1.037617655636561,1.395984375196123e-07,0.05887051428031365,residual,1.1133411481696098e-15,8.034104544974607e-07,7.332580706405269e-12
val,24,4,29683.760638701133,34.54131653531452,0.9636639324357303,1.4603851355914094e-07,0.139842027487993,residual,1.350644602892852e-15,5.097337393792439e-07,7.332580706405269e-12
val,25,6,20262.69369153271,14.945183400272768,1.093070162447091,1.8106987488279448e-07,0.11408611741797037,residual,1.350644602892852e-15,1.3645599395893133e-06,8.580155856231254e-12
val,26,8,19447.28654873643,32.6417948648875,0.9959013794000416,1.4900786015100475e-07,0.21118261521157072,residual,2.220446049250313e-15,1.0594795948931398e-06,9.23316315686268e-12
val,27,4,26627.00497011882,14.261038817464883,0.9731760948928037,6.759355794653993e-08,0.07406233096817186,residual,1.3322676295501878e-15,5.155522109420151e-07,2.4933470057773444e-12
val,28,6,16251.917317299789,24.212623647821488,1.08682042432933,1.167488632601937e-07,0.2162617889260467,residual,4.742874840267548e-16,3.3765695882021586e-06,3.6662903532026344e-11
val,29,8,20959.398566531912,34.5991223834476,0.9695575696233902,1.611672698582356e-07,0.1995167605863293,residual,2.0947646133377085e-15,1.1423838188420285e-06,1.546140993013978e-11
val,30,4,22317.286948482622,32.68047474881961,1.0024168102506106,9.606583036320871e-08,0.18539930428909496,residual,3.614624287906422e-15,8.89550739841263e-07,5.574134171243378e-12
val,31,6,23539.21749569451,27.910409923694797,1.049767980418956,1.4631043186309793e-07,0.16230036396072656,residual,6.674335893081555e-16,1.181598547643392e-06,9.094947017729282e-12
val,32,8,21153.085442333602,28.38818554489363,0.9270357536531028,6.684871365604286e-08,0.16171337090272236,residual,4.076197102228689e-15,7.369025569457787e-07,2.2737367544323206e-11
val,33,4,25303.5875313399,29.441919497575167,1.0381187879556808,1.1052220813572331e-07,0.155914903590461,residual,1.807312143953211e-15,6.918024659687889e-07,3.8853630691471754e-12
val,34,6,16110.329721662702,7.869031668766551,0.9380821173973112,7.917163643405512e-08,0.06761907448169852,residual,1.1157603309187458e-15,2.1510352468686246e-06,1.5541452276588702e-11
val,35,8,19385.143363806794,18.31748205304862,0.9022576589028211,1.647469572570665e-07,0.11817970126314593,residual,8.881784197001252e-16,1.329476554922221e-06,1.470311920601112e-11
val,36,4,24737.496156909525,30.80595041053812,0.9533376175099092,1.4818385161743203e-07,0.15185517392749268,residual,4.440892098500626e-16,8.764896984595223e-07,5.823607568738997e-12
val,37,6,16016.259721536626,14.831666372745872,1.0066389620480294,1.8855138350976597e-07,0.13200240902032556,residual,1.7763568394002505e-15,1.8658836509908382e-06,1.4665161412810538e-11
val,38,8,25603.4981426842,18.093557505622215,1.027820404750867,1.1973915855499624e-07,0.10082274414391065,residual,1.3322676295501878e-15,6.088837643022294e-07,2.319462255752929e-11
val,39,4,17981.1306912023,24.208707264858656,1.0468959346016689,1.8944753609620232e-07,0.18825814917975384,residual,8.881784197001252e-16,2.0878264785898846e-06,5.4569682106375694e-12
val,40,6,22136.539707680855,12.077476707373702,0.9315747340828722,1.3820331548317466e-07,0.07317211624367731,residual,1.4043333874306805e-15,1.01236159775587e-06,7.622954678590853e-12
val,41,8,21758.678224334133,21.97173578774248,0.9087705762175093,1.898592045304058e-07,0.12432926730431913,residual,1.336885555457667e-15,1.0444196353676967e-06,1.456789366751886e-11
val,42,4,27391.089414162947,30.200654725859376,1.0400868764211237,7.908358666723491e-08,0.14727840541742948,residual,9.485749680535096e-16,5.425300080146747e-07,7.622954678590853e-12
val,43,6,22446.731301003052,16.313615721798712,1.040006169080761,6.863800685429582e-08,0.1060713460568553,residual,2.9790409838967277e-15,7.186668109857188e-07,1.1104125812448528e-11
val,44,8,27380.162819960206,22.33273879453334,0.9861887761262946,8.739991493638122e-08,0.10873266390863082,residual,9.992007221626409e-16,6.240699416575251e-07,1.0916304640120693e-11
val,45,4,19342.358576061335,11.700912928700482,0.9087017384344063,5.997037225678886e-08,0.07931693534592547,residual,1.4895204919483639e-15,1.6811280641964672e-06,7.275957614183426e-12
val,46,6,21352.42956697373,17.806240301516986,0.9233093374690714,1.0495169387585525e-07,0.1070677779841014,residual,2.888714119299626e-15,1.0445398820172468e-06,8.580155856231254e-12
val,47,8,19033.709958459873,20.63047714562404,1.0941043009774003,1.2428430535349453e-07,0.16203256690190193,residual,3.116544544127953e-15,9.628569167672064e-07,3.384738022928722e-11
val,48,4,23447.922091189852,16.307314762265676,1.0645485673725747,9.418473774327445e-08,0.10390234117810304,residual,1.1102230246251565e-15,7.885334939528089e-07,1.1368683772161603e-11
val,49,6,28165.586785364336,7.269956434429856,0.906430276790759,1.119065448411008e-07,0.03464717103196196,residual,7.108895957933346e-16,5.403664046425296e-07,7.332580706405269e-12
val,50,8,21690.398377628713,17.964829265785347,1.066154402649496,1.651159146595236e-07,0.12266974155566014,residual,3.1401849173675502e-15,1.3210934097686556e-06,1.1064480586898244e-11
val,51,4,22102.537386822423,27.841077681588057,1.021460199010101,9.737450446714096e-08,0.16784765187605252,residual,1.1102230246251565e-15,1.1323965689140474e-06,7.499885442698834e-12
val,52,6,17476.980087807537,13.727059522927807,0.9835122571421927,1.3272265610086766e-07,0.11011968702357156,residual,9.155133597044475e-16,1.8510049678235486e-06,7.499885442698834e-12
val,53,8,15011.596708475681,24.14775817773808,1.0970956680378916,6.988075427329965e-08,0.23580878062591096,residual,2.6645352591003757e-15,2.073517115675599e-06,3.656123452354546e-11
val,54,4,23093.082910428246,15.293629740345684,0.9129466933438016,7.456137621931458e-08,0.08537622780002103,residual,6.713178136967714e-16,1.1635306576987311e-06,1.4580309236299762e-11
val,55,6,28516.534743692202,9.281157023720793,1.0801833893155706,1.1644205027358344e-07,0.051456093590552324,residual,2.673771110915334e-15,6.953070214132425e-07,1.0951766470309208e-11
val,56,8,17919.169386809946,25.684382639859024,0.9298592242338548,6.581247311364923e-08,0.17633187673356465,residual,2.0014830212433605e-15,1.2042889437282015e-06,2.812457041012063e-11
val,57,4,21077.243028564226,23.417610467577653,0.9045737540659989,7.72981997752387e-08,0.13491746188985176,residual,4.965068306494546e-16,1.0465502409414627e-06,5.308091899646002e-12
val,58,6,21062.595697092223,20.685799513379685,1.046856750459824,1.961102726616307e-07,0.1404283053909976,residual,2.0947646133377085e-15,1.4414418922949136e-06,1.8240981371610888e-11
val,59,8,19693.953346614533,31.475917958276693,1.0812337754875836,1.1281557659079483e-07,0.22004650217763558,residual,6.408593517931132e-15,1.138015192086421e-06,3.5841477247664495e-11
val,60,4,16398.12509969363,21.270565383195873,1.0724397582161902,1.399032413771237e-07,0.18930744889778417,residual,3.552713678800501e-15,1.3279485845185422e-06,8.134767913360665e-12
val,61,6,24793.818806472387,26.372946604088924,0.9857605518929677,1.583434871925509e-07,0.138104190571047,residual,1.831026719408895e-15,7.60872309239857e-07,9.094947017729282e-12
val,62,8,25941.384251945754,22.985922252477938,0.9222842291553265,1.2344893159124842e-07,0.11000809669058154,residual,1.790180836524724e-15,6.313635590101809e-07,7.622954678590853e-12
val,63,4,21524.532584079898,20.061735003790545,0.9396055273181491,1.1832240202628353e-07,0.12008401293392595,residual,2.5121479338940403e-15,1.0153000754313598e-06,7.499885442698834e-12
val,64,6,23335.610766116195,28.447260786752263,0.9389776465694833,5.4587222309145005e-08,0.14872802634848717,residual,2.5121479338940403e-15,1.0294366706818358e-06,1.4999770885397668e-11
val,65,8,21521.41267529068,30.766138348809175,0.9049208949367042,1.3501562992212448e-07,0.1655132231034882,residual,1.4043333874306805e-15,8.104642584501609e-07,2.9231448352199e-11
val,66,4,17499.234156450228,17.052749299742587,0.9581060567663584,1.6352862126879424e-07,0.13043329838663542,residual,1.350644602892852e-15,9.881362868241737e-07,3.701375270816176e-12
val,67,6,23912.803636857163,15.39238502534816,0.9128290858311177,1.381039441032985e-07,0.08292152906300099,residual,1.9860273225978185e-15,8.962258631377043e-07,7.528266510754886e-12
val,68,8,16732.8022575824,5.131520583753082,0.9092157354663556,1.7178846312880416e-07,0.041803087820557826,residual,2.2266822963392197e-15,1.3487187762366623e-06,2.9103830456733704e-11
val,69,4,23001.232522667146,5.894050870435857,0.9759308817176474,1.8600491243653625e-07,0.037329135502899104,residual,1.9860273225978185e-15,1.0746790954851925e-06,4.067383956680332e-12
val,70,6,19971.388455945336,21.466044737146717,1.0729386841635198,1.9409927520952044e-07,0.15674491435087684,residual,1.1102230246251565e-15,1.16952009605143e-06,8.348051665364355e-12
val,71,8,19921.83690707578,20.425840473366996,1.0581605456691927,5.331582111061223e-08,0.14842845762944157,residual,1.9860273225978185e-15,1.2205679683191405e-06,2.300859821966427e-11
val,72,4,17068.984484662236,28.71489940285546,0.9084824258478823,1.388023400553607e-07,0.19822790607032334,residual,2.701289205785704e-15,1.741217534621482e-06,7.941821057362623e-12
val,73,6,20313.93576490298,8.78712768863064,1.0913505363818166,1.6787338001699303e-07,0.06929565926568318,residual,8.95090418262362e-16,1.2476294195111975e-06,9.106308604942016e-12
val,74,8,20385.111611045537,11.750690577252186,1.0064694455676346,6.527428370549062e-08,0.08368674404008183,residual,1.350644602892852e-15,9.542057802254782e-07,2.9330322825621076e-11
val,75,4,29870.345846768636,28.83298356131931,0.907894688975446,1.895861369325371e-07,0.11357803205992881,residual,4.577566798522237e-16,6.873877794403323e-07,2.2737367544323206e-12
val,76,6,18906.543536716832,14.516640829044968,0.9260667935596314,1.5875007279779938e-07,0.10087954655586631,residual,9.930136612989092e-16,1.232653678060126e-06,1.4665161412810538e-11
val,77,8,27029.835373882408,11.55821805324543,1.096921393820878,1.5125621721516946e-07,0.06773689824143518,residual,6.777420539824541e-16,4.786937958678478e-07,2.2499656328096503e-11
val,78,4,24071.69062562143,6.73944340798851,1.0086873881477558,1.9068786742815037e-07,0.041949445322233415,residual,3.1401849173675502e-15,7.818094438698065e-07,7.275957614183426e-12
val,79,6,16191.389084380335,10.109778797541505,1.0984839642186421,1.7878175191718016e-07,0.0999015292857075,residual,2.2266822963392197e-15,2.7728207698604514e-06,1.4999770885397668e-11
val,80,8,28871.511718522022,26.053331850429096,1.0296177637414332,1.3666383028812038e-07,0.12262882211533116,residual,8.95090418262362e-16,8.242910278730401e-07,1.4999770885397668e-11
val,81,4,23523.59065035529,31.33778379432278,0.9032280954778587,1.0043120715074844e-07,0.1533610935288745,residual,6.280369834735101e-16,8.337730838647106e-07,3.749942721349417e-12
val,82,6,26104.549962767647,5.489079153753982,0.9187999515732252,7.601962502222716e-08,0.028905424106968718,residual,1.5565409952966684e-15,4.2305215997565846e-07,1.1064480586898244e-11
val,83,8,26615.08246494994,15.479019172063124,0.9940599969341766,1.5080414004201253e-07,0.0815458752090409,residual,4.965068306494546e-15,3.3061426839249764e-07,1.4587842104860387e-11
val,84,4,24694.041564063707,12.518800188755753,1.0621249592756254,1.6443342360058808e-07,0.07731516731251674,residual,2.7217452008024307e-15,9.441662810937059e-07,2.7284841053187847e-12
val,85,6,15894.556856971003,29.270001950171217,1.0767122170538719,1.9959636978032354e-07,0.25622774269360793,residual,5.0242958677880805e-15,1.8552501990196227e-06,1.669610333072871e-11
val,86,8,25703.899196372575,30.227568399014874,0.9730716587756766,8.352795318365889e-08,0.146937753818054,residual,1.6011864169946886e-15,8.163727002542089e-07,1.0289757937229989e-11
val,87,4,28953.451032191624,33.23542963240108,0.9645451348029996,1.0511591715293203e-07,0.13931479263722565,residual,1.3732700395566713e-15,8.250091262904819e-07,1.8749713606747085e-12
val,88,6,24629.31153102472,25.451379535021978,1.03541006519723,8.015196368587658e-08,0.14177154082782192,residual,1.3322676295501878e-15,6.487617977959654e-07,2.2208251624897056e-11
val,89,8,29461.394546672873,13.48820240742034,1.01331511855411,1.1755696875858606e-07,0.066228176103255,residual,1.0473823066688542e-15,6.587347372594513e-07,1.472847974646506e-11
val,90,4,17257.798178319805,10.748548660895992,0.9079112070170187,1.9966850885887354e-07,0.08205266829403797,residual,9.930136612989092e-16,2.7021035969396105e-06,8.134767913360665e-12
val,91,6,25520.083284781158,16.991047414901537,1.0585852085420433,1.2633943722607212e-07,0.09849809513427465,residual,2.2644195468014707e-15,9.096459703953867e-07,2.331217841488305e-11
val,92,8,24148.001868427673,11.57151129969859,0.9827506523510768,5.3627398955522623e-08,0.06800177744923443,residual,2.2315206618374916e-15,7.941894350924076e-07,2.1832609280241387e-11
val,93,4,16457.416324618836,7.010645308030605,1.0421972500209535,9.847758547489944e-08,0.06584429168320306,residual,2.589462819655575e-15,2.6474684831194496e-06,6.5584595640102444e-12
val,94,6,19678.364360998625,20.827996180457912,0.9162605847166017,1.6066319395699212e-07,0.13234168781356215,residual,2.220446049250313e-16,1.2056840332107606e-06,1.4580309236299762e-11
val,95,8,16904.694782976105,23.212581578364105,0.9984237332020944,1.843454470689478e-07,0.1842870013381747,residual,9.930136612989092e-16,1.7031013393972417e-06,2.1846812432094003e-11
val,96,4,18636.83632933508,10.194295584241116,1.036161579245442,7.842479216471329e-08,0.08251203153696948,residual,6.661338147750939e-16,1.001892832233512e-06,4.290077928115627e-12
val,97,6,23936.186233842873,8.27333242545173,1.0207099759472278,1.8477162925409383e-07,0.051941933315728564,residual,6.661338147750939e-16,9.06940727053302e-07,7.332580706405269e-12
val,98,8,25570.645216950223,7.048384251859201,1.011668647242151,1.667427651857094e-07,0.04134883607759363,residual,3.614624287906422e-15,8.495182887726989e-07,7.499885442698834e-12
val,99,4,17985.013694549812,12.017244388735907,1.096254163916787,6.467431640943298e-08,0.10549273856356499,residual,2.673771110915334e-15,1.003792897827969e-06,8.134767913360665e-12
val,100,6,16646.980958881348,13.08240236009842,1.0264393659365836,9.111053250957835e-08,0.11543564490408266,residual,1.7763568394002505e-15,1.6553253368108368e-06,1.5245909357181706e-11
val,101,8,19933.520416771407,14.659270247555124,1.0654906295422144,1.9025591898255719e-07,0.11107346489922373,residual,9.155133597044475e-16,8.574621616280568e-07,2.9999541770795335e-11
val,102,4,28492.78531976106,25.207715618902814,1.002799948200889,1.972575144649422e-07,0.11773746645617121,residual,6.75322301446426e-16,7.764062623716805e-07,5.828044603720762e-12
val,103,6,21003.013091783825,33.01187719006793,1.004435117670739,6.496476809408541e-08,0.19895059331930123,residual,3.1401849173675502e-15,9.563174123793593e-07,1.5541452276588702e-11
val,104,8,27082.447003585035,25.413967071775488,1.0908393188335213,1.6774662083083082e-07,0.13566508325235793,residual,1.1102230246251565e-15,9.014841880220579e-07,1.60713143914766e-11
val,105,4,27876.064735042488,9.913820346019914,1.0419603536101287,9.232554543646016e-08,0.054035887658180806,residual,1.861072919577845e-15,4.86608577530905e-07,3.701375270816176e-12
val,106,6,27292.975279336235,7.402048486892958,0.955178346868779,8.409931061049058e-08,0.03833307320677778,residual,6.280369834735101e-16,6.165856830613334e-07,7.770726138294351e-12
val,107,8,18491.26964947196,25.583948631748246,1.0412295497892283,1.9192212141436355e-07,0.19071825269373327,residual,4.572178254219405e-15,1.230635892155504e-06,2.5740467568693758e-11
val,108,4,28927.89438219773,25.841100076909402,0.9981142375256036,1.0975803693455609e-07,0.11784075517384886,residual,3.110606378280845e-15,3.781981819739e-07,4.687428401686771e-12
val,109,6,19923.8797874805,23.868621598712704,0.9411270759331297,9.424460589803908e-08,0.15091915946022025,residual,1.2560739669470201e-15,9.287115061001382e-07,8.134767913360665e-12
val,110,8,18154.88211568283,24.067273302505306,0.9188574081047748,8.337443052484603e-08,0.16284384184217338,residual,1.5742574924190435e-15,1.9438663738851105e-06,8.348051665364355e-12
val,111,4,16375.177708771369,11.32684381743318,0.9926986400151214,6.459804638605684e-08,0.09929760593270262,residual,5.17892563931115e-15,1.8174151555229511e-06,1.4551915228366852e-11
val,112,6,25337.130480461485,5.389856217601335,0.9348320282152077,1.4165114640849903e-07,0.02976975731312592,residual,1.7798229048217483e-15,8.328327366671757e-07,7.290154618149881e-12
val,113,8,23063.419538478523,26.799936976757618,1.0454898190565114,1.244823900402408e-07,0.1595663513566865,residual,2.220446049250313e-15,1.036317365482992e-06,1.6169130228773635e-11
val,114,4,16592.367347040585,26.32146180849341,0.9582643510015049,1.5609305639184328e-07,0.2002869681786729,residual,3.66205343881779e-15,1.8765029586682913e-06,1.1823431123048067e-11
val,115,6,19886.211436223093,32.276812600016875,1.0525258856109025,7.855225779205152e-08,0.21635778790672916,residual,1.1188630228279524e-15,1.3385198309257836e-06,1.505653302150977e-11
val,116,8,21099.184146125688,14.383728581408858,0.9930641203456604,1.499922372169997e-07,0.09612549736290377,residual,3.202372833989377e-15,1.04782059875354e-06,1.4580309236299762e-11
val,117,4,16878.994051413665,19.62230354358792,0.9714889558875284,1.2531758061516172e-07,0.1552879503328273,residual,4.440892098500626e-16,1.7619038252385408e-06,1.1249828164048252e-11
val,118,6,27374.198957401102,30.79676747075226,1.068551012872279,1.0078892654127585e-07,0.15377640234313986,residual,9.930136612989092e-16,6.026680564695897e-07,8.580155856231254e-12
val,119,8,19784.73461479309,18.528710521726925,0.9085080904226639,1.6340040631591543e-07,0.11778542918379724,residual,2.224778631027185e-15,1.5166041735676002e-06,1.5245909357181706e-11
val,120,4,21316.545887977292,24.753639053921138,0.9788564697629427,1.36343392994256e-07,0.1512917178468314,residual,2.0947646133377085e-15,1.1177534056911314e-06,4.547473508864641e-12
val,121,6,26849.65914933054,10.254335913156673,1.0657596620450782,8.762201392167439e-08,0.05923511289525021,residual,1.350644602892852e-15,5.894976491951679e-07,7.332580706405269e-12
val,122,8,26175.590051020226,26.91980670139596,1.0909605320420084,1.4321978347995358e-07,0.1472502317651455,residual,1.350644602892852e-15,8.573109710135878e-07,1.4896012866446834e-11
val,123,4,20403.87043104752,24.91535198549656,1.0800999666259594,1.6336331977487148e-07,0.1753637081678126,residual,3.1264164235997256e-15,8.956365985850962e-07,3.637978807091713e-12
val,124,6,20299.41977445065,33.958160318625964,1.0094516759078138,1.3883635821531065e-07,0.2114344972199683,residual,2.2315206618374916e-15,1.4766982900750873e-06,7.332580706405269e-12
val,125,8,28357.05387344971,17.36720299528306,1.0075549655741511,1.5102391145075031e-07,0.08603955195710926,residual,2.222006751886933e-15,5.198593895742258e-07,2.201213230243738e-11
val,126,4,21001.451110430055,25.62342346599173,0.9483672668276427,1.855835988529422e-07,0.15314340567350251,residual,8.881784197001252e-16,8.292709929039119e-07,3.637978807091713e-12
val,127,6,28381.436150505277,9.387074208239815,0.9065816136815473,5.590671994730996e-08,0.043859856857202964,residual,4.443059973708341e-16,7.210788538607474e-07,1.1125638132274387e-11
val,128,8,23385.580073526366,17.327476075461,1.0886074873983576,5.3123316626289504e-08,0.1124929153329315,residual,4.002966042486721e-15,5.917539731524547e-07,2.96981704509666e-11
val,129,4,28364.41052598443,22.755712927840108,1.0102568029503562,8.572602853980844e-08,0.10926368224345322,residual,1.790180836524724e-15,5.871507824636205e-07,1.0998871059607903e-11
val,130,6,21337.957176974036,12.440871328823324,0.9795204522911285,1.7167683890232194e-07,0.08204120866338092,residual,3.116544544127953e-15,8.422028668676687e-07,7.499885442698834e-12
val,131,8,25817.661301433793,13.103892102529567,1.0749792817975068,1.3132111533510615e-07,0.07806964443215161,residual,6.280369834735101e-16,6.443561247141328e-07,4.3807065881236834e-11
val,132,4,19945.806960924005,14.70504198736495,0.9468576082799951,1.375404517699439e-07,0.09892622255206053,residual,1.350644602892852e-15,1.6719503045253686e-06,7.332580706405269e-12
val,133,6,16516.019971396516,23.28334554807512,1.0396057055262795,1.9550148134190765e-07,0.19691385724035465,residual,1.6011864169946886e-15,1.5082760253969029e-06,1.4665161412810538e-11
val,134,8,26680.234292908583,9.757887659691107,0.9224969671301178,1.1378181428503823e-07,0.049243692441873564,residual,1.3322676295501878e-15,6.790700128318951e-07,1.4896012866446834e-11
val,135,4,27471.344098897636,21.361630848827062,1.0586101128458498,1.55505603041664e-07,0.11195700216029983,residual,1.350644602892852e-15,7.235951510461857e-07,2.8760747774580336e-12
val,136,6,28343.73456556911,21.968338069990317,0.982724425796616,1.3055003248193668e-07,0.10319733404935899,residual,1.1102230246251565e-15,6.048556771362481e-07,1.4999770885397668e-11
val,137,8,26065.504331831296,33.04704776203609,1.0385297666779851,8.855523511217225e-08,0.16588850339652525,residual,3.614624287906422e-15,7.164179662480199e-07,2.4404303740081994e-11
val,138,4,29698.570068346766,18.183075474958656,1.0473351312391468,1.5211685379896286e-07,0.08895982202570696,residual,9.485749680535096e-16,3.7477448152761144e-07,3.749942721349417e-12
val,139,6,17100.385447669614,5.483983141001841,1.0252822261270824,1.8768582712095285e-07,0.04919505168809587,residual,2.2266822963392197e-15,1.4856384418735294e-06,1.626953582672133e-11
val,140,8,20735.083607723376,23.724943014130247,0.9901162452334457,6.879835935248627e-08,0.1517846062238993,residual,3.580361673049448e-15,1.152422738277103e-06,1.9946776046218755e-11
val,141,4,27268.74984488359,12.561625317612252,1.053004627427512,7.08933270727419e-08,0.0696335242301452,residual,1.336885555457667e-15,7.380417941878015e-07,7.276845738399635e-12
val,142,6,20085.979445753946,29.100177709180468,0.9901482228916989,7.453386074810816e-08,0.18558550666546803,residual,2.220446049250313e-15,1.2731982155204492e-06,8.348051665364355e-12
val,143,8,19644.4247767716,24.88369531605794,1.0247062922825665,1.7587778254542382e-07,0.17261753110598171,residual,5.687116766346677e-15,1.1290157140584956e-06,2.2296536684973512e-11
val,144,4,17638.324478089056,21.912708384135026,1.0626965100538468,1.529550162282079e-07,0.1789358801704596,residual,2.3914935841127266e-15,2.109333830289844e-06,5.4569682106375694e-12
val,145,6,18022.481899618957,21.9278147751196,1.012935026642156,1.5986396072157288e-07,0.16702069679341663,residual,1.111609937126711e-15,1.4996492545434538e-06,1.4551915228366852e-11
val,146,8,25036.24810570549,26.157037730598233,0.9056539001950413,1.1471300884093177e-07,0.12479916989296472,residual,2.2315206618374916e-15,9.475342917014761e-07,1.5245909357181706e-11
val,147,4,20777.813027360695,9.41525342269141,0.9163593439860402,1.9708522697292184e-07,0.0607282374438984,residual,3.116544544127953e-15,1.369664806217415e-06,2.5724394843074972e-12
val,148,6,27245.716871783967,22.524597487614948,1.0622331749219653,1.4369634753602813e-07,0.11856155226049485,residual,1.790180836524724e-15,5.755710818734403e-07,1.4665161412810538e-11
val,149,8,26644.905985452395,19.35517227740482,0.9442760416905538,8.620420931454345e-08,0.09447155329798675,residual,2.318213734067276e-15,7.629536785196809e-07,2.1997742119215807e-11
test,0,4,20545.01084415892,49.29769224316273,1.1829903512021163,1.7546297770422161e-07,0.31808058517077875,residual,2.673771110915334e-15,1.0744536043925473e-06,7.275957614183426e-12
test,1,6,24874.203811385996,45.99250444639125,1.173733235794246,1.4281814231893905e-07,0.24933821883207818,residual,1.1102230246251565e-15,7.941535301124524e-07,1.626953582672133e-11
test,2,8,20734.808347780396,39.90079446536466,0.8502400128280293,1.8115207584044484e-07,0.1965220194728339,residual,3.552713678800501e-15,1.1663300991387095e-06,2.961100216652941e-11
test,3,4,27213.698434750186,41.46963197620943,0.873834023083315,1.5321685571545264e-07,0.15814994326937673,residual,1.9860273225978185e-15,7.628245569599733e-07,4.547473508864641e-12
test,4,6,15529.070616917401,41.7252497117316,0.8397438806294242,1.1635235882045725e-07,0.26748270051809453,residual,1.790180836524724e-15,1.8197416856590342e-06,7.275957614183426e-12
test,5,8,26192.964395282317,36.295618076983146,1.1354052737599838,1.5107240436032218e-07,0.19383979911549576,residual,1.336885555457667e-15,7.389032530829986e-07,2.572439484307497e-11
test,6,4,27030.772758024774,43.66508655367444,0.8981543588110041,1.7964220320724631e-07,0.16958460396500674,residual,1.3322676295501878e-15,8.063386257972771e-07,4.067383956680332e-12
test,7,6,29406.792564421892,45.41095418607431,1.1420647043366303,8.777955483595371e-08,0.20350068828223788,residual,1.831026719408895e-15,6.354868606522961e-07,5.1448789686149945e-12
test,8,8,27012.008262776257,44.95116498228522,1.164328642864013,1.462922189719124e-07,0.22433807570196124,residual,1.3322676295501878e-15,6.966195012022363e-07,1.626953582672133e-11
test,9,4,22336.97368583161,46.38293410106154,0.8066373486267512,9.957371867594466e-08,0.191878640093492,residual,6.6671180517865e-16,9.288682655832494e-07,2.033691978340166e-12
test,10,6,20580.085064241466,39.0871559320422,0.8997261323469555,6.932229858470651e-08,0.20644307054268066,residual,4.782987168225453e-15,9.129861229484982e-07,1.1064480586898244e-11
test,11,8,22342.185815117566,47.35030305161255,1.1097829638328365,6.698109237204477e-08,0.2674815975412131,residual,1.1102230246251565e-15,8.671232074055847e-07,1.0289757937229989e-11
test,12,4,22155.572253281858,40.45011276289992,0.817592805927957,1.6957031390540725e-07,0.17858945219530864,residual,3.72214583915569e-15,9.225329046336967e-07,4.547473508864641e-12
test,13,6,16480.790674497137,36.75956818131346,0.8907743447834426,7.945405684163106e-08,0.24399345046780072,residual,1.9860273225978185e-15,1.4487969300948671e-06,1.8749713606747085e-11
test,14,8,23039.940018772086,47.94359688441595,0.8362045526128092,6.619573580641053e-08,0.19700341277300057,residual,2.673771110915334e-15,1.235069172282042e-06,1.8189894035458565e-11
test,15,4,24854.613805372726,38.35116673482927,1.1949483483896803,5.357896956662074e-08,0.22391654550667886,residual,1.350644602892852e-15,7.160015272230457e-07,4.547473508864641e-12
test,16,6,17240.873993944242,35.02064611740409,0.827580422353329,1.6312525092963066e-07,0.20894584230566787,residual,2.6645352591003757e-15,1.1734142298204517e-06,1.5245909357181706e-11
test,17,8,24633.73875865354,41.5087067995205,1.1084687964655304,1.6810063779828505e-07,0.221772301550466,residual,1.89247439205462e-15,6.86539758203205e-07,2.329443027495599e-11
test,18,4,28816.49404005916,46.363719997358544,0.8418241614684011,1.0498684253355624e-07,0.15517987094440341,residual,9.485749680535096e-16,1.1150907841221893e-06,2.033691978340166e-12
test,19,6,21483.83926192673,39.61118918632684,1.1324703011329345,1.6758384214120588e-07,0.25131464209494664,residual,2.701289205785704e-15,1.0803849767361654e-06,1.8189894035458565e-11
test,20,8,26829.831218692278,37.65576116367194,0.8911522706179079,1.5022245076453276e-07,0.15263628652856043,residual,1.4043333874306805e-15,1.0891877767319921e-06,7.499885442698834e-12
test,21,4,29547.25334057227,43.05442644767244,0.8182390322682214,6.528801172679017e-08,0.13998495861873705,residual,1.3334236103573e-15,5.246947791988782e-07,2.7284841053187847e-12
test,22,6,16519.185239326278,48.665270696530015,0.8667423919771314,6.024954620847407e-08,0.2875097855930654,residual,1.6011864169946886e-15,2.2552945767826373e-06,2.2499656328096503e-11
test,23,8,16624.12951933355,42.169446606547126,0.8422568243248723,1.424342967270619e-07,0.25246519548645013,residual,3.972054645195637e-15,1.852168378913277e-06,1.669610333072871e-11
test,24,4,24035.898309007884,40.53200059750065,1.1945677401651467,9.914596237115675e-08,0.24086601356777826,residual,1.790180836524724e-15,1.3290204535752189e-06,8.580155856231254e-12
test,25,6,19256.325611470846,35.95148866363513,0.8465579555870809,1.0805096403912381e-07,0.1951917312531375,residual,2.9790409838967277e-15,1.7960541312810487e-06,1.669610333072871e-11
test,26,8,29756.17845541494,39.849510219500964,0.8660347463972861,6.211747571569098e-08,0.13935683008487404,residual,1.8971499361070192e-15,5.374956851243108e-07,1.1249828164048252e-11
test,27,4,17311.101061240974,38.44756926479743,0.8600722670866177,1.766110408275316e-07,0.23181896411422773,residual,8.881784197001252e-16,1.6291075092163572e-06,4.290077928115627e-12
test,28,6,16847.363479820746,46.30581984460106,0.8078419793589123,1.6578307154794028e-07,0.2545042510369206,residual,1.5582722720639764e-15,1.8133469167376552e-06,9.795557720525728e-12
test,29,8,22060.654108026232,39.0656632031166,0.8521689617197686,1.479338346437511e-07,0.18233575236310745,residual,1.4043333874306805e-15,1.2159389147171072e-06,2.1827872842550278e-11
test,30,4,26375.70969423461,39.327740542346845,0.8771851114545854,7.814109158441301e-08,0.15774189209293482,residual,8.005932084973443e-16,6.82717915965585e-07,4.067383956680332e-12
test,31,6,18658.850664720445,38.45884470219882,1.1241494599633886,1.412967713851577e-07,0.2811710653478031,residual,9.930136612989092e-16,1.325712983623015e-06,1.1249828164048252e-11
test,32,8,20446.52093142871,37.536432418848236,0.895569722650132,1.897271121050672e-07,0.2008118233172346,residual,1.831026719408895e-15,1.0632604235856972e-06,1.4999770885397668e-11
test,33,4,20810.059293043407,44.73338282846661,0.8262832915414712,5.394852935160696e-08,0.2059825892283664,residual,4.440892098500626e-16,1.2628854888837579e-06,6.5584595640102444e-12
test,34,6,18667.22238489714,43.16020180019393,1.1128812307097298,5.0395397906702884e-08,0.3018682918460964,residual,1.4217791915866692e-15,1.4535673898204096e-06,5.624914082024126e-12
test,35,8,25430.57009948568,42.77144339925429,1.1040880661105996,1.970930282428801e-07,0.21847337129216232,residual,1.2215606906376903e-15,6.434258865411513e-07,2.0579515874459978e-11
test,36,4,23759.153277983496,38.88553047109025,0.8541919151783167,1.94503386572873e-07,0.16913619715024752,residual,1.4895204919483639e-15,9.560064628118065e-07,1.8749713606747085e-12
test,37,6,19975.735806841458,40.28190669305936,0.8607445601831646,1.763439397957433e-07,0.20791540073856637,residual,1.334867178616311e-15,1.2754016232698755e-06,9.094947017729282e-12
test,38,8,19515.935632255558,35.77860357100204,0.8202085234907222,1.8812243074616482e-07,0.18592614836436064,residual,2.589462819655575e-15,1.9049550033814252e-06,1.8189894035458565e-11
test,39,4,17840.236067847,47.422623839694836,1.157231644826167,1.95835602625774e-07,0.34964489543304206,residual,2.808666774861361e-15,1.9241688966270703e-06,5.823607568738997e-12
test,40,6,25839.042771264416,43.17848656463156,0.8942854185211635,1.833929037062164e-07,0.17529681432935146,residual,6.280369834735101e-16,5.455482760634257e-07,7.275957614183426e-12
test,41,8,21836.026416423363,48.209160595888235,1.166584998231181,1.3585257188346926e-07,0.2910114381192668,residual,9.036560719766055e-16,1.314147899239643e-06,2.212896117379649e-11
test,42,4,16206.81658521147,39.22334939549586,0.8099963325794091,6.600247150728841e-08,0.23659912223607885,residual,3.66205343881779e-15,2.678428754794742e-06,8.580155856231254e-12
test,43,6,23901.932232823623,39.670920557822136,1.1732091728653586,9.244534655925803e-08,0.2342690318470597,residual,2.8457249041605285e-15,1.0621388487179354e-06,9.094947017729282e-12
test,44,8,25903.98465361647,41.1698763331977,0.8942941123350174,1.5060259109215768e-07,0.16917241903572766,residual,2.0947646133377085e-15,5.074729262331631e-07,1.0289757937229989e-11
test,45,4,18448.447979731576,35.740996502039565,0.8183189565570004,1.481618485659719e-07,0.196076185625573,residual,9.036560719766055e-16,1.5144648302441869e-06,1.9426815345735877e-12
test,46,6,22463.896527171433,44.15714147321829,0.8134454646407018,1.6038226837234285e-07,0.1862231224723118,residual,3.552713678800501e-15,1.0735649368515996e-06,1.1647215137477994e-11
test,47,8,18587.85095780315,38.84275122832017,0.8612033109528099,7.617319502828322e-08,0.2177921222348206,residual,2.673771110915334e-15,1.1261062103316312e-06,1.626953582672133e-11
test,48,4,23486.43532528602,42.73013334269529,0.8147461756238268,6.952796616979398e-08,0.17444847334435767,residual,8.005932084973443e-16,5.82270653173373e-07,4.067383956680332e-12
test,49,6,28966.694417322666,48.116640704048855,0.8432597130269324,8.712747670369209e-08,0.15837995072623626,residual,2.2315206618374916e-15,4.597349656129166e-07,3.637978807091713e-12
test,50,8,28178.780916111427,38.093286340854235,1.1044439677263655,1.193305569894811e-07,0.18164579967623007,residual,9.155133597044475e-16,3.7702221254530536e-07,1.0951766470309208e-11
test,51,4,16227.388881019464,46.040740677149984,0.8782617270500012,1.1627906408945725e-07,0.28618234753617017,residual,8.882868333007367e-16,1.8660599130631988e-06,8.134767913360665e-12
test,52,6,28143.30924571565,46.87101886698597,1.116264849988437,7.764035698572531e-08,0.2121883707176164,residual,8.881784197001252e-16,6.694110484176083e-07,9.668061295755842e-12
test,53,8,21100.134251399457,49.36479993525268,1.1533950389327425,8.869245800884515e-08,0.30221982204403713,residual,3.468447607305094e-15,8.806318954987729e-07,2.329443027495599e-11
test,54,4,15967.45902368968,43.43962599844705,1.1380905260018683,9.549600815790163e-08,0.3624968706526129,residual,3.972054645195637e-15,1.8072552243322508e-06,7.770726138294351e-12
test,55,6,21089.65434430658,49.52975817006064,0.8102333458436806,1.8733665792782558e-07,0.2128486083988263,residual,3.0847422370805075e-15,1.0968545511035765e-06,1.4551915228366852e-11
test,56,8,24567.114695171313,43.717937720543546,0.8572564804317143,1.6070897785513303e-07,0.17824094514561614,residual,9.930136612989092e-16,8.055734386100636e-07,1.3116919128020489e-11
test,57,4,27545.570790820508,48.86612980549563,0.8656552571913978,1.9068187433260766e-07,0.17265076497365123,residual,1.3334236103573e-15,4.268976107689848e-07,3.2792297820051222e-12
test,58,6,15781.43802157939,41.529706635068614,1.1449706289081094,1.0382165750423301e-07,0.3576973615641966,residual,1.2560739669470201e-15,2.087722094702821e-06,2.9330322825621076e-11
test,59,8,29575.34762615466,38.87799161364557,1.1961205008581475,6.51709922564554e-08,0.1902375023107308,residual,4.577566798522237e-16,5.674852174973586e-07,1.3116919128020489e-11
test,60,4,29932.07777334631,44.884242069972444,0.8332346347386742,9.59443657853487e-08,0.1447380894177944,residual,4.47545209131181e-16,5.618483112406542e-07,3.749942721349417e-12
test,61,6,23541.442251602995,45.630556525386744,1.169706404723707,6.471254905857285e-08,0.26118761207911917,residual,8.886119947416683e-16,1.0032750666895663e-06,1.1647215137477994e-11
test,62,8,23646.21384864005,49.476047231137414,0.8038220042810349,1.040047346933822e-07,0.1882070899247417,residual,6.664070680274406e-16,8.324811490691256e-07,1.0606439709309235e-11
test,63,4,23273.7349239012,48.15302336404503,0.8939601771203303,1.5855360536542616e-07,0.20907317474256268,residual,1.1102230246251565e-15,1.0314130149351176e-06,7.499885442698834e-12
test,64,6,16005.911565070459,42.044034994805955,1.1868342934273792,1.9863086156701873e-07,0.3687287788085865,residual,3.72214583915569e-15,1.5118639669694532e-06,1.626953582672133e-11
test,65,8,28708.49360871419,40.570742761180526,1.156723760505043,1.5461107852392754e-07,0.1954063233591777,residual,2.931072891608563e-15,5.573298918372165e-07,1.626953582672133e-11
test,66,4,23250.31841616081,40.45833189506513,0.8111978840086956,1.995397420745848e-07,0.16887380009963746,residual,1.790180836524724e-15,6.450095934562139e-07,6.5584595640102444e-12
test,67,6,15251.069012468677,37.54256262699182,1.188437910835098,8.546186952788777e-08,0.35730388761756443,residual,1.6011864169946886e-15,1.9371503021525182e-06,9.094947017729282e-12
test,68,8,17771.42070910423,45.499135545190114,0.8167943073890692,1.3212514849599976e-07,0.24114111469747748,residual,2.701289205785704e-15,1.6832052645272677e-06,9.094947017729282e-12
test,69,4,22205.523060920765,42.01120636963196,1.1009117176879464,1.5168055807074907e-07,0.2464069460345971,residual,2.2247786310271853e-16,1.137228188158408e-06,4.067383956680332e-12
test,70,6,17559.834533544876,40.78959989225689,1.1272073381163905,1.20603660929982e-07,0.31250502434353655,residual,6.556898606395035e-15,1.240955524279292e-06,1.4665161412810538e-11
test,71,8,20570.950877427444,42.4726445507357,1.1914454500158373,1.184436559194221e-07,0.29004853751378484,residual,2.589462819655575e-15,1.135125284340609e-06,2.6233838256040978e-11
test,72,4,20166.87201101292,36.42188412009582,1.123007676173135,9.068464969926183e-08,0.24965905945073674,residual,8.920730087951354e-16,1.1063701664802881e-06,7.499885442698834e-12
test,73,6,25653.380713803184,44.5446553964301,0.8059841931703012,1.2793385665070423e-07,0.1625272384438952,residual,2.2644195468014707e-15,6.652255797551737e-07,2.121287941861847e-11
test,74,8,23597.148028813237,43.38119852779222,1.1514938448500667,1.2795169000819393e-07,0.24795142605962606,residual,3.7942998722140385e-15,7.210673601649643e-07,2.300859821966427e-11
test,75,4,16095.374775325068,38.87632842188041,0.8540637091682849,1.2320887218519517e-07,0.2495897654498418,residual,8.899114524108741e-16,1.563472293453779e-06,1.4805501083264704e-11
test,76,6,15400.506857934914,46.56401733104043,1.1856309345516547,1.8445359550142784e-07,0.4101005928234765,residual,2.6645352591003757e-15,2.11208605249078e-06,1.5541452276588702e-11
test,77,8,25828.993779984485,45.45511626876272,0.8454561430339884,5.14770550901895e-08,0.17162717186100462,residual,9.930136612989092e-16,6.507374840887373e-07,1.626953582672133e-11
test,78,4,24685.92291828106,35.94680472064018,0.8601213598076646,8.329837283917384e-08,0.15468423064204165,residual,3.3306690738754696e-16,8.262548173318582e-07,2.033691978340166e-12
test,79,6,20628.366894901796,49.69749212375254,0.825772643475287,1.956697821390995e-07,0.22224673074772655,residual,3.1401849173675502e-15,2.2089973019259144e-06,8.134767913360665e-12
test,80,8,22876.246980169144,37.574451319367284,0.8489520596461662,1.7839860089506084e-07,0.17026736981579824,residual,1.8971499361070192e-15,9.128577807274821e-07,1.0289757937229989e-11
test,81,4,27800.901319477154,47.224418598433196,1.1377218182541033,1.0242074354623638e-07,0.2199958716685097,residual,1.350644602892852e-15,1.0061751391786157e-06,4.897778860262864e-12
test,82,6,22971.306192312994,43.52237378801482,0.8254001031338684,1.2521641754639939e-07,0.18298072826430323,residual,1.1105699151271774e-15,9.706675001831285e-07,4.547473508864641e-12
test,83,8,21585.88152872825,44.25057878718201,0.8888523373523725,1.7940752466113924e-07,0.21206512887815837,residual,1.6165091241761062e-15,1.0547026532185748e-06,8.134767913360665e-12
test,84,4,25210.333184094983,49.86289246743141,1.1031932453301236,1.4861898641109896e-07,0.24344682507272025,residual,8.005932084973443e-16,9.632272431185708e-07,3.2792297820051222e-12
test,85,6,27078.215109310244,40.369060911378924,1.1715452787137808,1.4672989021572636e-07,0.2090845001268164,residual,1.1102230246251565e-15,8.370512328985895e-07,6.5584595640102444e-12
test,86,8,25704.777328314245,35.146984359302685,0.8532196912344545,9.090570502987113e-08,0.14488223001633638,residual,3.568292035180542e-15,6.893391844140381e-07,1.0289757937229989e-11
test,87,4,23700.928074080723,47.6792578125531,1.181483314613652,1.337745982455952e-07,0.26963244139071063,residual,9.485749680535096e-16,6.917205301817628e-07,4.067383956680332e-12
test,88,6,28932.44525385892,35.80202624733218,1.1517949887083159,5.987069948445466e-08,0.17620137699681615,residual,7.771561172376096e-16,5.235023813180421e-07,5.1448789686149945e-12
test,89,8,23441.6393191171,37.59042755147738,1.1873432122597332,1.615720699856223e-07,0.2324648162516268,residual,2.9790409838967277e-15,9.74917662010287e-07,2.1827872842550278e-11
test,90,4,27250.04986337626,40.666932919364235,0.8833430954810624,9.640098657833093e-08,0.15747449453943624,residual,4.965068306494546e-16,6.927131513337808e-07,2.033691978340166e-12
test,91,6,28410.410298111747,45.38636125094484,1.135546540893256,1.123727786188854e-07,0.20936030934871344,residual,2.7217452008024307e-15,8.538350859132677e-07,5.4569682106375694e-12
test,92,8,23110.28945018285,46.33905515003492,0.8358292372676704,1.1453181420874511e-07,0.19205090759859053,residual,7.802476885071851e-16,1.107428895650282e-06,1.626953582672133e-11
test,93,4,22595.27973728833,42.15831541339569,0.8825917074870072,1.0705318053500249e-07,0.19460698760110373,residual,9.930136612989092e-16,1.0586330091950866e-06,4.547473508864641e-12
test,94,6,27202.368242466262,49.97762480444727,0.8098741387603866,1.8242946451771314e-07,0.16586586287497854,residual,8.881784197001252e-16,5.46756464430269e-07,3.637978807091713e-12
test,95,8,23169.61951407106,39.745737800700915,0.8701270623889515,8.637024677035405e-08,0.17948282408468139,residual,2.2644195468014707e-15,8.680885228109342e-07,9.094947017729282e-12
test,96,4,20083.74876915633,36.64182152000792,1.1001496226947138,1.609666411163499e-07,0.24669423026351317,residual,8.881784197001252e-16,1.623036811962417e-06,3.779125595109386e-12
test,97,6,25941.079565521737,47.337972267140124,0.8693923906141152,6.473935489255735e-08,0.18044155456817731,residual,6.111054354846122e-16,8.557536721413376e-07,5.823607568738997e-12
test,98,8,23532.092208962364,41.9953038319277,0.8675730241353188,6.758265575734784e-08,0.1831861268451689,residual,1.2560739669470201e-15,7.129660228723464e-07,1.0913936421275139e-11
test,99,4,26448.238463085218,46.19762357680474,0.8820736494540565,1.8710974233226527e-07,0.17674374307495827,residual,2.2644195468014707e-15,8.26420508246284e-07,2.7284841053187847e-12
test,100,6,15945.173214746861,47.961732039200754,0.8673852591280331,1.5242895816211284e-07,0.29534523054381245,residual,1.336885555457667e-15,1.88558975674964e-06,9.094947017729282e-12
test,101,8,27965.05384855197,44.83031157978151,1.1046812878358636,1.7102126472936447e-07,0.20522246353998458,residual,8.881784197001252e-16,6.473232114311372e-07,2.300859821966427e-11
test,102,4,27877.536752089796,47.624246043705256,1.1575026936812924,1.680029308525994e-07,0.224417470162416,residual,8.881784197001252e-16,6.422587472560899e-07,1.8331451766013172e-12
test,103,6,24125.80862764475,44.03945580624208,1.1916548041164596,9.97456829348041e-08,0.25355718211166806,residual,2.220446049250313e-15,9.478371256875352e-07,8.134767913360665e-12
test,104,8,29320.593903819918,39.443160272175575,0.858095891159793,1.8172565065236248e-07,0.1391038777297956,residual,2.701289205785704e-15,4.5475362947366686e-07,2.4404303740081994e-11
test,105,4,21575.695183785676,38.78957480712199,0.8776161233664432,6.171827295917993e-08,0.19101789917312118,residual,1.4043333874306805e-15,1.1335397641818799e-06,2.5724394843074972e-12
test,106,6,23527.550706408958,43.71523261628561,1.1664241766046508,1.9518533239148012e-07,0.25322839047197154,residual,9.930136612989092e-16,1.1430381219338754e-06,1.3116919128020489e-11
test,107,8,20457.865080259242,40.73314599913282,0.8620930743063683,1.0085582831467566e-07,0.20494723053616723,residual,1.1103097574110882e-15,1.345498419267111e-06,8.134767913360665e-12
test,108,4,24694.366848525682,42.751911522241855,1.1137733772100797,1.8218428622322496e-07,0.22688890978393872,residual,2.701289205785704e-15,6.880053100735945e-07,8.185452315956354e-12
test,109,6,19547.801810387842,39.582073243792756,0.8776839310996979,1.532065383241959e-07,0.21395074527349253,residual,8.95090418262362e-16,1.77159161614758e-06,7.332580706405269e-12
test,110,8,27196.14805347552,44.95112871779229,1.1545463445100361,9.833644878992616e-08,0.22094695612694734,residual,1.734223803652547e-15,8.586437659364517e-07,3.354050734667139e-11
test,111,4,24246.97194135326,39.242922951763546,0.8442145344016131,1.0672047173863496e-07,0.16488433288856177,residual,8.881784197001252e-16,6.616753493461264e-07,5.475883235154604e-12
test,112,6,22360.12392514864,46.10451777063518,0.8777210794432279,1.4068670342455682e-07,0.20775152432320088,residual,1.8971499361070192e-15,1.6733004537486469e-06,1.9336122591511685e-11
test,113,8,29331.772911262175,44.42424156926644,1.1566496870762206,1.686541141715758e-07,0.20361889880698275,residual,1.2560739669470201e-15,7.12656244982424e-07,1.4999770885397668e-11
test,114,4,20124.45023348419,44.75809781759219,0.8371718101496874,1.0969656627502505e-07,0.2158867317224052,residual,1.2560739669470201e-15,1.3782154536326024e-06,8.134767913360665e-12
test,115,6,22743.296851124593,38.60673560827819,1.1834683578576948,1.530651624318221e-07,0.2435272264621256,residual,1.831026719408895e-15,8.853373168823255e-07,1.4551915228366852e-11
test,116,8,23081.551090685425,47.36755108018356,0.8973235221247052,1.3643924108822877e-07,0.2093954650301138,residual,4.189529226675417e-15,8.489235813042978e-07,2.6233838256040978e-11
test,117,4,23498.850286176363,41.85139822265124,0.8548797312381279,1.4948186431116134e-07,0.18032974174530075,residual,2.3525204118543076e-15,1.0744758163293203e-06,5.823607568738997e-12
test,118,6,20521.450832865874,48.54515429527689,1.1954982810491561,9.752587650789347e-08,0.31872480870164666,residual,1.350644602892852e-15,1.362250893522055e-06,1.8189894035458565e-11
test,119,8,28592.14680486713,45.970520115639545,0.8082454451032564,1.7801097652396424e-07,0.14932369896995484,residual,1.111609937126711e-15,6.163315450149057e-07,1.1064480586898244e-11
test,120,4,17824.329916230767,37.17897819882543,1.1075456583305063,1.8675048396786954e-07,0.2828723520305035,residual,1.790180836524724e-15,1.5203103274417518e-06,3.8853630691471754e-12
test,121,6,25643.87080628587,35.899366647509204,1.1745211292962425,1.4585101871957269e-07,0.20313390578930654,residual,8.005932084973443e-16,8.20915386421879e-07,7.499885442698834e-12
test,122,8,19748.171476379033,38.5710124167256,1.1833055594075195,8.568470326583867e-08,0.28023474166474993,residual,2.0947646133377085e-15,1.160366217510217e-06,2.6233838256040978e-11
test,123,4,26638.139461533283,41.815370658994084,0.8014904845171893,9.982489051117258e-08,0.14905366535002543,residual,2.220446049250313e-16,4.893167603309031e-07,1.8189894035458565e-12
test,124,6,26336.128940881972,36.592026528866626,0.8061683043301429,8.597546149360262e-08,0.1377165166521337,residual,3.5596458096434965e-15,5.551771301645832e-07,6.1010759350204984e-12
test,125,8,17980.688791738212,37.06536554322966,1.1456741562349957,1.817816919544579e-07,0.2894096740121068,residual,3.2330182483522125e-15,1.6263017131425639e-06,2.6233838256040978e-11
test,126,4,21920.991655828537,36.52465894986211,0.8009586692250791,1.584708017782076e-07,0.16415942936632744,residual,1.5573450417190297e-15,1.458483411307666e-06,7.402750541632352e-12
test,127,6,24356.557647790247,35.963988685055725,0.8401411935129182,1.8255376493969073e-07,0.15318907659657016,residual,1.831026719408895e-15,8.872792357023447e-07,8.134767913360665e-12
test,128,8,28037.611840434347,47.53727685463562,0.8099339296427497,1.1564657477381069e-07,0.15595131515313837,residual,2.2887833992611187e-16,6.443352765589097e-07,1.4206761399521665e-11
test,129,4,26322.688898677894,48.31999212436911,1.1679052358458801,7.204549746680324e-08,0.24203409132552567,residual,1.831026719408895e-15,8.221578687455895e-07,5.4569682106375694e-12
test,130,6,21430.107478152186,42.817541648637544,1.141493409061295,1.8130056325880694e-07,0.2682389609980421,residual,4.440892098500626e-16,1.5899379806214655e-06,8.134767913360665e-12
test,131,8,24390.799449932696,43.04641471821968,1.134831975302943,1.4722137583920809e-07,0.23516268455053743,residual,4.14813554445046e-15,9.737179743919135e-07,1.626953582672133e-11
test,132,4,19687.38994633917,46.66895977131084,0.8003238973941648,1.71381765486757e-07,0.21686502607684538,residual,1.8971499361070192e-15,1.345536577516608e-06,3.749942721349417e-12
test,133,6,24390.822729151285,49.346712846512574,0.8036633519457194,1.5460404737654814e-07,0.1821288613944907,residual,9.930136612989092e-16,7.580519198314046e-07,8.134767913360665e-12
test,134,8,18380.621545788003,35.75667487165546,0.8955426999426239,1.5428612758095043e-07,0.21544253216985673,residual,1.9860273225978185e-15,1.4055193489358505e-06,1.6370904631912708e-11
test,135,4,25341.466611339198,47.88603146700595,0.8888731786480384,5.7706225813229526e-08,0.1902471371218923,residual,2.318213734067276e-15,6.419416362431176e-07,5.1448789686149945e-12
test,136,6,23855.78610362222,45.14386238472533,0.8028763837717906,1.5839712412618375e-07,0.17566161480691056,residual,6.662783593823665e-16,1.0106139150504528e-06,4.067383956680332e-12
test,137,8,27246.263265980273,37.31565851843784,0.8838697418226008,9.458399461275192e-08,0.14808164571681892,residual,4.490574227168739e-15,5.503898989842435e-07,1.4551915228366852e-11
test,138,4,17925.004599405023,35.3640453915334,1.159625792137306,6.530448359192092e-08,0.28369343457157353,residual,1.4217791915866692e-15,1.3757397816755016e-06,1.8189894035458565e-12
test,139,6,18262.546267392427,47.82110239591228,1.199281001441122,1.4884145374842836e-07,0.35587200284743326,residual,1.9860273225978185e-15,8.893146429722433e-07,2.9999541770795335e-11
test,140,8,25442.520511172734,39.09704942359309,0.8933823978195208,6.550202817734184e-08,0.16584172939855027,residual,5.365950338995594e-15,6.939939664593367e-07,2.129072510928313e-11
test,141,4,28893.13058316407,37.966917140728334,0.8493335841593614,1.9646698897306263e-07,0.13590362279912085,residual,3.116544544127953e-15,6.436472898278653e-07,3.8853630691471754e-12
test,142,6,29043.92377789002,36.44580644665237,0.8693330604630374,1.0146141013078998e-07,0.1342600624674815,residual,1.111609937126711e-15,4.580065712386574e-07,3.637978807091713e-12
test,143,8,22813.31628713834,41.76025766612095,0.8332204506164685,6.492449416857229e-08,0.1807673841377936,residual,1.1102230246251565e-15,7.273881753280058e-07,9.094947017729282e-12
test,144,4,25764.927095915584,44.82391508241648,1.179051489199975,1.7878846178962146e-07,0.2377201484825665,residual,1.9860273225978185e-15,6.943135736499196e-07,7.499885442698834e-12
test,145,6,27298.398065180205,37.64727467025201,0.8457973059962993,1.09012382123998e-07,0.14235769677173077,residual,4.47545209131181e-16,5.91959213563373e-07,7.499885442698834e-12
test,146,8,29502.208559970462,38.41147341670152,0.8040410136911189,1.0654022418965543e-07,0.12707648440259284,residual,1.3426356273935429e-15,5.57415269155525e-07,1.1647215137477994e-11
test,147,4,28265.269338709346,37.41512078191785,1.1590358875216231,1.8929876332913254e-07,0.18754991332730786,residual,8.881784197001252e-16,5.056040952821982e-07,3.637978807091713e-12
test,148,6,29812.002608972238,41.270289388152165,1.1663385577565726,1.3697587298609978e-07,0.19204056104866665,residual,7.776515945702113e-16,6.425199106349478e-07,1.3116919128020489e-11
test,149,8,25641.449606832663,48.12876180656988,1.1485753750575365,1.6169287065186522e-07,0.24373853081610708,residual,1.4043333874306805e-15,5.875634352294914e-07,1.1504299109832135e-11
test,150,4,21172.381912057936,44.39745414802401,1.1095125194478659,7.393077768891503e-08,0.27048356846017374,residual,6.662783593823665e-16,1.1450574987717146e-06,1.0289757937229989e-11
test,151,6,24207.886832979253,44.40205444233085,1.12045081093807,6.683910752270298e-08,0.23891563877558578,residual,1.111609937126711e-15,5.51160865985463e-07,1.4999770885397668e-11
test,152,8,22985.149478426123,36.64951900850662,0.8042027520793701,1.305685300352426e-07,0.15759344356525645,residual,4.528839093602941e-15,9.280919824696297e-07,1.1504299109832135e-11
test,153,4,16558.16082934891,44.96463948694549,1.1972393112481234,8.546650177884968e-08,0.37639165390026,residual,3.2330182483522125e-15,3.022843012004163e-06,6.5584595640102444e-12
test,154,6,25941.723153821884,47.60236920814425,1.1888459157196907,1.7000184437266856e-07,0.24762131232320023,residual,5.551548787055441e-16,6.413736869952874e-07,1.1647215137477994e-11
test,155,8,22295.312807603113,43.4692664989254,1.1934175344882072,5.291665211935626e-08,0.2723604662493874,residual,1.9860273225978185e-15,8.774247463412125e-07,3.049181871436341e-11
test,156,4,17781.058053057335,37.13711207129555,0.8330355644140855,6.657603034662854e-08,0.21310124419273666,residual,9.155133597044475e-16,1.07801969429106e-06,8.829596408280667e-12
test,157,6,26435.62853128738,36.18240757967284,1.190422572063234,1.9099245132127585e-07,0.20089701188257827,residual,6.713178136967714e-16,6.609209937279121e-07,1.4551915228366852e-11
test,158,8,27075.997772661605,45.44556442243982,1.156165793277592,8.540699735586334e-08,0.2238605960686493,residual,4.577566798522237e-16,8.500560864141005e-07,1.626953582672133e-11
test,159,4,19061.886091976572,47.807572558414314,0.8038671307911471,1.5254698053783736e-07,0.22849366338509322,residual,2.701289205785704e-15,1.1889450877588241e-06,3.637978807091713e-12
test,160,6,24549.57611731707,46.833142240979996,0.8733642487875349,1.4048196666472852e-07,0.1902187620312795,residual,6.684427777288335e-16,1.1413778044193596e-06,8.134767913360665e-12
test,161,8,16079.801586863101,44.753973754656414,1.1361915548454957,1.3539495085168396e-07,0.36667346018898633,residual,2.220446049250313e-15,1.3316539019034285e-06,2.841352279904333e-11
test,162,4,23309.81576451409,44.84382123389655,1.1366350767754974,9.995922319154937e-08,0.25338051795919064,residual,8.005932084973443e-16,8.97797418872006e-07,4.067383956680332e-12
test,163,6,29876.587572393753,35.550304401015644,0.8094775529549293,1.311138750290068e-07,0.11928511729264554,residual,3.595820250601821e-15,3.578251588627317e-07,1.0289757937229989e-11
test,164,8,16971.83517114719,41.94001681692497,0.8871612074293582,1.8960788381335535e-07,0.2594912054176115,residual,4.311326371230795e-15,1.5293828069040016e-06,2.212896117379649e-11
test,165,4,15048.915694238352,36.945444502935544,1.156965096917168,7.618495267583187e-08,0.34836147885937496,residual,3.552713678800501e-15,2.1087106639837255e-06,1.0289757937229989e-11
test,166,6,20489.3366122217,39.201462884365085,0.8025654049701255,8.117132833222541e-08,0.18535548555953849,residual,2.9790409838967277e-15,1.213240794458036e-06,5.4569682106375694e-12
test,167,8,18274.98400120866,40.579615550555154,1.1345878451511597,1.297095172111955e-07,0.30113956203354186,residual,2.886579864025407e-15,1.7813100513262662e-06,3.086927381168996e-11
test,168,4,18966.556592331923,38.944145185485496,0.8784516179953012,1.8356220183977578e-07,0.21812986856599903,residual,3.877842313165343e-15,1.8641032337401423e-06,7.290154618149881e-12
test,169,6,18701.05746755675,43.5711117227377,0.8485327462247092,6.614178598559691e-08,0.23123837708707307,residual,1.5565409952966684e-15,1.6162181322436878e-06,1.0951766470309208e-11
test,170,8,15421.903856433835,36.84061837980278,0.8474317370075077,1.6872315143751913e-07,0.24846541590202736,residual,4.189529226675417e-15,2.428956042595403e-06,2.123236759858401e-11
test,171,4,17306.582379444,46.9471707396439,1.1220361066471078,1.9256519651924321e-07,0.3472014628183151,residual,6.684427777288335e-16,2.3791125365583166e-06,1.3116919128020489e-11
test,172,6,28692.652433900934,44.243019460878486,1.1364421548184909,1.0823549217436255e-07,0.20395579763019114,residual,9.930136612989092e-16,6.579109312956409e-07,1.9336122591511685e-11
test,173,8,18316.280995318313,47.13591574260622,1.109792079344071,1.3145292868756233e-07,0.32532419199268353,residual,3.5596458096434965e-15,1.5064656347823022e-06,3.1082904553177403e-11
test,174,4,21619.16489973164,36.9481980303015,0.8294999573071925,6.007850451830211e-08,0.1738667508878506,residual,1.4043333874306805e-15,9.342248975454091e-07,6.1010759350204984e-12
test,175,6,20818.862048173898,42.6451524352002,0.8131237963264926,8.017474039603739e-08,0.19613984827270844,residual,2.701289205785704e-15,1.3410244593407961e-06,9.094947017729282e-12
test,176,8,19160.578471159988,36.144027769615036,1.1318910398085165,1.2550524598958888e-07,0.26333763940564664,residual,3.020133145511626e-15,1.2482294865940106e-06,2.3646862246096134e-11
test,177,4,23060.437408459245,48.095363822627334,1.1829972324280047,9.46229639377307e-08,0.2790178267281791,residual,3.179194921382489e-15,1.2813853287085361e-06,3.2792297820051222e-12
test,178,6,17714.25232022583,39.22114886318765,0.8678175770992824,1.7848680472374882e-07,0.2319080543982086,residual,1.790180836524724e-15,1.6844374307734188e-06,5.823607568738997e-12
test,179,8,19591.95383883846,43.9807980413799,0.8192448535520322,7.602173490518157e-08,0.21446271020021848,residual,2.482534153247273e-15,1.1023768054653466e-06,7.499885442698834e-12
test,180,4,28448.542616174633,40.20629884893398,1.1315409006841421,1.585900498947307e-07,0.19166571006259042,residual,8.95090418262362e-16,6.202071354931264e-07,5.752149554916067e-12
test,181,6,22183.02184715496,36.48415677771048,1.1457899558824194,5.306433328218659e-08,0.2318680732954423,residual,2.7465400791133427e-15,1.206350498323748e-06,1.5541452276588702e-11
test,182,8,28311.472141288577,41.29007612244444,0.8962287226228813,1.6481237104851167e-07,0.15543975810815047,residual,3.179194921382489e-15,5.071670471718197e-07,2.0579515874459978e-11
test,183,4,18092.62773460581,36.369157770193496,1.1720914800679916,1.274459671962317e-07,0.2901304433366638,residual,1.2560739669470201e-15,1.293557056610367e-06,1.2202151870040997e-11
test,184,6,27075.809969950224,37.4982026074906,0.8943513632172094,1.2649232969645724e-07,0.15132476161853878,residual,2.3525204118543076e-15,6.080589341307284e-07,1.4999770885397668e-11
test,185,8,29111.8071081874,38.11756150612173,0.8456042056097062,1.3947887783084763e-07,0.13468034245284086,residual,1.336885555457667e-15,4.318138409753931e-07,1.4665161412810538e-11
test,186,4,17759.723300397374,47.40272399319192,1.1445716943724258,1.965640116172421e-07,0.34729393317683827,residual,4.0943002132167226e-15,2.538420368495938e-06,4.547473508864641e-12
test,187,6,17972.531732173735,49.10803723870141,1.1023255255956992,9.470271068089612e-08,0.338001517953265,residual,1.3322676295501878e-15,2.2973134598725725e-06,1.0289757937229989e-11
test,188,8,29717.22270860274,37.81279641312603,0.8238587211940281,1.2690237918974767e-07,0.12778983896180843,residual,1.4043333874306805e-15,6.368541569180712e-07,7.770726138294351e-12
test,189,4,16076.669874544106,38.98927008183038,1.1845846709417063,1.8505638930331053e-07,0.347311984100749,residual,8.005932084973443e-16,1.3341475889882362e-06,7.941821057362623e-12
test,190,6,26119.43128686146,35.9630689070292,1.1248977695314506,8.774483240837914e-08,0.19126364708521426,residual,9.485749680535096e-16,7.611496584111462e-07,9.094947017729282e-12
test,191,8,22154.1122165562,42.482890676209976,1.1052662594233007,9.478538388996192e-08,0.24988250150778693,residual,3.3306690738754696e-15,1.0944868917239233e-06,1.8189894035458565e-11
test,192,4,20411.444728833358,41.89861244360763,0.8802957593428685,5.944258184715667e-08,0.21394642614675724,residual,1.4043333874306805e-15,1.0178533015752306e-06,5.1448789686149945e-12
test,193,6,19151.046765057086,49.199434581445566,1.117322592134454,1.381825356468021e-07,0.32189059343432214,residual,1.3322676295501878e-15,1.2941204687533318e-06,9.795557720525728e-12
test,194,8,19835.22657551698,46.23144636960717,0.8502586729233329,1.968615560647234e-07,0.22727826525590028,residual,3.66205343881779e-15,1.2894617438071194e-06,8.134767913360665e-12
test,195,4,22679.588787643985,43.402008959220005,1.127616946655236,1.3498275652544103e-07,0.2527161820034825,residual,2.237726045655905e-16,2.1468528041794097e-06,4.067383956680332e-12
test,196,6,15846.185449002787,41.93910709586673,0.8522324446856855,1.8706752182007282e-07,0.26697812362612805,residual,1.554560032361923e-15,1.9068095247780069e-06,1.5541452276588702e-11
test,197,8,21223.089525807405,47.18964046210538,1.1891801675118132,1.4214294129972923e-07,0.3010718571449115,residual,3.5596458096434965e-15,1.2359097798291026e-06,1.4551915228366852e-11
test,198,4,28826.232409229204,49.856206363565526,1.1101098411947425,9.183481221746942e-08,0.2142265280761095,residual,9.155133597044475e-16,5.611948249255739e-07,4.067383956680332e-12
test,199,6,18517.027335745217,42.216260325640405,1.1052425102389856,1.1969549534807348e-07,0.29765729392810725,residual,2.0947646133377085e-15,1.1283822980518367e-06,8.134767913360665e-12
test,200,8,18383.72747025898,46.533516441927524,1.1225382910370796,6.25651085365661e-08,0.32513084354604027,residual,1.2560739669470201e-15,1.845490618765935e-06,2.9999541770795335e-11
test,201,4,26320.353631175436,47.460589706713854,1.1586834259181724,1.7405146654429291e-07,0.2374125801321752,residual,2.701289205785704e-15,6.68564201113419e-07,4.067383956680332e-12
test,202,6,20338.92728382429,37.55440841853574,0.8987528117688504,1.384624142807638e-07,0.202663083343018,residual,1.5565409952966684e-15,1.1186475519131585e-06,7.770726138294351e-12
test,203,8,16668.09634835381,39.941815174455726,0.8146852279046234,1.6235524317795933e-07,0.23441889783693287,residual,1.2560739669470201e-15,2.078733902278483e-06,1.5245909357181706e-11
test,204,4,19261.04809848986,37.21377154974027,0.8266197321425044,1.2479046113775035e-07,0.1955097187073098,residual,1.2560739669470201e-15,1.1570823219719526e-06,4.547473508864641e-12
test,205,6,26879.46580124805,48.50978075070061,0.8684095715717981,1.6909819619963721e-07,0.17667667546842086,residual,3.38208266098046e-15,6.653940393069776e-07,7.499885442698834e-12
test,206,8,19372.7903276238,40.63761003931691,1.1714838855354863,1.5888499980980345e-07,0.29360968287455785,residual,6.720289191984444e-15,1.2038914202904154e-06,2.220359531881277e-11
test,207,4,19968.23390918532,43.46626317344365,1.1257111716195767,1.9608475670489313e-07,0.28683496576211986,residual,1.8971499361070192e-15,9.558364953175545e-07,8.580155856231254e-12
test,208,6,17161.64046657799,49.12854873062318,1.102363186583021,1.826334768064408e-07,0.3540766151033703,residual,2.220446049250313e-15,2.1658161444274185e-06,1.8189894035458565e-11
test,209,8,17728.588335058957,47.523518093441446,0.848499517372533,9.253919686364456e-08,0.25833146250139816,residual,3.877842313165343e-15,1.1348489093775567e-06,1.4999770885397668e-11
test,210,4,27538.243975127854,40.44408070210214,1.1754205986292634,1.1575112193416761e-07,0.20654409025530296,residual,2.3525204118543076e-15,6.797023253550627e-07,3.749942721349417e-12
test,211,6,26225.565474233656,39.19102241888553,0.8963726143105739,1.919817926876585e-07,0.16170861075045806,residual,1.7798229048217483e-15,6.760352017489778e-07,9.094947017729282e-12
test,212,8,24306.376890400454,49.04173398216306,1.1666077298569013,1.6262921603359019e-07,0.2642748556855532,residual,1.2560739669470201e-15,8.333001289749668e-07,3.637978807091713e-11
test,213,4,23045.6947220269,35.2387690989712,1.1787711465028647,1.4694535003850638e-07,0.22369958500123138,residual,1.7763568394002505e-15,7.040432588913271e-07,4.067383956680332e-12
test,214,6,28681.571169938266,36.27776356073613,1.183077281829404,1.756962906277187e-07,0.1843856583222285,residual,1.2225062931717345e-15,5.751652744562888e-07,2.121287941861847e-11
test,215,8,22807.01705143681,40.0275795176823,0.8149707629486636,8.003768513117417e-08,0.1716436859449439,residual,1.1188630228279524e-15,1.0305335699463307e-06,1.1647215137477994e-11
test,216,4,24297.767681959896,36.65793397977479,0.8730129003896385,1.7384136209243267e-07,0.1618633108408637,residual,1.790180836524724e-15,7.623770970268608e-07,6.5584595640102444e-12
test,217,6,28626.114043098605,49.35773431734417,0.8234284241758075,8.8185059988144e-08,0.15902114123797212,residual,3.1401849173675502e-15,4.804037703378265e-07,3.637978807091713e-12
test,218,8,17537.276001950224,35.042726932226415,0.8282192723635919,1.8747420912978974e-07,0.2056712507499179,residual,3.552713678800501e-15,1.7999404105010604e-06,1.8749713606747085e-11
test,219,4,26172.79286535739,42.129573432187556,0.8055246943317206,1.1767624280159674e-07,0.15326375470195067,residual,8.886119947416683e-16,5.898603949087724e-07,4.067383956680332e-12
test,220,6,22386.961678767388,42.88710066799903,1.1490296022910018,8.518724180180873e-08,0.25875786091612857,residual,2.808666774861361e-15,9.997775888180512e-07,1.4999770885397668e-11
test,221,8,20691.116064023452,37.66710893738297,1.1484534270979352,1.2524379739743462e-07,0.2551229447975824,residual,2.8951074449790722e-15,7.201181043415537e-07,9.094947017729282e-12
test,222,4,21783.962718458184,37.78107462787814,1.1893223386530818,8.865655573413526e-08,0.2515051483071349,residual,1.2560739669470201e-15,1.5604116291022316e-06,7.499885442698834e-12
test,223,6,18159.26856798297,46.73542073381396,0.8446216204090929,1.7904653662810697e-07,0.24835746640058728,residual,1.2560739669470201e-15,1.5736509206673037e-06,1.4665161412810538e-11
test,224,8,28578.03563853462,42.668971089576345,1.1709874672080087,1.4948025659665818e-07,0.20585110702082457,residual,8.95090418262362e-16,5.060279454332802e-07,2.329443027495599e-11
test,225,4,25752.756164260732,48.262401446056494,1.1884799261167596,1.0415784551866519e-07,0.25155867243537317,residual,2.434909185329438e-15,4.905753236572226e-07,1.8749713606747085e-12
test,226,6,19373.263617984565,45.10285672486828,0.8620816144255389,1.8372850560179882e-07,0.23211589784964157,residual,2.808666774861361e-15,1.1111864803495293e-06,9.094947017729282e-12
test,227,8,24684.471552615134,39.514291815192244,0.8063726206623486,1.4330483354372196e-07,0.15547149550281614,residual,1.831026719408895e-15,9.256255277228689e-07,1.4551915228366852e-11
test,228,4,28528.89824079707,43.245059565462256,1.1244305161257797,1.2188715937917658e-07,0.19983871889670946,residual,4.440892098500626e-16,6.29514339172631e-07,5.752149554916067e-12
test,229,6,17988.519959710477,41.077589295574775,1.1065046731433121,5.34351834102867e-08,0.30094530228581856,residual,1.734223803652547e-15,1.8156106757111391e-06,1.1647215137477994e-11
test,230,8,23186.549298741724,47.97320299650069,1.1126529481549405,1.9422528051599526e-07,0.2605774890140065,residual,2.6668472207146e-15,9.432636275483575e-07,1.3116919128020489e-11
test,231,4,28814.168850620197,49.52251867585547,1.1090179495937542,1.996113155678639e-07,0.2132177011874088,residual,9.155133597044475e-16,4.3678158503828685e-07,3.749942721349417e-12
test,232,6,28340.670727068653,47.24652919630866,0.825345548184431,7.874474872390159e-08,0.15660079854543058,residual,9.485749680535096e-16,6.07463379656233e-07,5.752149554916067e-12
test,233,8,28304.867226153525,35.49068473150685,1.1261056540507917,1.0518650934321872e-07,0.17493661858697668,residual,5.551115123125783e-15,5.547276153097324e-07,1.0289757937229989e-11
test,234,4,16044.101086746186,47.64896472054133,0.8105453858035943,1.263646975563403e-07,0.2731462541461939,residual,8.95090418262362e-16,1.1972913125241857e-06,1.3642420526593924e-11
test,235,6,26785.946630810053,36.210155236660434,0.8201056146777457,1.9828086996239844e-07,0.13667021466887685,residual,3.1264164235997256e-15,8.970411551286499e-07,6.1010759350204984e-12
test,236,8,20437.675537240844,46.084802540873,1.115441441824945,1.7600203234146325e-07,0.28877218678490396,residual,1.4043333874306805e-15,9.219253936556405e-07,2.212896117379649e-11
test,237,4,29384.504244035546,41.730975168046754,0.8033851260809397,1.896623355473478e-07,0.13525126672673207,residual,6.664589960562512e-16,4.0810001466059015e-07,2.033691978340166e-12
test,238,6,19109.23690599572,36.12097650259369,1.125293168660858,1.8509754831083855e-07,0.26238064240444064,residual,9.930136612989092e-16,1.6731787276676446e-06,2.1903532940618417e-11
test,239,8,16879.33056027738,48.81707566636809,0.8866347506645501,1.7970310681799824e-07,0.2883972318542277,residual,2.220446049250313e-15,2.154355543878311e-06,3.253907165344266e-11
