budget,case,n,method,port_response_mae,node_voltage_mae_norm,displacement_current_error_percent,peak_voltage_error_percent,peak_location_hit,peak_location_distance_norm,edge_retention
0.2,0,4,distance,3.2821156118961226e-06,1.7237567849037186e-07,42.34315167474657,3.839825724429182e-05,1.0,0.0,0.1875
0.2,0,4,magnitude,3.726688338315445e-06,2.124773139651782e-07,46.589983337753026,4.708758100432565e-05,1.0,0.0,0.1875
0.2,0,4,fisher_proxy,2.9809718786239585e-06,2.4280777064211005e-07,44.58686414824038,5.0819976349176084e-05,1.0,0.0,0.1875
0.2,0,4,oracle_edge_current,3.2821156118961226e-06,1.7237567849037186e-07,42.34315167474657,3.839825724429182e-05,1.0,0.0,0.1875
0.2,0,4,learned_gate,2.9809718786239585e-06,2.4280777064211005e-07,44.58686414824038,5.0819976349176084e-05,1.0,0.0,0.1875
0.2,1,6,distance,6.325328526734022e-06,3.191452368122434e-07,62.414012670181705,5.1180048461571386e-05,1.0,0.0,0.19444444444444442
0.2,1,6,magnitude,6.10687102981719e-06,3.2543337227302675e-07,61.38833467856186,4.846873958719113e-05,1.0,0.0,0.19444444444444442
0.2,1,6,fisher_proxy,4.630205305028445e-06,3.733185822303498e-07,56.00480551250463,4.786911236315702e-05,1.0,0.0,0.19444444444444442
0.2,1,6,oracle_edge_current,4.806268721201795e-06,3.3377336681331827e-07,55.12124366213072,4.366228358279011e-05,1.0,0.0,0.19444444444444442
0.2,1,6,learned_gate,4.806268721201795e-06,3.3377336681331827e-07,55.12124366213072,4.366228358279011e-05,1.0,0.0,0.19444444444444442
0.2,2,8,distance,2.9831529013387334e-06,1.7955698047522014e-07,65.08398810098078,1.9935365103807706e-05,1.0,0.0,0.203125
0.2,2,8,magnitude,2.691216246466718e-06,1.6520639409187102e-07,60.55153132058375,1.7498370297775747e-05,1.0,0.0,0.203125
0.2,2,8,fisher_proxy,2.356413526537754e-06,1.635141315032793e-07,56.66468772452856,1.620081947471555e-05,1.0,0.0,0.203125
0.2,2,8,oracle_edge_current,2.284188016273003e-06,1.644759843117973e-07,56.1724566348498,1.574286713171323e-05,1.0,0.0,0.203125
0.2,2,8,learned_gate,2.2199007781630032e-06,1.73544792408693e-07,56.23650198445601,1.64366652018941e-05,1.0,0.0,0.203125
0.2,3,4,distance,3.37062654761471e-06,1.9460210898440272e-07,43.436836350253195,4.457639177810502e-05,1.0,0.0,0.1875
0.2,3,4,magnitude,6.148942284725743e-06,1.6120336045745213e-07,61.88696717345042,4.082351379444541e-05,1.0,0.0,0.1875
0.2,3,4,fisher_proxy,3.321461822496328e-06,2.89964243360456e-07,49.31132320018597,6.106391583177914e-05,1.0,0.0,0.1875
0.2,3,4,oracle_edge_current,3.37062654761471e-06,1.9460210898440272e-07,43.436836350253195,4.457639177810502e-05,1.0,0.0,0.1875
0.2,3,4,learned_gate,3.37062654761471e-06,1.9460210898440272e-07,43.436836350253195,4.457639177810502e-05,1.0,0.0,0.1875
0.2,4,6,distance,3.4957137291268444e-06,1.9753674959203783e-07,55.992692087621045,2.978882913600169e-05,1.0,0.0,0.19444444444444442
0.2,4,6,magnitude,3.5882266523430453e-06,1.9900984743042242e-07,56.208243260773514,3.133009781672134e-05,1.0,0.0,0.19444444444444442
0.2,4,6,fisher_proxy,2.8123424241993656e-06,2.6379180854853854e-07,57.124629203503915,3.0794758432041044e-05,1.0,0.0,0.19444444444444442
0.2,4,6,oracle_edge_current,2.8573598211372128e-06,2.067474869862245e-07,51.13062346495416,2.846911455442684e-05,1.0,0.0,0.19444444444444442
0.2,4,6,learned_gate,2.688459660910719e-06,2.1881771844665358e-07,51.958566093988765,2.6170244579213394e-05,1.0,0.0,0.19444444444444442
0.2,5,8,distance,4.054124230706603e-06,2.496175732518446e-07,59.14769821055204,2.8431392250661788e-05,1.0,0.0,0.203125
0.2,5,8,magnitude,4.06225791973712e-06,2.33584360645509e-07,57.88255728301848,2.8200628804259077e-05,1.0,0.0,0.203125
0.2,5,8,fisher_proxy,3.092185765431419e-06,2.2735484077963402e-07,51.05601032374123,2.2575913786240692e-05,1.0,0.0,0.203125
0.2,5,8,oracle_edge_current,3.0291498071553326e-06,2.2484456508783592e-07,50.49735237688948,2.2013745374192023e-05,1.0,0.0,0.203125
0.2,5,8,learned_gate,2.9629159542482002e-06,2.415373867305274e-07,51.06078270167781,2.3288060447686805e-05,1.0,0.0,0.203125
0.2,6,4,distance,2.9169534431507337e-06,1.411522704061401e-07,57.328184479524126,3.2010867682978534e-05,1.0,0.0,0.1875
0.2,6,4,magnitude,3.292020502932332e-06,1.504955879314116e-07,60.18111976415985,3.93328186587343e-05,1.0,0.0,0.1875
0.2,6,4,fisher_proxy,2.589872313665577e-06,1.887416371818484e-07,58.06489587940516,4.036928918029753e-05,1.0,0.0,0.1875
0.2,6,4,oracle_edge_current,2.643818312976151e-06,1.6703653075439505e-07,55.22759390535187,4.142243108635681e-05,1.0,0.0,0.1875
0.2,6,4,learned_gate,2.643818312976151e-06,1.6703653075439505e-07,55.22759390535187,4.142243108635681e-05,1.0,0.0,0.1875
0.2,7,6,distance,3.1861456572699712e-06,1.6012068065589952e-07,61.18836327544596,2.651357654003225e-05,1.0,0.0,0.19444444444444442
0.2,7,6,magnitude,3.040661861962446e-06,1.6393764035806323e-07,59.812546891221864,2.472487706367249e-05,1.0,0.0,0.19444444444444442
0.2,7,6,fisher_proxy,2.3472675332748133e-06,1.8747124648102174e-07,54.95272937416753,2.4507708077338293e-05,1.0,0.0,0.19444444444444442
0.2,7,6,oracle_edge_current,2.4944340289033187e-06,1.576006626591095e-07,53.47665086491157,2.272582970192271e-05,1.0,0.0,0.19444444444444442
0.2,7,6,learned_gate,2.367628790938987e-06,1.6795098137684713e-07,53.61173558711027,2.1433188965570943e-05,1.0,0.0,0.19444444444444442
0.2,8,8,distance,3.085972078620226e-06,2.0719499756888748e-07,64.11096513598204,2.1291731753233704e-05,1.0,0.0,0.203125
0.2,8,8,magnitude,3.229336997244714e-06,1.7427286629509628e-07,63.25684973204074,2.0622993791472248e-05,1.0,0.0,0.203125
0.2,8,8,fisher_proxy,2.46417396688609e-06,1.9134875088380727e-07,56.74783263756248,1.7432905731082117e-05,1.0,0.0,0.203125
0.2,8,8,oracle_edge_current,2.4049479717897584e-06,1.7988624285514417e-07,55.08693525881447,1.7218081028714713e-05,1.0,0.0,0.203125
0.2,8,8,learned_gate,2.327936221675836e-06,1.915301252475815e-07,55.81525853145387,1.6519667310665237e-05,1.0,0.0,0.203125
0.2,9,4,distance,2.3255152716075556e-06,1.3112210826085697e-07,42.98835858477487,2.7962408336347754e-05,1.0,0.0,0.1875
0.2,9,4,magnitude,3.307901649806299e-06,1.723468889032533e-07,53.967563887728595,4.737011458517437e-05,1.0,0.0,0.1875
0.2,9,4,fisher_proxy,2.243659213057066e-06,1.9541492347623196e-07,48.112431954958794,3.9066722121662056e-05,1.0,0.0,0.1875
0.2,9,4,oracle_edge_current,2.3255152716075556e-06,1.3112210826085697e-07,42.98835858477487,2.7962408336347754e-05,1.0,0.0,0.1875
0.2,9,4,learned_gate,2.3255152716075556e-06,1.3112210826085697e-07,42.98835858477487,2.7962408336347754e-05,1.0,0.0,0.1875
0.2,10,6,distance,2.666794688637649e-06,1.5956254804185408e-07,58.65295982896771,2.3136585246259424e-05,1.0,0.0,0.19444444444444442
0.2,10,6,magnitude,2.589141107563718e-06,1.429805820892224e-07,54.988325371532554,2.2075921808736047e-05,1.0,0.0,0.19444444444444442
0.2,10,6,fisher_proxy,2.1615877437364955e-06,2.0550424114696468e-07,60.08672270546599,2.3494281753994155e-05,1.0,0.0,0.19444444444444442
0.2,10,6,oracle_edge_current,2.2668724785034643e-06,1.4593603690080703e-07,51.49516986540448,2.2296769419611226e-05,1.0,0.0,0.19444444444444442
0.2,10,6,learned_gate,2.166549965344824e-06,1.5831406546869691e-07,52.22069975730209,2.130213166979124e-05,1.0,0.0,0.19444444444444442
0.2,11,8,distance,1.870097747493545e-06,1.322704042728117e-07,65.4322833679902,1.3014451473187888e-05,1.0,0.0,0.203125
0.2,11,8,magnitude,2.048743379078991e-06,1.2515568249027903e-07,67.63062311961583,1.3329987967577898e-05,1.0,0.0,0.203125
0.2,11,8,fisher_proxy,1.5172702750733403e-06,1.236700493070091e-07,58.945113859923694,1.0812409498553811e-05,1.0,0.0,0.203125
0.2,11,8,oracle_edge_current,1.4531679050041232e-06,1.1924407479155206e-07,57.40808512423345,1.0453157186246285e-05,1.0,0.0,0.203125
0.2,11,8,learned_gate,1.4531679050041232e-06,1.1924407479155206e-07,57.40808512423345,1.0453157186246285e-05,1.0,0.0,0.203125
0.2,12,4,distance,1.757602734078767e-06,9.225675356008937e-08,44.08541364673718,2.0622032547827257e-05,1.0,0.0,0.1875
0.2,12,4,magnitude,2.5073994073455954e-06,1.2415056078821567e-07,56.19127994124573,3.52506545671285e-05,1.0,0.0,0.1875
0.2,12,4,fisher_proxy,1.654033232532474e-06,1.3469719414643378e-07,48.15710256966162,2.8083618404238135e-05,1.0,0.0,0.1875
0.2,12,4,oracle_edge_current,1.757602734078767e-06,9.225675356008937e-08,44.08541364673718,2.0622032547827257e-05,1.0,0.0,0.1875
0.2,12,4,learned_gate,1.757602734078767e-06,9.225675356008937e-08,44.08541364673718,2.0622032547827257e-05,1.0,0.0,0.1875
0.2,13,6,distance,4.774373424621068e-06,2.582945215703205e-07,61.5858296493338,3.965156075113999e-05,1.0,0.0,0.19444444444444442
0.2,13,6,magnitude,4.855958443825831e-06,2.6094683778473905e-07,62.27802740975192,4.113197667825829e-05,1.0,0.0,0.19444444444444442
0.2,13,6,fisher_proxy,3.515283210835801e-06,3.020930225362651e-07,55.847290344806375,3.696981423724117e-05,1.0,0.0,0.19444444444444442
0.2,13,6,oracle_edge_current,3.6036814735908075e-06,2.6943443427977767e-07,54.41985195628505,3.356750372894297e-05,1.0,0.0,0.19444444444444442
0.2,13,6,learned_gate,3.6036814735908075e-06,2.6943443427977767e-07,54.41985195628505,3.356750372894297e-05,1.0,0.0,0.19444444444444442
0.2,14,8,distance,4.857644190337888e-06,2.942054975405217e-07,67.69080705878348,3.227484071748504e-05,1.0,0.0,0.203125
0.2,14,8,magnitude,5.501391701991792e-06,2.983286168809441e-07,72.22360312689821,3.767074711047527e-05,1.0,0.0,0.203125
0.2,14,8,fisher_proxy,4.010595176784602e-06,2.772926238968827e-07,61.10089222479228,2.767069580026787e-05,1.0,0.0,0.203125
0.2,14,8,oracle_edge_current,3.851457475394689e-06,2.8402996336316247e-07,60.04531228284099,2.851650696042838e-05,1.0,0.0,0.203125
0.2,14,8,learned_gate,3.851457475394689e-06,2.8402996336316247e-07,60.04531228284099,2.851650696042838e-05,1.0,0.0,0.203125
0.2,15,4,distance,3.218519600416599e-06,2.0705114616478345e-07,48.928206575199454,4.310315988738235e-05,1.0,0.0,0.1875
0.2,15,4,magnitude,5.399672395516031e-06,1.719205789750491e-07,63.84331810448791,3.91799218076451e-05,1.0,0.0,0.1875
0.2,15,4,fisher_proxy,3.176659804883519e-06,2.830249415201705e-07,54.221944118821355,5.614438494133645e-05,1.0,0.0,0.1875
0.2,15,4,oracle_edge_current,3.218519600416599e-06,2.0705114616478345e-07,48.928206575199454,4.310315988738235e-05,1.0,0.0,0.1875
0.2,15,4,learned_gate,3.218519600416599e-06,2.0705114616478345e-07,48.928206575199454,4.310315988738235e-05,1.0,0.0,0.1875
0.2,16,6,distance,2.1684673697454705e-06,1.1311758053676572e-07,56.3102736722402,1.797826639457619e-05,1.0,0.0,0.19444444444444442
0.2,16,6,magnitude,2.2629943046481465e-06,1.1877000182162601e-07,58.19314590334316,1.9268944104426408e-05,1.0,0.0,0.19444444444444442
0.2,16,6,fisher_proxy,1.6161027625210059e-06,1.3828237119486413e-07,52.818082359456376,1.716605336090438e-05,1.0,0.0,0.19444444444444442
0.2,16,6,oracle_edge_current,1.610163203281829e-06,1.2056298545643455e-07,50.12864443286592,1.531018222735746e-05,1.0,0.0,0.19444444444444442
0.2,16,6,learned_gate,1.610163203281829e-06,1.2056298545643455e-07,50.12864443286592,1.531018222735746e-05,1.0,0.0,0.19444444444444442
0.2,17,8,distance,1.7544111131287167e-06,1.0857162908926035e-07,64.27987603632606,1.1744309141994586e-05,1.0,0.0,0.203125
0.2,17,8,magnitude,1.4365135327429797e-06,8.947322837748407e-08,55.10985107982265,9.12373533888921e-06,1.0,0.0,0.203125
0.2,17,8,fisher_proxy,1.357998521793353e-06,9.632426599446502e-08,54.56374591160562,9.320924457511775e-06,1.0,0.0,0.203125
0.2,17,8,oracle_edge_current,1.243970258753164e-06,9.2169729261624e-08,51.765777674532856,8.48512382636e-06,1.0,0.0,0.203125
0.2,17,8,learned_gate,1.243970258753164e-06,9.2169729261624e-08,51.765777674532856,8.48512382636e-06,1.0,0.0,0.203125
0.2,18,4,distance,3.4144988532133304e-06,1.9675158810539247e-07,39.38793306469256,4.139969105547964e-05,1.0,0.0,0.1875
0.2,18,4,magnitude,5.268554373336296e-06,2.7755508138026284e-07,52.627551632730864,7.829515053826315e-05,1.0,0.0,0.1875
0.2,18,4,fisher_proxy,3.3818360556499284e-06,3.0521706526762215e-07,45.49172666413398,6.0291584305267733e-05,1.0,0.0,0.1875
0.2,18,4,oracle_edge_current,3.4144988532133304e-06,1.9675158810539247e-07,39.38793306469256,4.139969105547964e-05,1.0,0.0,0.1875
0.2,18,4,learned_gate,3.4144988532133304e-06,1.9675158810539247e-07,39.38793306469256,4.139969105547964e-05,1.0,0.0,0.1875
0.2,19,6,distance,2.0920478952269708e-06,1.0306991854543483e-07,60.239137929988296,1.6607610423119656e-05,1.0,0.0,0.19444444444444442
0.2,19,6,magnitude,1.9817458376208037e-06,1.0560936531992072e-07,58.85249631227348,1.5607429887886554e-05,1.0,0.0,0.19444444444444442
0.2,19,6,fisher_proxy,1.5117402879728675e-06,1.201677010887998e-07,53.511914972480945,1.532183367598417e-05,1.0,0.0,0.19444444444444442
0.2,19,6,oracle_edge_current,1.5435404747922663e-06,1.058322065636359e-07,51.786007699577866,1.3798802511072646e-05,1.0,0.0,0.19444444444444442
0.2,19,6,learned_gate,1.5435404747922663e-06,1.058322065636359e-07,51.786007699577866,1.3798802511072646e-05,1.0,0.0,0.19444444444444442
0.2,20,8,distance,4.942955805880185e-06,3.0770031269585816e-07,63.17556294559735,3.587731633889577e-05,1.0,0.0,0.203125
0.2,20,8,magnitude,4.687174223570502e-06,2.424558331476564e-07,57.66501708169331,2.9375872555671175e-05,1.0,0.0,0.203125
0.2,20,8,fisher_proxy,3.809090963378022e-06,2.7479776045373736e-07,54.01336071886266,2.8380061328834737e-05,1.0,0.0,0.203125
0.2,20,8,oracle_edge_current,3.6578811073386767e-06,2.507835685421489e-07,51.44283080350229,2.3850207420590537e-05,1.0,0.0,0.203125
0.2,20,8,learned_gate,3.5472561466009613e-06,2.712515294341789e-07,51.892061447623526,2.540884574170934e-05,1.0,0.0,0.203125
0.2,21,4,distance,5.094856661916452e-06,2.455105985442082e-07,57.312718774790525,5.6352665377951215e-05,1.0,0.0,0.1875
0.2,21,4,magnitude,6.330972846041218e-06,3.00605439020396e-07,66.79873961513739,8.118763673679212e-05,1.0,0.0,0.1875
0.2,21,4,fisher_proxy,4.437872022256678e-06,3.153459542187158e-07,56.333976315311254,6.877036075933593e-05,1.0,0.0,0.1875
0.2,21,4,oracle_edge_current,4.437872022256678e-06,3.153459542187158e-07,56.333976315311254,6.877036075933593e-05,1.0,0.0,0.1875
0.2,21,4,learned_gate,4.437872022256678e-06,3.153459542187158e-07,56.333976315311254,6.877036075933593e-05,1.0,0.0,0.1875
0.2,22,6,distance,4.394182802706116e-06,2.3726883712933105e-07,67.71776243594859,3.7658051483256566e-05,1.0,0.0,0.19444444444444442
0.2,22,6,magnitude,4.457001553093027e-06,2.3453908502015867e-07,67.65166693628271,3.839709730092292e-05,1.0,0.0,0.19444444444444442
0.2,22,6,fisher_proxy,3.4161485846244745e-06,2.7042256375614434e-07,62.220312095120576,3.611271896299707e-05,1.0,0.0,0.19444444444444442
0.2,22,6,oracle_edge_current,3.454445774787353e-06,2.4552303791231017e-07,60.801076605274915,3.216547721955006e-05,1.0,0.0,0.19444444444444442
0.2,22,6,learned_gate,3.454445774787353e-06,2.4552303791231017e-07,60.801076605274915,3.216547721955006e-05,1.0,0.0,0.19444444444444442
0.2,23,8,distance,3.284179569549665e-06,2.074230743933546e-07,61.44290654624797,2.2994748083538672e-05,1.0,0.0,0.203125
0.2,23,8,magnitude,2.8009997580953163e-06,1.80228602884962e-07,54.674228450902895,1.8822413715659947e-05,1.0,0.0,0.203125
0.2,23,8,fisher_proxy,2.499180524650572e-06,1.8422553391989734e-07,51.83209948157237,1.805031389564989e-05,1.0,0.0,0.203125
0.2,23,8,oracle_edge_current,2.378041306128759e-06,1.777567445914177e-07,50.195821167355824,1.702682449865557e-05,1.0,0.0,0.203125
0.2,23,8,learned_gate,2.3251413699967397e-06,1.882530577567271e-07,50.29660297044156,1.8080124096422736e-05,1.0,0.0,0.203125
0.2,24,4,distance,1.8520686207196268e-06,8.12722876084833e-08,56.28665992897536,1.8884911416031135e-05,1.0,0.0,0.1875
0.2,24,4,magnitude,2.688907159397134e-06,7.21163217588126e-08,70.23880214577756,1.7838217046123473e-05,1.0,0.0,0.1875
0.2,24,4,fisher_proxy,1.6424337324222789e-06,1.0858034678553446e-07,56.735922232504834,2.37768241603572e-05,1.0,0.0,0.1875
0.2,24,4,oracle_edge_current,1.8520686207196268e-06,8.12722876084833e-08,56.28665992897536,1.8884911416031135e-05,1.0,0.0,0.1875
0.2,24,4,learned_gate,1.6424337324222789e-06,1.0858034678553446e-07,56.735922232504834,2.37768241603572e-05,1.0,0.0,0.1875
0.2,25,6,distance,2.7790503120527638e-06,1.378867137316279e-07,58.09110602952556,2.1973690258496954e-05,1.0,0.0,0.19444444444444442
0.2,25,6,magnitude,2.7790503120527638e-06,1.378867137316279e-07,58.09110602952556,2.1973690258496954e-05,1.0,0.0,0.19444444444444442
0.2,25,6,fisher_proxy,2.0287942188974606e-06,1.6800737144058236e-07,53.18337287087126,2.0984310639533547e-05,1.0,0.0,0.19444444444444442
0.2,25,6,oracle_edge_current,2.077529097354915e-06,1.4719139147446093e-07,51.47547617125726,1.880358758396014e-05,1.0,0.0,0.19444444444444442
0.2,25,6,learned_gate,2.077529097354915e-06,1.4719139147446093e-07,51.47547617125726,1.880358758396014e-05,1.0,0.0,0.19444444444444442
0.2,26,8,distance,3.7231683458314086e-06,2.2898353027165593e-07,61.022099384245095,2.4529349114958037e-05,1.0,0.0,0.203125
0.2,26,8,magnitude,3.5176503276803522e-06,2.1675735442772747e-07,58.37350336649207,2.2645311836345728e-05,1.0,0.0,0.203125
0.2,26,8,fisher_proxy,2.8464314129898054e-06,2.0887395166764794e-07,52.68322191414625,1.923965788171276e-05,1.0,0.0,0.203125
0.2,26,8,oracle_edge_current,2.767101193589666e-06,2.0600176379138673e-07,51.93826464526749,1.8693733550018836e-05,1.0,0.0,0.203125
0.2,26,8,learned_gate,2.6886225648126613e-06,2.204774409035382e-07,52.24322130612421,1.980488919683542e-05,1.0,0.0,0.203125
0.2,27,4,distance,2.2478156512582375e-06,1.2777162973761036e-07,44.77396623308773,2.876514150730673e-05,1.0,0.0,0.1875
0.2,27,4,magnitude,4.046405233196215e-06,1.0691266837804028e-07,63.17734410399506,2.6420680403928963e-05,1.0,0.0,0.1875
0.2,27,4,fisher_proxy,2.183308381837126e-06,1.8197675271112952e-07,49.60478925418867,3.815381928280213e-05,1.0,0.0,0.1875
0.2,27,4,oracle_edge_current,2.2478156512582375e-06,1.2777162973761036e-07,44.77396623308773,2.876514150730673e-05,1.0,0.0,0.1875
0.2,27,4,learned_gate,2.2478156512582375e-06,1.2777162973761036e-07,44.77396623308773,2.876514150730673e-05,1.0,0.0,0.1875
0.2,28,6,distance,3.924528664976205e-06,2.1038172807000484e-07,52.9454557626882,3.2853041965282485e-05,1.0,0.0,0.19444444444444442
0.2,28,6,magnitude,4.1664705367390935e-06,2.2938936260754603e-07,55.709453757617254,3.6108565745833916e-05,1.0,0.0,0.19444444444444442
0.2,28,6,fisher_proxy,2.8614853076644925e-06,2.6774410305312744e-07,50.25880542568576,3.149622048213271e-05,1.0,0.0,0.19444444444444442
0.2,28,6,oracle_edge_current,2.812681125065793e-06,2.281024790497902e-07,46.90597689013956,2.74113510767699e-05,1.0,0.0,0.19444444444444442
0.2,28,6,learned_gate,2.812681125065793e-06,2.281024790497902e-07,46.90597689013956,2.74113510767699e-05,1.0,0.0,0.19444444444444442
0.2,29,8,distance,5.169296459729457e-06,3.180438649677263e-07,66.03872586234068,3.543220325688055e-05,1.0,0.0,0.203125
0.2,29,8,magnitude,5.356651890008925e-06,3.0511787594346187e-07,66.28335505937119,3.676927078986502e-05,1.0,0.0,0.203125
0.2,29,8,fisher_proxy,4.11345158172309e-06,2.91526933200183e-07,57.880015584189834,2.902070296787098e-05,1.0,0.0,0.203125
0.2,29,8,oracle_edge_current,4.04982788882099e-06,2.890228729002775e-07,57.39502088347342,2.8452494541790418e-05,1.0,0.0,0.203125
0.2,29,8,learned_gate,3.936051800686527e-06,3.056764223902862e-07,57.44785858059899,2.9729263540556405e-05,1.0,0.0,0.203125
0.2,30,4,distance,3.1997257508892436e-06,1.662683331725118e-07,50.91548114424166,3.702350629955466e-05,1.0,0.0,0.1875
0.2,30,4,magnitude,5.103826068454635e-06,1.4378462481387907e-07,67.02016568561471,3.4502599798036375e-05,1.0,0.0,0.1875
0.2,30,4,fisher_proxy,2.916513716912268e-06,2.2812469996251975e-07,53.15481844004858,4.78108089828231e-05,1.0,0.0,0.1875
0.2,30,4,oracle_edge_current,3.1997257508892436e-06,1.662683331725118e-07,50.91548114424166,3.702350629955466e-05,1.0,0.0,0.1875
0.2,30,4,learned_gate,2.916513716912268e-06,2.2812469996251975e-07,53.15481844004858,4.78108089828231e-05,1.0,0.0,0.1875
0.2,31,6,distance,3.2258014735715247e-06,1.6843832899492703e-07,64.30250612017957,2.6012460408325703e-05,1.0,0.0,0.19444444444444442
0.2,31,6,magnitude,3.3452433530733092e-06,1.743882578563353e-07,65.78374743783483,2.750939802627204e-05,1.0,0.0,0.19444444444444442
0.2,31,6,fisher_proxy,2.3607519018142844e-06,1.9343638222889808e-07,57.494887511584714,2.418362940001783e-05,1.0,0.0,0.19444444444444442
0.2,31,6,oracle_edge_current,2.4440498245195676e-06,1.7436378803917393e-07,56.6031722094814,2.214844822898411e-05,1.0,0.0,0.19444444444444442
0.2,31,6,learned_gate,2.3919578523083167e-06,1.7859152669155072e-07,56.95945160250784,2.1720642766558077e-05,1.0,0.0,0.19444444444444442
0.2,32,8,distance,1.2112457695579817e-06,7.86841243264418e-08,55.915324698911185,8.282397665963745e-06,1.0,0.0,0.203125
0.2,32,8,magnitude,1.3087353356898887e-06,7.271598751643016e-08,57.914299534534365,8.048100717841907e-06,1.0,0.0,0.203125
0.2,32,8,fisher_proxy,9.255576735490064e-07,7.283932987843109e-08,49.154076488023854,6.572955223159518e-06,1.0,0.0,0.203125
0.2,32,8,oracle_edge_current,9.101485969222981e-07,6.944732217763279e-08,48.277524076111646,6.516682805091609e-06,1.0,0.0,0.203125
0.2,32,8,learned_gate,8.974864897271414e-07,7.202342525077112e-08,48.509248361354466,6.3919682038949275e-06,1.0,0.0,0.203125
0.2,33,4,distance,2.641039322304542e-06,1.2670159187957271e-07,57.27767933693595,2.869851532913033e-05,1.0,0.0,0.1875
0.2,33,4,magnitude,2.641039322304542e-06,1.2670159187957271e-07,57.27767933693595,2.869851532913033e-05,1.0,0.0,0.1875
0.2,33,4,fisher_proxy,2.2924331670571773e-06,1.6284455911403204e-07,56.26410349190193,3.50492548514815e-05,1.0,0.0,0.1875
0.2,33,4,oracle_edge_current,2.2924331670571773e-06,1.6284455911403204e-07,56.26410349190193,3.50492548514815e-05,1.0,0.0,0.1875
0.2,33,4,learned_gate,2.2924331670571773e-06,1.6284455911403204e-07,56.26410349190193,3.50492548514815e-05,1.0,0.0,0.1875
0.2,34,6,distance,5.573750534325812e-06,3.111502649146277e-07,59.92194168971865,4.885609980847833e-05,1.0,0.0,0.19444444444444442
0.2,34,6,magnitude,5.2024646185661745e-06,2.889188945331479e-07,56.511159868282135,4.523464569746512e-05,1.0,0.0,0.19444444444444442
0.2,34,6,fisher_proxy,4.173855535627667e-06,3.5665838937036886e-07,54.52483467697441,4.476149430267078e-05,1.0,0.0,0.19444444444444442
0.2,34,6,oracle_edge_current,4.025876405006646e-06,2.930610399298799e-07,50.25502893678628,3.968996398595965e-05,1.0,0.0,0.19444444444444442
0.2,34,6,learned_gate,3.8573660855673505e-06,3.1010997192073796e-07,50.441269403808384,3.72752973912902e-05,1.0,0.0,0.19444444444444442
0.2,35,8,distance,1.6981336227791383e-06,1.1238337692104332e-07,61.88752279634898,1.1505962934866832e-05,1.0,0.0,0.203125
0.2,35,8,magnitude,1.8454163049854792e-06,9.827593195542667e-08,62.86607525305429,1.1549181740779538e-05,1.0,0.0,0.203125
0.2,35,8,fisher_proxy,1.3449938961294e-06,1.0422493803090213e-07,54.89338924582916,9.378907875044334e-06,1.0,0.0,0.203125
0.2,35,8,oracle_edge_current,1.324140651953511e-06,9.907435345846827e-08,53.74146625650322,9.358007602271554e-06,1.0,0.0,0.203125
0.2,35,8,learned_gate,1.2873646397572092e-06,1.0605911741090097e-07,54.71376467992447,9.026350092552258e-06,1.0,0.0,0.203125
0.2,36,4,distance,3.6113786955983828e-06,1.8905200964832473e-07,45.8023231186379,4.257697324297301e-05,1.0,0.0,0.1875
0.2,36,4,magnitude,6.262770123545656e-06,1.5785514805099876e-07,63.519717046465516,3.9041489994735685e-05,1.0,0.0,0.1875
0.2,36,4,fisher_proxy,3.3654523581100787e-06,2.7473757215492573e-07,49.53830657811289,5.7615616654619596e-05,1.0,0.0,0.1875
0.2,36,4,oracle_edge_current,3.6113786955983828e-06,1.8905200964832473e-07,45.8023231186379,4.257697324297301e-05,1.0,0.0,0.1875
0.2,36,4,learned_gate,3.3654523581100787e-06,2.7473757215492573e-07,49.53830657811289,5.7615616654619596e-05,1.0,0.0,0.1875
0.2,37,6,distance,3.507205029310012e-06,1.9165575694807865e-07,64.42203792154696,2.934052707549584e-05,1.0,0.0,0.19444444444444442
0.2,37,6,magnitude,3.4403117397707274e-06,1.894432102554379e-07,63.71725755737463,2.8933382167397353e-05,1.0,0.0,0.19444444444444442
0.2,37,6,fisher_proxy,2.6005035132427303e-06,2.180519975285328e-07,57.884433753390084,2.694642363379646e-05,1.0,0.0,0.19444444444444442
0.2,37,6,oracle_edge_current,2.675377643004152e-06,1.971052065008565e-07,56.8414786507316,2.4741023177653308e-05,1.0,0.0,0.19444444444444442
0.2,37,6,learned_gate,2.602861524204798e-06,2.0046081849730775e-07,56.92870842323566,2.4088473378674432e-05,1.0,0.0,0.19444444444444442
0.2,38,8,distance,4.46496295841992e-06,2.865175080743064e-07,53.87037993121652,3.145640185322651e-05,1.0,0.0,0.203125
0.2,38,8,magnitude,4.1611561130288495e-06,2.683098613410376e-07,51.00290701475888,2.866041591907642e-05,1.0,0.0,0.203125
0.2,38,8,fisher_proxy,3.325963450952612e-06,2.6237713875071444e-07,46.56514218973214,2.4389199352242914e-05,1.0,0.0,0.203125
0.2,38,8,oracle_edge_current,3.278692826926173e-06,2.48182517052045e-07,45.643531142563106,2.4273950182659997e-05,1.0,0.0,0.203125
0.2,38,8,learned_gate,3.2122427321154323e-06,2.5796296549679046e-07,45.719730768476914,2.359811712813588e-05,1.0,0.0,0.203125
0.2,39,4,distance,4.72836682183705e-06,2.5325562599442355e-07,51.48870290288519,5.667964176318373e-05,1.0,0.0,0.1875
0.2,39,4,magnitude,4.72836682183705e-06,2.5325562599442355e-07,51.48870290288519,5.667964176318373e-05,1.0,0.0,0.1875
0.2,39,4,fisher_proxy,4.329234524776589e-06,3.387745474814889e-07,53.40030161181184,7.166414744551086e-05,1.0,0.0,0.1875
0.2,39,4,oracle_edge_current,4.72836682183705e-06,2.5325562599442355e-07,51.48870290288519,5.667964176318373e-05,1.0,0.0,0.1875
0.2,39,4,learned_gate,4.329234524776589e-06,3.387745474814889e-07,53.40030161181184,7.166414744551086e-05,1.0,0.0,0.1875
0.2,40,6,distance,7.492696346905285e-06,3.6933281858628004e-07,64.09082740143678,6.047183115652931e-05,1.0,0.0,0.19444444444444442
0.2,40,6,magnitude,6.325650528015101e-06,3.9132008556363603e-07,58.561029443393096,5.843267501516228e-05,1.0,0.0,0.19444444444444442
0.2,40,6,fisher_proxy,5.314601959591446e-06,4.1214556762007016e-07,54.64954010500696,5.4376084025741364e-05,1.0,0.0,0.19444444444444442
0.2,40,6,oracle_edge_current,5.579744189577612e-06,3.699259210699268e-07,54.33398789358491,4.987721338908322e-05,1.0,0.0,0.19444444444444442
0.2,40,6,learned_gate,5.314601959591446e-06,4.1214556762007016e-07,54.64954010500696,5.4376084025741364e-05,1.0,0.0,0.19444444444444442
0.2,41,8,distance,1.220391083463108e-06,7.875343588426839e-08,58.33149800423916,8.83733182696044e-06,1.0,0.0,0.203125
0.2,41,8,magnitude,1.2042481527328152e-06,5.917433705441089e-08,53.62294070623738,7.514736853817607e-06,1.0,0.0,0.203125
0.2,41,8,fisher_proxy,9.358470551661691e-07,7.119459966361913e-08,50.43881421266549,7.011611450591967e-06,1.0,0.0,0.203125
0.2,41,8,oracle_edge_current,9.094200453268568e-07,6.147355656825103e-08,47.678019970085806,6.1163290783802805e-06,1.0,0.0,0.203125
0.2,41,8,learned_gate,8.797301492937878e-07,7.072560235661112e-08,49.189373081499944,6.467909489959496e-06,1.0,0.0,0.203125
0.2,42,4,distance,2.6160123376948315e-06,1.2593706190398057e-07,56.34681583196465,2.8659076629291838e-05,1.0,0.0,0.1875
0.2,42,4,magnitude,3.851325822203216e-06,1.1125587485743274e-07,70.89710075939799,2.7027931564893287e-05,1.0,0.0,0.1875
0.2,42,4,fisher_proxy,2.2792211607341093e-06,1.6322946648277814e-07,55.61405579393155,3.518501391406581e-05,1.0,0.0,0.1875
0.2,42,4,oracle_edge_current,2.2792211607341093e-06,1.6322946648277814e-07,55.61405579393155,3.518501391406581e-05,1.0,0.0,0.1875
0.2,42,4,learned_gate,2.2792211607341093e-06,1.6322946648277814e-07,55.61405579393155,3.518501391406581e-05,1.0,0.0,0.1875
0.2,43,6,distance,2.1117609431448487e-06,1.0915488902578286e-07,56.57778970668703,1.726750374106493e-05,1.0,0.0,0.19444444444444442
0.2,43,6,magnitude,2.0716089381665748e-06,1.0826928066396397e-07,55.98298546780362,1.7069120568232063e-05,1.0,0.0,0.19444444444444442
0.2,43,6,fisher_proxy,1.5566194775699463e-06,1.3272606951511168e-07,52.54786343470151,1.6298333607443237e-05,1.0,0.0,0.19444444444444442
0.2,43,6,oracle_edge_current,1.556929069962872e-06,1.1560839575826007e-07,49.964813377528685,1.4497627173056985e-05,1.0,0.0,0.19444444444444442
0.2,43,6,learned_gate,1.556929069962872e-06,1.1560839575826007e-07,49.964813377528685,1.4497627173056985e-05,1.0,0.0,0.19444444444444442
0.2,44,8,distance,4.06338594414445e-06,2.4905231149919134e-07,64.79619292516163,2.8615037118571362e-05,1.0,0.0,0.203125
0.2,44,8,magnitude,3.975750189642163e-06,2.0523119533465407e-07,61.08360047890837,2.449889372727005e-05,1.0,0.0,0.203125
0.2,44,8,fisher_proxy,3.167293665449119e-06,2.2396512298575754e-07,55.74686863149356,2.2812214422498503e-05,1.0,0.0,0.203125
0.2,44,8,oracle_edge_current,2.998330518176606e-06,2.239082032334446e-07,54.111179622400144,2.082728911892682e-05,1.0,0.0,0.203125
0.2,44,8,learned_gate,2.9630961792282786e-06,2.285395332851496e-07,54.360932441739116,2.0698900539737406e-05,1.0,0.0,0.203125
0.2,45,4,distance,3.2739629690088644e-06,1.6485535240706938e-07,53.57077615539031,3.640933391918919e-05,1.0,0.0,0.1875
0.2,45,4,magnitude,3.6218608927928813e-06,2.0032046143289624e-07,58.70865930019289,4.348161205164741e-05,1.0,0.0,0.1875
0.2,45,4,fisher_proxy,2.8671953537391195e-06,2.1915991867140303e-07,53.594975681572635,4.584631743250957e-05,1.0,0.0,0.1875
0.2,45,4,oracle_edge_current,3.2739629690088644e-06,1.6485535240706938e-07,53.57077615539031,3.640933391918919e-05,1.0,0.0,0.1875
0.2,45,4,learned_gate,2.8671953537391195e-06,2.1915991867140303e-07,53.594975681572635,4.584631743250957e-05,1.0,0.0,0.1875
0.2,46,6,distance,8.118254746568298e-06,3.637274738572015e-07,69.83318086248565,6.240026286648094e-05,1.0,0.0,0.19444444444444442
0.2,46,6,magnitude,5.971631401862478e-06,3.4999750218007944e-07,56.977009636700174,4.977798018255407e-05,1.0,0.0,0.19444444444444442
0.2,46,6,fisher_proxy,5.259653630925347e-06,3.557963040432266e-07,53.49267997914854,5.0290298863436706e-05,1.0,0.0,0.19444444444444442
0.2,46,6,oracle_edge_current,5.259653630925347e-06,3.557963040432266e-07,53.49267997914854,5.0290298863436706e-05,1.0,0.0,0.19444444444444442
0.2,46,6,learned_gate,5.259653630925347e-06,3.557963040432266e-07,53.49267997914854,5.0290298863436706e-05,1.0,0.0,0.19444444444444442
0.2,47,8,distance,1.9235471666409025e-06,1.0761002404410388e-07,58.34780834733794,1.2520099918617348e-05,1.0,0.0,0.203125
0.2,47,8,magnitude,1.659889380793006e-06,9.30839890517303e-08,51.69005011717566,1.0203257568204954e-05,1.0,0.0,0.203125
0.2,47,8,fisher_proxy,1.355042461742099e-06,9.160449916056858e-08,46.39649018875472,9.139742971689307e-06,1.0,0.0,0.203125
0.2,47,8,oracle_edge_current,1.2562459461383975e-06,9.551817575656592e-08,45.26545265407259,9.289890658039642e-06,1.0,0.0,0.203125
0.2,47,8,learned_gate,1.2562459461383975e-06,9.551817575656592e-08,45.26545265407259,9.289890658039642e-06,1.0,0.0,0.203125
0.2,48,4,distance,3.750081873437564e-06,1.6293483966862972e-07,61.138019728210004,3.784013823348472e-05,1.0,0.0,0.1875
0.2,48,4,magnitude,4.450479057397568e-06,1.9219887381107685e-07,68.71627447983514,5.160342174837583e-05,1.0,0.0,0.1875
0.2,48,4,fisher_proxy,3.1951225787188397e-06,2.0597489496847008e-07,58.55445830066718,4.553890569712133e-05,1.0,0.0,0.1875
0.2,48,4,oracle_edge_current,3.1951225787188397e-06,2.0597489496847008e-07,58.55445830066718,4.553890569712133e-05,1.0,0.0,0.1875
0.2,48,4,learned_gate,3.1951225787188397e-06,2.0597489496847008e-07,58.55445830066718,4.553890569712133e-05,1.0,0.0,0.1875
0.2,49,6,distance,2.271702558214195e-06,1.1730867924932066e-07,57.093631739940776,1.849088399059606e-05,1.0,0.0,0.19444444444444442
0.2,49,6,magnitude,2.13945489818089e-06,1.1986246653580468e-07,55.52809577869229,1.7194277485628298e-05,1.0,0.0,0.19444444444444442
0.2,49,6,fisher_proxy,1.6145858055951339e-06,1.407158546195849e-07,51.29285005503811,1.702215428044908e-05,1.0,0.0,0.19444444444444442
0.2,49,6,oracle_edge_current,1.6421168378709382e-06,1.2252513795876166e-07,49.304460500908135,1.5151459069388566e-05,1.0,0.0,0.19444444444444442
0.2,49,6,learned_gate,1.6421168378709382e-06,1.2252513795876166e-07,49.304460500908135,1.5151459069388566e-05,1.0,0.0,0.19444444444444442
0.2,50,8,distance,2.8266879954031108e-06,1.818744428429465e-07,62.64725510784193,1.9462601186595583e-05,1.0,0.0,0.203125
0.2,50,8,magnitude,3.2818543753091595e-06,1.7059712188427113e-07,67.23655800888302,2.1228963259323912e-05,1.0,0.0,0.203125
0.2,50,8,fisher_proxy,2.2259981429100194e-06,1.675508376263393e-07,55.19353025734143,1.5793561978118235e-05,1.0,0.0,0.203125
0.2,50,8,oracle_edge_current,2.2068616966342684e-06,1.6106202046303234e-07,54.51370252155815,1.578538026853828e-05,1.0,0.0,0.203125
0.2,50,8,learned_gate,2.1353335297624733e-06,1.7073350188590878e-07,54.99951103030841,1.5236569198617767e-05,1.0,0.0,0.203125
0.2,51,4,distance,2.871617945005243e-06,1.3336656036098456e-07,54.70157030582834,3.1040298303632e-05,1.0,0.0,0.1875
0.2,51,4,magnitude,3.5515874811847813e-06,1.6084901189325334e-07,62.944448756142215,4.440168071151458e-05,1.0,0.0,0.1875
0.2,51,4,fisher_proxy,2.5113412290528324e-06,1.7829450641733515e-07,54.677246009350675,3.9049338468904236e-05,1.0,0.0,0.1875
0.2,51,4,oracle_edge_current,2.5113412290528324e-06,1.7829450641733515e-07,54.677246009350675,3.9049338468904236e-05,1.0,0.0,0.1875
0.2,51,4,learned_gate,2.5113412290528324e-06,1.7829450641733515e-07,54.677246009350675,3.9049338468904236e-05,1.0,0.0,0.1875
0.2,52,6,distance,5.2868812832784775e-06,3.0234029057631136e-07,57.129293480298024,4.5356522970151204e-05,1.0,0.0,0.19444444444444442
0.2,52,6,magnitude,5.327515540141473e-06,2.912719944294247e-07,56.24735410686493,4.5792589895449455e-05,1.0,0.0,0.19444444444444442
0.2,52,6,fisher_proxy,4.248189213566789e-06,4.008335243760125e-07,57.8432814963211,4.7186260830001835e-05,1.0,0.0,0.19444444444444442
0.2,52,6,oracle_edge_current,4.621506967495785e-06,2.9752653229173775e-07,52.273721339164645,4.6259612320335514e-05,1.0,0.0,0.19444444444444442
0.2,52,6,learned_gate,4.153862119658328e-06,3.3907520227394724e-07,53.69535093399633,4.08962597205937e-05,1.0,0.0,0.19444444444444442
0.2,53,8,distance,4.781144628950018e-06,3.073777490891798e-07,59.34613550360055,3.359960571239932e-05,1.0,0.0,0.203125
0.2,53,8,magnitude,4.837985615082733e-06,2.9065260700032913e-07,58.601450051675165,3.372999798947559e-05,1.0,0.0,0.203125
0.2,53,8,fisher_proxy,3.683320301851057e-06,2.8264509765034995e-07,51.78786059429529,2.6880626491420838e-05,1.0,0.0,0.203125
0.2,53,8,oracle_edge_current,3.6163928564136398e-06,2.801700218745081e-07,51.313732419362424,2.628429079106853e-05,1.0,0.0,0.203125
0.2,53,8,learned_gate,3.601468732113838e-06,2.812471766859378e-07,51.3922431116474,2.6359889774837535e-05,1.0,0.0,0.203125
0.2,54,4,distance,1.823890514523104e-06,9.396308381060538e-08,44.387517966880836,2.0761225916723422e-05,1.0,0.0,0.1875
0.2,54,4,magnitude,2.511729307357972e-06,1.2190516335022622e-07,54.60263054133072,3.4200826925960986e-05,1.0,0.0,0.1875
0.2,54,4,fisher_proxy,1.6991603859946765e-06,1.3983092574893202e-07,48.306473317312154,2.8758768912213304e-05,1.0,0.0,0.1875
0.2,54,4,oracle_edge_current,1.823890514523104e-06,9.396308381060538e-08,44.387517966880836,2.0761225916723422e-05,1.0,0.0,0.1875
0.2,54,4,learned_gate,1.6991603859946765e-06,1.3983092574893202e-07,48.306473317312154,2.8758768912213304e-05,1.0,0.0,0.1875
0.2,55,6,distance,2.009042109429639e-06,1.0293173873394881e-07,52.63007602444375,1.658138701012614e-05,1.0,0.0,0.19444444444444442
0.2,55,6,magnitude,2.079625289226732e-06,1.0500514456079819e-07,53.74537747272564,1.743474313312212e-05,1.0,0.0,0.19444444444444442
0.2,55,6,fisher_proxy,1.5287915193808871e-06,1.33150069405829e-07,51.272699683045964,1.6461601511676697e-05,1.0,0.0,0.19444444444444442
0.2,55,6,oracle_edge_current,1.493268851737381e-06,1.1330989858498054e-07,47.63191150494646,1.4377273108406026e-05,1.0,0.0,0.19444444444444442
0.2,55,6,learned_gate,1.493268851737381e-06,1.1330989858498054e-07,47.63191150494646,1.4377273108406026e-05,1.0,0.0,0.19444444444444442
0.2,56,8,distance,1.28485583848643e-06,8.353094822669632e-08,57.50750308873448,8.770678304119984e-06,1.0,0.0,0.203125
0.2,56,8,magnitude,1.5269471392529803e-06,7.788789619548841e-08,62.62186742005663,9.68120481531144e-06,1.0,0.0,0.203125
0.2,56,8,fisher_proxy,9.886769518424135e-07,7.71557179388353e-08,50.51355474495133,6.998468135482999e-06,1.0,0.0,0.203125
0.2,56,8,oracle_edge_current,9.73541688879346e-07,7.366226085125087e-08,49.66441778450242,6.945050550379329e-06,1.0,0.0,0.203125
0.2,56,8,learned_gate,9.609598335095133e-07,7.64085454166732e-08,49.92682509410828,6.820723541300933e-06,1.0,0.0,0.203125
0.2,57,4,distance,1.949971474407267e-06,1.0525518868960207e-07,50.98789758422237,2.329901417590383e-05,1.0,0.0,0.1875
0.2,57,4,magnitude,2.3761135234156374e-06,1.1888995361916318e-07,56.449546930605464,3.146502026779677e-05,1.0,0.0,0.1875
0.2,57,4,fisher_proxy,1.8460824694396487e-06,1.4536038818064172e-07,54.88710398716121,3.0344381869137544e-05,1.0,0.0,0.1875
0.2,57,4,oracle_edge_current,1.949971474407267e-06,1.0525518868960207e-07,50.98789758422237,2.329901417590383e-05,1.0,0.0,0.1875
0.2,57,4,learned_gate,1.8460824694396487e-06,1.4536038818064172e-07,54.88710398716121,3.0344381869137544e-05,1.0,0.0,0.1875
0.2,58,6,distance,5.586415856310284e-06,2.7456219173241996e-07,64.23412070708791,4.409566747854169e-05,1.0,0.0,0.19444444444444442
0.2,58,6,magnitude,5.730215947944567e-06,2.790549921894224e-07,65.25647426257439,4.587143546240426e-05,1.0,0.0,0.19444444444444442
0.2,58,6,fisher_proxy,4.103256833757942e-06,3.1737899585532657e-07,57.27954937064417,4.1172499032584046e-05,1.0,0.0,0.19444444444444442
0.2,58,6,oracle_edge_current,4.292977344628329e-06,2.85925309482628e-07,56.83992629493776,3.781068539369017e-05,1.0,0.0,0.19444444444444442
0.2,58,6,learned_gate,4.103256833757942e-06,3.1737899585532657e-07,57.27954937064417,4.1172499032584046e-05,1.0,0.0,0.19444444444444442
0.2,59,8,distance,4.53683303558138e-06,3.3552497926384964e-07,53.941088453646614,3.409128625288786e-05,1.0,0.0,0.203125
0.2,59,8,magnitude,4.922766296592875e-06,2.562182342479107e-07,51.70429291750326,3.28539903563809e-05,1.0,0.0,0.203125
0.2,59,8,fisher_proxy,3.4546443352291105e-06,3.039907623593271e-07,47.02595119860026,2.6903825957517197e-05,1.0,0.0,0.203125
0.2,59,8,oracle_edge_current,3.4487793295551647e-06,2.546433017729961e-07,43.69183345207312,2.4390723336801096e-05,1.0,0.0,0.203125
0.2,59,8,learned_gate,3.3375610427775296e-06,2.7969570445872893e-07,44.85362477136621,2.588600610587111e-05,1.0,0.0,0.203125
0.2,60,4,distance,4.370244765042504e-06,2.3149647674653498e-07,59.56732985482128,5.204013654259439e-05,1.0,0.0,0.1875
0.2,60,4,magnitude,4.546869556257387e-06,2.445816487132622e-07,60.352560245443755,5.5586355874309445e-05,1.0,0.0,0.1875
0.2,60,4,fisher_proxy,3.6987004377461255e-06,2.6564219346733047e-07,55.69954318325724,5.827063156016904e-05,1.0,0.0,0.1875
0.2,60,4,oracle_edge_current,3.6987004377461255e-06,2.6564219346733047e-07,55.69954318325724,5.827063156016904e-05,1.0,0.0,0.1875
0.2,60,4,learned_gate,3.6987004377461255e-06,2.6564219346733047e-07,55.69954318325724,5.827063156016904e-05,1.0,0.0,0.1875
0.2,61,6,distance,4.36350781857908e-06,2.181515372856165e-07,66.64260660606003,3.4997537530775666e-05,1.0,0.0,0.19444444444444442
0.2,61,6,magnitude,4.36350781857908e-06,2.181515372856165e-07,66.64260660606003,3.4997537530775666e-05,1.0,0.0,0.19444444444444442
0.2,61,6,fisher_proxy,3.2307354032157694e-06,2.474733332361067e-07,59.134276759262185,3.2467567287724424e-05,1.0,0.0,0.19444444444444442
0.2,61,6,oracle_edge_current,3.3945402716779986e-06,2.2523194966562516e-07,59.08155917242357,3.0065347266258685e-05,1.0,0.0,0.19444444444444442
0.2,61,6,learned_gate,3.2307354032157694e-06,2.474733332361067e-07,59.134276759262185,3.2467567287724424e-05,1.0,0.0,0.19444444444444442
0.2,62,8,distance,3.6567196290977764e-06,2.5318695521163475e-07,53.41223095795912,2.6738311786573668e-05,1.0,0.0,0.203125
0.2,62,8,magnitude,3.4245908479832906e-06,2.2010595548833127e-07,49.89818958895027,2.4505486695717785e-05,1.0,0.0,0.203125
0.2,62,8,fisher_proxy,2.7633886422140835e-06,2.3444525938170234e-07,46.905618861928765,2.1053187921251693e-05,1.0,0.0,0.203125
0.2,62,8,oracle_edge_current,2.8518952697574133e-06,2.0645304040772176e-07,45.69935202558855,1.9779510558632662e-05,1.0,0.0,0.203125
0.2,62,8,learned_gate,2.7005947516312023e-06,2.2228868696120178e-07,45.843228789943176,2.07382407591639e-05,1.0,0.0,0.203125
0.2,63,4,distance,2.5035772453833175e-06,1.2856169690770003e-07,59.45045878968892,2.7815546666308355e-05,1.0,0.0,0.1875
0.2,63,4,magnitude,2.6176334456996105e-06,1.3728987936287362e-07,60.5410504377762,3.0061472762987675e-05,1.0,0.0,0.1875
0.2,63,4,fisher_proxy,2.0999976881384076e-06,1.4966958049502154e-07,55.54490083434737,3.1631188444503806e-05,1.0,0.0,0.1875
0.2,63,4,oracle_edge_current,2.0999976881384076e-06,1.4966958049502154e-07,55.54490083434737,3.1631188444503806e-05,1.0,0.0,0.1875
0.2,63,4,learned_gate,2.0999976881384076e-06,1.4966958049502154e-07,55.54490083434737,3.1631188444503806e-05,1.0,0.0,0.1875
0.2,64,6,distance,2.0159471805852406e-06,9.805635336793263e-08,56.66744266009608,1.569120729713926e-05,1.0,0.0,0.19444444444444442
0.2,64,6,magnitude,1.8338507842603306e-06,1.0807091561151439e-07,54.384486984607896,1.729362698753611e-05,1.0,0.0,0.19444444444444442
0.2,64,6,fisher_proxy,1.4558076467802161e-06,1.1981773000015283e-07,51.833629058861,1.4836434804380056e-05,1.0,0.0,0.19444444444444442
0.2,64,6,oracle_edge_current,1.4748564076678497e-06,1.0433450762550845e-07,49.72705055736894,1.320978296553017e-05,1.0,0.0,0.19444444444444442
0.2,64,6,learned_gate,1.4748564076678497e-06,1.0433450762550845e-07,49.72705055736894,1.320978296553017e-05,1.0,0.0,0.19444444444444442
0.2,65,8,distance,6.446169181105234e-06,4.0456506088673386e-07,66.53544942218377,4.418924654474709e-05,1.0,0.0,0.203125
0.2,65,8,magnitude,6.722167090413937e-06,3.3648116467727086e-07,65.46853105026503,4.193516459356002e-05,1.0,0.0,0.203125
0.2,65,8,fisher_proxy,5.1804123635669035e-06,3.721893818742507e-07,58.62554993918279,3.648185219502079e-05,1.0,0.0,0.203125
0.2,65,8,oracle_edge_current,5.148993899595916e-06,3.5488799141955727e-07,57.76530701518361,3.680618738359847e-05,1.0,0.0,0.203125
0.2,65,8,learned_gate,4.938172626973529e-06,3.8947939744071834e-07,58.19090616072565,3.7286596677441934e-05,1.0,0.0,0.203125
0.2,66,4,distance,1.5407006321369043e-06,6.777874746566651e-08,61.13878202080888,1.5408114276659457e-05,1.0,0.0,0.1875
0.2,66,4,magnitude,1.5407006321369043e-06,6.777874746566651e-08,61.13878202080888,1.5408114276659457e-05,1.0,0.0,0.1875
0.2,66,4,fisher_proxy,1.3007620093388738e-06,8.404275617558331e-08,58.055694407154135,1.8348092642176463e-05,1.0,0.0,0.1875
0.2,66,4,oracle_edge_current,1.3007620093388738e-06,8.404275617558331e-08,58.055694407154135,1.8348092642176463e-05,1.0,0.0,0.1875
0.2,66,4,learned_gate,1.3007620093388738e-06,8.404275617558331e-08,58.055694407154135,1.8348092642176463e-05,1.0,0.0,0.1875
0.2,67,6,distance,3.1876703549286084e-06,1.6121898540332345e-07,55.809762391685524,2.5957991107799332e-05,1.0,0.0,0.19444444444444442
0.2,67,6,magnitude,3.2821868417759005e-06,1.6409738697459551e-07,56.823290686675534,2.7115128144256406e-05,1.0,0.0,0.19444444444444442
0.2,67,6,fisher_proxy,2.3351186632515734e-06,1.988754166386601e-07,51.91054691197746,2.4723760082772242e-05,1.0,0.0,0.19444444444444442
0.2,67,6,oracle_edge_current,2.3421975641917113e-06,1.724263172169745e-07,49.365515090858544,2.1930634721513577e-05,1.0,0.0,0.19444444444444442
0.2,67,6,learned_gate,2.3421975641917113e-06,1.724263172169745e-07,49.365515090858544,2.1930634721513577e-05,1.0,0.0,0.19444444444444442
0.2,68,8,distance,4.248694618782037e-06,2.6391112679829197e-07,65.96624737385832,2.8754570886103523e-05,1.0,0.0,0.203125
0.2,68,8,magnitude,3.4639026311579732e-06,2.1273278018155519e-07,55.98254344808207,2.2186444315910877e-05,1.0,0.0,0.203125
0.2,68,8,fisher_proxy,3.321037334446062e-06,2.3356332699315302e-07,55.7395652122308,2.3010179615827045e-05,1.0,0.0,0.203125
0.2,68,8,oracle_edge_current,3.2359228770770013e-06,2.3027209456394573e-07,54.961593920606035,2.2427084885242814e-05,1.0,0.0,0.203125
0.2,68,8,learned_gate,3.166771938722945e-06,2.3541981999205452e-07,55.11716749803437,2.200037684353451e-05,1.0,0.0,0.203125
0.2,69,4,distance,2.42417069464089e-06,1.2686239328511998e-07,57.82539781018347,2.7944172016648666e-05,1.0,0.0,0.1875
0.2,69,4,magnitude,2.6432045142740084e-06,1.486262993448322e-07,62.490327559945435,3.230888398689053e-05,1.0,0.0,0.1875
0.2,69,4,fisher_proxy,2.151197334420337e-06,1.6014107171773456e-07,57.62193677473802,3.376898684571571e-05,1.0,0.0,0.1875
0.2,69,4,oracle_edge_current,2.151197334420337e-06,1.6014107171773456e-07,57.62193677473802,3.376898684571571e-05,1.0,0.0,0.1875
0.2,69,4,learned_gate,2.151197334420337e-06,1.6014107171773456e-07,57.62193677473802,3.376898684571571e-05,1.0,0.0,0.1875
0.2,70,6,distance,4.05874825950171e-06,1.695953059281228e-07,67.4747133645869,2.965286620587513e-05,1.0,0.0,0.19444444444444442
0.2,70,6,magnitude,2.5338359228762804e-06,1.6571563135199437e-07,49.39899594186775,2.480548821196624e-05,1.0,0.0,0.19444444444444442
0.2,70,6,fisher_proxy,2.3673708712503134e-06,1.7033524396182704e-07,48.41292051178979,2.3023797546517567e-05,1.0,0.0,0.19444444444444442
0.2,70,6,oracle_edge_current,2.3673708712503134e-06,1.7033524396182704e-07,48.41292051178979,2.3023797546517567e-05,1.0,0.0,0.19444444444444442
0.2,70,6,learned_gate,2.3673708712503134e-06,1.7033524396182704e-07,48.41292051178979,2.3023797546517567e-05,1.0,0.0,0.19444444444444442
0.2,71,8,distance,2.4507998705273573e-06,1.5274582168512874e-07,64.63778165478867,1.598771788923372e-05,1.0,0.0,0.203125
0.2,71,8,magnitude,2.659457049728267e-06,1.4553426831039912e-07,67.1447303925386,1.5998206978844276e-05,1.0,0.0,0.203125
0.2,71,8,fisher_proxy,1.974085915440807e-06,1.4266262165837651e-07,57.78428505504287,1.3315949895105223e-05,1.0,0.0,0.203125
0.2,71,8,oracle_edge_current,1.9237704171974856e-06,1.395497426629749e-07,57.066159971615406,1.3147371431967224e-05,1.0,0.0,0.203125
0.2,71,8,learned_gate,1.8941740337963716e-06,1.447661238462468e-07,57.45886670095393,1.2827537707115327e-05,1.0,0.0,0.203125
0.2,72,4,distance,3.162500361093834e-06,1.6874258053099016e-07,44.97960682955969,3.787550070034397e-05,1.0,0.0,0.1875
0.2,72,4,magnitude,3.162500361093834e-06,1.6874258053099016e-07,44.97960682955969,3.787550070034397e-05,1.0,0.0,0.1875
0.2,72,4,fisher_proxy,2.9684306795123756e-06,2.4193512081423497e-07,48.727026541242196,5.0778038090273036e-05,1.0,0.0,0.1875
0.2,72,4,oracle_edge_current,3.162500361093834e-06,1.6874258053099016e-07,44.97960682955969,3.787550070034397e-05,1.0,0.0,0.1875
0.2,72,4,learned_gate,3.162500361093834e-06,1.6874258053099016e-07,44.97960682955969,3.787550070034397e-05,1.0,0.0,0.1875
0.2,73,6,distance,4.5000255190357465e-06,2.092874495972053e-07,64.51134517406965,3.508906767967559e-05,1.0,0.0,0.19444444444444442
0.2,73,6,magnitude,4.153239517011604e-06,2.306612205038702e-07,62.342855190771814,3.852947115533387e-05,1.0,0.0,0.19444444444444442
0.2,73,6,fisher_proxy,3.2713194737862885e-06,2.4180587685364196e-07,56.415587088587735,3.291056467855147e-05,1.0,0.0,0.19444444444444442
0.2,73,6,oracle_edge_current,3.4212928720390132e-06,2.2834939493869777e-07,56.18773426466844,3.4426375324300284e-05,1.0,0.0,0.19444444444444442
0.2,73,6,learned_gate,3.2713194737862885e-06,2.4180587685364196e-07,56.415587088587735,3.291056467855147e-05,1.0,0.0,0.19444444444444442
0.2,74,8,distance,2.585995421626124e-06,1.6814867641981276e-07,61.616725993779966,1.766276973802934e-05,1.0,0.0,0.203125
0.2,74,8,magnitude,2.8083174070701593e-06,1.5947622993473503e-07,63.89796853306302,1.7653382783370134e-05,1.0,0.0,0.203125
0.2,74,8,fisher_proxy,2.0343753991088782e-06,1.5535124441522641e-07,54.44204027367731,1.4309712329256868e-05,1.0,0.0,0.203125
0.2,74,8,oracle_edge_current,1.9694956993041603e-06,1.5108772250519057e-07,53.54078663365877,1.4070837764258867e-05,1.0,0.0,0.203125
0.2,74,8,learned_gate,1.9408437336155535e-06,1.5787024762896733e-07,54.121663892909865,1.3736607962891305e-05,1.0,0.0,0.203125
0.4,0,4,distance,2.834108632580242e-06,1.0577576470233367e-07,30.604527595044456,2.9383825523781607e-05,1.0,0.0,0.375
0.4,0,4,magnitude,1.6546374104538241e-06,1.0439174824618019e-07,21.43636358242488,2.386384566498813e-05,1.0,0.0,0.375
0.4,0,4,fisher_proxy,1.3066512893769067e-06,1.1109648734994209e-07,22.347923940993965,1.8082817003661038e-05,1.0,0.0,0.375
0.4,0,4,oracle_edge_current,1.6546374104538241e-06,1.0439174824618019e-07,21.43636358242488,2.386384566498813e-05,1.0,0.0,0.375
0.4,0,4,learned_gate,1.6546374104538241e-06,1.0439174824618019e-07,21.43636358242488,2.386384566498813e-05,1.0,0.0,0.375
0.4,1,6,distance,3.467412981078208e-06,1.9502292013940612e-07,36.29156329829091,2.7852397925897345e-05,1.0,0.0,0.38888888888888884
0.4,1,6,magnitude,3.2942247215658747e-06,1.7338265343970375e-07,34.272546186099056,2.540475541868575e-05,1.0,0.0,0.38888888888888884
0.4,1,6,fisher_proxy,2.366347784689878e-06,2.0114383146846707e-07,31.427908349403282,2.4083886434224566e-05,1.0,0.0,0.38888888888888884
0.4,1,6,oracle_edge_current,2.5335998599471804e-06,1.779832191450066e-07,30.731414544897216,2.221415334882399e-05,1.0,0.0,0.38888888888888884
0.4,1,6,learned_gate,2.5335998599471804e-06,1.779832191450066e-07,30.731414544897216,2.221415334882399e-05,1.0,0.0,0.38888888888888884
0.4,2,8,distance,1.6695432674460226e-06,9.750291605356506e-08,37.32940260402812,1.0502555231575516e-05,1.0,0.0,0.40625
0.4,2,8,magnitude,1.6695432674460226e-06,9.750291605356506e-08,37.32940260402812,1.0502555231575516e-05,1.0,0.0,0.40625
0.4,2,8,fisher_proxy,1.1153582029960544e-06,9.186927238443973e-08,31.157137061311257,7.637063943934018e-06,1.0,0.0,0.40625
0.4,2,8,oracle_edge_current,1.1153582029960544e-06,9.186927238443973e-08,31.157137061311257,7.637063943934018e-06,1.0,0.0,0.40625
0.4,2,8,learned_gate,1.1153582029960544e-06,9.186927238443973e-08,31.157137061311257,7.637063943934018e-06,1.0,0.0,0.40625
0.4,3,4,distance,2.9020019539064783e-06,1.2238126174864868e-07,31.50020336521037,3.4737614833202847e-05,1.0,0.0,0.375
0.4,3,4,magnitude,2.2637024212663243e-06,8.380322845193414e-08,24.70484656814115,2.0000492837243995e-05,1.0,0.0,0.375
0.4,3,4,fisher_proxy,1.3123698894210167e-06,1.1934808577065758e-07,22.331340465078586,1.983482316821111e-05,1.0,0.0,0.375
0.4,3,4,oracle_edge_current,1.6179721452691994e-06,1.1107401064320423e-07,21.161916812493416,2.5090231111815858e-05,1.0,0.0,0.375
0.4,3,4,learned_gate,1.6179721452691994e-06,1.1107401064320423e-07,21.161916812493416,2.5090231111815858e-05,1.0,0.0,0.375
0.4,4,6,distance,1.7951494759796637e-06,1.2010104314445538e-07,31.375193356304003,1.5507937066306632e-05,1.0,0.0,0.38888888888888884
0.4,4,6,magnitude,2.322105949587617e-06,9.559794905832545e-08,33.83410823249184,1.6208926170623262e-05,1.0,0.0,0.38888888888888884
0.4,4,6,fisher_proxy,1.3183110565474544e-06,1.3205268074656375e-07,30.06714581324703,1.4041610536251646e-05,1.0,0.0,0.38888888888888884
0.4,4,6,oracle_edge_current,1.3357038818109328e-06,9.646365737118116e-08,25.300172101398456,1.309065635239165e-05,1.0,0.0,0.38888888888888884
0.4,4,6,learned_gate,1.3357038818109328e-06,9.646365737118116e-08,25.300172101398456,1.309065635239165e-05,1.0,0.0,0.38888888888888884
0.4,5,8,distance,2.0590967005536718e-06,1.2155054179377043e-07,30.676414965606458,1.368832051844838e-05,1.0,0.0,0.40625
0.4,5,8,magnitude,2.1101008326951616e-06,1.162015065740537e-07,30.286254246783106,1.3607176122211349e-05,1.0,0.0,0.40625
0.4,5,8,fisher_proxy,1.3126658593017962e-06,1.1871971107820903e-07,26.007933908084702,9.80927367079095e-06,1.0,0.0,0.40625
0.4,5,8,oracle_edge_current,1.3911826727188575e-06,1.1089532572540483e-07,25.541539846013627,1.0408308148116898e-05,1.0,0.0,0.40625
0.4,5,8,learned_gate,1.4225949335509165e-06,1.1350206550179091e-07,25.557910086083947,1.0780304199857326e-05,1.0,0.0,0.40625
0.4,6,4,distance,2.5752538861106614e-06,9.15891725102719e-08,44.01464699492511,2.5031322256335357e-05,1.0,0.0,0.375
0.4,6,4,magnitude,2.1958856501254344e-06,7.063254731619404e-08,37.91279898120245,1.6476138128355643e-05,1.0,0.0,0.375
0.4,6,4,fisher_proxy,1.3514948012600484e-06,9.223079840890614e-08,32.22225900971701,1.6022965238367844e-05,1.0,0.0,0.375
0.4,6,4,oracle_edge_current,1.3514948012600484e-06,9.223079840890614e-08,32.22225900971701,1.6022965238367844e-05,1.0,0.0,0.375
0.4,6,4,learned_gate,1.3514948012600484e-06,9.223079840890614e-08,32.22225900971701,1.6022965238367844e-05,1.0,0.0,0.375
0.4,7,6,distance,1.7101771678919528e-06,9.516673070327083e-08,34.85169824044371,1.3925164412525811e-05,1.0,0.0,0.38888888888888884
0.4,7,6,magnitude,1.6165915830953596e-06,8.496680676047271e-08,32.93793186410037,1.2811831070396945e-05,1.0,0.0,0.38888888888888884
0.4,7,6,fisher_proxy,1.096891487803453e-06,9.421739275851447e-08,28.560421004200087,1.115866063811847e-05,1.0,0.0,0.38888888888888884
0.4,7,6,oracle_edge_current,1.1826983880400265e-06,8.35282926068076e-08,28.074932720111534,1.0297807302339561e-05,1.0,0.0,0.38888888888888884
0.4,7,6,learned_gate,1.1826983880400265e-06,8.35282926068076e-08,28.074932720111534,1.0297807302339561e-05,1.0,0.0,0.38888888888888884
0.4,8,8,distance,1.6281981873728957e-06,1.0948601546915736e-07,35.09740097088383,1.0505606094545267e-05,1.0,0.0,0.40625
0.4,8,8,magnitude,1.9236526336182992e-06,1.0254098298218828e-07,37.70850176540859,1.1880386217366907e-05,1.0,0.0,0.40625
0.4,8,8,fisher_proxy,1.168250645715094e-06,1.0783979832359402e-07,31.471073275148125,8.09246613526761e-06,1.0,0.0,0.40625
0.4,8,8,oracle_edge_current,1.1531438012952107e-06,9.315459189676988e-08,29.888855698786116,7.708821033675964e-06,1.0,0.0,0.40625
0.4,8,8,learned_gate,1.1531438012952107e-06,9.315459189676988e-08,29.888855698786116,7.708821033675964e-06,1.0,0.0,0.40625
0.4,9,4,distance,1.974593857334243e-06,7.818467488670791e-08,30.20476720212022,2.0865238116725198e-05,1.0,0.0,0.375
0.4,9,4,magnitude,1.974593857334243e-06,7.818467488670791e-08,30.20476720212022,2.0865238116725198e-05,1.0,0.0,0.375
0.4,9,4,fisher_proxy,9.80391938653948e-07,8.851890605728208e-08,23.88314996454674,1.4036370612731831e-05,1.0,0.0,0.375
0.4,9,4,oracle_edge_current,1.1862242486988747e-06,8.111002093871752e-08,22.23744089311895,1.7455066603098153e-05,1.0,0.0,0.375
0.4,9,4,learned_gate,1.1862242486988747e-06,8.111002093871752e-08,22.23744089311895,1.7455066603098153e-05,1.0,0.0,0.375
0.4,10,6,distance,1.4279259780743357e-06,1.0116929011128773e-07,34.07975062019054,1.2731963974500797e-05,1.0,0.0,0.38888888888888884
0.4,10,6,magnitude,1.7153793276050826e-06,7.445662567053679e-08,34.04721635730535,1.2087144871041798e-05,1.0,0.0,0.38888888888888884
0.4,10,6,fisher_proxy,1.0730874732113594e-06,1.0967798794609463e-07,33.468229962396926,1.1406183338230298e-05,1.0,0.0,0.38888888888888884
0.4,10,6,oracle_edge_current,1.0535805324654938e-06,7.724764303645752e-08,26.806509156122658,1.0112570828590728e-05,1.0,0.0,0.38888888888888884
0.4,10,6,learned_gate,1.0535805324654938e-06,7.724764303645752e-08,26.806509156122658,1.0112570828590728e-05,1.0,0.0,0.38888888888888884
0.4,11,8,distance,1.0241931184364525e-06,7.378970972591559e-08,37.551145734763544,6.676173818198019e-06,1.0,0.0,0.40625
0.4,11,8,magnitude,1.2978267366435999e-06,7.272616092143432e-08,42.152480795094526,8.510327044794535e-06,1.0,0.0,0.40625
0.4,11,8,fisher_proxy,7.567979476606293e-07,7.375638320258563e-08,34.64690537641106,5.263875580072918e-06,1.0,0.0,0.40625
0.4,11,8,oracle_edge_current,7.543341987263641e-07,6.172684407104396e-08,32.60514807163685,5.204433579422231e-06,1.0,0.0,0.40625
0.4,11,8,learned_gate,7.543341987263641e-07,6.172684407104396e-08,32.60514807163685,5.204433579422231e-06,1.0,0.0,0.40625
0.4,12,4,distance,1.5080616424192432e-06,5.573847331278688e-08,31.618335450024937,1.5603189918468992e-05,1.0,0.0,0.375
0.4,12,4,magnitude,1.06204732334865e-06,5.9559066095834564e-08,25.284574204444326,1.617937865517946e-05,1.0,0.0,0.375
0.4,12,4,fisher_proxy,7.168045770041218e-07,5.97031862396956e-08,23.656336765049765,9.792712716309509e-06,1.0,0.0,0.375
0.4,12,4,oracle_edge_current,9.085356200236085e-07,5.717480525228725e-08,23.164477951651644,1.2992482354895027e-05,1.0,0.0,0.375
0.4,12,4,learned_gate,9.085356200236085e-07,5.717480525228725e-08,23.164477951651644,1.2992482354895027e-05,1.0,0.0,0.375
0.4,13,6,distance,2.5413343924788705e-06,1.5652020205156204e-07,35.16176785231409,2.0925617937259312e-05,1.0,0.0,0.38888888888888884
0.4,13,6,magnitude,3.0045310578618913e-06,1.364346035656286e-07,37.898931342360775,1.883102408891366e-05,1.0,0.0,0.38888888888888884
0.4,13,6,fisher_proxy,1.8016960837607723e-06,1.645636899544661e-07,31.66938747254338,1.8474715943422426e-05,1.0,0.0,0.38888888888888884
0.4,13,6,oracle_edge_current,1.8892151822315812e-06,1.4539034807440292e-07,30.479608197813278,1.6965066561289735e-05,1.0,0.0,0.38888888888888884
0.4,13,6,learned_gate,1.8892151822315812e-06,1.4539034807440292e-07,30.479608197813278,1.6965066561289735e-05,1.0,0.0,0.38888888888888884
0.4,14,8,distance,2.948056138324384e-06,1.7140559394919812e-07,41.729317880583956,1.870925070118039e-05,1.0,0.0,0.40625
0.4,14,8,magnitude,3.3756072263383305e-06,1.754784240700141e-07,44.61769591160969,2.225963219333568e-05,1.0,0.0,0.40625
0.4,14,8,fisher_proxy,1.9944502494849877e-06,1.615986813117468e-07,34.783413009344486,1.3756124537305132e-05,1.0,0.0,0.40625
0.4,14,8,oracle_edge_current,1.9944502494849877e-06,1.615986813117468e-07,34.783413009344486,1.3756124537305132e-05,1.0,0.0,0.40625
0.4,14,8,learned_gate,1.9944502494849877e-06,1.615986813117468e-07,34.783413009344486,1.3756124537305132e-05,1.0,0.0,0.40625
0.4,15,4,distance,2.6833917635934087e-06,1.2572490006767878e-07,33.66577104128046,3.2094643068334587e-05,1.0,0.0,0.375
0.4,15,4,magnitude,2.6833917635934087e-06,1.2572490006767878e-07,33.66577104128046,3.2094643068334587e-05,1.0,0.0,0.375
0.4,15,4,fisher_proxy,1.4725680566221589e-06,1.4497099405976097e-07,29.172285881337107,2.2452615613639477e-05,1.0,0.0,0.375
0.4,15,4,oracle_edge_current,1.6588021897421628e-06,1.3540844046436437e-07,27.004894713576522,2.69849029395241e-05,1.0,0.0,0.375
0.4,15,4,learned_gate,1.6588021897421628e-06,1.3540844046436437e-07,27.004894713576522,2.69849029395241e-05,1.0,0.0,0.375
0.4,16,6,distance,1.0765022544199688e-06,6.660831793345857e-08,30.354667943598514,9.243459200189544e-06,1.0,0.0,0.38888888888888884
0.4,16,6,magnitude,1.3892383551782073e-06,5.4912628909058064e-08,34.007169921052316,9.170650405630816e-06,1.0,0.0,0.38888888888888884
0.4,16,6,fisher_proxy,7.96702037510373e-07,7.29159162137695e-08,28.989964818790607,8.445878922186848e-06,1.0,0.0,0.38888888888888884
0.4,16,6,oracle_edge_current,7.78043988994744e-07,5.578544724838391e-08,25.325497578003436,7.267720172625856e-06,1.0,0.0,0.38888888888888884
0.4,16,6,learned_gate,7.78043988994744e-07,5.578544724838391e-08,25.325497578003436,7.267720172625856e-06,1.0,0.0,0.38888888888888884
0.4,17,8,distance,9.632138705406116e-07,6.142511350764656e-08,37.20394352439215,6.065400717007361e-06,1.0,0.0,0.40625
0.4,17,8,magnitude,7.971593657563058e-07,5.029108436683227e-08,32.06575739504708,4.966190323846366e-06,1.0,0.0,0.40625
0.4,17,8,fisher_proxy,6.306746825955149e-07,5.3806966998093884e-08,29.72178019025286,4.25055429504644e-06,1.0,0.0,0.40625
0.4,17,8,oracle_edge_current,5.674568610851184e-07,4.77269928680085e-08,27.5313630838998,3.97114886415248e-06,1.0,0.0,0.40625
0.4,17,8,learned_gate,5.674568610851184e-07,4.77269928680085e-08,27.5313630838998,3.97114886415248e-06,1.0,0.0,0.40625
0.4,18,4,distance,2.860406744092473e-06,1.1275935519255657e-07,26.86381865098558,3.009082038057575e-05,1.0,0.0,0.375
0.4,18,4,magnitude,2.4080254684880063e-06,8.861005568358261e-08,23.110697487863245,1.9471426742664494e-05,1.0,0.0,0.375
0.4,18,4,fisher_proxy,1.4554708789237905e-06,1.3653704799607952e-07,22.325122961463006,2.165905099087321e-05,1.0,0.0,0.375
0.4,18,4,oracle_edge_current,1.6550661466827505e-06,1.1654602822241869e-07,19.317616335790415,2.477772560053125e-05,1.0,0.0,0.375
0.4,18,4,learned_gate,1.6550661466827505e-06,1.1654602822241869e-07,19.317616335790415,2.477772560053125e-05,1.0,0.0,0.375
0.4,19,6,distance,1.0821729183968394e-06,6.151812833514116e-08,33.66927846664647,8.56274838557713e-06,1.0,0.0,0.38888888888888884
0.4,19,6,magnitude,1.00593648878506e-06,5.3042594836645885e-08,30.993688734812263,7.677587402673151e-06,1.0,0.0,0.38888888888888884
0.4,19,6,fisher_proxy,7.3898713299723e-07,6.159514565575954e-08,28.74855737181457,7.30340376540821e-06,1.0,0.0,0.38888888888888884
0.4,19,6,oracle_edge_current,7.81059077937495e-07,5.4613006073610766e-08,27.866668119772275,6.739256791002069e-06,1.0,0.0,0.38888888888888884
0.4,19,6,learned_gate,7.81059077937495e-07,5.4613006073610766e-08,27.866668119772275,6.739256791002069e-06,1.0,0.0,0.38888888888888884
0.4,20,8,distance,2.468132394819559e-06,1.4643741086167156e-07,32.163248506740835,1.6892592561798095e-05,1.0,0.0,0.40625
0.4,20,8,magnitude,2.5765609909883525e-06,1.2647170816081603e-07,31.725308196931717,1.4731366581591729e-05,1.0,0.0,0.40625
0.4,20,8,fisher_proxy,1.448773892472055e-06,1.2926137690787468e-07,24.952658086148965,1.0559024497865427e-05,1.0,0.0,0.40625
0.4,20,8,oracle_edge_current,1.448773892472055e-06,1.2926137690787468e-07,24.952658086148965,1.0559024497865427e-05,1.0,0.0,0.40625
0.4,20,8,learned_gate,1.448773892472055e-06,1.2926137690787468e-07,24.952658086148965,1.0559024497865427e-05,1.0,0.0,0.40625
0.4,21,4,distance,4.5522487533161215e-06,1.6538513198271563e-07,45.234641585587795,4.4961940113622216e-05,1.0,0.0,0.375
0.4,21,4,magnitude,3.368077821903903e-06,1.7395397538136034e-07,36.892143980849134,4.6303793558602965e-05,1.0,0.0,0.375
0.4,21,4,fisher_proxy,2.4445971260498206e-06,1.6087461210259315e-07,32.70720093733591,2.8546703574152346e-05,1.0,0.0,0.375
0.4,21,4,oracle_edge_current,2.4445971260498206e-06,1.6087461210259315e-07,32.70720093733591,2.8546703574152346e-05,1.0,0.0,0.375
0.4,21,4,learned_gate,2.4445971260498206e-06,1.6087461210259315e-07,32.70720093733591,2.8546703574152346e-05,1.0,0.0,0.375
0.4,22,6,distance,2.7255637266419368e-06,1.6582363047250685e-07,44.53107629260499,2.4223667338653347e-05,1.0,0.0,0.38888888888888884
0.4,22,6,magnitude,2.6753674914076903e-06,1.24385804298688e-07,39.27493886284291,2.1198921539307116e-05,1.0,0.0,0.38888888888888884
0.4,22,6,fisher_proxy,1.9512228109930136e-06,1.5993786068422626e-07,37.83731069081613,2.0943216746256572e-05,1.0,0.0,0.38888888888888884
0.4,22,6,oracle_edge_current,1.7963190595949215e-06,1.2827230645872416e-07,33.70968982751846,1.5242242846362778e-05,1.0,0.0,0.38888888888888884
0.4,22,6,learned_gate,1.7963190595949215e-06,1.2827230645872416e-07,33.70968982751846,1.5242242846362778e-05,1.0,0.0,0.38888888888888884
0.4,23,8,distance,1.7318750447035496e-06,1.0881790855943585e-07,33.65192571158154,1.1378520383036062e-05,1.0,0.0,0.40625
0.4,23,8,magnitude,1.5583531579999495e-06,9.682118962987396e-08,31.21272283078584,9.935371338440358e-06,1.0,0.0,0.40625
0.4,23,8,fisher_proxy,1.0982282635354593e-06,9.842990537368861e-08,26.915744640168377,7.909751302555884e-06,1.0,0.0,0.40625
0.4,23,8,oracle_edge_current,1.0359407103104994e-06,9.716753791194373e-08,26.53289950172869,7.57763961357491e-06,1.0,0.0,0.40625
0.4,23,8,learned_gate,1.0359407103104994e-06,9.716753791194373e-08,26.53289950172869,7.57763961357491e-06,1.0,0.0,0.40625
0.4,24,4,distance,1.6567536647196326e-06,5.4666778622454256e-08,44.54002284437596,1.5033865627962037e-05,1.0,0.0,0.375
0.4,24,4,magnitude,1.4242357976470184e-06,4.21370934442827e-08,38.56447590631199,1.0000988874151973e-05,1.0,0.0,0.375
0.4,24,4,fisher_proxy,9.026852146462131e-07,5.3749438236666836e-08,32.419733919349525,9.773156760937833e-06,1.0,0.0,0.375
0.4,24,4,oracle_edge_current,8.711333007264491e-07,6.284510333154587e-08,32.104725067309964,1.3441759567259932e-05,1.0,0.0,0.375
0.4,24,4,learned_gate,8.711333007264491e-07,6.284510333154587e-08,32.104725067309964,1.3441759567259932e-05,1.0,0.0,0.375
0.4,25,6,distance,1.4460424078718605e-06,8.166847118931892e-08,32.274640228758074,1.1483277453737828e-05,1.0,0.0,0.38888888888888884
0.4,25,6,magnitude,1.5921180878036844e-06,7.41961910164774e-08,32.87159646142408,1.2916731299714432e-05,1.0,0.0,0.38888888888888884
0.4,25,6,fisher_proxy,9.789786216897928e-07,8.672377811946209e-08,28.669918371226082,9.98872784516676e-06,1.0,0.0,0.38888888888888884
0.4,25,6,oracle_edge_current,1.0283999342467394e-06,7.446396404775494e-08,27.233764461145206,9.020165794584257e-06,1.0,0.0,0.38888888888888884
0.4,25,6,learned_gate,1.0283999342467394e-06,7.446396404775494e-08,27.233764461145206,9.020165794584257e-06,1.0,0.0,0.38888888888888884
0.4,26,8,distance,1.8632725206720972e-06,1.1006110008710769e-07,31.41553206058306,1.0899022873747084e-05,1.0,0.0,0.40625
0.4,26,8,magnitude,1.9623959020615096e-06,1.1298998263546512e-07,32.33029544949076,1.1809885908480203e-05,1.0,0.0,0.40625
0.4,26,8,fisher_proxy,1.2489664875951536e-06,1.1380859531552794e-07,27.87234509447095,8.294130051933365e-06,1.0,0.0,0.40625
0.4,26,8,oracle_edge_current,1.268130932605832e-06,1.0418106057813566e-07,26.72256340454463,8.849689197404924e-06,1.0,0.0,0.40625
0.4,26,8,learned_gate,1.2838104122242047e-06,1.0620686353974778e-07,26.82147593919892,9.029945233082508e-06,1.0,0.0,0.40625
0.4,27,4,distance,1.946729625945896e-06,8.298205156977979e-08,32.81679440776191,2.276017431861634e-05,1.0,0.0,0.375
0.4,27,4,magnitude,1.5204121095457879e-06,6.10527849264832e-08,26.62183875654317,1.4204443247474049e-05,1.0,0.0,0.375
0.4,27,4,fisher_proxy,8.809327336508262e-07,7.898791191654283e-08,23.2269934932854,1.2588454221749193e-05,1.0,0.0,0.375
0.4,27,4,oracle_edge_current,8.809327336508262e-07,7.898791191654283e-08,23.2269934932854,1.2588454221749193e-05,1.0,0.0,0.375
0.4,27,4,learned_gate,8.809327336508262e-07,7.898791191654283e-08,23.2269934932854,1.2588454221749193e-05,1.0,0.0,0.375
0.4,28,6,distance,1.8041638859193446e-06,1.1724484465455191e-07,26.714551307731522,1.5416034118118662e-05,1.0,0.0,0.38888888888888884
0.4,28,6,magnitude,2.0110370069723973e-06,1.234183411870692e-07,27.96923169142537,1.7426204395206075e-05,1.0,0.0,0.38888888888888884
0.4,28,6,fisher_proxy,1.3187436469282165e-06,1.3513798004763862e-07,26.66823468805546,1.4209729666056531e-05,1.0,0.0,0.38888888888888884
0.4,28,6,oracle_edge_current,1.2958991527244982e-06,1.1080987628494021e-07,23.74125986979825,1.2332819247441096e-05,1.0,0.0,0.38888888888888884
0.4,28,6,learned_gate,1.4538202109178055e-06,1.1224192392646123e-07,23.981210370824595,1.4537894963511906e-05,1.0,0.0,0.38888888888888884
0.4,29,8,distance,2.936833130312682e-06,1.736490678577169e-07,38.299200183606274,1.8962287066160403e-05,1.0,0.0,0.40625
0.4,29,8,magnitude,3.331921415802736e-06,1.738921665173515e-07,40.6930279282419,2.2243667264678224e-05,1.0,0.0,0.40625
0.4,29,8,fisher_proxy,1.958003852285846e-06,1.6421821771831236e-07,31.872463140105356,1.3788115423843439e-05,1.0,0.0,0.40625
0.4,29,8,oracle_edge_current,1.958003852285846e-06,1.6421821771831236e-07,31.872463140105356,1.3788115423843439e-05,1.0,0.0,0.40625
0.4,29,8,learned_gate,1.958003852285846e-06,1.6421821771831236e-07,31.872463140105356,1.3788115423843439e-05,1.0,0.0,0.40625
0.4,30,4,distance,2.8041449167801392e-06,1.077393070141873e-07,38.4417964675909,2.8968399185033184e-05,1.0,0.0,0.375
0.4,30,4,magnitude,2.8041449167801392e-06,1.077393070141873e-07,38.4417964675909,2.8968399185033184e-05,1.0,0.0,0.375
0.4,30,4,fisher_proxy,1.4311702310630727e-06,1.0931325992580502e-07,28.390263838844437,1.832806196012179e-05,1.0,0.0,0.375
0.4,30,4,oracle_edge_current,1.4311702310630727e-06,1.0931325992580502e-07,28.390263838844437,1.832806196012179e-05,1.0,0.0,0.375
0.4,30,4,learned_gate,1.4311702310630727e-06,1.0931325992580502e-07,28.390263838844437,1.832806196012179e-05,1.0,0.0,0.375
0.4,31,6,distance,1.7703170174234358e-06,1.0480888228184776e-07,37.73223141881246,1.4240510773231542e-05,1.0,0.0,0.38888888888888884
0.4,31,6,magnitude,2.025851496828546e-06,1.0812747418373399e-07,40.390616599973875,1.7614517019253437e-05,1.0,0.0,0.38888888888888884
0.4,31,6,fisher_proxy,1.310844029685232e-06,1.1036710455172119e-07,34.501746833829756,1.3081584193145435e-05,1.0,0.0,0.38888888888888884
0.4,31,6,oracle_edge_current,1.330256071770582e-06,9.444882298581845e-08,32.728069985926226,1.2181515889529964e-05,1.0,0.0,0.38888888888888884
0.4,31,6,learned_gate,1.330256071770582e-06,9.444882298581845e-08,32.728069985926226,1.2181515889529964e-05,1.0,0.0,0.38888888888888884
0.4,32,8,distance,5.559315903680417e-07,3.6147085443810883e-08,26.68163186367308,3.5775355703816067e-06,1.0,0.0,0.40625
0.4,32,8,magnitude,6.994935785917256e-07,3.7099914340328336e-08,30.82228547269523,4.205984907846247e-06,1.0,0.0,0.40625
0.4,32,8,fisher_proxy,3.95748103032903e-07,3.86641515588724e-08,25.658586904782965,2.8248904500691464e-06,1.0,0.0,0.40625
0.4,32,8,oracle_edge_current,4.2040574389246944e-07,3.3069370062966294e-08,23.85048442630288,2.8428167499506715e-06,1.0,0.0,0.40625
0.4,32,8,learned_gate,4.2040574389246944e-07,3.3069370062966294e-08,23.85048442630288,2.8428167499506715e-06,1.0,0.0,0.40625
0.4,33,4,distance,2.3611570449802907e-06,8.5313448643845e-08,45.23241082963926,2.2871511935938833e-05,1.0,0.0,0.375
0.4,33,4,magnitude,1.528253795585593e-06,8.617621328016817e-08,34.19196289239769,1.9082992667833507e-05,1.0,0.0,0.375
0.4,33,4,fisher_proxy,1.2745046957756897e-06,8.329683236548075e-08,32.792820197406364,1.4621455782867509e-05,1.0,0.0,0.375
0.4,33,4,oracle_edge_current,1.2745046957756897e-06,8.329683236548075e-08,32.792820197406364,1.4621455782867509e-05,1.0,0.0,0.375
0.4,33,4,learned_gate,1.2745046957756897e-06,8.329683236548075e-08,32.792820197406364,1.4621455782867509e-05,1.0,0.0,0.375
0.4,34,6,distance,2.7092205198292938e-06,1.7328864049678567e-07,31.35686915766016,2.3346175466070313e-05,1.0,0.0,0.38888888888888884
0.4,34,6,magnitude,2.9892757043564525e-06,1.4928997851412405e-07,32.80688515564797,2.036672423939732e-05,1.0,0.0,0.38888888888888884
0.4,34,6,fisher_proxy,2.0478264862848947e-06,1.846600566558946e-07,29.334591502032463,2.1265959253978147e-05,1.0,0.0,0.38888888888888884
0.4,34,6,oracle_edge_current,1.8216172937105906e-06,1.4514113338177212e-07,25.554953113145935,1.816193608977538e-05,1.0,0.0,0.38888888888888884
0.4,34,6,learned_gate,1.8216172937105906e-06,1.4514113338177212e-07,25.554953113145935,1.816193608977538e-05,1.0,0.0,0.38888888888888884
0.4,35,8,distance,8.737208007815236e-07,5.838100569650051e-08,33.138487057350915,5.555610768469402e-06,1.0,0.0,0.40625
0.4,35,8,magnitude,1.0293198092585498e-06,5.352189794874108e-08,35.38739151080413,6.228766421642353e-06,1.0,0.0,0.40625
0.4,35,8,fisher_proxy,6.346875540621151e-07,5.9010019708876196e-08,30.535436635671548,4.359021659008454e-06,1.0,0.0,0.40625
0.4,35,8,oracle_edge_current,6.418390369739938e-07,5.089445594170446e-08,28.892391700089924,4.266204188944824e-06,1.0,0.0,0.40625
0.4,35,8,learned_gate,6.418390369739938e-07,5.089445594170446e-08,28.892391700089924,4.266204188944824e-06,1.0,0.0,0.40625
0.4,36,4,distance,3.1282502818722374e-06,1.1680461903759482e-07,33.616608290965964,3.2532908271795183e-05,1.0,0.0,0.375
0.4,36,4,magnitude,2.621656561482601e-06,8.791324903157988e-08,28.517719417271415,2.0826857577669346e-05,1.0,0.0,0.375
0.4,36,4,fisher_proxy,1.518873664078472e-06,1.221995588084586e-07,24.69487740048894,2.0515660285248457e-05,1.0,0.0,0.375
0.4,36,4,oracle_edge_current,1.8588868351860261e-06,1.1679496967850599e-07,24.098025534915536,2.630554356599115e-05,1.0,0.0,0.375
0.4,36,4,learned_gate,1.8588868351860261e-06,1.1679496967850599e-07,24.098025534915536,2.630554356599115e-05,1.0,0.0,0.375
0.4,37,6,distance,1.9223998077377613e-06,1.1874979936974624e-07,37.766007801556015,1.582131278561093e-05,1.0,0.0,0.38888888888888884
0.4,37,6,magnitude,1.898166235456596e-06,1.1719086438179869e-07,37.40346017835512,1.572911012240605e-05,1.0,0.0,0.38888888888888884
0.4,37,6,fisher_proxy,1.3987503027596456e-06,1.2335521817068405e-07,33.90299912566695,1.4066429937874092e-05,1.0,0.0,0.38888888888888884
0.4,37,6,oracle_edge_current,1.3729600384888158e-06,1.1154819802770796e-07,32.57301706435901,1.2378332532979985e-05,1.0,0.0,0.38888888888888884
0.4,37,6,learned_gate,1.3729600384888158e-06,1.1154819802770796e-07,32.57301706435901,1.2378332532979985e-05,1.0,0.0,0.38888888888888884
0.4,38,8,distance,1.9774743992485276e-06,1.2305058402274708e-07,24.61877929453188,1.2864694751992382e-05,1.0,0.0,0.40625
0.4,38,8,magnitude,1.9774743992485276e-06,1.2305058402274708e-07,24.61877929453188,1.2864694751992382e-05,1.0,0.0,0.40625
0.4,38,8,fisher_proxy,1.3239555112294632e-06,1.3164683756475126e-07,23.113691989501813,9.732805964043073e-06,1.0,0.0,0.40625
0.4,38,8,oracle_edge_current,1.4535319619690793e-06,1.1225146267124277e-07,21.76090742761287,1.0011097433856632e-05,1.0,0.0,0.40625
0.4,38,8,learned_gate,1.4535319619690793e-06,1.1225146267124277e-07,21.76090742761287,1.0011097433856632e-05,1.0,0.0,0.40625
0.4,39,4,distance,4.205343074895699e-06,1.749776232906442e-07,40.26232804311552,4.575802861028654e-05,1.0,0.0,0.375
0.4,39,4,magnitude,3.407978391455878e-06,1.297459138089158e-07,33.49389642497687,2.998567958830212e-05,1.0,0.0,0.375
0.4,39,4,fisher_proxy,2.212969585031234e-06,1.690873044309422e-07,29.324642589111377,2.8910133906433152e-05,1.0,0.0,0.375
0.4,39,4,oracle_edge_current,2.212969585031234e-06,1.690873044309422e-07,29.324642589111377,2.8910133906433152e-05,1.0,0.0,0.375
0.4,39,4,learned_gate,2.212969585031234e-06,1.690873044309422e-07,29.324642589111377,2.8910133906433152e-05,1.0,0.0,0.375
0.4,40,6,distance,4.136505968985992e-06,2.267365120015298e-07,37.70081463246836,3.2628529153669016e-05,1.0,0.0,0.38888888888888884
0.4,40,6,magnitude,4.067993624260434e-06,2.192842898731218e-07,36.80920862682812,3.209456972604667e-05,1.0,0.0,0.38888888888888884
0.4,40,6,fisher_proxy,2.7251260394163536e-06,2.177477970198651e-07,30.244232476331383,2.711338369967354e-05,1.0,0.0,0.38888888888888884
0.4,40,6,oracle_edge_current,2.538583405425031e-06,2.1687552057131284e-07,29.596347168976,2.5659109928336415e-05,1.0,0.0,0.38888888888888884
0.4,40,6,learned_gate,2.538583405425031e-06,2.1687552057131284e-07,29.596347168976,2.5659109928336415e-05,1.0,0.0,0.38888888888888884
0.4,41,8,distance,5.5458375605334e-07,3.479535592559278e-08,27.192941753908574,3.854303511059518e-06,1.0,0.0,0.40625
0.4,41,8,magnitude,5.704807932535582e-07,2.8995762850566624e-08,26.156036784604193,3.2421165563657854e-06,1.0,0.0,0.40625
0.4,41,8,fisher_proxy,3.3349868056922286e-07,3.193095346829155e-08,22.357865165434237,2.4641718535392202e-06,1.0,0.0,0.40625
0.4,41,8,oracle_edge_current,3.788073265263587e-07,2.833726632812867e-08,21.675712045315663,2.6094519874159882e-06,1.0,0.0,0.40625
0.4,41,8,learned_gate,3.788073265263587e-07,2.833726632812867e-08,21.675712045315663,2.6094519874159882e-06,1.0,0.0,0.40625
0.4,42,4,distance,2.3343538954526584e-06,8.437347158896531e-08,44.31607489829501,2.283911522525529e-05,1.0,0.0,0.375
0.4,42,4,magnitude,2.0028881633860305e-06,6.558382474986064e-08,38.32387013662683,1.5340780158539312e-05,1.0,0.0,0.375
0.4,42,4,fisher_proxy,1.2486864997440783e-06,8.254233169095967e-08,32.033139126948754,1.4632144036589135e-05,1.0,0.0,0.375
0.4,42,4,oracle_edge_current,1.2486864997440783e-06,8.254233169095967e-08,32.033139126948754,1.4632144036589135e-05,1.0,0.0,0.375
0.4,42,4,learned_gate,1.2486864997440783e-06,8.254233169095967e-08,32.033139126948754,1.4632144036589135e-05,1.0,0.0,0.375
0.4,43,6,distance,1.0178435040530953e-06,6.137227577789582e-08,29.56168570415219,8.324003551109012e-06,1.0,0.0,0.38888888888888884
0.4,43,6,magnitude,1.004340013225265e-06,6.088214735917121e-08,29.303769385275334,8.295881275961599e-06,1.0,0.0,0.38888888888888884
0.4,43,6,fisher_proxy,7.337458568036174e-07,6.720121735187915e-08,27.96338614242163,7.498009808114754e-06,1.0,0.0,0.38888888888888884
0.4,43,6,oracle_edge_current,7.448347489615962e-07,5.730465031548158e-08,25.893815749567615,6.715665993993194e-06,1.0,0.0,0.38888888888888884
0.4,43,6,learned_gate,7.448347489615962e-07,5.730465031548158e-08,25.893815749567615,6.715665993993194e-06,1.0,0.0,0.38888888888888884
0.4,44,8,distance,2.1573614796735936e-06,1.257419664056497e-07,35.046430714495905,1.4209060802271052e-05,1.0,0.0,0.40625
0.4,44,8,magnitude,2.227537941921579e-06,1.1514580206027643e-07,34.772115377494515,1.2238512318588496e-05,1.0,0.0,0.40625
0.4,44,8,fisher_proxy,1.2894338616421344e-06,1.1255503670259299e-07,27.126243411642747,9.107063534660163e-06,1.0,0.0,0.40625
0.4,44,8,oracle_edge_current,1.2894338616421344e-06,1.1255503670259299e-07,27.126243411642747,9.107063534660163e-06,1.0,0.0,0.40625
0.4,44,8,learned_gate,1.2894338616421344e-06,1.1255503670259299e-07,27.126243411642747,9.107063534660163e-06,1.0,0.0,0.40625
0.4,45,4,distance,2.8947956433850173e-06,1.0702635492946145e-07,41.25453729786128,2.8391228418273933e-05,1.0,0.0,0.375
0.4,45,4,magnitude,2.0837690838527987e-06,1.1310382068554625e-07,33.048539001894014,2.9311329441840416e-05,1.0,0.0,0.375
0.4,45,4,fisher_proxy,1.5364622366268824e-06,1.1017174345488349e-07,30.474865588697753,1.8775126640916286e-05,1.0,0.0,0.375
0.4,45,4,oracle_edge_current,1.5364622366268824e-06,1.1017174345488349e-07,30.474865588697753,1.8775126640916286e-05,1.0,0.0,0.375
0.4,45,4,learned_gate,1.5364622366268824e-06,1.1017174345488349e-07,30.474865588697753,1.8775126640916286e-05,1.0,0.0,0.375
0.4,46,6,distance,4.718286550424069e-06,2.2466511390760093e-07,42.276080652669876,3.482029151735875e-05,1.0,0.0,0.38888888888888884
0.4,46,6,magnitude,3.6578403302048082e-06,2.297455475987718e-07,36.147936786699994,3.103499514325642e-05,1.0,0.0,0.38888888888888884
0.4,46,6,fisher_proxy,3.1096285572870027e-06,2.2791535777552646e-07,34.34207581918443,2.99935520916726e-05,1.0,0.0,0.38888888888888884
0.4,46,6,oracle_edge_current,2.3958743436395484e-06,2.2784607626611237e-07,30.141971049355814,2.5471998334981897e-05,1.0,0.0,0.38888888888888884
0.4,46,6,learned_gate,2.7173301384164425e-06,2.2082235083494432e-07,31.20479819397066,2.4959674657277004e-05,1.0,0.0,0.38888888888888884
0.4,47,8,distance,9.182933430158339e-07,5.0495265485444904e-08,28.855918450978013,5.567775705257773e-06,1.0,0.0,0.40625
0.4,47,8,magnitude,8.791557352491596e-07,5.353493266298846e-08,28.196145965525282,6.0962854615132106e-06,1.0,0.0,0.40625
0.4,47,8,fisher_proxy,5.637103384803499e-07,4.7213595991020655e-08,23.15101893561583,3.887252010406559e-06,1.0,0.0,0.40625
0.4,47,8,oracle_edge_current,5.637103384803499e-07,4.7213595991020655e-08,23.15101893561583,3.887252010406559e-06,1.0,0.0,0.40625
0.4,47,8,learned_gate,5.890848307869845e-07,4.571065394001379e-08,23.171475900059534,4.1458053344206055e-06,1.0,0.0,0.40625
0.4,48,4,distance,3.3694551558815315e-06,1.0819513845572367e-07,48.85084487518389,2.9978094643447346e-05,1.0,0.0,0.375
0.4,48,4,magnitude,2.4831255130465696e-06,1.1355245444748126e-07,39.48309695882905,3.085652378331388e-05,1.0,0.0,0.375
0.4,48,4,fisher_proxy,1.8861375079219355e-06,1.0648651865640506e-07,35.63481634240462,1.9503489440192103e-05,1.0,0.0,0.375
0.4,48,4,oracle_edge_current,1.716818041612936e-06,1.239747609400036e-07,33.78508372321364,2.6584810888666874e-05,1.0,0.0,0.375
0.4,48,4,learned_gate,1.716818041612936e-06,1.239747609400036e-07,33.78508372321364,2.6584810888666874e-05,1.0,0.0,0.375
0.4,49,6,distance,1.0900057320011615e-06,6.365556521514562e-08,29.381476872443614,8.578124870246635e-06,1.0,0.0,0.38888888888888884
0.4,49,6,magnitude,1.0702782513878512e-06,6.175372441308024e-08,28.76302444201409,8.46461947892865e-06,1.0,0.0,0.38888888888888884
0.4,49,6,fisher_proxy,7.675214335256531e-07,7.231077964696633e-08,27.624290387613936,7.827654094184889e-06,1.0,0.0,0.38888888888888884
0.4,49,6,oracle_edge_current,7.311925224339859e-07,6.051577226446497e-08,25.160878625510353,6.444467109171941e-06,1.0,0.0,0.38888888888888884
0.4,49,6,learned_gate,7.311925224339859e-07,6.051577226446497e-08,25.160878625510353,6.444467109171941e-06,1.0,0.0,0.38888888888888884
0.4,50,8,distance,1.4824741454832803e-06,9.452028287251004e-08,34.02301884008028,9.592177595033135e-06,1.0,0.0,0.40625
0.4,50,8,magnitude,1.9160867241831136e-06,9.941693564564787e-08,39.57332841027066,1.1991270504754156e-05,1.0,0.0,0.40625
0.4,50,8,fisher_proxy,1.0345708038670086e-06,9.371678720803248e-08,30.405250612640362,7.27944985945445e-06,1.0,0.0,0.40625
0.4,50,8,oracle_edge_current,1.0716747949644085e-06,8.402689924782869e-08,29.833690489177606,7.275255632098027e-06,1.0,0.0,0.40625
0.4,50,8,learned_gate,1.1211566294209996e-06,8.47977453710917e-08,29.8952288060293,7.590009610371368e-06,1.0,0.0,0.40625
0.4,51,4,distance,2.5386602289711085e-06,8.529110183580018e-08,42.053195765964865,2.418702159068531e-05,1.0,0.0,0.375
0.4,51,4,magnitude,1.8228540008662548e-06,8.994798737385334e-08,33.53968933941588,2.493349465137763e-05,1.0,0.0,0.375
0.4,51,4,fisher_proxy,1.2956767885090315e-06,8.482456970859496e-08,30.014965702434637,1.5013911538689951e-05,1.0,0.0,0.375
0.4,51,4,oracle_edge_current,1.2956767885090315e-06,8.482456970859496e-08,30.014965702434637,1.5013911538689951e-05,1.0,0.0,0.375
0.4,51,4,learned_gate,1.2956767885090315e-06,8.482456970859496e-08,30.014965702434637,1.5013911538689951e-05,1.0,0.0,0.375
0.4,52,6,distance,2.8339026946364033e-06,1.8802149069641672e-07,32.94375300142618,2.4820479980458722e-05,1.0,0.0,0.38888888888888884
0.4,52,6,magnitude,3.243208223929761e-06,1.703196423599151e-07,33.125417562603246,2.9039033809948904e-05,1.0,0.0,0.38888888888888884
0.4,52,6,fisher_proxy,1.971841695057319e-06,1.9789019352530013e-07,30.056244311760167,2.1538952499978436e-05,1.0,0.0,0.38888888888888884
0.4,52,6,oracle_edge_current,1.960962893317782e-06,1.5838647705198414e-07,26.625067608365626,1.851830916197879e-05,1.0,0.0,0.38888888888888884
0.4,52,6,learned_gate,1.960962893317782e-06,1.5838647705198414e-07,26.625067608365626,1.851830916197879e-05,1.0,0.0,0.38888888888888884
0.4,53,8,distance,2.4050409142691945e-06,1.509992109791956e-07,30.70182864313592,1.5970377006713698e-05,1.0,0.0,0.40625
0.4,53,8,magnitude,2.661950828426393e-06,1.5475239378027572e-07,32.193367640961554,1.7994248899120472e-05,1.0,0.0,0.40625
0.4,53,8,fisher_proxy,1.617603885303622e-06,1.5242895778100993e-07,27.260936464678124,1.19539745541274e-05,1.0,0.0,0.40625
0.4,53,8,oracle_edge_current,1.7738507572358924e-06,1.3772957826181188e-07,26.79013299012862,1.2077349671733017e-05,1.0,0.0,0.40625
0.4,53,8,learned_gate,1.8229421989731745e-06,1.3642027435554715e-07,26.851917441495722,1.2735148927258157e-05,1.0,0.0,0.40625
0.4,54,4,distance,1.562871192530707e-06,5.5266457609678066e-08,31.74666031970329,1.543892503515736e-05,1.0,0.0,0.375
0.4,54,4,magnitude,1.3002684166102627e-06,4.033922395873815e-08,26.502680765800335,9.534710034570418e-06,1.0,0.0,0.375
0.4,54,4,fisher_proxy,7.533799998266089e-07,6.136614714553843e-08,23.840625159042723,1.012622976659563e-05,1.0,0.0,0.375
0.4,54,4,oracle_edge_current,8.916995044608069e-07,5.5436871779971745e-08,21.992110794942235,1.2378060117171518e-05,1.0,0.0,0.375
0.4,54,4,learned_gate,8.916995044608069e-07,5.5436871779971745e-08,21.992110794942235,1.2378060117171518e-05,1.0,0.0,0.375
0.4,55,6,distance,9.499205849168348e-07,5.850628759704595e-08,27.155230958066184,8.158787748263703e-06,1.0,0.0,0.38888888888888884
0.4,55,6,magnitude,1.2164520083231961e-06,6.073511661008258e-08,30.606057774042718,1.0906501360099865e-05,1.0,0.0,0.38888888888888884
0.4,55,6,fisher_proxy,6.819975010369239e-07,6.426302337070207e-08,26.0976828122434,7.271451958832386e-06,1.0,0.0,0.38888888888888884
0.4,55,6,oracle_edge_current,6.913431324473418e-07,5.001900768889664e-08,23.206415453182593,6.588424782179574e-06,1.0,0.0,0.38888888888888884
0.4,55,6,learned_gate,6.913431324473418e-07,5.001900768889664e-08,23.206415453182593,6.588424782179574e-06,1.0,0.0,0.38888888888888884
0.4,56,8,distance,6.082253637397968e-07,3.948709922214457e-08,28.251975891304337,3.910450096558406e-06,1.0,0.0,0.40625
0.4,56,8,magnitude,8.170645861609038e-07,4.19255404001996e-08,33.8566697194357,5.025823235200363e-06,1.0,0.0,0.40625
0.4,56,8,fisher_proxy,4.281085082021944e-07,4.122571907307413e-08,26.499609250476524,3.0364617704930148e-06,1.0,0.0,0.40625
0.4,56,8,oracle_edge_current,4.612693339849557e-07,3.5865399425846266e-08,25.063056548284752,3.105857228850278e-06,1.0,0.0,0.40625
0.4,56,8,learned_gate,4.612693339849557e-07,3.5865399425846266e-08,25.063056548284752,3.105857228850278e-06,1.0,0.0,0.40625
0.4,57,4,distance,1.6956361789872411e-06,6.895142728566478e-08,37.82063505710674,1.834719413946193e-05,1.0,0.0,0.375
0.4,57,4,magnitude,1.4191983705132024e-06,6.478799334296879e-08,34.11896608409804,1.4106625891109853e-05,1.0,0.0,0.375
0.4,57,4,fisher_proxy,8.508593248206733e-07,7.02313490319881e-08,28.549816928038986,1.1502837227743979e-05,1.0,0.0,0.375
0.4,57,4,oracle_edge_current,9.997549388412815e-07,7.005585752975181e-08,28.27227379069102,1.4842855884698419e-05,1.0,0.0,0.375
0.4,57,4,learned_gate,8.508593248206733e-07,7.02313490319881e-08,28.549816928038986,1.1502837227743979e-05,1.0,0.0,0.375
0.4,58,6,distance,3.1720279429508595e-06,1.7169513529721758e-07,38.49872014624848,2.4758661671107146e-05,1.0,0.0,0.38888888888888884
0.4,58,6,magnitude,3.777392049167614e-06,1.792005305384686e-07,42.18664218652158,3.1149652547216345e-05,1.0,0.0,0.38888888888888884
0.4,58,6,fisher_proxy,2.1512822344591878e-06,1.744811611620569e-07,32.76072885026749,2.1266779002215025e-05,1.0,0.0,0.38888888888888884
0.4,58,6,oracle_edge_current,2.3312753217196817e-06,1.5614685762149532e-07,32.492600233246556,1.9772693887513752e-05,1.0,0.0,0.38888888888888884
0.4,58,6,learned_gate,2.3312753217196817e-06,1.5614685762149532e-07,32.492600233246556,1.9772693887513752e-05,1.0,0.0,0.38888888888888884
0.4,59,8,distance,1.8669897648133e-06,1.3543384243705296e-07,22.808872460081005,1.332541599998977e-05,1.0,0.0,0.40625
0.4,59,8,magnitude,2.201278191127596e-06,1.1329957844844172e-07,23.542262287373635,1.3498976442740056e-05,1.0,0.0,0.40625
0.4,59,8,fisher_proxy,1.3102237585103e-06,1.4243922640954162e-07,22.072882262789804,1.0163460353050606e-05,1.0,0.0,0.40625
0.4,59,8,oracle_edge_current,1.3711147985806063e-06,1.082191940235527e-07,19.162838429285657,1.0194737634322036e-05,1.0,0.0,0.40625
0.4,59,8,learned_gate,1.3711147985806063e-06,1.082191940235527e-07,19.162838429285657,1.0194737634322036e-05,1.0,0.0,0.40625
0.4,60,4,distance,3.932516716033917e-06,1.666187431602018e-07,47.7222139968853,4.2992622804733815e-05,1.0,0.0,0.375
0.4,60,4,magnitude,3.1021378579462628e-06,1.3431888073146252e-07,40.38501705303413,2.911171359732933e-05,1.0,0.0,0.375
0.4,60,4,fisher_proxy,2.045787480710557e-06,1.522337042396258e-07,33.91990542585196,2.5599316628676925e-05,1.0,0.0,0.375
0.4,60,4,oracle_edge_current,2.045787480710557e-06,1.522337042396258e-07,33.91990542585196,2.5599316628676925e-05,1.0,0.0,0.375
0.4,60,4,learned_gate,2.045787480710557e-06,1.522337042396258e-07,33.91990542585196,2.5599316628676925e-05,1.0,0.0,0.375
0.4,61,6,distance,2.5588857242901084e-06,1.3963011195067015e-07,41.1339242550421,2.017453554156936e-05,1.0,0.0,0.38888888888888884
0.4,61,6,magnitude,2.7844274461275134e-06,1.305211519120922e-07,42.090515513140915,2.2472850611117635e-05,1.0,0.0,0.38888888888888884
0.4,61,6,fisher_proxy,1.758950733731004e-06,1.4023260477693698e-07,34.815299780976076,1.7357836583588686e-05,1.0,0.0,0.38888888888888884
0.4,61,6,oracle_edge_current,1.758950733731004e-06,1.4023260477693698e-07,34.815299780976076,1.7357836583588686e-05,1.0,0.0,0.38888888888888884
0.4,61,6,learned_gate,1.9159488809094546e-06,1.273575491587306e-07,34.93891526087419,1.629152092922601e-05,1.0,0.0,0.38888888888888884
0.4,62,8,distance,1.594319932372625e-06,1.1061640822122275e-07,24.18226178838739,1.1024233133376465e-05,1.0,0.0,0.40625
0.4,62,8,magnitude,1.632057065371432e-06,1.0921636189579207e-07,24.352214346231666,1.1340494103918992e-05,1.0,0.0,0.40625
0.4,62,8,fisher_proxy,1.1263322240308294e-06,1.1981600720105472e-07,23.659455168344575,8.676605762843349e-06,1.0,0.0,0.40625
0.4,62,8,oracle_edge_current,1.1832707046785517e-06,1.0040936298975501e-07,21.534919586173544,8.630223683009947e-06,1.0,0.0,0.40625
0.4,62,8,learned_gate,1.2170243106531438e-06,9.642814484991113e-08,21.576345258763112,9.151028231106173e-06,1.0,0.0,0.40625
0.4,63,4,distance,2.2293160939249102e-06,8.856295881774586e-08,46.592508282290055,2.2301218047167875e-05,1.0,0.0,0.375
0.4,63,4,magnitude,1.9171049306574857e-06,8.379885545667637e-08,42.62708247620031,1.7400692048868054e-05,1.0,0.0,0.375
0.4,63,4,fisher_proxy,1.236475338584151e-06,8.97322841148021e-08,35.55503443825509,1.5007619008925691e-05,1.0,0.0,0.375
0.4,63,4,oracle_edge_current,1.26926341061905e-06,8.518077523662937e-08,35.288454279317186,1.6621350655721696e-05,1.0,0.0,0.375
0.4,63,4,learned_gate,1.3795119021483537e-06,9.031219249345335e-08,35.58792953887579,1.8274835553761032e-05,1.0,0.0,0.375
0.4,64,6,distance,9.910359043641589e-07,5.6012525249921105e-08,30.05993804358471,7.776568501533499e-06,1.0,0.0,0.38888888888888884
0.4,64,6,magnitude,9.306973379227349e-07,4.880081823923893e-08,28.020850015979708,6.970759107565243e-06,1.0,0.0,0.38888888888888884
0.4,64,6,fisher_proxy,6.865796867092563e-07,6.077380311048769e-08,27.48270609211314,6.888599189482809e-06,1.0,0.0,0.38888888888888884
0.4,64,6,oracle_edge_current,7.069014117955241e-07,5.161462083921886e-08,25.647077314814805,6.165643648562928e-06,1.0,0.0,0.38888888888888884
0.4,64,6,learned_gate,7.069014117955241e-07,5.161462083921886e-08,25.647077314814805,6.165643648562928e-06,1.0,0.0,0.38888888888888884
0.4,65,8,distance,3.6342974730827853e-06,2.1855301857619765e-07,38.2722992545678,2.337210431861815e-05,1.0,0.0,0.40625
0.4,65,8,magnitude,4.22443654373809e-06,2.040248445387498e-07,41.11433776778731,2.511563717048119e-05,1.0,0.0,0.40625
0.4,65,8,fisher_proxy,2.4623949253408753e-06,2.0685029389713111e-07,32.073068639923065,1.717581757204063e-05,1.0,0.0,0.40625
0.4,65,8,oracle_edge_current,2.496252325363361e-06,1.990853522733477e-07,31.97759858366317,1.7931908253555883e-05,1.0,0.0,0.40625
0.4,65,8,learned_gate,2.496252325363361e-06,1.990853522733477e-07,31.97759858366317,1.7931908253555883e-05,1.0,0.0,0.40625
0.4,66,4,distance,1.3975152727850603e-06,4.8059174544249793e-08,49.72795724452698,1.2621210413739729e-05,1.0,0.0,0.375
0.4,66,4,magnitude,9.219774466958282e-07,4.864543210839618e-08,37.88710931575832,1.0822643440351717e-05,1.0,0.0,0.375
0.4,66,4,fisher_proxy,7.41338889302436e-07,4.475893311603656e-08,34.83873278752781,7.804381114214032e-06,1.0,0.0,0.375
0.4,66,4,oracle_edge_current,7.41338889302436e-07,4.475893311603656e-08,34.83873278752781,7.804381114214032e-06,1.0,0.0,0.375
0.4,66,4,learned_gate,7.41338889302436e-07,4.475893311603656e-08,34.83873278752781,7.804381114214032e-06,1.0,0.0,0.375
0.4,67,6,distance,1.551608269606657e-06,9.175139063567276e-08,29.363392052083398,1.2808743155115574e-05,1.0,0.0,0.38888888888888884
0.4,67,6,magnitude,1.983770129121547e-06,9.780734059625086e-08,33.49654013306923,1.736834548436135e-05,1.0,0.0,0.38888888888888884
0.4,67,6,fisher_proxy,1.0983393509485701e-06,1.007086975643811e-07,27.61058757305848,1.1476861591522338e-05,1.0,0.0,0.38888888888888884
0.4,67,6,oracle_edge_current,1.1170619867377496e-06,8.505401712856165e-08,25.470839668197844,1.0235500683760444e-05,1.0,0.0,0.38888888888888884
0.4,67,6,learned_gate,1.1170619867377496e-06,8.505401712856165e-08,25.470839668197844,1.0235500683760444e-05,1.0,0.0,0.38888888888888884
0.4,68,8,distance,2.356786829076432e-06,1.4493352168662272e-07,37.83568108908002,1.4967839380591606e-05,1.0,0.0,0.40625
0.4,68,8,magnitude,2.0261180672467157e-06,1.1875806509333106e-07,33.33810989762176,1.2442608590332139e-05,1.0,0.0,0.40625
0.4,68,8,fisher_proxy,1.5504707270695232e-06,1.279921416564237e-07,29.770248587313976,1.0529506238135166e-05,1.0,0.0,0.40625
0.4,68,8,oracle_edge_current,1.505878037245135e-06,1.228520458822995e-07,29.48627412801971,1.0590214347701608e-05,1.0,0.0,0.40625
0.4,68,8,learned_gate,1.505878037245135e-06,1.228520458822995e-07,29.48627412801971,1.0590214347701608e-05,1.0,0.0,0.40625
0.4,69,4,distance,2.165817875606398e-06,8.870425827639565e-08,45.705321763816045,2.2670703918839414e-05,1.0,0.0,0.375
0.4,69,4,magnitude,1.8980314378483353e-06,8.573531166957131e-08,42.463019067492205,1.8442035028882305e-05,1.0,0.0,0.375
0.4,69,4,fisher_proxy,1.1643039616495109e-06,8.515743624646861e-08,33.58612184198404,1.4245566825653954e-05,1.0,0.0,0.375
0.4,69,4,oracle_edge_current,1.1643039616495109e-06,8.515743624646861e-08,33.58612184198404,1.4245566825653954e-05,1.0,0.0,0.375
0.4,69,4,learned_gate,1.1643039616495109e-06,8.515743624646861e-08,33.58612184198404,1.4245566825653954e-05,1.0,0.0,0.375
0.4,70,6,distance,2.1635123058239697e-06,9.742892937801176e-08,37.93477768885688,1.4519193932229573e-05,1.0,0.0,0.38888888888888884
0.4,70,6,magnitude,1.463335058945967e-06,9.208992552930588e-08,29.19201192379622,1.1832379919935365e-05,1.0,0.0,0.38888888888888884
0.4,70,6,fisher_proxy,1.2030229644622441e-06,9.228811493487159e-08,26.828664258646267,1.1614227911940454e-05,1.0,0.0,0.38888888888888884
0.4,70,6,oracle_edge_current,1.1910192234538865e-06,9.26982140460706e-08,26.71023847982667,1.1163346761450703e-05,1.0,0.0,0.38888888888888884
0.4,70,6,learned_gate,1.2030229644622441e-06,9.228811493487159e-08,26.828664258646267,1.1614227911940454e-05,1.0,0.0,0.38888888888888884
0.4,71,8,distance,1.3819207656384548e-06,8.513230067717178e-08,37.547701740476526,8.536563376995114e-06,1.0,0.0,0.40625
0.4,71,8,magnitude,1.6683565111486516e-06,8.707400217735467e-08,41.82230424195736,9.787683019625741e-06,1.0,0.0,0.40625
0.4,71,8,fisher_proxy,9.807437136208583e-07,8.418643092052904e-08,33.42859159796444,6.604834975728426e-06,1.0,0.0,0.40625
0.4,71,8,oracle_edge_current,9.791912063318124e-07,8.044254621137392e-08,33.07078019905703,6.9067474142635405e-06,1.0,0.0,0.40625
0.4,71,8,learned_gate,1.0082129147025628e-06,8.006781071194693e-08,33.0662450809238,7.085056013025461e-06,1.0,0.0,0.40625
0.4,72,4,distance,2.733379031192214e-06,1.0538103325609175e-07,32.83868296726789,2.9114162082334783e-05,1.0,0.0,0.375
0.4,72,4,magnitude,1.674783316057508e-06,1.0694156765741676e-07,24.21495142638755,2.4174137501112942e-05,1.0,0.0,0.375
0.4,72,4,fisher_proxy,1.3199415941573626e-06,1.0972285162741788e-07,24.35418847679615,1.8180759058504943e-05,1.0,0.0,0.375
0.4,72,4,oracle_edge_current,1.674783316057508e-06,1.0694156765741676e-07,24.21495142638755,2.4174137501112942e-05,1.0,0.0,0.375
0.4,72,4,learned_gate,1.674783316057508e-06,1.0694156765741676e-07,24.21495142638755,2.4174137501112942e-05,1.0,0.0,0.375
0.4,73,6,distance,2.640718984527809e-06,1.3411620761715084e-07,39.79365395553533,2.0480925714215177e-05,1.0,0.0,0.38888888888888884
0.4,73,6,magnitude,2.5118206318788054e-06,1.1778235347831215e-07,37.37151342942923,1.8696260960181204e-05,1.0,0.0,0.38888888888888884
0.4,73,6,fisher_proxy,1.6838807631486783e-06,1.2804162626835316e-07,31.242855612569826,1.6802516786175515e-05,1.0,0.0,0.38888888888888884
0.4,73,6,oracle_edge_current,1.647838246128548e-06,1.2664551284373744e-07,30.822181216127674,1.5844912567147208e-05,1.0,0.0,0.38888888888888884
0.4,73,6,learned_gate,1.647838246128548e-06,1.2664551284373744e-07,30.822181216127674,1.5844912567147208e-05,1.0,0.0,0.38888888888888884
0.4,74,8,distance,1.3227262841248934e-06,8.637026872159042e-08,32.804104871685325,8.477533348079548e-06,1.0,0.0,0.40625
0.4,74,8,magnitude,1.640662090043251e-06,8.94474019922548e-08,37.17576148691766,1.0054350124477138e-05,1.0,0.0,0.40625
0.4,74,8,fisher_proxy,9.452874885882778e-07,8.713556779243247e-08,30.064872083190714,6.558049943537116e-06,1.0,0.0,0.40625
0.4,74,8,oracle_edge_current,9.485513407586711e-07,7.658345425116442e-08,28.870855445917627,6.374204228960961e-06,1.0,0.0,0.40625
0.4,74,8,learned_gate,9.983584607457724e-07,7.747602488259759e-08,28.962098604855342,6.68515119816032e-06,1.0,0.0,0.40625
0.6,0,4,distance,6.117322921998097e-07,2.0725260417042745e-08,7.010610302414983,4.927378888881269e-06,1.0,0.0,0.625
0.6,0,4,magnitude,6.117322921998097e-07,2.0725260417042745e-08,7.010610302414983,4.927378888881269e-06,1.0,0.0,0.625
0.6,0,4,fisher_proxy,4.5137196231041324e-07,5.084186148259473e-08,10.544167108567807,6.176509683720864e-06,1.0,0.0,0.625
0.6,0,4,oracle_edge_current,4.049088006329258e-07,2.8193123364059577e-08,6.080346459104569,5.887584985199484e-06,1.0,0.0,0.625
0.6,0,4,learned_gate,6.117322921998097e-07,2.0725260417042745e-08,7.010610302414983,4.927378888881269e-06,1.0,0.0,0.625
0.6,1,6,distance,1.4869206353954288e-06,6.59213184060362e-08,15.285616229585905,9.86988563310451e-06,1.0,0.0,0.611111111111111
0.6,1,6,magnitude,1.4869206353954288e-06,6.59213184060362e-08,15.285616229585905,9.86988563310451e-06,1.0,0.0,0.611111111111111
0.6,1,6,fisher_proxy,8.81237213787416e-07,8.348334644161992e-08,14.092823915443581,7.794513975099049e-06,1.0,0.0,0.611111111111111
0.6,1,6,oracle_edge_current,1.0161203731617653e-06,6.65729850140792e-08,13.330810220346216,7.467670570250051e-06,1.0,0.0,0.611111111111111
0.6,1,6,learned_gate,1.1955607527661116e-06,6.949329602588645e-08,13.807307284835494,1.0149255330175245e-05,1.0,0.0,0.611111111111111
0.6,2,8,distance,9.687275795219249e-07,4.9404699857712304e-08,21.220336904016218,5.9614136577177165e-06,1.0,0.0,0.59375
0.6,2,8,magnitude,9.490887854800694e-07,4.729056699620864e-08,20.524385913284114,5.427302866094727e-06,1.0,0.0,0.59375
0.6,2,8,fisher_proxy,4.657775211280221e-07,4.625348131558094e-08,15.8641345861123,3.1722742807862346e-06,1.0,0.0,0.59375
0.6,2,8,oracle_edge_current,5.246038873173905e-07,4.144085762047545e-08,15.622286812764678,3.0005781838191455e-06,1.0,0.0,0.59375
0.6,2,8,learned_gate,6.04230029934884e-07,4.2887422529995994e-08,16.188695481928015,3.910990630529222e-06,1.0,0.0,0.59375
0.6,3,4,distance,6.147438786144321e-07,2.3818402047672273e-08,7.0562064632312484,5.996882451417096e-06,1.0,0.0,0.625
0.6,3,4,magnitude,6.147438786144321e-07,2.3818402047672273e-08,7.0562064632312484,5.996882451417096e-06,1.0,0.0,0.625
0.6,3,4,fisher_proxy,4.2715537523820475e-07,5.1543293127525884e-08,10.07636039028665,6.148992867082736e-06,1.0,0.0,0.625
0.6,3,4,oracle_edge_current,4.936504042082901e-07,1.9323038528016893e-08,6.299790231403314,2.396073837874106e-06,1.0,0.0,0.625
0.6,3,4,learned_gate,6.147438786144321e-07,2.3818402047672273e-08,7.0562064632312484,5.996882451417096e-06,1.0,0.0,0.625
0.6,4,6,distance,6.395875560194265e-07,3.259844555765151e-08,10.748981676117356,4.452769856217859e-06,1.0,0.0,0.611111111111111
0.6,4,6,magnitude,1.0088568497929976e-06,3.4104613739748494e-08,14.501025252398195,6.312511755366165e-06,1.0,0.0,0.611111111111111
0.6,4,6,fisher_proxy,5.078250154649106e-07,5.689786868579886e-08,13.777328969270608,4.803951696210589e-06,1.0,0.0,0.611111111111111
0.6,4,6,oracle_edge_current,5.245611440336806e-07,3.525238140020112e-08,10.101227881637936,4.63823268620018e-06,1.0,0.0,0.611111111111111
0.6,4,6,learned_gate,6.395875560194265e-07,3.259844555765151e-08,10.748981676117356,4.452769856217859e-06,1.0,0.0,0.611111111111111
0.6,5,8,distance,1.1455676783615754e-06,5.925960827172174e-08,16.635703878722612,7.607465114948088e-06,1.0,0.0,0.59375
0.6,5,8,magnitude,1.0329778064929508e-06,4.6986510255901066e-08,14.44217159753967,6.029873335338299e-06,1.0,0.0,0.59375
0.6,5,8,fisher_proxy,5.118806498161793e-07,5.738818462126795e-08,12.830026757583102,3.9381640889617695e-06,1.0,0.0,0.59375
0.6,5,8,oracle_edge_current,5.905206317129384e-07,4.347627542430088e-08,10.923458927137219,3.5720705231522957e-06,1.0,0.0,0.59375
0.6,5,8,learned_gate,7.257308496525875e-07,4.055806048138676e-08,11.430843994350258,4.24518427132085e-06,1.0,0.0,0.59375
0.6,6,4,distance,8.307148456622217e-07,2.4995956470896443e-08,14.685389500582449,6.041117280065552e-06,1.0,0.0,0.625
0.6,6,4,magnitude,8.307148456622217e-07,2.4995956470896443e-08,14.685389500582449,6.041117280065552e-06,1.0,0.0,0.625
0.6,6,4,fisher_proxy,4.3568437287389943e-07,3.571283651573655e-08,13.145423651205284,4.2737776509113275e-06,1.0,0.0,0.625
0.6,6,4,oracle_edge_current,5.222166275888063e-07,3.053889924016649e-08,11.466533142694072,6.786310206946828e-06,1.0,0.0,0.625
0.6,6,4,learned_gate,5.222166275888063e-07,3.053889924016649e-08,11.466533142694072,6.786310206946828e-06,1.0,0.0,0.625
0.6,7,6,distance,6.819256896856141e-07,3.075091709787234e-08,13.799678931375883,4.4753872435763915e-06,1.0,0.0,0.611111111111111
0.6,7,6,magnitude,6.942532069392539e-07,3.329341583654372e-08,14.24687999011235,4.874244995787952e-06,1.0,0.0,0.611111111111111
0.6,7,6,fisher_proxy,4.043225977575643e-07,3.9260534465673006e-08,12.709406757194468,3.5720257032802845e-06,1.0,0.0,0.611111111111111
0.6,7,6,oracle_edge_current,4.5066999117953733e-07,3.0821391823620855e-08,11.760075177104987,3.317044850001009e-06,1.0,0.0,0.611111111111111
0.6,7,6,learned_gate,4.837632486117312e-07,3.433251748684875e-08,11.944605099688292,3.841867940249867e-06,1.0,0.0,0.611111111111111
0.6,8,8,distance,8.392881429172133e-07,4.997473496743274e-08,17.982203759399383,5.199711656438894e-06,1.0,0.0,0.59375
0.6,8,8,magnitude,9.969222891045184e-07,4.714454072589343e-08,19.571101650374292,5.73930223202039e-06,1.0,0.0,0.59375
0.6,8,8,fisher_proxy,5.314541539659367e-07,5.6547774733301084e-08,17.112755207351977,3.5171871861099994e-06,1.0,0.0,0.59375
0.6,8,8,oracle_edge_current,5.635835733975297e-07,4.195360140852296e-08,15.246261646084596,3.49978092265528e-06,1.0,0.0,0.59375
0.6,8,8,learned_gate,6.820192831546277e-07,4.627056948770466e-08,16.143094775070622,4.586003867788227e-06,1.0,0.0,0.59375
0.6,9,4,distance,4.3898172831997813e-07,1.6584083142891068e-08,7.185881907773947,3.6979148746263586e-06,1.0,0.0,0.625
0.6,9,4,magnitude,4.3898172831997813e-07,1.6584083142891068e-08,7.185881907773947,3.6979148746263586e-06,1.0,0.0,0.625
0.6,9,4,fisher_proxy,3.5339272705174673e-07,4.15261764965791e-08,11.586729078439513,4.9558581495481955e-06,1.0,0.0,0.625
0.6,9,4,oracle_edge_current,3.126685307946672e-07,2.3880882228172954e-08,6.840923531807319,4.572275612546603e-06,1.0,0.0,0.625
0.6,9,4,learned_gate,4.3898172831997813e-07,1.6584083142891068e-08,7.185881907773947,3.6979148746263586e-06,1.0,0.0,0.625
0.6,10,6,distance,4.804071163433399e-07,2.4988179302794042e-08,10.948096602953635,3.3041727939529772e-06,1.0,0.0,0.611111111111111
0.6,10,6,magnitude,7.356206398748816e-07,2.557381951415738e-08,14.267856521373986,4.539326712604778e-06,1.0,0.0,0.611111111111111
0.6,10,6,fisher_proxy,3.776944104306202e-07,4.144068537568276e-08,13.796256900657234,3.5239193022913253e-06,1.0,0.0,0.611111111111111
0.6,10,6,oracle_edge_current,4.0049643947280095e-07,2.701511439732737e-08,10.442373610008323,3.444992126008125e-06,1.0,0.0,0.611111111111111
0.6,10,6,learned_gate,4.804071163433399e-07,2.4988179302794042e-08,10.948096602953635,3.3041727939529772e-06,1.0,0.0,0.611111111111111
0.6,11,8,distance,5.426541364895546e-07,3.55230157904483e-08,20.00774670994788,3.3618750296951048e-06,1.0,0.0,0.59375
0.6,11,8,magnitude,7.999958344329094e-07,3.4765140078832376e-08,24.57500861453403,4.327364056674978e-06,1.0,0.0,0.59375
0.6,11,8,fisher_proxy,3.6410349515195174e-07,4.122902233505305e-08,20.10209950195967,2.40625768685399e-06,1.0,0.0,0.59375
0.6,11,8,oracle_edge_current,3.8599194106282245e-07,2.9004610297577238e-08,17.405826386363955,2.53024257694582e-06,1.0,0.0,0.59375
0.6,11,8,learned_gate,4.6025392985774015e-07,2.9941777566239986e-08,18.184182438440587,2.7365417369375657e-06,1.0,0.0,0.59375
0.6,12,4,distance,3.4742029043783225e-07,1.1648173662827192e-08,7.719126981729524,2.7655268415271115e-06,1.0,0.0,0.625
0.6,12,4,magnitude,3.4742029043783225e-07,1.1648173662827192e-08,7.719126981729524,2.7655268415271115e-06,1.0,0.0,0.625
0.6,12,4,fisher_proxy,2.473977190576663e-07,2.693051791095019e-08,11.15086055089853,3.257446191454918e-06,1.0,0.0,0.625
0.6,12,4,oracle_edge_current,2.337427903223675e-07,1.621602362563846e-08,6.969395321909235,3.3417178873016965e-06,1.0,0.0,0.625
0.6,12,4,learned_gate,3.4742029043783225e-07,1.1648173662827192e-08,7.719126981729524,2.7655268415271115e-06,1.0,0.0,0.625
0.6,13,6,distance,1.064922577521596e-06,5.558589047816846e-08,14.85563200287023,7.272844756472659e-06,1.0,0.0,0.611111111111111
0.6,13,6,magnitude,1.423504862990583e-06,5.673231261170655e-08,17.83589475216627,7.71398997068575e-06,1.0,0.0,0.611111111111111
0.6,13,6,fisher_proxy,7.136159340574479e-07,7.386523031670721e-08,15.192775245768106,6.353962897299703e-06,1.0,0.0,0.611111111111111
0.6,13,6,oracle_edge_current,7.667490311707297e-07,5.817195863081891e-08,13.751919765775275,5.812467801676826e-06,1.0,0.0,0.611111111111111
0.6,13,6,learned_gate,9.369348899162846e-07,6.630934269040104e-08,14.486130587020462,8.513478230205331e-06,1.0,0.0,0.611111111111111
0.6,14,8,distance,1.779930404818599e-06,9.011396868601876e-08,24.66841814858796,1.1059485455164674e-05,1.0,0.0,0.59375
0.6,14,8,magnitude,1.8467288550913508e-06,8.262047295574973e-08,24.31223014138043,1.1072292551167387e-05,1.0,0.0,0.59375
0.6,14,8,fisher_proxy,8.361240776538307e-07,8.110495113756393e-08,17.509619601091995,5.747654065092866e-06,1.0,0.0,0.59375
0.6,14,8,oracle_edge_current,8.615414118178418e-07,7.772198244680239e-08,17.239196811094608,5.744052678098591e-06,1.0,0.0,0.59375
0.6,14,8,learned_gate,1.0163802369830832e-06,7.62380885734917e-08,17.763533546238488,6.1933320996258686e-06,1.0,0.0,0.59375
0.6,15,4,distance,6.236849893102395e-07,3.16328874136371e-08,8.705164969969044,6.030984959953296e-06,1.0,0.0,0.625
0.6,15,4,magnitude,6.236849893102395e-07,3.16328874136371e-08,8.705164969969044,6.030984959953296e-06,1.0,0.0,0.625
0.6,15,4,fisher_proxy,6.031474999959596e-07,7.13212917950164e-08,15.119922312862306,8.686920357878418e-06,1.0,0.0,0.625
0.6,15,4,oracle_edge_current,6.236849893102395e-07,3.16328874136371e-08,8.705164969969044,6.030984959953296e-06,1.0,0.0,0.625
0.6,15,4,learned_gate,6.236849893102395e-07,3.16328874136371e-08,8.705164969969044,6.030984959953296e-06,1.0,0.0,0.625
0.6,16,6,distance,3.768161957022504e-07,1.884637018338468e-08,10.50564673215852,2.71467751991098e-06,1.0,0.0,0.611111111111111
0.6,16,6,magnitude,6.004989985906756e-07,1.9981938746018104e-08,14.305017977911916,3.800025233356078e-06,1.0,0.0,0.611111111111111
0.6,16,6,fisher_proxy,2.6498729092348795e-07,2.800062954137697e-08,12.152511971493574,2.416167850909911e-06,1.0,0.0,0.611111111111111
0.6,16,6,oracle_edge_current,2.8697304207478634e-07,2.225964075519083e-08,9.960314171490484,2.4648305500224825e-06,1.0,0.0,0.611111111111111
0.6,16,6,learned_gate,3.768161957022504e-07,1.884637018338468e-08,10.50564673215852,2.71467751991098e-06,1.0,0.0,0.611111111111111
0.6,17,8,distance,5.260702584919628e-07,3.066361773884075e-08,20.510186963816874,3.2031866006158215e-06,1.0,0.0,0.59375
0.6,17,8,magnitude,4.719676391222218e-07,2.664962368486523e-08,18.59514016427539,2.9237154504533168e-06,1.0,0.0,0.59375
0.6,17,8,fisher_proxy,2.837529960253669e-07,2.8826314190895915e-08,16.25423062686472,1.8504248469062224e-06,1.0,0.0,0.59375
0.6,17,8,oracle_edge_current,2.7021546537622785e-07,2.237385302175218e-08,14.646019539507153,1.7458518592126659e-06,1.0,0.0,0.59375
0.6,17,8,learned_gate,3.2452099779691397e-07,2.3068311404404322e-08,15.220210416154279,1.8547046864754113e-06,1.0,0.0,0.59375
0.6,18,4,distance,5.979538491386605e-07,2.272174071485732e-08,5.9930645489813505,5.18005100377113e-06,1.0,0.0,0.625
0.6,18,4,magnitude,5.979538491386605e-07,2.272174071485732e-08,5.9930645489813505,5.18005100377113e-06,1.0,0.0,0.625
0.6,18,4,fisher_proxy,5.312739636676352e-07,6.499991123486753e-08,11.078479811710466,7.85193316423954e-06,1.0,0.0,0.625
0.6,18,4,oracle_edge_current,4.3083098052801303e-07,3.324978332537354e-08,5.81466239143041,6.459610605809225e-06,1.0,0.0,0.625
0.6,18,4,learned_gate,5.979538491386605e-07,2.272174071485732e-08,5.9930645489813505,5.18005100377113e-06,1.0,0.0,0.625
0.6,19,6,distance,4.3406273302221595e-07,2.021712442791568e-08,13.536943090242634,2.852745856440447e-06,1.0,0.0,0.611111111111111
0.6,19,6,magnitude,4.99906166039297e-07,2.6702710407987307e-08,15.398786313389968,3.966008971855197e-06,1.0,0.0,0.611111111111111
0.6,19,6,fisher_proxy,2.751999599974464e-07,2.5569352474574106e-08,12.983531800885789,2.3543744714806985e-06,1.0,0.0,0.611111111111111
0.6,19,6,oracle_edge_current,3.0094070983411466e-07,2.0195998423052426e-08,11.871838226623934,2.198444903592302e-06,1.0,0.0,0.611111111111111
0.6,19,6,learned_gate,3.5246720233491253e-07,2.1199242592588003e-08,12.37903079386567,2.9318289098691496e-06,1.0,0.0,0.611111111111111
0.6,20,8,distance,1.3368026623416147e-06,7.045822341047312e-08,17.043467592349234,9.069141719002392e-06,1.0,0.0,0.59375
0.6,20,8,magnitude,1.1953495591907521e-06,5.8636652976703804e-08,15.010898082397508,7.241291596436096e-06,1.0,0.0,0.59375
0.6,20,8,fisher_proxy,5.695181641299229e-07,6.230289255564675e-08,12.38220602231817,4.133900764724033e-06,1.0,0.0,0.59375
0.6,20,8,oracle_edge_current,6.392279014578543e-07,5.3586161642007626e-08,11.341719141291446,4.104755247391425e-06,1.0,0.0,0.59375
0.6,20,8,learned_gate,8.221743428543648e-07,5.071441998476603e-08,11.85875546460263,4.916864563331114e-06,1.0,0.0,0.59375
0.6,21,4,distance,1.5878862529262553e-06,4.931138044546379e-08,16.42255821256334,1.17484831315027e-05,1.0,0.0,0.625
0.6,21,4,magnitude,1.5878862529262553e-06,4.931138044546379e-08,16.42255821256334,1.17484831315027e-05,1.0,0.0,0.625
0.6,21,4,fisher_proxy,8.208897942127193e-07,6.083407832353162e-08,13.18995176623366,7.511600291242189e-06,1.0,0.0,0.625
0.6,21,4,oracle_edge_current,9.804364711079455e-07,6.51425693921764e-08,12.644452653440256,9.81453114362898e-06,1.0,0.0,0.625
0.6,21,4,learned_gate,1.0202555534530079e-06,5.884777607910059e-08,12.772172652245075,1.309034908641685e-05,1.0,0.0,0.625
0.6,22,6,distance,1.2292702667371022e-06,5.884730806464334e-08,19.406116757999285,9.60440989358766e-06,1.0,0.0,0.611111111111111
0.6,22,6,magnitude,1.2310086925418003e-06,5.221259127167864e-08,18.113566566605527,8.630994638895669e-06,1.0,0.0,0.611111111111111
0.6,22,6,fisher_proxy,6.229838482930035e-07,5.25631435193267e-08,14.078790029110127,5.527821804126835e-06,1.0,0.0,0.611111111111111
0.6,22,6,oracle_edge_current,6.815746575325581e-07,4.653663823204727e-08,13.637662572956788,3.8053755738509977e-06,1.0,0.0,0.611111111111111
0.6,22,6,learned_gate,7.467900543538473e-07,4.4212300380001415e-08,13.884032777854552,5.0919263795179085e-06,1.0,0.0,0.611111111111111
0.6,23,8,distance,9.547151335121315e-07,5.343847365878252e-08,18.394212444249668,6.169507115234581e-06,1.0,0.0,0.59375
0.6,23,8,magnitude,8.824536927314978e-07,4.924009552081429e-08,17.307824402144362,5.393408749960973e-06,1.0,0.0,0.59375
0.6,23,8,fisher_proxy,4.620577927267703e-07,5.082169884375595e-08,14.001587087247106,3.3307196139334176e-06,1.0,0.0,0.59375
0.6,23,8,oracle_edge_current,5.001021632848139e-07,4.591193260561387e-08,13.745582560888062,3.285166748470451e-06,1.0,0.0,0.59375
0.6,23,8,learned_gate,6.203880632657995e-07,4.386435254890914e-08,14.27087599251001,3.7762998650882045e-06,1.0,0.0,0.59375
0.6,24,4,distance,5.820182529256886e-07,1.5646585879415524e-08,16.058372225014832,3.906306207030206e-06,1.0,0.0,0.625
0.6,24,4,magnitude,5.820182529256886e-07,1.5646585879415524e-08,16.058372225014832,3.906306207030206e-06,1.0,0.0,0.625
0.6,24,4,fisher_proxy,2.859132419023395e-07,1.8623992393066138e-08,12.437658692071773,2.3084219275532157e-06,1.0,0.0,0.625
0.6,24,4,oracle_edge_current,3.6352052888756943e-07,1.8368356599549683e-08,12.148620636490557,4.316584865064415e-06,1.0,0.0,0.625
0.6,24,4,learned_gate,3.6352052888756943e-07,1.8368356599549683e-08,12.148620636490557,4.316584865064415e-06,1.0,0.0,0.625
0.6,25,6,distance,5.821269195941762e-07,2.5864495585249972e-08,12.715225895495111,3.822982245898674e-06,1.0,0.0,0.611111111111111
0.6,25,6,magnitude,6.532077213861528e-07,2.8678681273340198e-08,13.627587612636427,4.5817145116384e-06,1.0,0.0,0.611111111111111
0.6,25,6,fisher_proxy,3.5774861690286247e-07,3.584840257112959e-08,12.800049777917463,3.208185507387867e-06,1.0,0.0,0.611111111111111
0.6,25,6,oracle_edge_current,4.399713536590762e-07,2.9448519855351175e-08,11.331024331014596,3.3202912608023975e-06,1.0,0.0,0.611111111111111
0.6,25,6,learned_gate,4.641530000526935e-07,2.749908958450821e-08,11.522420189556136,3.945460937582882e-06,1.0,0.0,0.611111111111111
0.6,26,8,distance,9.298006504323877e-07,4.606069901258314e-08,15.391816677520495,4.8909870018270515e-06,1.0,0.0,0.59375
0.6,26,8,magnitude,9.298006504323877e-07,4.606069901258314e-08,15.391816677520495,4.8909870018270515e-06,1.0,0.0,0.59375
0.6,26,8,fisher_proxy,5.743877753995828e-07,6.200522652073353e-08,15.551767426422302,3.8796427361550774e-06,1.0,0.0,0.59375
0.6,26,8,oracle_edge_current,5.964691813405837e-07,4.4841551462553825e-08,12.693509050717894,3.793721749893617e-06,1.0,0.0,0.59375
0.6,26,8,learned_gate,7.184358933985899e-07,4.904315779001129e-08,13.541026749923704,5.07281763344696e-06,1.0,0.0,0.59375
0.6,27,4,distance,3.9212748759881915e-07,1.5796653653662036e-08,7.08136644728343,3.42478739910141e-06,1.0,0.0,0.625
0.6,27,4,magnitude,3.9212748759881915e-07,1.5796653653662036e-08,7.08136644728343,3.42478739910141e-06,1.0,0.0,0.625
0.6,27,4,fisher_proxy,3.266222044766287e-07,3.720505667487912e-08,11.339070892371799,4.545386193389547e-06,1.0,0.0,0.625
0.6,27,4,oracle_edge_current,2.913343917214373e-07,2.2354734478548282e-08,6.927299282038511,4.2104006952862514e-06,1.0,0.0,0.625
0.6,27,4,learned_gate,3.9212748759881915e-07,1.5796653653662036e-08,7.08136644728343,3.42478739910141e-06,1.0,0.0,0.625
0.6,28,6,distance,6.168257941141509e-07,3.362914558376406e-08,9.198851979321914,4.3548403531070145e-06,1.0,0.0,0.611111111111111
0.6,28,6,magnitude,8.313311966881102e-07,4.261024714931361e-08,11.191370330465752,7.31462290207565e-06,1.0,0.0,0.611111111111111
0.6,28,6,fisher_proxy,5.024377791584359e-07,5.979791465069661e-08,12.746112138006305,4.8140125542014045e-06,1.0,0.0,0.611111111111111
0.6,28,6,oracle_edge_current,5.112200507387717e-07,3.740988160457608e-08,9.00345967476676,4.597712551111732e-06,1.0,0.0,0.611111111111111
0.6,28,6,learned_gate,6.168257941141509e-07,3.362914558376406e-08,9.198851979321914,4.3548403531070145e-06,1.0,0.0,0.611111111111111
0.6,29,8,distance,1.7311105082242855e-06,8.946524963708944e-08,22.124014567084007,1.0957824290310173e-05,1.0,0.0,0.59375
0.6,29,8,magnitude,1.808433004500965e-06,8.190724910066577e-08,21.888996091123335,1.1087580333409657e-05,1.0,0.0,0.59375
0.6,29,8,fisher_proxy,8.177499386688667e-07,8.243504879923481e-08,16.09081743982567,5.747994244974491e-06,1.0,0.0,0.59375
0.6,29,8,oracle_edge_current,9.156665152474513e-07,7.2314522691966e-08,15.705890104552154,5.369236736816165e-06,1.0,0.0,0.59375
0.6,29,8,learned_gate,1.0605823509318366e-06,7.54002147476987e-08,16.381147279571657,7.0694024337525035e-06,1.0,0.0,0.59375
0.6,30,4,distance,8.081899132626342e-07,2.790391948505503e-08,11.637183755915336,6.371476724609327e-06,1.0,0.0,0.625
0.6,30,4,magnitude,8.081899132626342e-07,2.790391948505503e-08,11.637183755915336,6.371476724609327e-06,1.0,0.0,0.625
0.6,30,4,fisher_proxy,4.928023528231554e-07,4.6584131004819837e-08,12.586334036573637,5.679202478041464e-06,1.0,0.0,0.625
0.6,30,4,oracle_edge_current,5.468804273375411e-07,3.6927819608293095e-08,10.182197142715466,7.496018381456244e-06,1.0,0.0,0.625
0.6,30,4,learned_gate,5.468804273375411e-07,3.6927819608293095e-08,10.182197142715466,7.496018381456244e-06,1.0,0.0,0.625
0.6,31,6,distance,7.903249831307339e-07,3.811213098482434e-08,16.753644185307355,5.421179842640526e-06,1.0,0.0,0.611111111111111
0.6,31,6,magnitude,1.106367987611471e-06,3.754854221404573e-08,20.408076220760687,6.596743466055218e-06,1.0,0.0,0.611111111111111
0.6,31,6,fisher_proxy,5.312056034230868e-07,4.784807104429918e-08,16.468958325845414,4.566177254263227e-06,1.0,0.0,0.611111111111111
0.6,31,6,oracle_edge_current,6.163058837877858e-07,3.6657246033393355e-08,15.523964121590911,4.656239444867971e-06,1.0,0.0,0.611111111111111
0.6,31,6,learned_gate,6.738897112006555e-07,4.017223287914364e-08,15.82171968088953,5.574304596279098e-06,1.0,0.0,0.611111111111111
0.6,32,8,distance,2.657686476843779e-07,1.5228498602425925e-08,12.548108159706473,1.6835482664614445e-06,1.0,0.0,0.59375
0.6,32,8,magnitude,3.478635744512635e-07,1.5922570746798627e-08,14.972810149228966,2.004481888747036e-06,1.0,0.0,0.59375
0.6,32,8,fisher_proxy,1.734684185245259e-07,1.9990569060710946e-08,13.931371624815265,1.2145116011857692e-06,1.0,0.0,0.59375
0.6,32,8,oracle_edge_current,1.8394341621599345e-07,1.3201267890026013e-08,10.891911112951846,1.1365354132647961e-06,1.0,0.0,0.59375
0.6,32,8,learned_gate,2.1857163555472532e-07,1.444003323208974e-08,11.257462800578203,1.4317552961079743e-06,1.0,0.0,0.59375
0.6,33,4,distance,8.365155081577549e-07,2.5690672410662447e-08,16.53412184375365,6.058486002666837e-06,1.0,0.0,0.625
0.6,33,4,magnitude,8.365155081577549e-07,2.5690672410662447e-08,16.53412184375365,6.058486002666837e-06,1.0,0.0,0.625
0.6,33,4,fisher_proxy,4.231714834322317e-07,3.1562300275008025e-08,13.274492171223537,3.810050207943913e-06,1.0,0.0,0.625
0.6,33,4,oracle_edge_current,5.017106832841284e-07,3.3775678794924824e-08,12.729021537658008,4.958362676802099e-06,1.0,0.0,0.625
0.6,33,4,learned_gate,5.315977479652724e-07,3.059506558684475e-08,12.853548839374332,6.7327962964854755e-06,1.0,0.0,0.625
0.6,34,6,distance,9.73600605558983e-07,5.243656917822849e-08,11.365787213944031,6.938643646105249e-06,1.0,0.0,0.611111111111111
0.6,34,6,magnitude,1.2993489798640798e-06,5.4879444380067476e-08,13.90045499750206,7.987445663757132e-06,1.0,0.0,0.611111111111111
0.6,34,6,fisher_proxy,7.202996470863134e-07,7.393700280767265e-08,12.689750646503281,6.605326375661508e-06,1.0,0.0,0.611111111111111
0.6,34,6,oracle_edge_current,7.369006144711022e-07,5.380653443235179e-08,10.32942606842871,6.92003318318934e-06,1.0,0.0,0.611111111111111
0.6,34,6,learned_gate,8.923554822463236e-07,5.046174334175805e-08,10.946052137810385,6.676667490490286e-06,1.0,0.0,0.611111111111111
0.6,35,8,distance,4.4071123995147177e-07,2.6313225637820803e-08,16.63407843733069,2.7016533418344515e-06,1.0,0.0,0.59375
0.6,35,8,magnitude,5.22963722036802e-07,2.4385413799799064e-08,17.945717759139733,2.9609414965263277e-06,1.0,0.0,0.59375
0.6,35,8,fisher_proxy,2.938921134211514e-07,3.132337226725272e-08,16.89305363266245,1.9357373920346014e-06,1.0,0.0,0.59375
0.6,35,8,oracle_edge_current,3.067426079210224e-07,2.221082606543225e-08,14.255579524100492,1.8488240689041198e-06,1.0,0.0,0.59375
0.6,35,8,learned_gate,3.536801541572284e-07,2.410821149442409e-08,14.825944496142235,2.3581595544599043e-06,1.0,0.0,0.59375
0.6,36,4,distance,7.902151519317372e-07,2.5653472160148866e-08,8.865838990481272,6.26427551281949e-06,1.0,0.0,0.625
0.6,36,4,magnitude,7.902151519317372e-07,2.5653472160148866e-08,8.865838990481272,6.26427551281949e-06,1.0,0.0,0.625
0.6,36,4,fisher_proxy,4.918114146506651e-07,5.093108201732099e-08,10.816457399402575,6.15836261502844e-06,1.0,0.0,0.625
0.6,36,4,oracle_edge_current,5.065879798216617e-07,3.351730045344253e-08,7.393025884158789,7.294186846927047e-06,1.0,0.0,0.625
0.6,36,4,learned_gate,5.065879798216617e-07,3.351730045344253e-08,7.393025884158789,7.294186846927047e-06,1.0,0.0,0.625
0.6,37,6,distance,8.330523863278825e-07,4.4276063086512566e-08,16.518732455413566,5.699489512091335e-06,1.0,0.0,0.611111111111111
0.6,37,6,magnitude,1.0052725415552836e-06,5.369771639835806e-08,19.19597104043595,9.00380557525225e-06,1.0,0.0,0.611111111111111
0.6,37,6,fisher_proxy,5.742526555695589e-07,5.6486664190458694e-08,16.47576091226778,4.9913545261625666e-06,1.0,0.0,0.611111111111111
0.6,37,6,oracle_edge_current,5.80781821880987e-07,4.5803684573787473e-08,15.109829869140246,4.644778501389954e-06,1.0,0.0,0.611111111111111
0.6,37,6,learned_gate,7.013809403620675e-07,4.800234805388238e-08,15.573820725450402,6.228689976852755e-06,1.0,0.0,0.611111111111111
0.6,38,8,distance,9.482395069206409e-07,5.0675596319440047e-08,11.495734681396701,6.039733631112754e-06,1.0,0.0,0.59375
0.6,38,8,magnitude,9.051465177038753e-07,4.881299934450538e-08,11.070819832143401,5.423886440768193e-06,1.0,0.0,0.59375
0.6,38,8,fisher_proxy,5.672538289831658e-07,6.846587247848086e-08,12.642846797099223,4.1894122614003344e-06,1.0,0.0,0.59375
0.6,38,8,oracle_edge_current,6.713101438664387e-07,4.5463265631042725e-08,9.709026884837408,4.185458495530177e-06,1.0,0.0,0.59375
0.6,38,8,learned_gate,7.810591717347451e-07,4.931761657685404e-08,10.242435904791158,5.464213080301249e-06,1.0,0.0,0.59375
0.6,39,4,distance,1.2096644075067798e-06,4.2379852861450214e-08,12.028307414496897,9.680907515613148e-06,1.0,0.0,0.625
0.6,39,4,magnitude,1.2096644075067798e-06,4.2379852861450214e-08,12.028307414496897,9.680907515613148e-06,1.0,0.0,0.625
0.6,39,4,fisher_proxy,7.10005697380188e-07,6.32097940967942e-08,11.70850513977956,7.872591485844841e-06,1.0,0.0,0.625
0.6,39,4,oracle_edge_current,8.097693061027862e-07,5.29175937053497e-08,9.986341562042085,1.105717113913999e-05,1.0,0.0,0.625
0.6,39,4,learned_gate,8.097693061027862e-07,5.29175937053497e-08,9.986341562042085,1.105717113913999e-05,1.0,0.0,0.625
0.6,40,6,distance,1.8798526253496067e-06,8.615832592271016e-08,17.23794841439415,1.249672706957786e-05,1.0,0.0,0.611111111111111
0.6,40,6,magnitude,1.8863333580476648e-06,9.186211465292523e-08,17.335595257151688,1.34059431086461e-05,1.0,0.0,0.611111111111111
0.6,40,6,fisher_proxy,1.0503442784690528e-06,9.32087054812346e-08,13.953126387496281,9.011071924997199e-06,1.0,0.0,0.611111111111111
0.6,40,6,oracle_edge_current,1.0201087287624657e-06,8.896856602608992e-08,13.291961481581218,9.080317617048215e-06,1.0,0.0,0.611111111111111
0.6,40,6,learned_gate,1.2839011332332086e-06,8.555178122631795e-08,14.033604165444865,1.0009612487008289e-05,1.0,0.0,0.611111111111111
0.6,41,8,distance,2.8021051593218883e-07,1.5594313068609537e-08,13.405289492703412,1.9608530447904152e-06,1.0,0.0,0.59375
0.6,41,8,magnitude,2.3838813546592923e-07,1.2241952122364885e-08,11.161674954095323,1.4714262578789975e-06,1.0,0.0,0.59375
0.6,41,8,fisher_proxy,1.3063437110880556e-07,1.522973347295079e-08,11.186208620487129,9.508748924921164e-07,1.0,0.0,0.59375
0.6,41,8,oracle_edge_current,1.482959569887657e-07,1.0139308128959776e-08,8.951074349094384,8.931135170385591e-07,1.0,0.0,0.59375
0.6,41,8,learned_gate,1.6344044680832263e-07,1.0731594983366938e-08,8.947061713219227,9.929748378963893e-07,1.0,0.0,0.59375
0.6,42,4,distance,8.150923242143208e-07,2.5497676904833526e-08,16.05708135295688,6.198602036305081e-06,1.0,0.0,0.625
0.6,42,4,magnitude,8.150923242143208e-07,2.5497676904833526e-08,16.05708135295688,6.198602036305081e-06,1.0,0.0,0.625
0.6,42,4,fisher_proxy,4.0268831638066994e-07,3.065972501670993e-08,12.649239588727204,3.703980103365373e-06,1.0,0.0,0.625
0.6,42,4,oracle_edge_current,4.7225743392854497e-07,3.159209456285926e-08,11.736741867568911,4.686386931810942e-06,1.0,0.0,0.625
0.6,42,4,learned_gate,4.7225743392854497e-07,3.159209456285926e-08,11.736741867568911,4.686386931810942e-06,1.0,0.0,0.625
0.6,43,6,distance,3.7378805943881025e-07,1.85719236689461e-08,10.916101400260219,2.529208099477844e-06,1.0,0.0,0.611111111111111
0.6,43,6,magnitude,4.3536842295234985e-07,2.4735948194091545e-08,12.508750719877963,3.597642930271669e-06,1.0,0.0,0.611111111111111
0.6,43,6,fisher_proxy,2.755532860198214e-07,2.8793042636474224e-08,13.055487476181185,2.4910270670869496e-06,1.0,0.0,0.611111111111111
0.6,43,6,oracle_edge_current,3.0838344150495763e-07,2.0120583069297077e-08,10.401122050202236,2.638913953975631e-06,1.0,0.0,0.611111111111111
0.6,43,6,learned_gate,3.7378805943881025e-07,1.85719236689461e-08,10.916101400260219,2.529208099477844e-06,1.0,0.0,0.611111111111111
0.6,44,8,distance,1.1962300293282916e-06,6.161276497181767e-08,19.108504417915885,7.704269755733053e-06,1.0,0.0,0.59375
0.6,44,8,magnitude,1.0441054331939333e-06,5.65756615939851e-08,16.89445894692137,5.804268147771032e-06,1.0,0.0,0.59375
0.6,44,8,fisher_proxy,5.161320571681523e-07,5.556515639082538e-08,13.490241458167384,3.6493921146670924e-06,1.0,0.0,0.59375
0.6,44,8,oracle_edge_current,5.741550215448513e-07,4.857235785529613e-08,12.780271582340236,3.6368649365309966e-06,1.0,0.0,0.59375
0.6,44,8,learned_gate,6.675538822514352e-07,5.2217155500361146e-08,13.357141016385624,4.5757559739051925e-06,1.0,0.0,0.59375
0.6,45,4,distance,9.496518631683936e-07,3.049365732144691e-08,14.093470521466747,7.091058558137355e-06,1.0,0.0,0.625
0.6,45,4,magnitude,9.496518631683936e-07,3.049365732144691e-08,14.093470521466747,7.091058558137355e-06,1.0,0.0,0.625
0.6,45,4,fisher_proxy,5.064419524363391e-07,4.3368045795882116e-08,12.531792586174026,5.202881536799587e-06,1.0,0.0,0.625
0.6,45,4,oracle_edge_current,6.022054003023321e-07,3.742779796419569e-08,11.059116558793331,8.011165530490223e-06,1.0,0.0,0.625
0.6,45,4,learned_gate,6.022054003023321e-07,3.742779796419569e-08,11.059116558793331,8.011165530490223e-06,1.0,0.0,0.625
0.6,46,6,distance,2.4069161389932927e-06,9.728824782428527e-08,21.756188049939773,1.5379343832812936e-05,1.0,0.0,0.611111111111111
0.6,46,6,magnitude,1.7482162927418171e-06,1.0481213234443818e-07,17.72882678222582,1.3114438085734605e-05,1.0,0.0,0.611111111111111
0.6,46,6,fisher_proxy,1.1945544555177612e-06,9.445430996414294e-08,15.626581233442934,1.0007236179391658e-05,1.0,0.0,0.611111111111111
0.6,46,6,oracle_edge_current,8.706994092091882e-07,1.0083153595343537e-07,13.463587998544405,8.305858791539055e-06,1.0,0.0,0.611111111111111
0.6,46,6,learned_gate,1.0817265592719463e-06,9.312612282807971e-08,13.80215535038686,7.793529167202701e-06,1.0,0.0,0.611111111111111
0.6,47,8,distance,4.943950899688002e-07,2.4210478319251575e-08,15.27345317215161,3.001022814539375e-06,1.0,0.0,0.59375
0.6,47,8,magnitude,4.708091012076606e-07,2.208876746147583e-08,14.364902297738075,2.6308352710585656e-06,1.0,0.0,0.59375
0.6,47,8,fisher_proxy,2.2568128452716643e-07,2.3120042056763918e-08,11.573601967358597,1.5808269165020678e-06,1.0,0.0,0.59375
0.6,47,8,oracle_edge_current,2.540392745884375e-07,1.9589387003786742e-08,10.91347454711605,1.5173009554233257e-06,1.0,0.0,0.59375
0.6,47,8,learned_gate,3.133688317907372e-07,2.149737801693865e-08,11.495383758807735,2.058992998348252e-06,1.0,0.0,0.59375
0.6,48,4,distance,1.349751147754873e-06,3.64100465893341e-08,20.266394884682178,9.009585556200812e-06,1.0,0.0,0.625
0.6,48,4,magnitude,1.0310453827673132e-06,4.786467253978936e-08,16.00164436588097,1.1432851440940923e-05,1.0,0.0,0.625
0.6,48,4,fisher_proxy,6.364175837916299e-07,3.7963026186697174e-08,14.011060114813336,4.546658734240333e-06,1.0,0.0,0.625
0.6,48,4,oracle_edge_current,4.515376627084918e-07,5.2291624607870146e-08,12.376220198259901,7.178485829510651e-06,1.0,0.0,0.625
0.6,48,4,learned_gate,6.930011166042816e-07,3.6208153687155546e-08,12.594811862700922,5.229941883085747e-06,1.0,0.0,0.625
0.6,49,6,distance,4.406892019945379e-07,2.2953665670865897e-08,12.23878997377141,2.9369340812131152e-06,1.0,0.0,0.611111111111111
0.6,49,6,magnitude,4.6953332388151765e-07,2.461675169806622e-08,12.396183399895152,3.5768176295190013e-06,1.0,0.0,0.611111111111111
0.6,49,6,fisher_proxy,3.114195359315772e-07,3.474487097732127e-08,13.99149093358803,2.890541786241516e-06,1.0,0.0,0.611111111111111
0.6,49,6,oracle_edge_current,3.0984324457256303e-07,2.3974897871563605e-08,10.650541404042777,2.3807015914361287e-06,1.0,0.0,0.611111111111111
0.6,49,6,learned_gate,3.6010707667565266e-07,2.4722916884181442e-08,11.001835511363936,3.169149479364756e-06,1.0,0.0,0.611111111111111
0.6,50,8,distance,7.875318113683323e-07,4.4354014560226624e-08,17.839785161693506,4.959349634118874e-06,1.0,0.0,0.59375
0.6,50,8,magnitude,1.0305951592027202e-06,4.7810927649086056e-08,21.08193142601145,6.10221689703474e-06,1.0,0.0,0.59375
0.6,50,8,fisher_proxy,4.5946688600276747e-07,4.8701570921483375e-08,16.48225415290894,3.1367971231715835e-06,1.0,0.0,0.59375
0.6,50,8,oracle_edge_current,5.28296347312764e-07,3.72382148183008e-08,15.04885118232539,3.081409115073105e-06,1.0,0.0,0.59375
0.6,50,8,learned_gate,6.17570830964767e-07,3.8662160563163246e-08,15.598847067519072,4.002484582584162e-06,1.0,0.0,0.59375
0.6,51,4,distance,8.465810724384941e-07,2.552103980413383e-08,14.708534711517055,6.211770503649843e-06,1.0,0.0,0.625
0.6,51,4,magnitude,7.68162641354847e-07,2.348244457235861e-08,13.398728192042164,3.4709827173005444e-06,1.0,0.0,0.625
0.6,51,4,fisher_proxy,4.4400534389537244e-07,3.490939619956772e-08,12.80373872892108,4.271590587102108e-06,1.0,0.0,0.625
0.6,51,4,oracle_edge_current,4.581968074607775e-07,2.8959725172382e-08,10.159821244594303,4.21745927999129e-06,1.0,0.0,0.625
0.6,51,4,learned_gate,4.581968074607775e-07,2.8959725172382e-08,10.159821244594303,4.21745927999129e-06,1.0,0.0,0.625
0.6,52,6,distance,1.031436611871143e-06,4.896164019928309e-08,11.330824059497107,7.154780612652005e-06,1.0,0.0,0.611111111111111
0.6,52,6,magnitude,1.2647404882928e-06,6.379490895861968e-08,13.09317149268833,9.743134804086808e-06,1.0,0.0,0.611111111111111
0.6,52,6,fisher_proxy,6.895050432262351e-07,7.765350516546045e-08,12.702676712834272,6.6932590732663385e-06,1.0,0.0,0.611111111111111
0.6,52,6,oracle_edge_current,7.818107982129896e-07,5.66425365973518e-08,10.209358107960611,6.2939217543420615e-06,1.0,0.0,0.611111111111111
0.6,52,6,learned_gate,9.131104551451015e-07,5.976421314882003e-08,10.83596806209635,8.34476191990508e-06,1.0,0.0,0.611111111111111
0.6,53,8,distance,1.280413921533885e-06,7.032415653313008e-08,15.98690665080863,8.426036737051957e-06,1.0,0.0,0.59375
0.6,53,8,magnitude,1.299875170558106e-06,6.613920009333496e-08,15.532996098678527,8.091419144657995e-06,1.0,0.0,0.59375
0.6,53,8,fisher_proxy,6.748508052946643e-07,7.6792378663041e-08,14.113081811958505,4.9921861069157456e-06,1.0,0.0,0.59375
0.6,53,8,oracle_edge_current,7.67589761247837e-07,6.026413113340564e-08,12.454455307259112,5.130544629410167e-06,1.0,0.0,0.59375
0.6,53,8,learned_gate,9.07997823131404e-07,5.971406646657127e-08,12.832463764494161,5.83453808652469e-06,1.0,0.0,0.59375
0.6,54,4,distance,3.774102619387894e-07,1.145360206741724e-08,8.022315822094216,2.873438311217016e-06,1.0,0.0,0.625
0.6,54,4,magnitude,3.774102619387894e-07,1.145360206741724e-08,8.022315822094216,2.873438311217016e-06,1.0,0.0,0.625
0.6,54,4,fisher_proxy,2.4034983454960155e-07,2.611070417765343e-08,10.48772196145327,3.0875792388787295e-06,1.0,0.0,0.625
0.6,54,4,oracle_edge_current,2.3329987096793365e-07,1.5092039890549595e-08,6.406070348470895,3.3529963613264615e-06,1.0,0.0,0.625
0.6,54,4,learned_gate,2.3329987096793365e-07,1.5092039890549595e-08,6.406070348470895,3.3529963613264615e-06,1.0,0.0,0.625
0.6,55,6,distance,3.14155367401453e-07,1.512120340417157e-08,8.820725957193517,2.2564169661573207e-06,1.0,0.0,0.611111111111111
0.6,55,6,magnitude,4.1200326456788023e-07,2.0863288105454694e-08,10.704834507389355,3.2645790333943037e-06,1.0,0.0,0.611111111111111
0.6,55,6,fisher_proxy,2.2962466283022822e-07,2.510460044531818e-08,11.253317811478553,2.1572592598213575e-06,1.0,0.0,0.611111111111111
0.6,55,6,oracle_edge_current,2.707607049115777e-07,1.4281842499459923e-08,8.455564297020933,1.5910031310605518e-06,1.0,0.0,0.611111111111111
0.6,55,6,learned_gate,3.14155367401453e-07,1.512120340417157e-08,8.820725957193517,2.2564169661573207e-06,1.0,0.0,0.611111111111111
0.6,56,8,distance,2.982631827706805e-07,1.7064801338055244e-08,13.633483070076407,1.8830262834048694e-06,1.0,0.0,0.59375
0.6,56,8,magnitude,3.940606514818423e-07,1.8291759334242005e-08,16.377633154754477,2.285494977166855e-06,1.0,0.0,0.59375
0.6,56,8,fisher_proxy,1.8713545454698833e-07,2.1267827635028356e-08,14.282436854668342,1.3001223748689035e-06,1.0,0.0,0.59375
0.6,56,8,oracle_edge_current,2.0607778869590385e-07,1.459345533093031e-08,11.627327176378579,1.2655573272393466e-06,1.0,0.0,0.59375
0.6,56,8,learned_gate,2.4492623926115437e-07,1.607948830004461e-08,12.161820544679182,1.5968555725397435e-06,1.0,0.0,0.59375
0.6,57,4,distance,4.168626317556552e-07,1.6999132905333277e-08,10.08604572092962,3.595670734901031e-06,1.0,0.0,0.625
0.6,57,4,magnitude,4.168626317556552e-07,1.6999132905333277e-08,10.08604572092962,3.595670734901031e-06,1.0,0.0,0.625
0.6,57,4,fisher_proxy,3.26959640609173e-07,3.281757718158364e-08,13.837230683150029,4.1838722068519145e-06,1.0,0.0,0.625
0.6,57,4,oracle_edge_current,3.167952916436036e-07,2.2994775545001462e-08,9.820553899254532,4.331903894035389e-06,1.0,0.0,0.625
0.6,57,4,learned_gate,4.168626317556552e-07,1.6999132905333277e-08,10.08604572092962,3.595670734901031e-06,1.0,0.0,0.625
0.6,58,6,distance,1.4239672625597961e-06,6.070617477639529e-08,16.971759615376367,9.192210153796366e-06,1.0,0.0,0.611111111111111
0.6,58,6,magnitude,1.701781801263097e-06,7.721144928994262e-08,19.30226376033245,1.21111836890809e-05,1.0,0.0,0.611111111111111
0.6,58,6,fisher_proxy,8.105483116950529e-07,7.262568177711288e-08,14.732329490981352,6.934206364929491e-06,1.0,0.0,0.611111111111111
0.6,58,6,oracle_edge_current,9.685534448804675e-07,5.981014293775036e-08,14.440295872740913,6.858166725098704e-06,1.0,0.0,0.611111111111111
0.6,58,6,learned_gate,1.07492446596071e-06,6.671701406994438e-08,14.786008877888957,7.805064738878443e-06,1.0,0.0,0.611111111111111
0.6,59,8,distance,8.111119746951241e-07,5.071817194605455e-08,9.6374374172938,5.687542350995592e-06,1.0,0.0,0.59375
0.6,59,8,magnitude,8.840735912923892e-07,4.078499646796095e-08,9.445234737881327,4.36290386658771e-06,1.0,0.0,0.59375
0.6,59,8,fisher_proxy,5.39626940755424e-07,6.846942715897944e-08,11.373962564284946,4.066364168738434e-06,1.0,0.0,0.59375
0.6,59,8,oracle_edge_current,5.964763677081727e-07,4.049619825621835e-08,7.90974023686907,4.064778484675396e-06,1.0,0.0,0.59375
0.6,59,8,learned_gate,6.896045395364999e-07,4.10653413402493e-08,8.308378769780616,4.242260038938969e-06,1.0,0.0,0.59375
0.6,60,4,distance,1.299006162595121e-06,5.64013946479205e-08,17.077725317786314,1.1243697817023074e-05,1.0,0.0,0.625
0.6,60,4,magnitude,1.299006162595121e-06,5.64013946479205e-08,17.077725317786314,1.1243697817023074e-05,1.0,0.0,0.625
0.6,60,4,fisher_proxy,8.410314245962368e-07,7.353798169740289e-08,16.492940258560452,9.385038562934929e-06,1.0,0.0,0.625
0.6,60,4,oracle_edge_current,9.43709936888105e-07,6.65270206914535e-08,14.986712143261471,1.2509818671655436e-05,1.0,0.0,0.625
0.6,60,4,learned_gate,9.43709936888105e-07,6.65270206914535e-08,14.986712143261471,1.2509818671655436e-05,1.0,0.0,0.625
0.6,61,6,distance,1.1987191600141185e-06,5.2223637164075746e-08,19.009495384332226,7.826041260581319e-06,1.0,0.0,0.611111111111111
0.6,61,6,magnitude,1.3358440499620926e-06,5.77811774421932e-08,20.30458552267858,9.317957445877862e-06,1.0,0.0,0.611111111111111
0.6,61,6,fisher_proxy,6.868187607750089e-07,5.949097779898594e-08,15.983613291592782,5.810987988291673e-06,1.0,0.0,0.611111111111111
0.6,61,6,oracle_edge_current,7.178857630002362e-07,5.9415981349244024e-08,15.947364953693993,6.630780340954147e-06,1.0,0.0,0.611111111111111
0.6,61,6,learned_gate,8.903040793799393e-07,5.762285420311649e-08,16.71303814555596,6.824275458095384e-06,1.0,0.0,0.611111111111111
0.6,62,8,distance,7.272524643921197e-07,4.4277305823418524e-08,10.80517582213721,4.994914024105106e-06,1.0,0.0,0.59375
0.6,62,8,magnitude,7.226652503892576e-07,4.395636658125579e-08,10.637173652790027,4.733742330672189e-06,1.0,0.0,0.59375
0.6,62,8,fisher_proxy,4.779658123422551e-07,6.052683095851716e-08,12.666018805576812,3.6460767460385487e-06,1.0,0.0,0.59375
0.6,62,8,oracle_edge_current,5.39397716660626e-07,3.7444191786601745e-08,9.205408989688314,3.825825346288811e-06,1.0,0.0,0.59375
0.6,62,8,learned_gate,6.174341948074017e-07,3.629893785927437e-08,9.59712851323352,3.7663091141712684e-06,1.0,0.0,0.59375
0.6,63,4,distance,7.722399691216692e-07,3.067700313037349e-08,17.33941400541822,6.270054727925761e-06,1.0,0.0,0.625
0.6,63,4,magnitude,7.722399691216692e-07,3.067700313037349e-08,17.33941400541822,6.270054727925761e-06,1.0,0.0,0.625
0.6,63,4,fisher_proxy,4.855261133875597e-07,4.1600870381923815e-08,16.785751436441576,5.2074633086083696e-06,1.0,0.0,0.625
0.6,63,4,oracle_edge_current,5.526552221570754e-07,3.7803864655860935e-08,15.351562941253086,7.144202346654736e-06,1.0,0.0,0.625
0.6,63,4,learned_gate,5.526552221570754e-07,3.7803864655860935e-08,15.351562941253086,7.144202346654736e-06,1.0,0.0,0.625
0.6,64,6,distance,3.7108422331113186e-07,1.658139856781773e-08,11.056715990817393,2.411466644692614e-06,1.0,0.0,0.611111111111111
0.6,64,6,magnitude,3.7108422331113186e-07,1.658139856781773e-08,11.056715990817393,2.411466644692614e-06,1.0,0.0,0.611111111111111
0.6,64,6,fisher_proxy,2.491600099784978e-07,2.5152817992666354e-08,12.278907712710028,2.218104900759414e-06,1.0,0.0,0.611111111111111
0.6,64,6,oracle_edge_current,2.9868902417194233e-07,1.789276861249084e-08,10.20379970219764,2.50764011284348e-06,1.0,0.0,0.611111111111111
0.6,64,6,learned_gate,3.234235891214077e-07,2.103524542172206e-08,10.871685448238395,2.911613954135901e-06,1.0,0.0,0.611111111111111
0.6,65,8,distance,2.113462282673136e-06,1.1050140963866111e-07,21.822298085686306,1.325545087943394e-05,1.0,0.0,0.59375
0.6,65,8,magnitude,2.0679044847443187e-06,1.0529803500780403e-07,21.00678020007792,1.2058527370680307e-05,1.0,0.0,0.59375
0.6,65,8,fisher_proxy,1.037256874729155e-06,1.0368602908692274e-07,16.240372567654095,7.159795710952433e-06,1.0,0.0,0.59375
0.6,65,8,oracle_edge_current,1.1164966742941337e-06,1.0195408581666852e-07,16.05373759115659,7.752978405874661e-06,1.0,0.0,0.59375
0.6,65,8,learned_gate,1.3189864579941462e-06,9.65893702079146e-08,16.679856168488293,8.850272162890674e-06,1.0,0.0,0.59375
0.6,66,4,distance,4.95776021923235e-07,1.5474265607897224e-08,18.54283971842686,3.3531477206866913e-06,1.0,0.0,0.625
0.6,66,4,magnitude,4.95776021923235e-07,1.5474265607897224e-08,18.54283971842686,3.3531477206866913e-06,1.0,0.0,0.625
0.6,66,4,fisher_proxy,2.6052793689381367e-07,1.8820195416568436e-08,14.622785418928805,2.4540493557277255e-06,1.0,0.0,0.625
0.6,66,4,oracle_edge_current,3.107097231743368e-07,1.8363478662952598e-08,14.261115356403334,3.7666700236606582e-06,1.0,0.0,0.625
0.6,66,4,learned_gate,3.107097231743368e-07,1.8363478662952598e-08,14.261115356403334,3.7666700236606582e-06,1.0,0.0,0.625
0.6,67,6,distance,5.719249745861239e-07,2.708576706401334e-08,10.736020950687923,3.971666840834899e-06,1.0,0.0,0.611111111111111
0.6,67,6,magnitude,7.374906951787205e-07,3.6946097386217345e-08,12.8793204806823,5.6987049426697495e-06,1.0,0.0,0.611111111111111
0.6,67,6,fisher_proxy,3.955826527822388e-07,4.1416789621709215e-08,12.468553084274733,3.661980249786922e-06,1.0,0.0,0.611111111111111
0.6,67,6,oracle_edge_current,4.659391049265914e-07,2.9322951821079654e-08,10.115679547781774,4.133172107550663e-06,1.0,0.0,0.611111111111111
0.6,67,6,learned_gate,5.719249745861239e-07,2.708576706401334e-08,10.736020950687923,3.971666840834899e-06,1.0,0.0,0.611111111111111
0.6,68,8,distance,1.324720130410975e-06,7.271964881848733e-08,21.17292351275024,8.188393342732938e-06,1.0,0.0,0.59375
0.6,68,8,magnitude,1.1838797805005056e-06,6.442418916443802e-08,19.426969508942417,7.086457847668113e-06,1.0,0.0,0.59375
0.6,68,8,fisher_proxy,6.633516041748786e-07,6.366533316368612e-08,14.94856960651968,4.330825119008395e-06,1.0,0.0,0.59375
0.6,68,8,oracle_edge_current,6.558189134447945e-07,5.558083977016047e-08,14.497151040075412,3.896295684984934e-06,1.0,0.0,0.59375
0.6,68,8,learned_gate,7.071655108900852e-07,5.40090325509387e-08,14.7331290629898,4.673982574182662e-06,1.0,0.0,0.59375
0.6,69,4,distance,7.19777677619359e-07,2.7957491551038966e-08,16.14078681569319,5.753501515144874e-06,1.0,0.0,0.625
0.6,69,4,magnitude,7.19777677619359e-07,2.7957491551038966e-08,16.14078681569319,5.753501515144874e-06,1.0,0.0,0.625
0.6,69,4,fisher_proxy,4.4126467203693215e-07,3.7914643762372396e-08,15.40636974091854,4.73345612865758e-06,1.0,0.0,0.625
0.6,69,4,oracle_edge_current,5.052747726645249e-07,3.447543016976614e-08,14.102606883206919,6.560503399860069e-06,1.0,0.0,0.625
0.6,69,4,learned_gate,5.052747726645249e-07,3.447543016976614e-08,14.102606883206919,6.560503399860069e-06,1.0,0.0,0.625
0.6,70,6,distance,9.137440968282641e-07,3.5086457007530875e-08,16.121656928080245,5.454799772686426e-06,1.0,0.0,0.611111111111111
0.6,70,6,magnitude,7.522693307070288e-07,4.093214372296069e-08,14.33596912741654,6.1529934210930855e-06,1.0,0.0,0.611111111111111
0.6,70,6,fisher_proxy,4.540685133433998e-07,3.73941397909101e-08,11.73076343124661,3.786897865762816e-06,1.0,0.0,0.611111111111111
0.6,70,6,oracle_edge_current,4.3947696628550185e-07,3.999494536919177e-08,11.62890472120876,3.198197057544309e-06,1.0,0.0,0.611111111111111
0.6,70,6,learned_gate,6.391723781116326e-07,3.679580219575848e-08,12.880835175720758,4.486701260350122e-06,1.0,0.0,0.611111111111111
0.6,71,8,distance,7.764670585692681e-07,4.1992612338674034e-08,20.745071133899874,4.663931412962956e-06,1.0,0.0,0.59375
0.6,71,8,magnitude,9.906946578967327e-07,4.4526741862889813e-08,24.157971903016144,5.7505834118952475e-06,1.0,0.0,0.59375
0.6,71,8,fisher_proxy,4.3400150534049496e-07,4.417642083664197e-08,17.9727826552391,2.852603284959553e-06,1.0,0.0,0.59375
0.6,71,8,oracle_edge_current,4.86480087627412e-07,3.771429669686073e-08,17.19297531816764,3.0832997109368733e-06,1.0,0.0,0.59375
0.6,71,8,learned_gate,5.788742535935143e-07,3.832882539424403e-08,17.967143205534168,3.4577547913679932e-06,1.0,0.0,0.59375
0.6,72,4,distance,6.471791680418929e-07,2.2752898514009023e-08,8.233850075414253,5.3075895165324545e-06,1.0,0.0,0.625
0.6,72,4,magnitude,6.471791680418929e-07,2.2752898514009023e-08,8.233850075414253,5.3075895165324545e-06,1.0,0.0,0.625
0.6,72,4,fisher_proxy,4.5391813003244536e-07,4.8273094092241996e-08,11.194960117225218,5.914237474262536e-06,1.0,0.0,0.625
0.6,72,4,oracle_edge_current,4.402887138414228e-07,3.075374807277787e-08,7.3468079529146095,6.311724236585529e-06,1.0,0.0,0.625
0.6,72,4,learned_gate,6.471791680418929e-07,2.2752898514009023e-08,8.233850075414253,5.3075895165324545e-06,1.0,0.0,0.625
0.6,73,6,distance,1.2247175545525984e-06,4.573769355261346e-08,17.763099891108453,7.847019181376183e-06,1.0,0.0,0.611111111111111
0.6,73,6,magnitude,9.8645361781942e-07,5.2795891198807004e-08,15.315679639315416,7.4492753262054746e-06,1.0,0.0,0.611111111111111
0.6,73,6,fisher_proxy,5.901111188778956e-07,4.699082381491596e-08,12.748336504525676,5.040998097932338e-06,1.0,0.0,0.611111111111111
0.6,73,6,oracle_edge_current,5.48662140184795e-07,4.8938880802415514e-08,12.3310701429569,3.913647113653894e-06,1.0,0.0,0.611111111111111
0.6,73,6,learned_gate,7.558644404999371e-07,3.8648613422942076e-08,13.10882290465826,4.5359762971984185e-06,1.0,0.0,0.611111111111111
0.6,74,8,distance,6.772517811523545e-07,3.943376488697078e-08,16.672853751682005,4.211352082578524e-06,1.0,0.0,0.59375
0.6,74,8,magnitude,8.639209081961914e-07,4.156899660311765e-08,19.31108160170782,5.019384916717876e-06,1.0,0.0,0.59375
0.6,74,8,fisher_proxy,4.308255623234417e-07,4.614344722766629e-08,16.60424187320199,2.8606143080028198e-06,1.0,0.0,0.59375
0.6,74,8,oracle_edge_current,4.908493708204104e-07,3.460520273670672e-08,14.523143904546565,2.939912701681691e-06,1.0,0.0,0.59375
0.6,74,8,learned_gate,5.744631689209061e-07,3.93624539790503e-08,15.54590369456169,3.879406365727081e-06,1.0,0.0,0.59375
0.8,0,4,distance,1.1502584363945004e-07,3.3916577042729288e-09,1.4597181921405524,3.5096705891613055e-07,1.0,0.0,0.8125
0.8,0,4,magnitude,1.1502584363945004e-07,3.3916577042729288e-09,1.4597181921405524,3.5096705891613055e-07,1.0,0.0,0.8125
0.8,0,4,fisher_proxy,1.0167126504234333e-07,1.1669682358014629e-08,2.33188145229623,1.311175831330148e-06,1.0,0.0,0.8125
0.8,0,4,oracle_edge_current,1.1502584363945004e-07,3.3916577042729288e-09,1.4597181921405524,3.5096705891613055e-07,1.0,0.0,0.8125
0.8,0,4,learned_gate,1.1502584363945004e-07,3.3916577042729288e-09,1.4597181921405524,3.5096705891613055e-07,1.0,0.0,0.8125
0.8,1,6,distance,5.767940934294872e-07,1.8548194710345263e-08,5.621198776309236,2.7959181078505485e-06,1.0,0.0,0.8055555555555555
0.8,1,6,magnitude,5.418698151764498e-07,1.493004065471178e-08,5.251597662602852,2.479853999062206e-06,1.0,0.0,0.8055555555555555
0.8,1,6,fisher_proxy,2.0204799017348174e-07,2.2011183140531574e-08,3.7580198499869573,1.3077986705893243e-06,1.0,0.0,0.8055555555555555
0.8,1,6,oracle_edge_current,2.920064749779618e-07,1.7551261731638446e-08,3.763826581899853,1.0284265097329741e-06,1.0,0.0,0.8055555555555555
0.8,1,6,learned_gate,3.9901804373676056e-07,1.9890400376780077e-08,4.440669358615106,2.895478115476793e-06,1.0,0.0,0.8055555555555555
0.8,2,8,distance,4.08472598012119e-07,1.2509808455194615e-08,8.218365022588257,1.8698672447109769e-06,1.0,0.0,0.796875
0.8,2,8,magnitude,3.289323413225957e-07,1.2580011183455671e-08,7.040583291453922,1.8819979992866635e-06,1.0,0.0,0.796875
0.8,2,8,fisher_proxy,9.390684659865006e-08,1.023509298083109e-08,4.072626827919011,4.1505567673791874e-07,1.0,0.0,0.796875
0.8,2,8,oracle_edge_current,9.390684659865006e-08,1.023509298083109e-08,4.072626827919011,4.1505567673791874e-07,1.0,0.0,0.796875
0.8,2,8,learned_gate,1.958201426203084e-07,1.140910177757357e-08,5.0535774290694775,9.488943107170638e-07,1.0,0.0,0.796875
0.8,3,4,distance,1.0503776059813304e-07,3.2846077779472172e-09,1.3300721421892898,3.3459124967945744e-07,1.0,0.0,0.8125
0.8,3,4,magnitude,1.5238602340886254e-07,6.82655052298922e-09,1.7696479844269462,1.1354764064293076e-06,1.0,0.0,0.8125
0.8,3,4,fisher_proxy,9.763008040203358e-08,1.2088655977160874e-08,2.285706256477986,1.3307744471728703e-06,1.0,0.0,0.8125
0.8,3,4,oracle_edge_current,1.0503776059813304e-07,3.2846077779472172e-09,1.3300721421892898,3.3459124967945744e-07,1.0,0.0,0.8125
0.8,3,4,learned_gate,1.0503776059813304e-07,3.2846077779472172e-09,1.3300721421892898,3.3459124967945744e-07,1.0,0.0,0.8125
0.8,4,6,distance,2.2145871452887895e-07,8.484559401483669e-09,3.514421254878449,1.151242965343211e-06,1.0,0.0,0.8055555555555555
0.8,4,6,magnitude,3.2697873093475346e-07,5.951177324841369e-09,4.526211356875201,9.178333437574049e-07,1.0,0.0,0.8055555555555555
0.8,4,6,fisher_proxy,1.1207255094861091e-07,1.2030360582686263e-08,3.285961247609566,7.668031497697542e-07,1.0,0.0,0.8055555555555555
0.8,4,6,oracle_edge_current,1.2914438031197405e-07,8.948670621452918e-09,2.774624599210231,5.813394388609444e-07,1.0,0.0,0.8055555555555555
0.8,4,6,learned_gate,2.0254791076405412e-07,6.45953762408381e-09,3.199937560355463,9.75318834902731e-07,1.0,0.0,0.8055555555555555
0.8,5,8,distance,4.339205566321104e-07,1.214590702336959e-08,5.703923593490811,2.114873572807902e-06,1.0,0.0,0.796875
0.8,5,8,magnitude,2.4755961149358166e-07,8.685049922683646e-09,3.4532867947503507,9.749147672630817e-07,1.0,0.0,0.796875
0.8,5,8,fisher_proxy,7.420857534787273e-08,8.439154689579443e-09,2.6234428441028625,3.785831055547955e-07,1.0,0.0,0.796875
0.8,5,8,oracle_edge_current,9.040449369344487e-08,8.631100261978271e-09,2.011805830865336,4.483667840374239e-07,1.0,0.0,0.796875
0.8,5,8,learned_gate,1.394897243421391e-07,8.04308307371442e-09,2.323590573888451,4.642886923868501e-07,1.0,0.0,0.796875
0.8,6,4,distance,2.0203303777744744e-07,4.321690024861797e-09,3.7430602856973354,3.6039830397317363e-07,1.0,0.0,0.8125
0.8,6,4,magnitude,2.5215448308709325e-07,7.792986018542538e-09,4.487995223726706,1.1732573026886534e-06,1.0,0.0,0.8125
0.8,6,4,fisher_proxy,8.810282526502493e-08,1.0727962412043913e-08,3.277729141038225,1.1055932799411262e-06,1.0,0.0,0.8125
0.8,6,4,oracle_edge_current,1.112439483299162e-07,9.970419645328107e-09,2.683229228930389,1.438946820449305e-06,1.0,0.0,0.8125
0.8,6,4,learned_gate,1.112439483299162e-07,9.970419645328107e-09,2.683229228930389,1.438946820449305e-06,1.0,0.0,0.8125
0.8,7,6,distance,2.4481260350837917e-07,8.435764949863051e-09,4.753129075412075,1.1903758741539358e-06,1.0,0.0,0.8055555555555555
0.8,7,6,magnitude,2.7201937711091493e-07,1.084687464006188e-08,5.352940838771219,1.796884489204995e-06,1.0,0.0,0.8055555555555555
0.8,7,6,fisher_proxy,1.0216413420388592e-07,1.0335732741186282e-08,3.5384960758832205,6.686386344091948e-07,1.0,0.0,0.8055555555555555
0.8,7,6,oracle_edge_current,1.325464365483503e-07,8.181837365907446e-09,3.369835309043496,5.347575536283158e-07,1.0,0.0,0.8055555555555555
0.8,7,6,learned_gate,1.725098502320758e-07,9.0901552493018e-09,3.817325035231614,1.2424371460343843e-06,1.0,0.0,0.8055555555555555
0.8,8,8,distance,3.1819158081141985e-07,1.2643592864989812e-08,6.354532739706868,1.4583587884456498e-06,1.0,0.0,0.796875
0.8,8,8,magnitude,4.769572645250328e-07,1.6025937381041372e-08,8.662913823130925,2.59029294814031e-06,1.0,0.0,0.796875
0.8,8,8,fisher_proxy,1.41588702033101e-07,1.4130163471539986e-08,5.2262773693207105,6.263228140463793e-07,1.0,0.0,0.796875
0.8,8,8,oracle_edge_current,1.5275610608486874e-07,1.0633273326424855e-08,4.95593055734641,7.058542094873144e-07,1.0,0.0,0.796875
0.8,8,8,learned_gate,2.807099688130072e-07,1.4396724275058851e-08,5.987517214925338,1.7220919924562079e-06,1.0,0.0,0.796875
0.8,9,4,distance,8.888418089929874e-08,3.56444590830519e-09,1.6836404873611381,3.6118671828632035e-07,1.0,0.0,0.8125
0.8,9,4,magnitude,1.2811429942931677e-07,6.300900189015378e-09,2.1437593705986133,1.0282084853469707e-06,1.0,0.0,0.8125
0.8,9,4,fisher_proxy,9.491468016278003e-08,1.1411360785190113e-08,3.062467482339188,1.2355490924559005e-06,1.0,0.0,0.8125
0.8,9,4,oracle_edge_current,8.888418089929874e-08,3.56444590830519e-09,1.6836404873611381,3.6118671828632035e-07,1.0,0.0,0.8125
0.8,9,4,learned_gate,8.888418089929874e-08,3.56444590830519e-09,1.6836404873611381,3.6118671828632035e-07,1.0,0.0,0.8125
0.8,10,6,distance,1.6931230579173932e-07,6.8757352203359415e-09,3.6787740050694047,8.762981578562713e-07,1.0,0.0,0.8055555555555555
0.8,10,6,magnitude,2.393005988522018e-07,4.680293976603166e-09,4.480093545070838,6.7794896405738e-07,1.0,0.0,0.8055555555555555
0.8,10,6,fisher_proxy,9.501727677082664e-08,9.739923702572871e-09,3.6974383143739353,6.41251413975171e-07,1.0,0.0,0.8055555555555555
0.8,10,6,oracle_edge_current,1.1443262248617368e-07,6.426694433598803e-09,3.0862663275357227,8.087452240603153e-07,1.0,0.0,0.8055555555555555
0.8,10,6,learned_gate,1.5311534711139282e-07,5.180169062860751e-09,3.3191174483971118,7.273803640491303e-07,1.0,0.0,0.8055555555555555
0.8,11,8,distance,2.1075197391487442e-07,1.0402498507405711e-08,7.495376152570153,9.708353295350877e-07,1.0,0.0,0.796875
0.8,11,8,magnitude,3.585425340631165e-07,1.0282255551770845e-08,10.101644323813455,1.5690892805320498e-06,1.0,0.0,0.796875
0.8,11,8,fisher_proxy,1.1043351953940461e-07,1.2868520805562436e-08,7.253956250917437,5.103622397257888e-07,1.0,0.0,0.796875
0.8,11,8,oracle_edge_current,1.2663758876887977e-07,7.75577850324747e-09,6.345139215225036,5.86074221316618e-07,1.0,0.0,0.796875
0.8,11,8,learned_gate,2.0018717151182308e-07,9.09774104429008e-09,7.049213186116746,1.0015072000553135e-06,1.0,0.0,0.796875
0.8,12,4,distance,7.048393721095318e-08,2.1593434563522185e-09,1.7818965895102483,2.18055246755468e-07,1.0,0.0,0.8125
0.8,12,4,magnitude,9.552400545692155e-08,3.85045329795471e-09,2.188728905632919,6.359360613403658e-07,1.0,0.0,0.8125
0.8,12,4,fisher_proxy,6.180777936577731e-08,7.1682972158582465e-09,2.8971997908640064,7.942471029962671e-07,1.0,0.0,0.8125
0.8,12,4,oracle_edge_current,7.048393721095318e-08,2.1593434563522185e-09,1.7818965895102483,2.18055246755468e-07,1.0,0.0,0.8125
0.8,12,4,learned_gate,7.048393721095318e-08,2.1593434563522185e-09,1.7818965895102483,2.18055246755468e-07,1.0,0.0,0.8125
0.8,13,6,distance,4.091629312248194e-07,1.743771834584172e-08,5.516754326214391,2.106138872743776e-06,1.0,0.0,0.8055555555555555
0.8,13,6,magnitude,6.289567569329098e-07,1.8499305474646718e-08,7.4130478834207185,2.8928006549203467e-06,1.0,0.0,0.8055555555555555
0.8,13,6,fisher_proxy,2.047987482860919e-07,2.252020290861384e-08,4.8664569100409025,1.3463997567767596e-06,1.0,0.0,0.8055555555555555
0.8,13,6,oracle_edge_current,2.709346534862193e-07,1.5770498006900395e-08,4.463755731112915,1.9022862285825319e-06,1.0,0.0,0.8055555555555555
0.8,13,6,learned_gate,3.706314847170637e-07,1.3330342850876749e-08,4.976697077131607,1.7532928222978517e-06,1.0,0.0,0.8055555555555555
0.8,14,8,distance,7.739183225214755e-07,2.3152197309113164e-08,9.849299269510487,3.5833361436273676e-06,1.0,0.0,0.796875
0.8,14,8,magnitude,5.173522368159822e-07,2.111678881108173e-08,7.0606772899673,2.0126453921200037e-06,1.0,0.0,0.796875
0.8,14,8,fisher_proxy,1.668058966013593e-07,1.6630554050225975e-08,4.2635581722718054,7.417315309137057e-07,1.0,0.0,0.796875
0.8,14,8,oracle_edge_current,1.668058966013593e-07,1.6630554050225975e-08,4.2635581722718054,7.417315309137057e-07,1.0,0.0,0.796875
0.8,14,8,learned_gate,3.3308124301028216e-07,2.0996454316551877e-08,5.32403908400804,1.152084503060029e-06,1.0,0.0,0.796875
0.8,15,4,distance,1.4600499819485597e-07,9.17796797132531e-09,2.5448615175887435,8.805624204667736e-07,1.0,0.0,0.8125
0.8,15,4,magnitude,2.9307836031759274e-07,4.001145064051253e-09,3.3825668707081804,2.7366284074234805e-07,1.0,0.0,0.8125
0.8,15,4,fisher_proxy,1.832425591472009e-07,2.228570871189674e-08,4.719079145959395,2.3085236016263304e-06,1.0,0.0,0.8125
0.8,15,4,oracle_edge_current,1.4600499819485597e-07,9.17796797132531e-09,2.5448615175887435,8.805624204667736e-07,1.0,0.0,0.8125
0.8,15,4,learned_gate,2.0187489932488312e-07,1.0675217181731137e-08,2.8699281251963926,2.96896895478161e-06,1.0,0.0,0.8125
0.8,16,6,distance,1.1841516956521275e-07,4.430751273151322e-09,3.116816860443393,6.197002462290749e-07,1.0,0.0,0.8055555555555555
0.8,16,6,magnitude,1.771691389798949e-07,3.0795012101104325e-09,4.041271722717572,4.932205951053151e-07,1.0,0.0,0.8055555555555555
0.8,16,6,fisher_proxy,6.366735640674082e-08,6.516447218472711e-09,3.1246895407543644,4.178742438200678e-07,1.0,0.0,0.8055555555555555
0.8,16,6,oracle_edge_current,6.921901456377148e-08,4.728103894778729e-09,2.492768843963411,3.083707120460689e-07,1.0,0.0,0.8055555555555555
0.8,16,6,learned_gate,1.0759941607406861e-07,3.3532318823210784e-09,2.81980109801642,5.241177959638837e-07,1.0,0.0,0.8055555555555555
0.8,17,8,distance,2.076792520720507e-07,8.53248712018951e-09,7.739562874585548,9.405667920762467e-07,1.0,0.0,0.796875
0.8,17,8,magnitude,2.2396367502739804e-07,9.900075022439433e-09,8.196589981462242,1.3038179248368418e-06,1.0,0.0,0.796875
0.8,17,8,fisher_proxy,8.194964198846484e-08,8.706118717000631e-09,5.7407193647225725,3.674926994410427e-07,1.0,0.0,0.796875
0.8,17,8,oracle_edge_current,7.800739562265532e-08,6.61040911153325e-09,4.929794287725633,2.582344417007131e-07,1.0,0.0,0.796875
0.8,17,8,learned_gate,1.299195100155683e-07,6.680598067611109e-09,5.739146068949806,5.965952469116266e-07,1.0,0.0,0.796875
0.8,18,4,distance,1.0972706146565129e-07,4.324951822586654e-09,1.271120873815356,4.402956350658762e-07,1.0,0.0,0.8125
0.8,18,4,magnitude,1.7420051922923765e-07,8.912419085768694e-09,1.7889547095998093,1.5027869494120178e-06,1.0,0.0,0.8125
0.8,18,4,fisher_proxy,1.3121296081562244e-07,1.5618918776018604e-08,2.6082331026008023,1.7198589075167407e-06,1.0,0.0,0.8125
0.8,18,4,oracle_edge_current,1.0972706146565129e-07,4.324951822586654e-09,1.271120873815356,4.402956350658762e-07,1.0,0.0,0.8125
0.8,18,4,learned_gate,1.0972706146565129e-07,4.324951822586654e-09,1.271120873815356,4.402956350658762e-07,1.0,0.0,0.8125
0.8,19,6,distance,1.579623963418944e-07,5.571736296337198e-09,4.703808825129095,7.742272847453555e-07,1.0,0.0,0.8055555555555555
0.8,19,6,magnitude,1.7496842894150256e-07,7.0321001827287494e-09,5.16317484144115,1.1638813063395248e-06,1.0,0.0,0.8055555555555555
0.8,19,6,fisher_proxy,7.156575891637678e-08,6.858630021171051e-09,3.9144210175278387,4.5489121379295103e-07,1.0,0.0,0.8055555555555555
0.8,19,6,oracle_edge_current,7.912193248800029e-08,4.97172590514291e-09,3.7300028445193605,3.030981343825237e-07,1.0,0.0,0.8055555555555555
0.8,19,6,learned_gate,1.150763102664501e-07,6.063149126392954e-09,3.998574084606527,8.113624500607212e-07,1.0,0.0,0.8055555555555555
0.8,20,8,distance,4.4185479688383746e-07,1.3262647592318822e-08,5.1709081168985955,2.122168424198107e-06,1.0,0.0,0.796875
0.8,20,8,magnitude,2.6911643554936027e-07,1.203306555236343e-08,3.521106675157969,1.0886608574395098e-06,1.0,0.0,0.796875
0.8,20,8,fisher_proxy,1.0669589286180225e-07,1.1663843451008141e-08,3.0260918479998025,5.006370701188176e-07,1.0,0.0,0.796875
0.8,20,8,oracle_edge_current,1.5167592006444983e-07,1.0975361528775412e-08,2.726637272872565,4.945660070522682e-07,1.0,0.0,0.796875
0.8,20,8,learned_gate,2.1088103612278605e-07,1.248674505662516e-08,3.0752766931706663,1.1094552321619143e-06,1.0,0.0,0.796875
0.8,21,4,distance,4.2397743492440795e-07,9.018460071286526e-09,4.561242141988644,8.297142671788277e-07,1.0,0.0,0.8125
0.8,21,4,magnitude,5.224847615883007e-07,1.6041810793198175e-08,5.379668440074375,2.485478400409494e-06,1.0,0.0,0.8125
0.8,21,4,fisher_proxy,1.7408511109803792e-07,2.005631508751121e-08,3.4922466144076805,2.17158725701885e-06,1.0,0.0,0.8125
0.8,21,4,oracle_edge_current,2.3463074027690414e-07,2.0376074125821897e-08,3.1384954802760836,3.0652247298828147e-06,1.0,0.0,0.8125
0.8,21,4,learned_gate,2.3463074027690414e-07,2.0376074125821897e-08,3.1384954802760836,3.0652247298828147e-06,1.0,0.0,0.8125
0.8,22,6,distance,4.539492714947709e-07,1.4049273576981226e-08,6.6842663702811045,2.480058441591892e-06,1.0,0.0,0.8055555555555555
0.8,22,6,magnitude,3.9620818921808305e-07,1.3591347255542978e-08,5.824981797668941,1.1649164040772048e-06,1.0,0.0,0.8055555555555555
0.8,22,6,fisher_proxy,1.354650048662175e-07,1.2829988183437818e-08,3.5614583189403017,8.683635630478194e-07,1.0,0.0,0.8055555555555555
0.8,22,6,oracle_edge_current,1.354650048662175e-07,1.2829988183437818e-08,3.5614583189403017,8.683635630478194e-07,1.0,0.0,0.8055555555555555
0.8,22,6,learned_gate,2.1074419768770067e-07,1.0371435462223676e-08,3.8951585915027223,7.058480534605561e-07,1.0,0.0,0.8055555555555555
0.8,23,8,distance,3.735291060733466e-07,1.2934607730218066e-08,6.6476970605090155,1.8040075505826618e-06,1.0,0.0,0.796875
0.8,23,8,magnitude,3.6611513554279013e-07,1.2005478554893242e-08,6.467619495404689,1.7570024464894472e-06,1.0,0.0,0.796875
0.8,23,8,fisher_proxy,1.0188639830271036e-07,1.1666894037959198e-08,3.9376458080655605,5.060924223261694e-07,1.0,0.0,0.796875
0.8,23,8,oracle_edge_current,1.0798966375014097e-07,1.210296027869237e-08,3.7350359803994286,5.310451944757392e-07,1.0,0.0,0.796875
0.8,23,8,learned_gate,2.274693607441184e-07,1.092792173684844e-08,4.6646616454959915,8.950945726658886e-07,1.0,0.0,0.796875
0.8,24,4,distance,1.5447117907088636e-07,2.578267844126474e-09,4.377625827717052,2.1847450463634033e-07,1.0,0.0,0.8125
0.8,24,4,magnitude,6.910133732001185e-08,5.6328719898514075e-09,2.5830956768146045,8.514426757025944e-07,1.0,0.0,0.8125
0.8,24,4,fisher_proxy,5.2955447375306144e-08,5.813225657705591e-09,3.0223692145048937,6.287539272785039e-07,1.0,0.0,0.8125
0.8,24,4,oracle_edge_current,6.910133732001185e-08,5.6328719898514075e-09,2.5830956768146045,8.514426757025944e-07,1.0,0.0,0.8125
0.8,24,4,learned_gate,6.910133732001185e-08,5.6328719898514075e-09,2.5830956768146045,8.514426757025944e-07,1.0,0.0,0.8125
0.8,25,6,distance,2.1941871697038484e-07,7.568251190164733e-09,4.61214869173037,1.0728486862976102e-06,1.0,0.0,0.8055555555555555
0.8,25,6,magnitude,2.021192096947344e-07,5.783455502794558e-09,4.177821365775598,9.26540157737115e-07,1.0,0.0,0.8055555555555555
0.8,25,6,fisher_proxy,8.383025481700779e-08,9.106167311457683e-09,3.337156906954382,5.533993306694193e-07,1.0,0.0,0.8055555555555555
0.8,25,6,oracle_edge_current,1.1158804256947615e-07,7.103828973351308e-09,3.1151779547906386,4.309201572776945e-07,1.0,0.0,0.8055555555555555
0.8,25,6,learned_gate,1.5180473914369608e-07,7.982141084414511e-09,3.6442223586210485,1.1060377286194e-06,1.0,0.0,0.8055555555555555
0.8,26,8,distance,3.7386483438423913e-07,1.0882042867310347e-08,5.697204771791508,1.311736790423792e-06,1.0,0.0,0.796875
0.8,26,8,magnitude,3.167304301590392e-07,1.3836107678654806e-08,5.129796232291631,1.8224543254963316e-06,1.0,0.0,0.796875
0.8,26,8,fisher_proxy,1.3354738931103948e-07,1.3307572755778834e-08,4.2723627112593405,6.139256399159939e-07,1.0,0.0,0.796875
0.8,26,8,oracle_edge_current,1.7857205487128064e-07,1.2797057860497008e-08,3.817304234309439,1.263094239560354e-06,1.0,0.0,0.796875
0.8,26,8,learned_gate,2.607931722196459e-07,1.4089448962331329e-08,4.525332122403239,1.8400791018525068e-06,1.0,0.0,0.796875
0.8,27,4,distance,7.905615018605668e-08,3.4025800013970043e-09,1.6650459824943602,3.514086837753532e-07,1.0,0.0,0.8125
0.8,27,4,magnitude,2.09798028836967e-07,1.5850019468829061e-09,3.201833417744853,8.81855570359091e-08,1.0,0.0,0.8125
0.8,27,4,fisher_proxy,8.915781049834148e-08,1.0403556311286225e-08,3.088565574596805,1.137023325708049e-06,1.0,0.0,0.8125
0.8,27,4,oracle_edge_current,7.905615018605668e-08,3.4025800013970043e-09,1.6650459824943602,3.514086837753532e-07,1.0,0.0,0.8125
0.8,27,4,learned_gate,7.905615018605668e-08,3.4025800013970043e-09,1.6650459824943602,3.514086837753532e-07,1.0,0.0,0.8125
0.8,28,6,distance,1.9455175738735304e-07,8.455994238690473e-09,2.748877627144823,1.041835610822633e-06,1.0,0.0,0.8055555555555555
0.8,28,6,magnitude,2.961267195913941e-07,5.677417506799612e-09,3.5213780525755976,8.018639448792112e-07,1.0,0.0,0.8055555555555555
0.8,28,6,fisher_proxy,1.2438119187061872e-07,1.444346293603072e-08,3.4280642921968556,8.5346781806546e-07,1.0,0.0,0.8055555555555555
0.8,28,6,oracle_edge_current,1.4660259692438524e-07,9.585708093627558e-09,2.448636179458858,1.1061865348503912e-06,1.0,0.0,0.8055555555555555
0.8,28,6,learned_gate,1.760065234585051e-07,6.489290490839396e-09,2.4988066794335846,8.662145247804796e-07,1.0,0.0,0.8055555555555555
0.8,29,8,distance,7.33797879776237e-07,2.2333432809405108e-08,8.600393932892475,3.453444336311941e-06,1.0,0.0,0.796875
0.8,29,8,magnitude,4.845679784797746e-07,2.0235662898096178e-08,6.106122291101259,1.913182769793983e-06,1.0,0.0,0.796875
0.8,29,8,fisher_proxy,1.6120213870030737e-07,1.6655977754244312e-08,3.9060113225330593,7.324225141703509e-07,1.0,0.0,0.796875
0.8,29,8,oracle_edge_current,1.8553611373494512e-07,1.816223537152965e-08,3.8063648711945945,8.44830684005705e-07,1.0,0.0,0.796875
0.8,29,8,learned_gate,3.1279901286426076e-07,2.035893847407246e-08,4.648662821240594,1.1031528336576872e-06,1.0,0.0,0.796875
0.8,30,4,distance,1.882305910140894e-07,5.544805097286453e-09,2.982423157388879,5.233327475255403e-07,1.0,0.0,0.8125
0.8,30,4,magnitude,2.563431467516216e-07,1.042170957602294e-08,3.7878617331774866,1.6563977249750486e-06,1.0,0.0,0.8125
0.8,30,4,fisher_proxy,1.263094510556978e-07,1.5376127690981806e-08,3.793009552017071,1.6478775088557331e-06,1.0,0.0,0.8125
0.8,30,4,oracle_edge_current,1.882305910140894e-07,5.544805097286453e-09,2.982423157388879,5.233327475255403e-07,1.0,0.0,0.8125
0.8,30,4,learned_gate,1.882305910140894e-07,5.544805097286453e-09,2.982423157388879,5.233327475255403e-07,1.0,0.0,0.8125
0.8,31,6,distance,3.3822604716404745e-07,1.1632751767867467e-08,6.7416923058527045,1.7181344689188709e-06,1.0,0.0,0.8055555555555555
0.8,31,6,magnitude,4.352945391097873e-07,8.56507312744121e-09,7.731967882974347,1.439478364808035e-06,1.0,0.0,0.8055555555555555
0.8,31,6,fisher_proxy,1.3361778891200307e-07,1.3073983577565489e-08,4.877208281301908,8.640247872459458e-07,1.0,0.0,0.8055555555555555
0.8,31,6,oracle_edge_current,1.3361778891200307e-07,1.3073983577565489e-08,4.877208281301908,8.640247872459458e-07,1.0,0.0,0.8055555555555555
0.8,31,6,learned_gate,2.547793500877008e-07,1.2494829813286025e-08,5.763555205414889,1.7860191465407517e-06,1.0,0.0,0.8055555555555555
0.8,32,8,distance,8.71159772049268e-08,3.0298829590508854e-09,3.7476278883224268,4.0455826114807016e-07,1.0,0.0,0.796875
0.8,32,8,magnitude,9.924767258318497e-08,3.741351702144705e-09,4.216939641004025,5.478220142579965e-07,1.0,0.0,0.796875
0.8,32,8,fisher_proxy,3.6570099611980356e-08,3.946748759855534e-09,3.632823831257991,1.7366716110330074e-07,1.0,0.0,0.796875
0.8,32,8,oracle_edge_current,5.085621263961152e-08,2.4735518224811947e-09,2.7913195761099696,1.836880414340912e-07,1.0,0.0,0.796875
0.8,32,8,learned_gate,7.004106179602417e-08,3.091162586656814e-09,3.2488239605523703,4.0919401883376803e-07,1.0,0.0,0.796875
0.8,33,4,distance,2.2276022392531587e-07,4.7551044327929025e-09,4.602540877640692,4.080242844217582e-07,1.0,0.0,0.8125
0.8,33,4,magnitude,2.2276022392531587e-07,4.7551044327929025e-09,4.602540877640692,4.080242844217582e-07,1.0,0.0,0.8125
0.8,33,4,fisher_proxy,8.378142338609506e-08,1.0407255890966082e-08,3.5071986634778347,1.0823364132780136e-06,1.0,0.0,0.8125
0.8,33,4,oracle_edge_current,1.1480385504562355e-07,1.0672269325450924e-08,3.1785189499557673,1.548099636420584e-06,1.0,0.0,0.8125
0.8,33,4,learned_gate,1.1480385504562355e-07,1.0672269325450924e-08,3.1785189499557673,1.548099636420584e-06,1.0,0.0,0.8125
0.8,34,6,distance,3.241089867682632e-07,1.336281871165839e-08,3.636656022155628,1.7292790348971147e-06,1.0,0.0,0.8055555555555555
0.8,34,6,magnitude,3.4478981788185297e-07,1.5266240672593585e-08,3.837729146723473,2.452456285511175e-06,1.0,0.0,0.8055555555555555
0.8,34,6,fisher_proxy,1.7769230676381588e-07,1.767850266736399e-08,3.4321860877701433,1.2068293279901764e-06,1.0,0.0,0.8055555555555555
0.8,34,6,oracle_edge_current,2.1029685771644286e-07,1.142986240244253e-08,2.858112941527957,1.5279557233985566e-06,1.0,0.0,0.8055555555555555
0.8,34,6,learned_gate,2.8522417221376237e-07,9.375998885923587e-09,3.150861614609672,1.3877907117525946e-06,1.0,0.0,0.8055555555555555
0.8,35,8,distance,1.5687404155336853e-07,6.152882219185713e-09,5.508382968129322,7.119794051460963e-07,1.0,0.0,0.796875
0.8,35,8,magnitude,2.392205604341789e-07,7.897224153495019e-09,7.569048929333086,1.280833552447645e-06,1.0,0.0,0.796875
0.8,35,8,fisher_proxy,7.458019410216029e-08,7.204696384759837e-09,4.95534089896996,3.375948570915177e-07,1.0,0.0,0.796875
0.8,35,8,oracle_edge_current,9.472092477175176e-08,4.794816009576454e-09,4.34719078105399,3.465590149629239e-07,1.0,0.0,0.796875
0.8,35,8,learned_gate,1.2443938369894232e-07,5.619749405651801e-09,4.696860829590371,6.856517715324485e-07,1.0,0.0,0.796875
0.8,36,4,distance,1.6256023553026798e-07,3.943093825964842e-09,1.9812546565118043,3.83735512034158e-07,1.0,0.0,0.8125
0.8,36,4,magnitude,2.1756193352914788e-07,7.932222774037073e-09,2.4948579085664346,1.2953456754532426e-06,1.0,0.0,0.8125
0.8,36,4,fisher_proxy,1.076264382539327e-07,1.2848042189545635e-08,2.5828064049741655,1.4136503483798983e-06,1.0,0.0,0.8125
0.8,36,4,oracle_edge_current,1.1981426955090524e-07,1.0260718499197964e-08,1.8233846867460217,1.5929251035019887e-06,1.0,0.0,0.8125
0.8,36,4,learned_gate,1.6256023553026798e-07,3.943093825964842e-09,1.9812546565118043,3.83735512034158e-07,1.0,0.0,0.8125
0.8,37,6,distance,3.2508532613687485e-07,1.3955428964179117e-08,6.199929079986165,1.6771103769748074e-06,1.0,0.0,0.8055555555555555
0.8,37,6,magnitude,5.404416024128861e-07,1.625406033368356e-08,9.04154862572217,3.429386387837214e-06,1.0,0.0,0.8055555555555555
0.8,37,6,fisher_proxy,1.753429819680019e-07,1.771052900347726e-08,5.474885307662685,1.1356222253100916e-06,1.0,0.0,0.8055555555555555
0.8,37,6,oracle_edge_current,2.2297857993335927e-07,1.2738320557205084e-08,5.107696451545431,1.5245567928410685e-06,1.0,0.0,0.8055555555555555
0.8,37,6,learned_gate,2.9504543290643593e-07,1.0778895777893674e-08,5.617956307992246,1.3988879489552467e-06,1.0,0.0,0.8055555555555555
0.8,38,8,distance,3.283021755714465e-07,1.0108678145282594e-08,3.6261323889325667,1.5266098861045986e-06,1.0,0.0,0.796875
0.8,38,8,magnitude,3.489108262905623e-07,1.2485037582966003e-08,3.880451092957677,1.8263546185750442e-06,1.0,0.0,0.796875
0.8,38,8,fisher_proxy,1.0883091363962418e-07,1.2715664320854322e-08,3.286605791000864,5.564050761385724e-07,1.0,0.0,0.796875
0.8,38,8,oracle_edge_current,1.5164789833038473e-07,9.44925766553368e-09,2.439247277979828,7.675800312175246e-07,1.0,0.0,0.796875
0.8,38,8,learned_gate,2.1919794349831155e-07,1.0188589044351063e-08,2.776175453196749,1.0753944542839232e-06,1.0,0.0,0.796875
0.8,39,4,distance,2.930285032495238e-07,8.263033433325277e-09,3.132785463654275,8.060604866579228e-07,1.0,0.0,0.8125
0.8,39,4,magnitude,2.930285032495238e-07,8.263033433325277e-09,3.132785463654275,8.060604866579228e-07,1.0,0.0,0.8125
0.8,39,4,fisher_proxy,1.725642490952676e-07,2.0047882238708066e-08,3.2875935943543113,2.1823307478159427e-06,1.0,0.0,0.8125
0.8,39,4,oracle_edge_current,2.392793633484528e-07,2.0787859276394608e-08,3.001553459963452,3.172633890112705e-06,1.0,0.0,0.8125
0.8,39,4,learned_gate,2.930285032495238e-07,8.263033433325277e-09,3.132785463654275,8.060604866579228e-07,1.0,0.0,0.8125
0.8,40,6,distance,7.536041245294334e-07,2.570303714734058e-08,6.605172625593007,3.7185113143901262e-06,1.0,0.0,0.8055555555555555
0.8,40,6,magnitude,8.228430250012871e-07,3.1798156994909496e-08,7.183401223655535,5.345478186997807e-06,1.0,0.0,0.8055555555555555
0.8,40,6,fisher_proxy,2.714578123284503e-07,2.8057268289208948e-08,4.387715796409351,1.8011338801404506e-06,1.0,0.0,0.8055555555555555
0.8,40,6,oracle_edge_current,2.445845419992339e-07,2.8494696995164528e-08,4.43738126623202,1.914986951392059e-06,1.0,0.0,0.8055555555555555
0.8,40,6,learned_gate,5.323957067550575e-07,2.7553591633761534e-08,5.382484814037681,3.866790078087096e-06,1.0,0.0,0.8055555555555555
0.8,41,8,distance,7.677451134893247e-08,2.3679260523411925e-09,3.3368510047367663,3.7551626863990325e-07,1.0,0.0,0.796875
0.8,41,8,magnitude,6.721478012210874e-08,2.2252615983056193e-09,2.9411805832497104,2.543135560156351e-07,1.0,0.0,0.796875
0.8,41,8,fisher_proxy,2.360801835410431e-08,2.563989425159183e-09,2.6420959298325797,1.1674627186603054e-07,1.0,0.0,0.796875
0.8,41,8,oracle_edge_current,2.8373833080702162e-08,2.043580694365606e-09,1.9138075505211005,1.0249960551256386e-07,1.0,0.0,0.796875
0.8,41,8,learned_gate,4.65784894619047e-08,2.1689849915319834e-09,2.2447529954823855,1.9412486587653046e-07,1.0,0.0,0.796875
0.8,42,4,distance,2.0640591601971124e-07,4.060461379301334e-09,4.195436528705397,3.699069068795847e-07,1.0,0.0,0.8125
0.8,42,4,magnitude,1.0517214553452947e-07,9.473193427296562e-09,2.7699972633047043,1.4168060315087624e-06,1.0,0.0,0.8125
0.8,42,4,fisher_proxy,7.902307110052113e-08,9.579211372702514e-09,3.1747786905524773,1.0259228395321575e-06,1.0,0.0,0.8125
0.8,42,4,oracle_edge_current,1.0517214553452947e-07,9.473193427296562e-09,2.7699972633047043,1.4168060315087624e-06,1.0,0.0,0.8125
0.8,42,4,learned_gate,1.0517214553452947e-07,9.473193427296562e-09,2.7699972633047043,1.4168060315087624e-06,1.0,0.0,0.8125
0.8,43,6,distance,1.2654691373218767e-07,4.835912467280744e-09,3.5193910533344344,6.451875134142715e-07,1.0,0.0,0.8055555555555555
0.8,43,6,magnitude,1.3957689505387598e-07,5.958136244325405e-09,3.831866276022531,9.713968873970329e-07,1.0,0.0,0.8055555555555555
0.8,43,6,fisher_proxy,6.973449528033249e-08,6.98460658380628e-09,3.659944808643193,4.6095401071084894e-07,1.0,0.0,0.8055555555555555
0.8,43,6,oracle_edge_current,8.422336724202747e-08,4.528624699663197e-09,2.9719195274834576,5.970800443381313e-07,1.0,0.0,0.8055555555555555
0.8,43,6,learned_gate,1.1422442007085384e-07,3.5944883419458817e-09,3.1648900875417665,5.354415526020792e-07,1.0,0.0,0.8055555555555555
0.8,44,8,distance,4.257924091100503e-07,1.3029448769628694e-08,6.285593332050174,1.962262725202401e-06,1.0,0.0,0.796875
0.8,44,8,magnitude,2.8890016329820765e-07,1.3346859487501103e-08,4.670239210515741,1.4269152326191273e-06,1.0,0.0,0.796875
0.8,44,8,fisher_proxy,1.0722788739078725e-07,1.1259383109667605e-08,3.4173690500884204,4.970786528664993e-07,1.0,0.0,0.796875
0.8,44,8,oracle_edge_current,1.2320778791999332e-07,1.2099450505856466e-08,3.248656178118313,5.669371090128337e-07,1.0,0.0,0.796875
0.8,44,8,learned_gate,2.1247628255264643e-07,1.2986585554228463e-08,3.7989022989962082,1.1094978858840421e-06,1.0,0.0,0.796875
0.8,45,4,distance,2.375259334249739e-07,5.41819139686774e-09,3.7057395697512687,4.972623268933118e-07,1.0,0.0,0.8125
0.8,45,4,magnitude,2.375259334249739e-07,5.41819139686774e-09,3.7057395697512687,4.972623268933118e-07,1.0,0.0,0.8125
0.8,45,4,fisher_proxy,1.0592225290368777e-07,1.337847498335729e-08,3.2276196976950486,1.4173723118706493e-06,1.0,0.0,0.8125
0.8,45,4,oracle_edge_current,1.38555946641028e-07,1.2953526807352917e-08,2.756543258101602,1.918028826650671e-06,1.0,0.0,0.8125
0.8,45,4,learned_gate,1.38555946641028e-07,1.2953526807352917e-08,2.756543258101602,1.918028826650671e-06,1.0,0.0,0.8125
0.8,46,6,distance,1.0520100176685208e-06,3.100159348476946e-08,9.168032989819704,4.948635280575239e-06,1.0,0.0,0.8055555555555555
0.8,46,6,magnitude,5.994669997493879e-07,3.896689576369923e-08,6.519390775209712,3.4790284594775564e-06,1.0,0.0,0.8055555555555555
0.8,46,6,fisher_proxy,2.8338764732982816e-07,2.888483670733994e-08,4.65363313134926,1.8642036868221904e-06,1.0,0.0,0.8055555555555555
0.8,46,6,oracle_edge_current,2.5023347594993474e-07,2.6872708552805318e-08,4.388324629020257,1.7334068396337248e-06,1.0,0.0,0.8055555555555555
0.8,46,6,learned_gate,2.968470302097941e-07,3.003006968943272e-08,4.451984490515243,2.053846017514372e-06,1.0,0.0,0.8055555555555555
0.8,47,8,distance,1.940528198962621e-07,5.440944181283926e-09,5.470275239988573,8.768890595667656e-07,1.0,0.0,0.796875
0.8,47,8,magnitude,1.1998016600673715e-07,4.647711937732749e-09,3.7380878770309387,4.5732530337909535e-07,1.0,0.0,0.796875
0.8,47,8,fisher_proxy,3.8379371048585795e-08,4.147685401780133e-09,2.70104649511856,1.8172483989632144e-07,1.0,0.0,0.796875
0.8,47,8,oracle_edge_current,4.339856412756878e-08,4.350491352376445e-09,2.492760852025123,2.0120804711900148e-07,1.0,0.0,0.796875
0.8,47,8,learned_gate,7.408938547046051e-08,4.701109045761615e-09,2.857167011712158,2.5599095105389603e-07,1.0,0.0,0.796875
0.8,48,4,distance,3.9673660505119256e-07,6.3440314409755775e-09,6.062225941402021,5.553786065285513e-07,1.0,0.0,0.8125
0.8,48,4,magnitude,1.3619568032680515e-07,1.176197770874574e-08,2.7445298481504175,1.7196719617113013e-06,1.0,0.0,0.8125
0.8,48,4,fisher_proxy,1.1653246228219884e-07,1.3237455683856006e-08,3.445478449938734,1.433815575840501e-06,1.0,0.0,0.8125
0.8,48,4,oracle_edge_current,1.3619568032680515e-07,1.176197770874574e-08,2.7445298481504175,1.7196719617113013e-06,1.0,0.0,0.8125
0.8,48,4,learned_gate,1.3619568032680515e-07,1.176197770874574e-08,2.7445298481504175,1.7196719617113013e-06,1.0,0.0,0.8125
0.8,49,6,distance,1.5978064573779018e-07,6.737233423732236e-09,4.247131991913521,8.286007301828009e-07,1.0,0.0,0.8055555555555555
0.8,49,6,magnitude,1.6289806788269643e-07,6.546537163139675e-09,4.1762763518018815,1.025585475584618e-06,1.0,0.0,0.8055555555555555
0.8,49,6,fisher_proxy,8.047052382515602e-08,9.805144347554301e-09,4.19666023312832,5.72513872449289e-07,1.0,0.0,0.8055555555555555
0.8,49,6,oracle_edge_current,1.0213618668956e-07,7.795559669356071e-09,3.4205223768644926,7.975244414331327e-07,1.0,0.0,0.8055555555555555
0.8,49,6,learned_gate,1.1055193766580882e-07,7.078798857803021e-09,3.4800742466840964,9.288233871288852e-07,1.0,0.0,0.8055555555555555
0.8,50,8,distance,2.979628936984844e-07,1.0549463824501333e-08,6.261877327895409,1.3853978640636454e-06,1.0,0.0,0.796875
0.8,50,8,magnitude,3.707330870554119e-07,9.615331377883429e-09,7.16053829198853,1.3246882102916663e-06,1.0,0.0,0.796875
0.8,50,8,fisher_proxy,1.1097026354177364e-07,1.0956766179412553e-08,4.844991170998527,4.992137081675658e-07,1.0,0.0,0.796875
0.8,50,8,oracle_edge_current,1.4699918140873477e-07,9.104236725596301e-09,4.614287124435303,6.900946485427377e-07,1.0,0.0,0.796875
0.8,50,8,learned_gate,2.0643790322287526e-07,9.706756324477516e-09,5.045727977440388,9.618635047437686e-07,1.0,0.0,0.796875
0.8,51,4,distance,2.104347787107441e-07,4.4896189642006944e-09,3.822982514277351,3.8147299359193605e-07,1.0,0.0,0.8125
0.8,51,4,magnitude,2.636665050827214e-07,8.110256715393567e-09,4.595405689174261,1.2441298219071555e-06,1.0,0.0,0.8125
0.8,51,4,fisher_proxy,9.146758347608475e-08,1.0733939283149481e-08,3.2434884350152253,1.1279516360721356e-06,1.0,0.0,0.8125
0.8,51,4,oracle_edge_current,1.18962664315501e-07,1.0334068005234207e-08,2.7507738312662076,1.52213818379208e-06,1.0,0.0,0.8125
0.8,51,4,learned_gate,1.18962664315501e-07,1.0334068005234207e-08,2.7507738312662076,1.52213818379208e-06,1.0,0.0,0.8125
0.8,52,6,distance,3.686841274659162e-07,1.2215179087090185e-08,3.7983898654243777,1.8591781794239797e-06,1.0,0.0,0.8055555555555555
0.8,52,6,magnitude,4.023358395411717e-07,1.4503730326159787e-08,4.047741589833791,2.2133358241762646e-06,1.0,0.0,0.8055555555555555
0.8,52,6,fisher_proxy,1.3556268274039774e-07,1.611044100665157e-08,2.883426998072468,9.919787044229261e-07,1.0,0.0,0.8055555555555555
0.8,52,6,oracle_edge_current,1.8084362262323536e-07,1.151981180150655e-08,2.551432328537231,7.197153516527983e-07,1.0,0.0,0.8055555555555555
0.8,52,6,learned_gate,2.495685997995027e-07,1.3104230838685883e-08,2.9517412717081215,1.9325847463899497e-06,1.0,0.0,0.8055555555555555
0.8,53,8,distance,4.705704976104795e-07,1.4775473497485361e-08,5.3303376902891975,2.282369761405331e-06,1.0,0.0,0.796875
0.8,53,8,magnitude,4.705704976104795e-07,1.4775473497485361e-08,5.3303376902891975,2.282369761405331e-06,1.0,0.0,0.796875
0.8,53,8,fisher_proxy,1.246117570851089e-07,1.3887649847156411e-08,3.3274391147109457,6.074361091399571e-07,1.0,0.0,0.796875
0.8,53,8,oracle_edge_current,1.758246697933924e-07,1.2540973405310208e-08,2.9125306895671406,5.877330434508475e-07,1.0,0.0,0.796875
0.8,53,8,learned_gate,2.709650980496405e-07,1.1203179467930638e-08,3.471308755312435,1.0253438217573836e-06,1.0,0.0,0.796875
0.8,54,4,distance,7.25414703008076e-08,1.51137960179327e-09,1.6233006640757015,1.4257715338385603e-07,1.0,0.0,0.8125
0.8,54,4,magnitude,9.414297317637359e-08,3.0490258873359832e-09,2.006362213907034,4.936095048877608e-07,1.0,0.0,0.8125
0.8,54,4,fisher_proxy,4.723584967764501e-08,5.6770159761147895e-09,2.0891402021355128,6.22136044561718e-07,1.0,0.0,0.8125
0.8,54,4,oracle_edge_current,4.629930685310276e-08,3.923475532826912e-09,1.2676851813481862,6.086122608158594e-07,1.0,0.0,0.8125
0.8,54,4,learned_gate,4.629930685310276e-08,3.923475532826912e-09,1.2676851813481862,6.086122608158594e-07,1.0,0.0,0.8125
0.8,55,6,distance,9.497314755850527e-08,3.341929700374714e-09,2.5110733780847694,5.007392183025535e-07,1.0,0.0,0.8055555555555555
0.8,55,6,magnitude,1.0742219957842377e-07,4.100344889113773e-09,2.7390461429783746,6.222810990098455e-07,1.0,0.0,0.8055555555555555
0.8,55,6,fisher_proxy,4.984663325262317e-08,5.1866832846169556e-09,2.6928260340692174,3.3345473944015643e-07,1.0,0.0,0.8055555555555555
0.8,55,6,oracle_edge_current,5.235384124430605e-08,3.5313615148159067e-09,1.9999371771220593,2.3030453456904155e-07,1.0,0.0,0.8055555555555555
0.8,55,6,learned_gate,8.676936479855753e-08,2.538168380751702e-09,2.2830901584946948,4.2831529129654325e-07,1.0,0.0,0.8055555555555555
0.8,56,8,distance,1.0032150674887015e-07,3.504232846744045e-09,4.188198667274499,4.6380883211825725e-07,1.0,0.0,0.796875
0.8,56,8,magnitude,1.298401409055572e-07,3.1817863134214654e-09,4.984069064999453,4.42399869527599e-07,1.0,0.0,0.796875
0.8,56,8,fisher_proxy,4.0445377387510195e-08,4.297029352477839e-09,3.7689995442679667,1.9070711948422028e-07,1.0,0.0,0.796875
0.8,56,8,oracle_edge_current,5.8834232704446654e-08,2.8110058363453435e-09,3.0913039598656447,2.1222741791857726e-07,1.0,0.0,0.796875
0.8,56,8,learned_gate,8.099502541899136e-08,3.572339241152478e-09,3.6390895894426465,4.691211536098135e-07,1.0,0.0,0.796875
0.8,57,4,distance,9.443142174763031e-08,4.119315050900176e-09,2.665976009722636,4.358159359030279e-07,1.0,0.0,0.8125
0.8,57,4,magnitude,2.1738096008418686e-07,1.938086710938385e-09,4.451655341758514,1.2836234665905395e-07,1.0,0.0,0.8125
0.8,57,4,fisher_proxy,9.743908991792129e-08,1.0485704643771616e-08,4.3307958949302625,1.1720501349268253e-06,1.0,0.0,0.8125
0.8,57,4,oracle_edge_current,9.443142174763031e-08,4.119315050900176e-09,2.665976009722636,4.358159359030279e-07,1.0,0.0,0.8125
0.8,57,4,learned_gate,9.443142174763031e-08,4.119315050900176e-09,2.665976009722636,4.358159359030279e-07,1.0,0.0,0.8125
0.8,58,6,distance,5.716194778800088e-07,1.7393099503468923e-08,6.4401533789436165,2.6804134151723744e-06,1.0,0.0,0.8055555555555555
0.8,58,6,magnitude,6.178758271297805e-07,2.0236126726889857e-08,6.811629677736779,3.140345707900264e-06,1.0,0.0,0.8055555555555555
0.8,58,6,fisher_proxy,1.829368884693113e-07,1.991420848680955e-08,3.9709326261672735,1.1588477519592412e-06,1.0,0.0,0.8055555555555555
0.8,58,6,oracle_edge_current,1.829368884693113e-07,1.991420848680955e-08,3.9709326261672735,1.1588477519592412e-06,1.0,0.0,0.8055555555555555
0.8,58,6,learned_gate,3.577646296819281e-07,2.108100821858938e-08,4.748739830013363,1.6110724381233717e-06,1.0,0.0,0.8055555555555555
0.8,59,8,distance,2.2920833468165203e-07,8.209253474250067e-09,2.451520654220785,1.1393073273924452e-06,1.0,0.0,0.796875
0.8,59,8,magnitude,2.5117297104230535e-07,9.840155497191185e-09,2.6314321560344505,1.2961721051072737e-06,1.0,0.0,0.796875
0.8,59,8,fisher_proxy,1.0259457040908322e-07,1.2159033438610866e-08,2.776878939212944,5.287307734391925e-07,1.0,0.0,0.796875
0.8,59,8,oracle_edge_current,1.414201257534294e-07,7.554696366163962e-09,1.8035742272881936,5.702292363911443e-07,1.0,0.0,0.796875
0.8,59,8,learned_gate,1.6315192262773375e-07,8.878658869572256e-09,1.979160495382129,8.541002922285958e-07,1.0,0.0,0.796875
0.8,60,4,distance,3.5081690280975206e-07,1.6164716212569805e-08,5.288804224648859,1.4603926061067313e-06,1.0,0.0,0.8125
0.8,60,4,magnitude,5.060518789637425e-07,2.3062319730169748e-08,6.819691700693261,6.387901572260261e-06,1.0,0.0,0.8125
0.8,60,4,fisher_proxy,2.3806100733480642e-07,2.7079389122998927e-08,5.576668849835682,2.726519149793794e-06,1.0,0.0,0.8125
0.8,60,4,oracle_edge_current,3.5081690280975206e-07,1.6164716212569805e-08,5.288804224648859,1.4603926061067313e-06,1.0,0.0,0.8125
0.8,60,4,learned_gate,3.5081690280975206e-07,1.6164716212569805e-08,5.288804224648859,1.4603926061067313e-06,1.0,0.0,0.8125
0.8,61,6,distance,5.029489574770914e-07,1.620758614701161e-08,7.612000896529728,2.395893094564592e-06,1.0,0.0,0.8055555555555555
0.8,61,6,magnitude,5.440460826424548e-07,1.8683908195775633e-08,8.032226738696336,2.814817109646203e-06,1.0,0.0,0.8055555555555555
0.8,61,6,fisher_proxy,1.6913151396017594e-07,1.7709315482955563e-08,4.648750453035693,1.062228973287608e-06,1.0,0.0,0.8055555555555555
0.8,61,6,oracle_edge_current,1.6913151396017594e-07,1.7709315482955563e-08,4.648750453035693,1.062228973287608e-06,1.0,0.0,0.8055555555555555
0.8,61,6,learned_gate,2.612329766350438e-07,1.50093435884856e-08,5.099091964342398,8.840995980651566e-07,1.0,0.0,0.8055555555555555
0.8,62,8,distance,2.1984490059153335e-07,7.70208680969644e-09,2.9493400103787764,1.0995454367126718e-06,1.0,0.0,0.796875
0.8,62,8,magnitude,2.1436141336127664e-07,7.0587812006486215e-09,2.8497485374240723,1.0659790089524872e-06,1.0,0.0,0.796875
0.8,62,8,fisher_proxy,8.776671184054786e-08,1.0493045039991467e-08,3.0763019712553548,4.660428678330542e-07,1.0,0.0,0.796875
0.8,62,8,oracle_edge_current,1.2038207326930025e-07,5.79389731209401e-09,2.100774917300894,4.6457229315244125e-07,1.0,0.0,0.796875
0.8,62,8,learned_gate,1.5492826410876125e-07,8.27592803166329e-09,2.369871656789412,8.229100003133908e-07,1.0,0.0,0.796875
0.8,63,4,distance,2.0979788038829467e-07,8.305602931708499e-09,5.335674239819347,7.708512003079449e-07,1.0,0.0,0.8125
0.8,63,4,magnitude,3.116655530571143e-07,1.3321288071479097e-08,7.151094307206439,3.7837539060976764e-06,1.0,0.0,0.8125
0.8,63,4,fisher_proxy,1.3780135781846687e-07,1.5945584271593752e-08,5.840587706925383,1.6450009141875933e-06,1.0,0.0,0.8125
0.8,63,4,oracle_edge_current,2.0979788038829467e-07,8.305602931708499e-09,5.335674239819347,7.708512003079449e-07,1.0,0.0,0.8125
0.8,63,4,learned_gate,2.0979788038829467e-07,8.305602931708499e-09,5.335674239819347,7.708512003079449e-07,1.0,0.0,0.8125
0.8,64,6,distance,1.2807393494744985e-07,4.158385946824594e-09,3.6008250763373355,6.168379516756789e-07,1.0,0.0,0.8055555555555555
0.8,64,6,magnitude,1.1852307082079368e-07,3.2133129983832913e-09,3.3128465904323674,5.333235529161701e-07,1.0,0.0,0.8055555555555555
0.8,64,6,fisher_proxy,5.6254057963917026e-08,5.6664733672810715e-09,3.0210196422792306,3.667222920052838e-07,1.0,0.0,0.8055555555555555
0.8,64,6,oracle_edge_current,6.816308960738704e-08,4.108761876206864e-09,2.5773336789122685,2.7054857611880947e-07,1.0,0.0,0.8055555555555555
0.8,64,6,learned_gate,8.961315944300275e-08,4.493393585123051e-09,2.8783624678262143,6.440585760648361e-07,1.0,0.0,0.8055555555555555
0.8,65,8,distance,8.970126889320159e-07,2.811576340867592e-08,8.510835087937672,4.187474621433879e-06,1.0,0.0,0.796875
0.8,65,8,magnitude,8.820409315266527e-07,2.6377603397390413e-08,8.318412863537173,4.0968106074195265e-06,1.0,0.0,0.796875
0.8,65,8,fisher_proxy,2.1692295734052068e-07,2.197071352918912e-08,4.103866075741054,9.702666129449445e-07,1.0,0.0,0.796875
0.8,65,8,oracle_edge_current,2.1692295734052068e-07,2.197071352918912e-08,4.103866075741054,9.702666129449445e-07,1.0,0.0,0.796875
0.8,65,8,learned_gate,4.4194713262798073e-07,2.511857596604075e-08,5.209412183763403,2.1761160128637333e-06,1.0,0.0,0.796875
0.8,66,4,distance,1.2471778969060562e-07,3.5903564830235627e-09,5.114867483108482,3.634963559185945e-07,1.0,0.0,0.8125
0.8,66,4,magnitude,1.9150025199638857e-07,7.421290824203201e-09,7.586657004884778,2.1784179487870694e-06,1.0,0.0,0.8125
0.8,66,4,fisher_proxy,6.829978474384712e-08,6.992488880903541e-09,4.685386866312107,7.770193164642937e-07,1.0,0.0,0.8125
0.8,66,4,oracle_edge_current,6.829978474384712e-08,6.992488880903541e-09,4.685386866312107,7.770193164642937e-07,1.0,0.0,0.8125
0.8,66,4,learned_gate,1.2471778969060562e-07,3.5903564830235627e-09,5.114867483108482,3.634963559185945e-07,1.0,0.0,0.8125
0.8,67,6,distance,1.9101323117879053e-07,6.629386855063509e-09,3.3851430545670955,9.95717800450181e-07,1.0,0.0,0.8055555555555555
0.8,67,6,magnitude,1.9101323117879053e-07,6.629386855063509e-09,3.3851430545670955,9.95717800450181e-07,1.0,0.0,0.8055555555555555
0.8,67,6,fisher_proxy,8.976154207013716e-08,9.249241733445342e-09,3.2068698876205435,5.973443660493849e-07,1.0,0.0,0.8055555555555555
0.8,67,6,oracle_edge_current,1.0333971983122562e-07,6.683972229303556e-09,2.6138744029736727,4.358385488251656e-07,1.0,0.0,0.8055555555555555
0.8,67,6,learned_gate,1.3657117106322577e-07,7.199440464174426e-09,2.8251491410500837,1.0394194600133414e-06,1.0,0.0,0.8055555555555555
0.8,68,8,distance,5.372382480664054e-07,1.886462727166262e-08,7.970312763796045,2.471807492881375e-06,1.0,0.0,0.796875
0.8,68,8,magnitude,5.668188293376601e-07,2.2084520538068473e-08,8.472756170669784,2.9166808369624597e-06,1.0,0.0,0.796875
0.8,68,8,fisher_proxy,1.6944293529710016e-07,1.6205567172141514e-08,4.410043534456388,7.262572890521513e-07,1.0,0.0,0.796875
0.8,68,8,oracle_edge_current,1.374423319612748e-07,1.4842149069603688e-08,4.2804893575917715,6.544042724925737e-07,1.0,0.0,0.796875
0.8,68,8,learned_gate,2.519433496613044e-07,1.4570944079663092e-08,4.898488472434316,1.1694503483982682e-06,1.0,0.0,0.796875
0.8,69,4,distance,1.960055838848516e-07,7.488352538571947e-09,4.9619213737657795,6.925084438459991e-07,1.0,0.0,0.8125
0.8,69,4,magnitude,2.942156913670705e-07,1.2401231068931366e-08,6.725068971417207,3.5336613875725366e-06,1.0,0.0,0.8125
0.8,69,4,fisher_proxy,1.2071440644902582e-07,1.4499484691933588e-08,5.280656212144492,1.4995121330018364e-06,1.0,0.0,0.8125
0.8,69,4,oracle_edge_current,1.960055838848516e-07,7.488352538571947e-09,4.9619213737657795,6.925084438459991e-07,1.0,0.0,0.8125
0.8,69,4,learned_gate,1.960055838848516e-07,7.488352538571947e-09,4.9619213737657795,6.925084438459991e-07,1.0,0.0,0.8125
0.8,70,6,distance,3.7300343366115e-07,1.0419679061969948e-08,6.337921359647265,1.687011671352873e-06,1.0,0.0,0.8055555555555555
0.8,70,6,magnitude,2.5118460119626327e-07,1.0847256502847654e-08,4.761408491771279,1.737571142470638e-06,1.0,0.0,0.8055555555555555
0.8,70,6,fisher_proxy,9.700062890688245e-08,9.798706005208083e-09,2.998425615640972,6.361038495086426e-07,1.0,0.0,0.8055555555555555
0.8,70,6,oracle_edge_current,9.700062890688245e-08,9.798706005208083e-09,2.998425615640972,6.361038495086426e-07,1.0,0.0,0.8055555555555555
0.8,70,6,learned_gate,1.3688075575646562e-07,1.2253115906194181e-08,3.274400393535261,9.891901084105462e-07,1.0,0.0,0.8055555555555555
0.8,71,8,distance,3.1780856939121287e-07,1.0992361457420444e-08,7.855084142008013,1.4239353476324027e-06,1.0,0.0,0.796875
0.8,71,8,magnitude,3.6588539406324596e-07,1.1824041468715193e-08,8.654242380217013,1.953182319407779e-06,1.0,0.0,0.796875
0.8,71,8,fisher_proxy,1.037619411087265e-07,1.102125303967719e-08,5.278730412644947,4.519836156347285e-07,1.0,0.0,0.796875
0.8,71,8,oracle_edge_current,1.22924914490799e-07,9.43691779143176e-09,5.306429735521637,3.790414421773532e-07,1.0,0.0,0.796875
0.8,71,8,learned_gate,2.2023123744004113e-07,1.0222990355188978e-08,6.256715710326044,9.876762173360517e-07,1.0,0.0,0.796875
0.8,72,4,distance,1.3245708010561908e-07,4.406635563534899e-09,1.8961349746002105,4.125807724093246e-07,1.0,0.0,0.8125
0.8,72,4,magnitude,1.3245708010561908e-07,4.406635563534899e-09,1.8961349746002105,4.125807724093246e-07,1.0,0.0,0.8125
0.8,72,4,fisher_proxy,1.1163237398590746e-07,1.3133607347521165e-08,2.8963012580480103,1.4167181992004567e-06,1.0,0.0,0.8125
0.8,72,4,oracle_edge_current,1.3245708010561908e-07,4.406635563534899e-09,1.8961349746002105,4.125807724093246e-07,1.0,0.0,0.8125
0.8,72,4,learned_gate,1.3245708010561908e-07,4.406635563534899e-09,1.8961349746002105,4.125807724093246e-07,1.0,0.0,0.8125
0.8,73,6,distance,5.113696728365272e-07,1.2440247618101546e-08,7.009698248041479,2.3375189558246343e-06,1.0,0.0,0.8055555555555555
0.8,73,6,magnitude,2.5476016893216544e-07,1.130490831859726e-08,3.9793361952970745,8.873313962358784e-07,1.0,0.0,0.8055555555555555
0.8,73,6,fisher_proxy,9.918194249372916e-08,1.0741519417086056e-08,2.767338928169721,6.423152254489869e-07,1.0,0.0,0.8055555555555555
0.8,73,6,oracle_edge_current,9.918194249372916e-08,1.0741519417086056e-08,2.767338928169721,6.423152254489869e-07,1.0,0.0,0.8055555555555555
0.8,73,6,learned_gate,1.3769473135291066e-07,1.2779140119486881e-08,2.869582297173691,9.768910350287819e-07,1.0,0.0,0.8055555555555555
0.8,74,8,distance,2.474425868150689e-07,9.685594839947245e-09,5.683423760506366,1.1320005413307724e-06,1.0,0.0,0.796875
0.8,74,8,magnitude,3.8572892208953663e-07,1.2845159004066572e-08,7.977883617144169,2.107025438632068e-06,1.0,0.0,0.796875
0.8,74,8,fisher_proxy,1.112832914701329e-07,1.1714346677615614e-08,5.057214773323487,4.83324956001911e-07,1.0,0.0,0.796875
0.8,74,8,oracle_edge_current,1.4392921157379909e-07,7.933169242393264e-09,4.595176514355245,5.007157946494838e-07,1.0,0.0,0.796875
0.8,74,8,learned_gate,2.0618815094712274e-07,1.000066754684131e-08,5.126433717726261,1.1460747734425203e-06,1.0,0.0,0.796875
