case,mode,parameter_mape_percent,observed_response_mae,full_response_mae,error_R_p_percent,error_R_s_percent,error_L_leak_percent,error_L_common_percent,error_C_long_p_percent,error_C_long_s_percent,error_C_ground_percent,error_C_ps_percent,frequency_design
0,full8,8.916230981392996,0.0012863503046615353,0.0010591797215096313,1.1419989189713986,0.7212036922302878,0.13657714489938577,27.936303317610356,24.891512105399304,5.20325790636702,3.80631675243821,7.4926780132279935,uniform6
0,selected4,3.8331097407346624,0.0007292633176397332,0.0006614032432666842,1.7457635594115395,1.6724001970181979,0.2286932800134922,4.466110631277543,4.995794227927086,0.48874696596157285,5.64600394347865,11.421365120789218,uniform6
0,lowrank4,4.338940851296874,0.0007978475986280842,0.0007065412114689845,0.9472809176327646,0.8792548871703332,0.23087694021169947,6.5836950467822675,7.166666239208586,0.2005632316837591,5.810605305217531,12.892584242468052,uniform6
1,full8,17.923634868358626,0.002463602412503142,0.0015167884509068377,3.031119199534693,2.7918476387952307,0.08842581098773561,22.12541778274596,36.96415575941754,55.34848161440495,15.839214610212826,7.20041653077006,uniform6
1,selected4,3.8804698336598626,0.0003340170938252158,0.00029434540981466414,4.685310427159695,4.455427053718264,0.10423402592854014,5.809763920622235,1.132613584350084,3.9034817450004144,4.406893677756907,6.546034234742759,uniform6
1,lowrank4,3.350890958993466,0.0003543637729888746,0.00029819288456559744,4.570930449558497,4.377428999022426,0.09476252103248761,4.067221366155183,1.6918657603414489,3.671603672911683,2.7814920416785127,5.551822861247491,uniform6
2,full8,13.343235928790806,0.0016610822877864593,0.0011841091065141272,19.644013767574986,16.347541715116254,0.12003029981553226,19.09300030637605,18.998322304789838,15.332543250829877,10.498281238472785,6.7121545473511235,uniform6
2,selected4,3.748114172045285,0.0008156175682369443,0.0006665393651807615,5.570999845776048,5.407697878391149,0.1912670106944403,5.361579935447969,3.239843102345197,5.648270642848385,1.0016950919394585,3.56355986891963,uniform6
2,lowrank4,3.6997451797254417,0.0009280695487640161,0.000736863945390682,6.367238086394789,6.16355403035973,0.207488136606504,3.4613974810711823,5.048033782169581,5.914874645882051,0.907070125753151,1.5283051495665445,uniform6
3,full8,9.6555772998307,0.0026165006688429393,0.0021227982321574256,20.338758220211737,26.337113587890414,0.021061868640537273,14.424406926842149,1.7143955558195034,6.64565967151407,3.363531851331847,4.399690716395344,uniform6
3,selected4,3.992209613122211,0.000616058945498379,0.0005002537237338871,4.980027512915397,4.068079323196693,0.0008571369678023188,6.576832278193545,6.182685904015206,6.370807805087519,0.43594951945448157,3.32243742514704,uniform6
3,lowrank4,2.9565181225338133,0.00045721875232995984,0.00037502701513972644,0.793071036900983,1.5686213772501345,0.012052387097005735,4.829392215309958,6.728087584946785,6.1533651919612575,1.1999793920743684,2.3675757947300147,uniform6
4,full8,14.258635464870022,0.0019304527077201694,0.001169534064466262,5.191087244668169,4.618827199676412,0.08326370266498184,13.430907976074025,25.31531759156451,33.60184376194377,20.386409807164974,11.441426435203327,uniform6
4,selected4,3.6860654224119562,0.00038106716895849413,0.0003016655687296345,0.8744191683281999,0.22559969959630166,0.018551638494745948,4.079997952530201,7.179447772727965,5.414634755633463,2.4392810617569483,9.256591330227826,uniform6
4,lowrank4,3.3747411883741583,0.0003774337964594596,0.00028681541914203965,2.4002839060631054,1.838144679938436,0.004561998682550694,1.5231024993074493,6.841531785886046,5.098785956098095,1.5871131320309928,7.704405548986593,uniform6
5,full8,14.328222684766487,0.0024349426419041117,0.0016312871998255428,14.233011723453238,12.905733627102833,0.2190507993284574,39.24894588447236,23.40149941211054,12.155950210605592,10.654440380049834,1.8071494410090483,uniform6
5,selected4,3.8187976851884757,0.002877111061569074,0.0016773173821925582,2.711527603393271,2.746514410084555,0.13241258297579384,6.9368064603171025,4.488364223132946,3.885876180496761,6.633632357354324,3.015247663753051,uniform6
5,lowrank4,2.8150371869349335,0.0029352010940705106,0.001697891923563356,0.3549001921979378,0.3005012202609292,0.12879748175056438,6.03004908547674,0.5438125156942974,4.038502691416634,5.900441391269751,5.223292917412614,uniform6
6,full8,5.508518614967986,0.00053688864003489,0.0004014398073945443,2.0538787726333663,1.762457713513188,0.0726077382097512,12.629106894230112,0.13304280782963085,7.561128008582574,7.911319875936318,11.944607108808947,uniform6
6,selected4,5.7134591346516554,0.00047377914675008714,0.0003708073269484385,4.704954857518295,5.43482691717081,0.02328574580258147,5.021483314043329,7.361007275367504,3.3565595292471606,9.938791960059735,9.866763478003826,uniform6
6,lowrank4,4.534733615541727,0.00038387310443296826,0.00032006435668080035,0.7937978030560955,1.3037517210303218,0.012214387627940138,6.709618041604304,6.770548760187111,3.5702587939472563,8.676713065424103,8.44096635145668,uniform6
7,full8,20.92048266379446,0.005336738577134048,0.004085493050027839,31.18258312584321,24.25097289253275,0.23122935948327594,16.957328849338538,38.843384563790664,38.75171057114603,8.7297580688384,8.416893879382814,uniform6
7,selected4,3.7211955006600332,0.0009697808512878299,0.0008036026474187918,0.5268390667332756,0.9552906777778314,0.22984113822459573,5.8874547968536195,7.0818987341792035,0.6451409023850552,7.104080095707177,7.33901859341951,uniform6
7,lowrank4,4.1988129941141965,0.0010082601190294722,0.0008369331917450212,3.014614023879225,2.6406107962001046,0.23043572726684225,6.02945501012182,7.48248448743325,0.659627860426526,6.857206666934212,6.676069380651595,uniform6
8,full8,12.734011456367124,0.004507378862912388,0.003417014123446662,30.607654999456656,23.367296488107147,0.4176107554711983,7.847553839898069,7.045391948852053,1.866248974688256,15.408471132337676,15.311863512125923,uniform6
8,selected4,5.990174399687966,0.0025618100946682557,0.001743942377959624,1.0984658272849002,0.9877893950565153,0.41260272417633637,7.5504867410559395,3.9261779867083124,4.581512312545999,14.280434117548403,15.083926093127321,uniform6
8,lowrank4,4.635333657938366,0.003337426622172004,0.00213396690424161,1.0841175778525836,1.0917682206213697,0.3827248052472587,1.2808319291457537,4.245401108681046,5.471187503719466,10.482212717273963,13.044425400965487,uniform6
9,full8,5.762080884131661,0.0028289644179941916,0.0016411157901183337,4.689313394557049,5.109707252140505,0.17643517816328114,7.4708567575578755,2.77498797050012,16.018030717553632,1.9110850259084655,7.946230776672358,uniform6
9,selected4,4.273805157033395,0.002861705400296453,0.0016725265292626597,7.163032390173996,7.847462153518681,0.1701424448562916,1.4756754690565255,2.8725396631888778,6.044200218994722,0.16091773944993948,8.456471177028124,uniform6
9,lowrank4,2.9207125000858483,0.0028357954688457373,0.0016542929777484637,0.9572262834261158,1.1242231516618295,0.17778987049541506,4.422891162197651,2.6393224136475713,5.651344019739479,0.22072152291271463,8.172181576606008,uniform6
10,full8,6.3490606803970895,0.0008625272140759255,0.0008441380228962634,6.249628550464692,4.881677753383973,0.09422320674181694,28.377477446823065,5.615456844671862,1.3778146726854956,0.8279352605558898,3.3682717078499236,uniform6
10,selected4,3.5780865495923084,0.00035181065035249894,0.00029448720052606923,4.025476726233701,3.3048964589876495,0.005818265448087612,6.622213173800806,3.686840797764168,6.41557343467648,2.688289105705377,1.8755844341222017,uniform6
10,lowrank4,3.908617534241983,0.0003646413035357016,0.00029231110230327063,2.850648376601117,2.2155620186061653,0.01803390347434597,6.04428799051806,4.573979683766161,6.472477838727563,4.6705951607786345,4.4233553014638165,uniform6
11,full8,16.692488302026543,0.00129187260079483,0.0009513614490932347,18.59409766612652,15.215774627389989,0.17750904621154362,17.660538249113287,24.168660193128332,25.61388455025957,16.13120775929119,15.97823432469192,uniform6
11,selected4,5.078394473025638,0.0004725084860468497,0.000351268695949244,7.3046281835905,6.540342827537571,0.09324913307811045,1.6363992099126312,2.2718050519840327,3.2394780286192137,7.486729752675925,12.05452359680712,uniform6
11,lowrank4,4.003019802534423,0.0004399244599015062,0.0003212576257431706,5.0638980128924205,4.579355049692058,0.08088202562459568,0.7841649128481953,1.8937382996089713,3.3515763854831127,6.323848250854869,9.946695483271162,uniform6
12,full8,12.378824789516699,0.002910484101057715,0.0022950673604896147,27.22854525322269,21.633522740567347,0.0031095941788406023,2.012871534986238,14.02806882405445,13.33427133134768,10.981993503296362,9.808215534479992,uniform6
12,selected4,5.22838976334566,0.00023084525484093034,0.00016957863734544637,4.8966781139506255,4.941845108479703,0.02569907485672207,2.9612383636478112,7.560863722587752,1.4874681376412013,9.239700496452185,10.713625089149282,uniform6
12,lowrank4,2.9940398524870586,0.00038157972377627725,0.00025280227737283775,2.180529291807587,1.9607023083629604,0.011977526994910725,0.4239256741538244,1.2210852760538016,1.139051178137973,6.751705327543234,10.263342236842178,uniform6
13,full8,13.366500721653097,0.001076119382005961,0.000818646783647666,0.18431921530184248,0.5547457759856322,0.2777024759816116,34.839387404935486,25.336008841734415,32.625730888580364,12.402357897033633,0.7117532736717891,uniform6
13,selected4,2.9563304620453312,0.0007145475733645084,0.0005977211950821458,4.309192646487792,4.5702084590341086,0.15515872135657416,0.7547344782067311,4.797687518057058,3.2918442131617986,1.0809513065117349,4.690866353546852,uniform6
13,lowrank4,2.4870382076556288,0.0006436909204623583,0.0005367039425354024,0.4882673833719098,0.5435702177804869,0.14923040031360468,1.256649929534559,5.188216306560012,3.0506518461817067,2.193572612919825,7.026146964582924,uniform6
14,full8,3.949484983357029,0.0005954385371766915,0.00046139244546742903,1.8936510829073216,2.234363959522123,0.16077103344229737,10.426207774992102,3.6482492121676646,9.55562768239413,0.062448617532862016,3.6145605038977346,uniform6
14,selected4,4.170669981628329,0.000610221064489692,0.00045724251369438527,7.158416587107719,6.5739214438399145,0.1109975285632725,1.6123277851682882,5.5683400534065175,1.5327893295791206,5.147450230246431,5.66111689511537,uniform6
14,lowrank4,2.60148207773767,0.0005504664214893625,0.0004119222668450613,1.8199233291512629,1.66506007600693,0.11002931865438104,1.0357006283722825,3.5091662441800064,1.4453725206576395,4.752658625466455,6.473945879412401,uniform6
15,full8,11.603355068721138,0.008889023048987118,0.0061436250280500135,23.480016907122092,31.53269025625045,0.08880234962026501,1.232591165356911,19.27825813072055,0.6438333162399168,13.628570165395537,2.9420782590633854,uniform6
15,selected4,5.327822485097402,0.0057273184551253796,0.0031032410095431936,8.222307661611472,7.126642412533391,0.12436815436400739,5.80773198357083,4.537532154859036,7.147072193916149,8.142009156002562,1.5149161639217645,uniform6
15,lowrank4,4.376499708776889,0.0060287038966260744,0.003262221547691993,6.799908473637273,5.891030967919719,0.13367662435465055,7.999774078384192,0.4577209265430593,7.436411268145182,5.997705014953669,0.29577031627736616,uniform6
16,full8,7.0503161502698415,0.0006493934193641125,0.00039669873146832695,0.5043316909700835,0.28672645510599004,0.05948414686623993,5.041633784868438,10.953842639065648,18.93004945313446,10.813768608714259,9.81269242343361,uniform6
16,selected4,3.6638437831009747,0.0002007266843162181,0.0001492256134190039,0.7867036654704895,0.5947124446170404,0.043859965632153664,5.165433630755412,0.8696325800222615,7.443787757410458,5.009226703976366,9.397393516923614,uniform6
16,lowrank4,3.725392109510897,0.0002732143368640205,0.0001840698419114614,1.5051619823540419,1.3578771992286853,0.03422628360107982,3.2571164149034715,4.744900788780293,7.1761075067388935,2.98597944766561,8.741767252815102,uniform6
17,full8,7.7725919289184935,0.00169590300269694,0.0012733911711154712,9.004976790500297,7.576399663540945,0.16717372837989908,16.32505920236277,12.22182881818542,12.757673270759696,0.05041094346942554,4.077213014149494,uniform6
17,selected4,2.5553897065111073,0.0016553017641427422,0.0011958102355674209,4.783375562387038,4.069260081277415,0.2075921147988713,2.8744361937883545,4.223776520333288,0.24003253327582463,2.409845180721226,1.634799465506842,uniform6
17,lowrank4,1.9040741509516361,0.0016544178427980972,0.0011974418647691303,3.7663440594625452,3.1327444938350824,0.21087823139812611,2.3204606354705337,2.4198624443055206,0.31421266348096166,2.5330953747893847,0.5349953048709333,uniform6
18,full8,18.464066312116426,0.0032807012607315267,0.002617962494496796,31.38103658304663,23.79747747318911,0.03614538212310947,22.445185775618004,27.493488606067153,24.802656731576533,5.369712559494588,12.38682738581629,uniform6
18,selected4,5.315545632069179,0.0008004595210141834,0.0005701869184638336,1.6245208070886141,1.1095385234665134,0.14324184953760088,4.133025720693373,5.009379115847635,5.074469926328817,7.902164060376215,17.52802505321467,uniform6
18,lowrank4,5.58928411829638,0.0007963482795686058,0.0005726728332363242,2.3476765771127672,1.848732128332442,0.1433399272325664,1.7835831883729059,5.865023827029114,4.78651218210473,8.458084304067192,19.48132081211933,uniform6
19,full8,13.839740618539064,0.005790956593864674,0.0038947785096899307,28.466407702919216,22.120387665049446,0.08798638742988363,1.3556944744466781,18.766385085565474,32.24674099832703,5.6719511635384245,2.002371471036357,uniform6
19,selected4,4.218677814812094,0.0035061448705525546,0.001946068043819838,5.6873775882437805,5.341143812331528,0.10663036093032652,7.8503861745184755,7.341789022838885,5.492392374262522,0.011966801138263428,1.9177363842329709,uniform6
19,lowrank4,2.8011746617286337,0.0034693824341255914,0.0019191516078409497,0.23716070294454994,0.19424174702558084,0.10894977653961302,6.148806055001099,8.128805377880777,5.675149853404838,0.22194903882843953,1.6943347422041732,uniform6
20,full8,8.314136587719833,0.0012295624430414419,0.0010363680527654602,11.096595323305802,12.354918424783179,0.009656175889960483,26.506868445405317,6.433696089210894,5.545144233406463,0.7940852503647622,3.772128759392279,uniform6
20,selected4,3.0209357016370437,0.0006234732135680977,0.0004673943754846582,0.6335272291421057,0.2130363843800387,0.07530695882675964,5.741880949282008,7.3646040542694635,2.6755252718044797,0.5499560453556596,6.9136487200358365,uniform6
20,lowrank4,4.1745382090382215,0.0006520745881863385,0.000495334318292138,2.706643955790766,2.3834002413855027,0.0729032474671154,8.171874872514884,9.33604486668196,2.339428405263555,0.46099194878876926,7.92501813441322,uniform6
21,full8,6.4733084627822475,0.0006528256549438927,0.0004887538993714084,3.5012665925469255,3.6931526827829297,0.0037281856308912786,13.66771213262078,1.257807253975185,6.635189564286382,7.274948706405615,15.752662584009268,uniform6
21,selected4,6.334429613474981,0.0006415898202563361,0.00045905235414399277,5.8930190590744,5.808412440150934,0.026794588893663818,4.789860153135672,7.942731918006207,1.7912600157457548,10.047212619997058,14.376146112796162,uniform6
21,lowrank4,4.790440971930465,0.0005817510269545011,0.0004312999190878497,4.46862486234485,4.178997778858462,0.04093105440413636,2.3461077575512412,4.642505495602434,1.4663356665769456,8.243517384618315,12.936507775487339,uniform6
22,full8,4.824572819574541,0.0016775481109008743,0.0013576471902185562,7.3844444343609705,5.236125999891639,0.13497736493217616,5.758943436923314,6.513522184969323,10.20446806466474,2.935970741120819,0.42813032973334497,uniform6
22,selected4,3.954508131935092,0.001010583898431872,0.0008091358318417948,4.059407823099548,6.092498266550805,0.13696274529375607,4.315966744153998,7.60963778861341,5.726400322606972,3.4034674890880745,0.29172387607416805,uniform6
22,lowrank4,4.4653293554289935,0.0009970323110027747,0.000797081539930167,5.441862323193769,7.620599401374228,0.13366999710331395,5.214500448904569,7.845740099230314,5.631350019356807,3.4346427852969708,0.40026976897197253,uniform6
23,full8,7.687446203471266,0.0006056585513718235,0.0004953990409740543,7.789184291786977,8.495038952814959,0.09541618625320547,7.12799983022987,13.40273556440299,2.0393801052001392,11.772647796650704,10.77716690043129,uniform6
23,selected4,4.16614374952364,0.0007958674401108238,0.0005458927015402808,4.231299950791579,4.601408666921114,0.05540208617305087,2.2666836850674055,3.639964328199663,6.447964136043371,2.882340723709187,9.204086419283753,uniform6
23,lowrank4,3.336603642775904,0.0007101805224388244,0.0004735252070726795,1.2418700507993208,1.0232157229282168,0.04564888832335745,3.790502069807078,3.7509406885737118,6.6241483184411365,2.125387675923296,8.091115727411113,uniform6
24,full8,5.031829322224761,0.0006173022359545079,0.0005437199339585644,5.112133542597041,5.393771090979782,0.08154044106315483,11.371369388017872,0.21840133579973386,15.617072632783247,0.8845137830436833,1.575832363513574,uniform6
24,selected4,3.287947570856591,0.00043664064939120175,0.000370378215345351,4.333410638034518,4.364370369723836,0.13526023710030977,5.007454488589547,3.601864078296968,4.0778439036508125,0.8157761436273558,3.9676007078293773,uniform6
24,lowrank4,3.406130062355228,0.00044944411565626523,0.0003744649790623943,3.8492295438774082,3.8987095371528113,0.13404554476006414,3.6257533100652273,6.5311561099631765,4.251696801481075,0.17659488424599523,4.781854767296068,uniform6
25,full8,14.200401193593288,0.0039087263007212365,0.0031489058286008156,27.702706918355325,20.534066791953652,0.3451049472034118,17.431439401683225,4.1163484277426665,17.29573333724549,10.095819194922417,16.081990529640123,uniform6
25,selected4,4.077312361188055,0.0011544829549747033,0.0009828894451036426,3.856712523477701,2.586428212729408,0.26227162177649976,5.561641467410849,1.6054895639559863,0.8540155560170071,6.133340325993175,11.758599618143805,uniform6
25,lowrank4,3.6339030437565087,0.000874144058442067,0.0007934429549194378,0.7046480751681239,1.825140924193147,0.24211875211885836,7.514626215389453,5.398604883372526,1.1041188692434645,3.2466239453654677,9.03534268520103,uniform6
26,full8,15.369434179095288,0.0019309723570416152,0.0014151612430438685,13.42171245724697,10.820352350688445,0.3939942584175071,23.055953836081933,22.94416874808114,27.027785712516593,14.689340146596397,10.602165923133322,uniform6
26,selected4,3.088207895401031,0.0011685491373009617,0.0008822593315327218,3.804267187244559,2.9736744960838113,0.27079375187775145,4.902290590298541,1.8580891091803053,2.2853744203321646,3.7469166667015386,4.864256941489575,uniform6
26,lowrank4,3.2084567242733995,0.0012852883724863197,0.0009293718359092509,5.2929782017956395,4.394913096506336,0.25022441405875284,6.682446712520007,3.5434861368255133,2.5040085685124724,1.321699806782095,1.6778968571863784,uniform6
27,full8,5.056919581793183,0.0016549913626311172,0.0015340279657218596,5.68713522348232,7.635283057368514,0.4147292125051605,6.18973806460601,0.6117187615094721,12.492236347437725,3.040384813610608,4.384131173825656,uniform6
27,selected4,4.35433066906442,0.001074302154840816,0.0010443938271818803,7.629437617020285,5.548024866804324,0.4528815506593009,5.6812520607000705,1.156669713490599,3.4697454436069863,4.633977984723591,6.262656115510201,uniform6
27,lowrank4,4.1099308408179605,0.001066918684994709,0.0010406193661697848,7.470344643376969,5.421206745647034,0.4488413467087726,3.470576985683338,2.145374202863526,3.78557729801825,3.5324476932585447,6.605077810987248,uniform6
28,full8,14.352253915869092,0.0024609282023731653,0.0020456017100937587,24.139051765868548,31.293460165106435,0.0498933904086174,36.459575800912745,11.650169287344825,4.018704437509868,2.3938720137031577,4.813304466098534,uniform6
28,selected4,3.8963641517774317,0.0004928493580129353,0.0003197499222469704,1.4240656426590337,1.428676050426625,0.03987096718143235,2.3918562121071796,5.565503485513423,7.872888109252596,2.6899595213863314,9.758093225692832,uniform6
28,lowrank4,5.119115490894666,0.0006026230058985645,0.0003992929578453907,4.463200196787298,4.652835696711,0.04125320169399149,0.822252297115611,8.869719808292786,8.32396703688607,2.222020632656152,11.557675057014416,uniform6
29,full8,9.641861387758436,0.0016568166811184702,0.0012904337075501531,18.67565048789228,15.906108503241413,0.03940408477129953,16.762527487620282,10.080080703950534,2.2129944334165597,7.737860350853265,5.720265050321849,uniform6
29,selected4,3.8471203496298734,0.00029474743879038395,0.00022295304537700623,2.8026901757030487,2.795066830161974,0.0052941627676439396,7.46212051112487,3.849303971372009,5.490884456341105,4.018478909754353,4.353123779813983,uniform6
29,lowrank4,2.2667878800053916,0.00015485955432862567,0.00012761996170351447,0.5115596003664846,0.5519431595744417,0.006927661687083919,4.674331386490427,1.3505615347251365,5.810262102971963,2.1622370552931924,3.066480538934402,uniform6
30,full8,8.385638658698682,0.0009463354057868288,0.0005751603583193033,4.0506295814495274,4.082128603240309,0.06176670519754124,4.935305022987602,25.044164274966786,13.312347216067222,7.830784697944337,7.7679831677361255,uniform6
30,selected4,3.9068074183718355,0.000547590174090471,0.0003387727738235376,3.5953325995374374,3.6609833971716688,0.025417839931085595,3.0906346088842795,2.119922500800542,5.699826557446452,3.996467525788916,9.065874317414302,uniform6
30,lowrank4,4.630642103316102,0.0005384692049412057,0.00035944282838305314,3.8483129602166155,3.8823144657312847,0.03768505674153211,7.1666552350781565,6.074965271865418,5.228346570635023,2.1719180752110767,8.634939191049718,uniform6
31,full8,28.350272638275122,0.006759747414020827,0.005172839876911309,22.23759551401725,30.761080493892834,0.16764432774472038,44.294854714624506,39.80153626678871,53.67345261378345,3.9074696503231143,31.958547525026404,uniform6
31,selected4,7.172067210486692,0.0007672947169998848,0.0005552300408249908,6.16894100567984,4.846852020683789,0.0726077552635207,0.7429353218322055,3.5233323629874524,6.089286212195654,11.763350418964846,24.169232586286228,uniform6
31,lowrank4,7.221477700413658,0.0006131092219414187,0.0004612732626026191,7.062431951861914,5.695890965981853,0.04279404467824044,5.816417372460236,6.34302974506149,5.505121934901802,8.43851642310588,18.867619165257853,uniform6
32,full8,16.478888698167136,0.002160628192515752,0.001614855602548767,12.166357659510707,13.706784002455286,0.18871583844233264,18.414259953791866,18.91074930349769,34.16109428634733,18.05175010846427,16.231398432827604,uniform6
32,selected4,6.281242161486979,0.000690240747963691,0.0005241756212771696,7.620837540213676,6.90717319614691,0.09671295796066515,6.737475019412653,3.422971653033091,5.158367085551485,7.548010878118538,12.758388961458811,uniform6
32,lowrank4,5.128895802776078,0.0008629814922176558,0.0006177757069428557,5.796404078738471,5.219448832551199,0.0695942653889059,10.052221954326157,1.5565386262634817,4.664528722189587,3.568779053388327,10.103650889362491,uniform6
33,full8,11.87405267655751,0.005559483839833698,0.004548084822431423,27.10115739049398,37.35514234337289,0.01886785002253033,9.714311157483891,8.650988831770313,8.293041172360361,3.15213780818997,0.7067748587661349,uniform6
33,selected4,2.618620608438914,0.0001526660373501303,0.00011951488408081498,5.734452745176677,5.243050014503026,0.004459853875693476,2.2937260153295114,2.1823375428292047,3.3135244980097456,0.301804533110861,1.8756096646765918,uniform6
33,lowrank4,3.086614876789327,0.0001977499442244557,0.00015818994023814094,5.16273338259523,4.715031047847706,0.0032750560832184306,4.323141542413489,4.369208913389522,3.5758641771536093,0.5118027194190633,2.0318621754127797,uniform6
34,full8,15.798460644679807,0.0040715212574839975,0.0033339715369091125,33.83076390968387,26.222118247835404,0.3767368809710958,0.8781435833693729,25.844817729170245,22.306607230296027,9.276423877093599,7.652073699018835,uniform6
34,selected4,4.764789974418651,0.0009297003621910951,0.0008968794226667778,4.092076773112141,5.135846509619391,0.3613639762411691,5.347568636805877,7.192359461129582,7.6444169821366925,0.4801056593267128,7.864581796977643,uniform6
34,lowrank4,4.051815222672671,0.0009936119465665388,0.000959155562765069,0.20706738529450153,1.0834828936645002,0.3669285643537967,6.044348760359264,8.914587665391648,7.743403612176758,0.39299705886171044,7.661705841279187,uniform6
35,full8,10.754256962335417,0.01184166482196323,0.006325429690202109,6.291446357263952,5.6570209346689655,0.33934952020329145,13.408781280095283,23.646281647140754,18.833825044886133,16.98879774004324,0.8685531743817143,uniform6
35,selected4,2.926588004019659,0.017752488703492244,0.009302202324014037,1.0581483947646242,1.1986842966146716,0.28626899107933035,4.72944816277423,3.221287452261423,0.40794515378130836,9.589652901301681,2.9212686795800025,uniform6
35,lowrank4,2.3805731271516017,0.018310174688652647,0.009579520882611185,0.2288280638290341,0.3553215909177565,0.2817724685262535,5.947998429750212,0.4176082775944945,0.267268272008514,7.7643637864710175,3.781424128115529,uniform6
36,full8,19.0951139580254,0.0029279708011814014,0.002194934004400366,14.266187390498375,16.282724487881218,0.2051400014981719,24.702924162005722,53.17958318853493,28.201025743827223,15.669413440432045,0.2539132495255281,uniform6
36,selected4,3.8380433677233077,0.0008597768679927027,0.0008155067682486517,6.439804279214556,6.739076029854585,0.3353871904101857,1.7525467744331502,1.26674150712891,5.949911122573814,2.8152830128640005,5.405597025307262,uniform6
36,lowrank4,3.8009377730181706,0.0008833124398669016,0.0008302252005553505,2.732183677275013,3.348579055587264,0.33868779888928113,3.21790597793008,5.078947866408745,5.73135316162281,2.5507002536206747,7.409144392811495,uniform6
37,full8,13.035439589183884,0.002868535218303519,0.0018591536140261725,17.22880810117209,15.151642494683959,0.11127083552894268,6.195426661278425,23.631301331652345,30.326991446953457,3.714270998582636,7.923804843619231,uniform6
37,selected4,3.7907612012547522,0.0024193221723490498,0.0014147813325653443,0.8098095137406336,0.2032576144200382,0.10589983114208668,5.683135031664266,7.5649329575881215,4.782363899200304,3.888432858158397,7.2882579041241735,uniform6
37,lowrank4,4.037761878395169,0.0025598654370429107,0.0014976089378415643,0.01919678701705063,0.6822653510295762,0.11955952265395586,8.43283433967439,10.30651145190813,4.469208562873916,2.116011081551694,6.156507930452637,uniform6
38,full8,20.203152421364194,0.004084535474628681,0.002636038025893448,10.884651670140567,8.293623259921768,0.016486841330665136,6.309321382197375,55.47425115438014,37.64901539713112,24.143765776518155,18.85410388929374,uniform6
38,selected4,5.862617842959025,0.0013836311129107604,0.0009994589042056534,4.96995541880697,6.93432542306458,0.0760243001101113,5.309974937585382,2.5476328025379136,1.0885706639622184,9.119296620538975,16.855162577066054,uniform6
38,lowrank4,4.864115613621429,0.0012540185994932616,0.000923376003120243,1.3923719119545375,2.982255291774183,0.09431055547378664,9.270584360227163,0.9108028752703445,1.5555116639356603,7.69655673163383,15.010531518701931,uniform6
39,full8,12.946911572706028,0.004253528788345336,0.0034720293958303942,27.559096545154226,38.90577056057347,0.20189950546884994,0.14161516662912765,7.021387930204492,4.420888144565982,11.153613460245593,14.171021268806495,uniform6
39,selected4,5.844725402480222,0.0009287190114323834,0.0007884323260533638,2.196020579493252,2.9180443692182534,0.18998737767405016,5.009752366013864,6.532016351132352,5.799357966245733,10.529583073846084,13.583041136218188,uniform6
39,lowrank4,5.549581264022913,0.001006174054767863,0.0008288824460184382,1.9048853091564788,2.7021842090309223,0.17043791209815362,8.766624847908556,3.762782673919818,6.2762251043660395,8.400633302700932,12.4128767530024,uniform6
40,full8,9.650974828162944,0.0005640377765284764,0.00046425817570283515,1.723574792411453,1.6279919830456069,0.10844994038784472,4.828109305779094,34.24640572746975,17.52585528863879,5.933118006719673,11.214293580851331,uniform6
40,selected4,5.9793385896535085,0.0007620039665687543,0.0005779074720832228,7.681717049732983,8.32828785528228,0.14500915060967623,3.1029813956849117,7.607895792274877,5.012264298860636,3.6966802325603787,12.259872942222326,uniform6
40,lowrank4,5.941821380888582,0.0008503631503241295,0.0006198584672867786,4.960645191648105,5.267185324475254,0.13396053172981537,6.619625169142973,12.445021200655937,4.5079414063532,1.664850825975761,11.935341397127608,uniform6
41,full8,9.003507650872205,0.0011786139075656433,0.0008663874581953873,4.462641988550398,4.429791682300765,0.05488130829990334,30.67485149590208,16.49328126272881,2.6855895350956227,0.9821632516279544,12.244860682472103,uniform6
41,selected4,5.860181337992785,0.00034108423655818815,0.0002331456219686787,5.1056396016051835,5.632727804885063,0.04174289023359812,4.114475654798899,2.8844001923294504,0.2520509979112795,11.26100532408254,17.589408238096272,uniform6
41,lowrank4,5.353313740983806,0.00036571777300913657,0.00025483827478897534,4.272669993217104,4.65357434809528,0.03282283337584513,0.21307382647770545,4.737580820984222,0.8407321270745394,9.08449509398217,18.991560884663585,uniform6
42,full8,11.087346974144069,0.001711144975750569,0.0012388529221425382,3.354114532553376,4.2057741456560604,0.27587201704382114,11.219795828653856,29.601712869658936,20.55986410309847,16.032077714787363,3.4495645817006593,uniform6
42,selected4,4.229621773150226,0.0010395534234897772,0.0008419007005574395,8.999475808444469,7.676336840346687,0.29093169364429183,0.9030896563149926,3.772709838468069,7.572074591777023,1.0611557525160187,3.561200003690257,uniform6
42,lowrank4,3.4204808275118794,0.001001212508474618,0.0008141898207056455,4.9488004294657495,4.085216313421725,0.2959954096764861,2.2685316391200416,3.5684552852522033,7.725057919570466,1.062090484688416,3.4096991388999465,uniform6
43,full8,13.745049130657229,0.001731115975851041,0.0013735320167952174,16.386910031270062,14.696372641780108,0.12070129992439727,20.64653756232667,24.29650629872626,18.34955008579877,7.853483607690381,7.610331517741176,uniform6
43,selected4,2.7130673223306228,0.0006223298949026645,0.0005705233616343621,2.065828200147657,1.0886157059908586,0.16828536815862716,4.946749461232125,1.9263139582714417,5.46187903860933,1.5713503000177376,4.475516546217206,uniform6
43,lowrank4,2.69095720417712,0.0006795768548652415,0.0006118609330163267,2.1255871105950064,1.1106593953507105,0.18110732489443615,5.668985271865679,3.9579592250151396,5.5636601630672855,0.32435118325144785,2.595347959377259,uniform6
44,full8,15.662340755283704,0.0019925972875084494,0.0012876197316367638,17.192746708568272,14.43372899040687,0.16967970434373925,13.11175487121906,21.681891091900695,41.82322772249017,10.857964455938497,6.027732497402338,uniform6
44,selected4,4.252885077037377,0.0026092315228253573,0.0015536483227160899,5.789986823452575,5.335701446271123,0.16559353656304676,2.4274721281424716,4.237809764688905,8.097586052433092,0.9476799879175046,7.021250876830298,uniform6
44,lowrank4,3.6653270242311313,0.0026549694026528877,0.001575690369235097,5.078998446334948,4.702049774148431,0.16238110898356695,1.6525646202070199,1.8142451021926576,8.010103423461157,0.35094027677426975,7.5513334417469995,uniform6
45,full8,6.69386941819565,0.0009532054830422792,0.0007551866227462969,13.780460380019743,15.433755429465744,0.08871776186669678,9.925853145537044,4.170680995687159,3.476126774849575,1.4974813204616022,5.177879537677632,uniform6
45,selected4,3.8934957156319294,0.0004050121925629024,0.0003050862889476248,6.111034633527135,6.1398931243941135,0.056221898038122387,1.1476871107810371,0.7030838332945377,6.4364970078627515,3.710915661597336,6.842632455560405,uniform6
45,lowrank4,2.3772013908086183,0.0004282951521324145,0.0003222775807953184,0.43744386680597547,0.09189883945006638,0.054704386327553145,0.05099159234838169,0.4307315130515077,6.310057081828102,4.161471359002855,7.480312487654506,uniform6
46,full8,3.4426751346476783,0.0007013311460152136,0.0004988251162455985,1.3333196672417724,0.9808509487448491,0.06121430262888694,12.390643708806138,4.485207207638354,4.630161697635926,1.984884993421665,1.6751185510638367,uniform6
46,selected4,3.4521211404707755,0.0006653927900998366,0.00047722996969213694,2.0821347811138535,1.652220529473547,0.07727887897601704,7.972797329890113,6.973183098319158,5.100893054315192,2.728420417235067,1.030041034443252,uniform6
46,lowrank4,2.98866026252749,0.0006512972095230375,0.0004650207017638275,0.11302378914896938,0.2730521975404798,0.07632878686552047,9.077771329311268,6.19383245813413,4.99048725020862,2.2885428858803403,0.8962434031305921,uniform6
47,full8,9.69834538231175,0.0013820436296818068,0.0009123960174936104,4.090263546132844,4.233111049174831,0.08192715749504309,35.6786572816064,9.849692126018716,13.849200791560756,0.16924676883758316,9.63466433766783,uniform6
47,selected4,2.9396918546404445,0.0012150727429958044,0.0007005104787686193,2.7241586112132676,2.904067922382114,0.004207303033421095,5.593602233497408,0.11445229852988792,5.110081786126708,1.455533181158164,5.611431501182585,uniform6
47,lowrank4,2.6803310472045623,0.0012664220127091609,0.0007308187200538437,3.1299511202589336,3.359690057661968,0.009533134272654564,6.629208255231134,0.13159541244156525,4.965584527420996,0.014953851192356371,3.202132019156889,uniform6
48,full8,2.1165159673064915,0.0005204390951619969,0.0004640078032247866,0.995061035685052,0.37868343839095875,0.11869278944949269,0.11771954257091544,1.6803803713495435,11.328162256897956,1.2999907071960415,1.0134375969119702,uniform6
48,selected4,1.7002834036937808,0.0005543753828665044,0.0004902346398496754,0.9103280248007328,1.6252936860045364,0.08644619434501344,7.629977528542065,0.4848758880842241,2.267713904576496,0.2868302861171568,0.3108017170800226,uniform6
48,lowrank4,2.722829565817139,0.0005711687014289951,0.0005014711417856588,3.699188169139722,4.270728438486504,0.08346447685141367,7.226104693879454,2.0398589769197173,2.231868292892303,1.3033490979561746,0.9280743804118252,uniform6
49,full8,7.188949598720748,0.0011025363836555204,0.0008403134557126503,10.32715040031138,8.477108675785427,0.0410116390698656,0.7763544580456916,23.913060832698353,4.23732522045821,9.45980132803138,0.27978423536567654,uniform6
49,selected4,3.2814503744165546,0.001140379710642349,0.0008022030446651853,6.8378003031513535,8.277231113159434,0.009697010723264121,7.853508787180097,0.14860292065330682,1.4686661887969188,0.4265852706945905,1.229511400973471,uniform6
49,lowrank4,1.5029979560508293,0.0009348335813362567,0.0006312951982098259,0.13385126060077024,0.9959743350378858,0.006613896360452287,7.0265885212627,0.3204040124377583,1.5632674371021227,0.11345380711332842,1.8638303784916155,uniform6
50,full8,11.280267337449448,0.0015327988254015006,0.001063122461909894,10.598891858681203,12.29548646801064,0.027398485621388247,15.707002103344891,19.88354190995546,13.275377561940015,3.715118747874757,14.739321564167218,uniform6
50,selected4,5.521636338579904,0.001423023789572574,0.000868695478635591,5.283888385030522,5.75350263646508,0.0057613055907013155,4.1919896221862984,3.169970997322369,3.502600353024865,9.965861549301946,12.299515859717447,uniform6
50,lowrank4,5.772838072722806,0.0015178749647973585,0.0009445133152038651,5.766572288147143,6.242247722503436,0.022846571187062903,7.997791683644806,4.49349080804854,3.067250857538706,8.45808470297299,10.134419947739758,uniform6
51,full8,5.026472953396768,0.00043447282966585466,0.000388867310680445,2.297825545569432,2.0131793629433625,0.10035024922783187,9.678773766402104,4.258872498586208,3.987742759727275,7.571884499054526,10.303154945663406,uniform6
51,selected4,3.7855120903857538,0.0005436527848605509,0.0004614171489021706,1.4731055556220118,1.8728010157154973,0.1213549071559461,2.511142338353589,4.008777096942029,4.155492625369894,6.982644149063311,9.158779034863752,uniform6
51,lowrank4,3.1317471953974523,0.0006492392157302127,0.0005239998977471078,2.5584876834666703,2.9581568096611943,0.13644099556797684,1.0199958986889746,1.5959433193755368,3.7269173293039137,5.371635209985115,7.6864003171302375,uniform6
52,full8,25.160126678509613,0.006156427379598657,0.0038844890737942347,22.611457806450687,19.054676405575798,0.015231160359441276,12.504165208176188,72.31744827222784,47.88983422664999,23.14635435003314,3.74184599860381,uniform6
52,selected4,3.194291494854035,0.001398509601718539,0.0008533335577943779,3.0862863430217047,3.7738435105517776,0.08526654666269895,7.600460459927749,3.1860532602774105,1.7911964500605615,4.116234097961035,1.914991290369339,uniform6
52,lowrank4,2.045120763174452,0.0015370354636806045,0.0009610534892317038,1.5677912915403547,0.7518017407433186,0.0923560298554782,7.4532878494594,0.8622558995255547,1.7856905238134102,2.7560507511670718,1.0917320192910251,uniform6
53,full8,9.108038276083095,0.0012659092138278098,0.0010923946095586536,3.734704990846782,4.4258673152395955,0.3026401005174151,37.80916002210797,2.2307341250483503,12.943436641884887,2.877037187910303,8.540725825109464,uniform6
53,selected4,2.790760376344985,0.0011450671907247164,0.00100478404932525,1.443798169830679,2.423246205632257,0.3902175825885479,3.157381326284503,1.7502604329187266,6.737071673582307,2.157794112125533,4.266313507797326,uniform6
53,lowrank4,1.941863140720308,0.0011204436563099218,0.0009978129440429502,0.04792832750644127,0.9047688837100942,0.39913087143708115,2.369765406547475,2.0527111677334453,6.64487778603402,0.9797806880841753,2.1359419947097336,uniform6
54,full8,10.861809347738385,0.000904243877673345,0.0007028468943160091,17.259659994650267,14.309472415743574,0.05848773164884857,2.5494425585611435,25.778890374225206,11.379141952337013,4.879228518391465,10.680151236349566,uniform6
54,selected4,5.627781982291014,0.0005734919802200294,0.00037972564875022956,7.935444006385128,6.92871995941946,0.03176142819794059,3.634074396046094,3.4739189246541513,5.1486905618185475,6.505751768943702,11.363894812863084,uniform6
54,lowrank4,4.717532349697853,0.0006786281955126035,0.00045509049035216724,5.11371329857373,4.3871258582499735,0.0451177880253395,7.368810028221329,1.387701045003209,4.613168425547309,4.033890898001613,10.790731455960323,uniform6
55,full8,13.58763906171994,0.005082612092655695,0.003966668907521459,34.61652708876741,25.109681423394637,0.22164493914964556,17.74076087082952,5.648917072273463,10.95039154827867,9.107074967367467,5.306114583698718,uniform6
55,selected4,5.314181213585253,0.0016010670991235525,0.0011638186927166903,5.026424729427436,6.4682257127820275,0.2722377198443926,7.233744662174368,1.151296372537447,6.162630703022631,7.897810435360109,8.301079373533614,uniform6
55,lowrank4,4.151143151215566,0.0015298737337605833,0.0011009234295006314,0.9276757875746999,1.9860763681225135,0.2618981698788492,3.6132057843872523,3.5578714247189613,6.680864300805633,7.28589295192188,8.895660422314734,uniform6
56,full8,11.22686051510976,0.0010561391157371273,0.000815860990660905,12.376502457470862,13.973100589704313,0.10921395537494272,2.772670683881606,20.866912732078326,21.12507741912354,11.404090130543887,7.187316152700607,uniform6
56,selected4,2.2231595153599906,0.0005284768285344655,0.0004431750761591314,0.2815529687203,0.39341388780070874,0.12475421027580147,3.8329455732873163,2.2141071671684,0.5311433716759462,3.26864688799281,7.13871205595864,uniform6
56,lowrank4,2.2376302220432063,0.0005259745070001688,0.00043913927093727,1.3008763393227651,1.1990672809169878,0.12759149546940352,2.455353574234709,1.9345460128946668,0.7050142385591762,3.2730293502578722,6.905563484690069,uniform6
57,full8,16.049108469337035,0.002691089894290181,0.0017752113546988663,11.691030094687926,13.753496474353732,0.07716820349787934,13.656893188883323,32.457156702243964,27.822021209376558,16.724284356406283,12.21081752524662,uniform6
57,selected4,4.674383689402318,0.000885725077179,0.000640114732490401,4.796832434050846,4.115691316249581,0.057121734911924626,3.9207568154032924,3.445748515924696,3.8348661534755024,5.081586483536304,12.1424660616664,uniform6
57,lowrank4,4.33284767469629,0.000708269804703185,0.0005084353221449747,1.4052181114846074,1.8842984720235822,0.04658149791880728,7.784103006183907,4.518651963731191,3.401751214118365,4.281343746693878,11.340833385415984,uniform6
58,full8,12.887163776990878,0.011678305904128551,0.006507387618543851,10.755578036343206,12.336337663667019,0.2820854091148073,20.72155771176687,12.40327353003272,34.13732847851343,3.199198209340137,9.261951177148841,uniform6
58,selected4,5.065741273564152,0.012086434413075603,0.006565879031066413,3.6498764380726856,3.4395879586774813,0.2960290689354106,6.420802995576558,7.437529978967428,4.316595289758229,4.497711207390164,10.467797251135257,uniform6
58,lowrank4,4.306922938634744,0.012163639698874141,0.006588610175133142,0.9046784377494732,1.0415421573003902,0.2909750469183403,8.970083607444401,5.110239706411757,3.9737259795569635,3.483960296398625,10.680178277298003,uniform6
59,full8,13.121217460574364,0.09325267059664295,0.04705715206971184,1.8503744871961603,1.5938355157599449,0.013495159823451175,14.225125372251012,30.810751084154575,48.465299725445576,5.629083639889021,2.3817747000751788,uniform6
59,selected4,5.593630336433104,0.0928037653036492,0.04670669106687328,2.827230391781921,2.6912018843029517,0.017612714669179574,5.8898140769465535,4.347647254950204,5.620971689113874,19.920481719862472,3.43408295983767,uniform6
59,lowrank4,5.231113585144133,0.09367034157118478,0.047153010715871496,2.170094184216853,2.0824259466568296,0.006745684385700557,6.1626294534517845,5.230961335252527,5.5423678168138535,16.179246313237584,4.4744379471379325,uniform6
60,full8,17.156910480729614,0.004342218727458402,0.0025273951841942926,14.56935020783926,15.840757446017095,0.15370030940473622,17.66077051894186,33.949213273821655,32.34848717682199,20.833613960515418,1.8993909524749109,uniform6
60,selected4,4.470427854939238,0.016293302351026526,0.008492169346110471,4.237638713114178,3.3921209026185783,0.13318685373950867,5.687719779790235,6.142537280225913,5.935658039987413,8.31763311222209,1.9169281578159891,uniform6
60,lowrank4,4.173724695207007,0.017380535641446832,0.009061455867857046,0.3472530885665348,1.342539482399352,0.1264687966672673,7.052590125003744,11.084638278626159,5.761244292613366,6.096084551817171,1.5789789459624615,uniform6
61,full8,11.496192398281018,0.003098363881804695,0.0022930313541640887,19.30071847837851,15.952818646662648,0.081419852925535,7.3671924520312455,5.431014583092697,15.392893984436506,10.863354294056371,17.580126894664616,uniform6
61,selected4,7.135472383134028,0.0008953573160680561,0.0005587625305713482,7.31884885699563,8.177581423483726,0.0677887134497901,6.247753262144096,3.77116371292725,7.32316172829921,7.198289468786124,16.9791918989864,uniform6
61,lowrank4,6.030045463475221,0.0007462082967333359,0.0004751492773932011,5.696141221333195,6.213268049649656,0.04451123427560155,1.4132879215353777,8.407093633149476,6.722163570649298,4.511579847184011,15.232318230025154,uniform6
62,full8,7.969220453539725,0.0022214263834275287,0.0018306442410663207,24.84463011192397,19.521742757510864,0.04561514102039421,7.887883604974166,0.2102656600952768,4.054538168733468,2.2983257468951024,4.890762437164553,uniform6
62,selected4,2.5652377581173904,0.00045116868780771535,0.0003640897535252742,2.344045490975377,1.721337532561773,0.06842816463727974,0.44248804348656634,5.177464253909725,6.633447986091667,0.26073891869242694,3.8739516745843083,uniform6
62,lowrank4,2.6642981798809484,0.0004699201037568806,0.00036850597033731325,0.7228552735566662,0.12213988219644811,0.07824854552513916,1.930845473432452,7.5617078110237435,6.309420212109695,1.7750871231563492,2.814081118047096,uniform6
63,full8,7.7086844423939445,0.0012729577730399566,0.0011708551927828274,5.568178032237636,4.3115390332127745,0.4018881897365656,7.77375830836432,14.107470305384396,21.8542917132166,3.307016297634646,4.345333659364615,uniform6
63,selected4,3.399326854948918,0.0008776161010059513,0.0008535223460267076,2.6333710702818647,3.71715778719357,0.37898422476947413,7.387607476417324,1.2541777939729215,4.874534782003758,1.9560696981290926,4.992712006823341,uniform6
63,lowrank4,3.912561221529558,0.0008798717122486169,0.0008567916409549894,3.7021019137261746,4.869557431067295,0.38015583618753457,8.102941311529232,2.7938372249261656,4.974638591530156,1.3934602465088597,5.0837972167610435,uniform6
64,full8,11.86313621604991,0.0008840274252933393,0.000703475692261556,5.702179146773578,6.646907749735553,0.07087806544764375,13.422821780348615,34.727211103345155,21.11613966035022,11.999988383407633,1.218963838990872,uniform6
64,selected4,4.441173174829135,0.0008250361850013033,0.0006548926312105594,6.284591289328989,6.962952271504319,0.17097985998244525,7.35038538228685,3.14910986065029,3.323095194759107,3.028478056653716,5.259793483467368,uniform6
64,lowrank4,2.5138148342615283,0.0008031494631425049,0.0006332637296871418,2.3705352019409487,2.715220767172122,0.1660774557947775,3.133771816988462,0.40463749483024003,2.799719287576119,2.2146088107347417,6.305947839054815,uniform6
65,full8,21.376728121118262,0.008001667422369272,0.005880953595506707,36.48740346312487,25.97814664039344,0.2225082635759712,21.486324395998814,33.212670185689205,19.103025741656044,22.006734471960677,12.517011806547051,uniform6
65,selected4,4.947907827543345,0.006075156384893092,0.003292045847312589,0.749801688792906,0.0583281711661332,0.1492510062947261,7.121409669922052,7.7935342974911,1.1795846195203685,13.496161686187536,9.035191480971939,uniform6
65,lowrank4,4.492896046605654,0.006374432672237763,0.003407781143865648,3.4693965522075154,4.3679259357573885,0.1314117125231551,6.076170078222987,2.8866922321556077,1.3421557483715985,10.801113004917685,6.868303108689289,uniform6
66,full8,4.779268178379297,0.0008287625523200005,0.0007558772966939625,7.1955304687245984,7.830698204886866,0.25278616123204367,3.1264308513027084,1.3920025140916392,17.641233877865236,0.43859150770004796,0.35687184123124327,uniform6
66,selected4,2.2532565415654933,0.000754365759726052,0.0007193446659317504,2.203712591132634,2.3537677547056823,0.25610561600749593,7.279827403065642,1.8040136026768128,2.281943553829857,1.6989270805102263,0.14775473059559507,uniform6
66,lowrank4,2.7426634912339,0.0007287724836374713,0.0007085242783258813,3.2036500942776103,3.3916120885083334,0.26215594531230346,5.64274446000399,4.100173032302878,2.058547889232898,2.8451196239854593,0.43730479624772833,uniform6
67,full8,13.391077295293963,0.002315652408101641,0.0018835536828999426,24.856426793652,32.72275784122405,0.060066418758875084,20.093818520200536,13.11799110909375,8.846506683132693,6.806201100100595,0.6248498961892057,uniform6
67,selected4,3.773580665563528,0.0005513034876004345,0.00047200761490348613,7.196922923433668,7.267031294242576,0.08899600341442104,6.832851457039579,2.739568988252583,0.9576391238927617,2.8326588327445945,2.2729767014880387,uniform6
67,lowrank4,3.118640498344205,0.000544363198341391,0.0004697028399554729,5.9453581878498145,5.856872231810573,0.08938386435701773,6.732465990487013,0.13709396481779157,0.9616095744621411,2.1882905708275446,3.038049602141746,uniform6
68,full8,11.250456329989,0.0009361312895785854,0.000818591341924271,20.10416183759216,16.408156993516577,0.18629609212774678,3.6703009221214833,16.88366787383826,24.85405142124201,7.87763556936717,0.019379930106588894,uniform6
68,selected4,3.0839710831061695,0.001317713807507846,0.0008707698734595678,8.011903137136244,7.047453156772143,0.16122486807716996,0.14149809326637897,6.979459671768717,0.31450721596942843,1.5150480043725434,0.5006745174867322,uniform6
68,lowrank4,3.2117259451925033,0.001333008848962988,0.0008772037760636246,6.837871358908565,6.0582939007115755,0.15318047656829314,1.5287548622741953,7.738179764095754,0.11095523194335488,2.1881852239656663,1.0783867430726235,uniform6
69,full8,7.501504898589037,0.0004092310154001301,0.0003354794101806748,12.082839792284739,13.616182982320257,0.0901537937446295,5.820084567963191,4.473535122963068,16.387512516354096,3.779850099989035,3.76188031309328,uniform6
69,selected4,3.2039590806519067,0.00032037161396191046,0.0002940816284608114,6.4948295211944345,6.870723698684134,0.09393702452312747,0.7503822064401033,2.752151135353098,3.5654831523092234,1.0162517994704356,4.087914107240698,uniform6
69,lowrank4,2.7722666787758614,0.0003111510399268406,0.0002862374896640942,4.996015213383731,5.17784313015166,0.09579639201833245,0.3436390710704007,2.7470822178519705,3.704765884769845,1.0274201776454217,4.0855713433155305,uniform6
70,full8,11.684424611629549,0.0014830041768141018,0.0009968407280346232,1.2206780916981907,0.15642780501403664,0.02059612609182082,9.877350314021104,20.37326731906337,45.210975203136464,12.273615971265862,4.342486062745532,uniform6
70,selected4,3.1312602518577037,0.0006831595157401869,0.0005342397068050158,3.6393904923487153,2.2867926596496613,0.018802510333215672,2.966002053791006,1.1518598214576237,7.888510360017831,2.0726052147921337,5.026118902471444,uniform6
70,lowrank4,2.204105643255515,0.0006634460955798669,0.0005124661120656572,1.2374140686990387,0.06825150761584631,0.010862392474886295,0.11518733378435009,2.316359772318499,7.510317448608328,1.5159520645249724,4.858500558018197,uniform6
71,full8,11.018943843430742,0.0050703350070028085,0.0027940551467803033,3.3194202210367174,3.0710777262906497,0.1820632929516286,9.258041935564165,23.840996079158018,36.15293033297273,7.711604178645048,4.61541698082698,uniform6
71,selected4,3.1747491001454713,0.006730977134789621,0.0035872992388425494,2.526846261280924,2.4314046416522572,0.10630362096234469,1.2020492328401633,3.818612139742772,6.7960257282228875,6.580008937742232,1.9367422387201905,uniform6
71,lowrank4,1.9662160717886912,0.006790476560556687,0.0036052891834372205,0.7788707379416726,0.930955757149321,0.10452045993641912,0.4996555024576299,0.06809288846141293,6.697982880585174,5.744074330918336,0.9055760168595661,uniform6
72,full8,15.09553772931461,0.0018151511370177696,0.0012083837877277608,4.409763145294098,4.165089402043964,0.23048043145842412,16.19575029772802,43.358426475575264,29.9292058846242,11.2583962136646,11.217189984128318,uniform6
72,selected4,4.772384571964911,0.003642770531030054,0.002145886825047771,3.006560470794395,3.2178323451404034,0.24260785881994318,2.7075834397502163,7.435908199028807,4.9755861361423515,5.953711287618391,10.639286838424777,uniform6
72,lowrank4,4.916110276955049,0.003740528012835338,0.00219846799270754,4.2253398637861705,4.302381356616336,0.22983243053456004,5.524729492575142,6.145445526331184,4.586354953712535,4.6922381826230986,9.622560409461368,uniform6
73,full8,23.828543672413794,0.005295288416861703,0.0034004116902702736,5.171801340367843,7.202830639349478,0.2255308477806972,15.730641336639284,86.71880836540882,46.23545223092512,16.353105194549833,12.990179424289295,uniform6
73,selected4,4.668178687618492,0.0010531969399845379,0.0009149483820278682,5.166760443375384,3.331712195550751,0.17067847807406,3.1375377359385226,4.845565527408446,0.23061446934644625,6.676800839158981,13.785759812095344,uniform6
73,lowrank4,3.7772966501730956,0.0010313981529033024,0.0008974734519139075,2.6812332596384714,0.9615946440142964,0.17533854936919724,1.2894378658320882,4.703912981736735,0.011425250089902583,6.69297663502062,13.702454015683452,uniform6
74,full8,6.790600174080993,0.0019335800701798073,0.0016689261417800407,11.792034112241733,14.163751078409149,0.36687939712289896,1.748579275668427,3.4206877501707256,3.9370880881208326,7.849786656956004,11.045995033958178,uniform6
74,selected4,4.250715601473454,0.0010292908000664558,0.0009173942978478478,0.49836575907680203,0.2760105755577058,0.3850006086327351,5.220510700276215,2.646027872374579,4.863471951410093,8.013228065075385,12.103109279384118,uniform6
74,lowrank4,3.964073904232656,0.0009914746106509911,0.0008975495825653482,3.5132380677785013,2.6730867935384928,0.3762233853042751,1.9981503629912911,0.0009923357720542647,4.459901490780005,6.902292275086319,11.788706522610305,uniform6
75,full8,10.526123065445798,0.0008612498432353256,0.0007148073409842917,3.0922082905831316,2.9035765115724477,0.1771729644771014,21.930435610347253,11.506324571159643,34.85921532779466,0.4175418359182337,9.32250941171393,uniform6
75,selected4,4.144190637722032,0.0007231845980047192,0.0005909077886536696,2.8176811735223795,2.288021033204113,0.12514580299671785,4.711440803798594,4.094692272139522,7.8994511940838175,5.341923588094854,5.8751692339362505,uniform6
75,lowrank4,4.139092769461539,0.0007102843643970426,0.0005747727720029185,3.3013217679526696,2.778710286378705,0.11533433656281122,5.481521103640152,4.878453370469127,7.991463189113879,4.623405742046371,3.9425323595285944,uniform6
76,full8,9.172926350768089,0.0019715993693288983,0.0017586684773411513,18.567110845382228,23.628763138507658,0.39976635134948424,7.048759458597164,8.933804197244942,9.203165690511938,3.065474218424835,2.5365669061264584,uniform6
76,selected4,4.027182598983842,0.0010918443268756938,0.0009583137333534153,3.11887109765836,3.6909744990155646,0.3405397005791899,6.89195939212548,4.7482217878678235,4.7135583047250185,3.783866019655502,4.9294699902437955,uniform6
76,lowrank4,4.043152509364532,0.0010903000014519928,0.0009539207821956744,2.853836968799306,3.419757297551751,0.3372660614915146,6.692709676662245,4.132997152537055,4.686756110230661,4.2044460471767575,6.01745076046697,uniform6
77,full8,9.266909588294661,0.0006889877824950599,0.0005828816773559214,10.449523873133405,9.239611061399133,0.07385851166825663,10.77337930303579,12.056223371813712,17.933145791550874,8.226038462241792,5.383496331514326,uniform6
77,selected4,3.4565298144829644,0.0005430905156850655,0.0004600419786318437,6.320588270681382,5.499241183942072,0.14170302573648375,4.932634940281433,0.4083630064969812,6.692178400789139,0.968220135969089,2.689309551967134,uniform6
77,lowrank4,2.2533749850766007,0.00044622389412342286,0.00038065168091091904,1.0739562188911034,0.5870732423979952,0.14714916217606344,5.151978940423008,1.867001991908901,6.703742174231286,1.127211785756388,1.3688863648280591,uniform6
78,full8,6.03274885578833,0.0012969294827969813,0.001079814149698559,11.438648351758008,13.524487793155204,0.15138314916711693,3.3967368381739416,1.085334658474435,9.878015567916965,3.1077877863635806,5.679596701297385,uniform6
78,selected4,2.3637812465080676,0.0005491428417691422,0.0004695241056136613,1.484106221378556,0.9126086598753358,0.15955986418585422,1.087701655551232,1.176368993728294,4.750091029956738,3.264468877291238,6.0753446700972935,uniform6
78,lowrank4,2.3509358137715446,0.0005629043303805221,0.0004803319687219979,1.2510695050437892,0.6785600378705126,0.16022146050764796,1.8844633614524486,0.07433455740305517,4.8419004991426595,3.756277596233637,6.160659492518605,uniform6
79,full8,18.76126954773681,0.0038194148297015043,0.0028524081158064866,28.95975022009165,21.790921912518602,0.25114027784529647,5.629942692025002,25.633693023477132,50.57354365919704,13.980558754952078,3.270605841787677,uniform6
79,selected4,2.3109357053900785,0.0010599115607981646,0.0008859776902304518,0.15553509838621693,0.9982705834546746,0.28175474355485175,4.555305414444066,5.143987338133482,2.954483322588175,1.3565094730412341,3.041639669517926,uniform6
79,lowrank4,2.9949362033749067,0.000991876840255179,0.0008289395353876315,3.6366699029238836,2.7248292939888175,0.27867630551907663,4.819414289834367,5.139749002278737,2.9258632321194966,1.298144275475488,3.136143324859386,uniform6
80,full8,12.502879857833253,0.0017049767658220763,0.001295137631029377,5.1288845955447915,6.333149129846438,0.3869247770375672,12.352567074845567,33.76694662623913,23.083062042256397,15.693232989282679,3.2782716276134494,uniform6
80,selected4,2.775602255759296,0.0025163065159754193,0.0016120534000425707,2.540671526669258,3.343451096192962,0.3280941078165345,4.3684215229224606,0.8062143982299652,6.30497087696128,3.5256975249324807,0.987296992349429,uniform6
80,lowrank4,2.35148396954442,0.0025643911495255075,0.0016269676553635614,0.5527244274648568,1.2756323184186291,0.3223549836691264,4.86578543687507,3.558332141872622,6.350242597782496,1.7895814307600566,0.09721841951250143,uniform6
81,full8,11.754180883149697,0.0019485911350689918,0.0014443770134089933,12.290277872127175,10.218717211601746,0.3211937545860799,20.21604984985008,18.428078048966555,4.206881739602997,16.11523212851502,12.237016459947924,uniform6
81,selected4,4.919979990621705,0.001193660609470784,0.00095322000398041,1.8686266302017085,2.511029435516443,0.28208667050191316,1.4900256560858915,4.721794204190555,3.99633273027723,10.22948205638976,14.260462541810137,uniform6
81,lowrank4,4.525919299464243,0.001100089842903561,0.0009031101930739308,1.0376698930719686,0.37764195437576253,0.2977945423246364,7.161516363409537,0.8861100639770747,4.720762786110678,7.6233227355737565,14.10253605687053,uniform6
82,full8,10.752212474830744,0.001477222232850284,0.00098561325568369,10.54424995664236,11.364605968915287,0.10827177904559893,0.1452921333655599,31.949334778696613,19.66223043132931,9.551486695802625,2.6922280548486,uniform6
82,selected4,2.83104904869262,0.00032792406152338925,0.0002913633722869239,3.161751109133426,2.8810137999681684,0.08646355111203707,5.50976285410989,3.2666736987935208,1.7236146059955049,2.9853369438815003,3.033775826546914,uniform6
82,lowrank4,2.1100337703066256,0.0003605315651836888,0.00031743796499913524,0.24586827468525696,0.09428225611053387,0.0931971648911567,7.270153148451763,2.175771683517591,1.9543086025845757,2.333812896216614,2.7128761359955123,uniform6
83,full8,9.772400468553808,0.001327732503192394,0.001017458075747857,2.7639111047035536,0.7295892491600009,0.062458150379107735,16.429569172689284,20.286155536692952,15.100411172524087,14.375093951415641,8.432015410865844,uniform6
83,selected4,4.317647558057018,0.002562429994685577,0.0016003933465904598,4.373274024989637,2.4533226943180164,0.006952305347462939,3.891574316578783,4.668947415920988,5.131323156137324,8.180797436376164,5.83498911478777,uniform6
83,lowrank4,2.0100569423736725,0.002894273704527002,0.0017422438033785975,0.3725547200773782,1.372860731087222,0.01462669608471856,0.25246643932694823,0.9205841327764586,4.671593460457057,4.927557619935907,3.5482117392436896,uniform6
84,full8,8.489772386611186,0.0006098741943036165,0.00046035599415171014,15.311105291642434,18.422355653589563,0.0016910088333488282,2.3124860302232486,0.5439845168917268,2.7265544710210143,11.211925082174435,17.388077038513707,uniform6
84,selected4,6.61818118746422,0.0004409279539293135,0.0003308694576081969,5.995722594375364,6.8076264424221655,0.024491404246895776,7.5484200264892,1.71513425209453,3.6092649502014518,10.980791178218684,16.263998651665467,uniform6
84,lowrank4,6.475641078729022,0.000535909513352529,0.000404599270577776,6.066050867744477,6.946802334733948,0.03963759921914445,10.23948298210141,0.23899988822559948,3.9655860032647983,9.225353705365968,15.08321524917683,uniform6
85,full8,5.2254168919327135,0.001113973076677962,0.0010213966048467026,5.800692359820792,4.886228938324589,0.36222943540458186,20.1647093097586,4.56565569698485,3.814493064087743,0.5475819356816514,1.6617443953989008,uniform6
85,selected4,1.9823570217067528,0.0008832902234191152,0.0008845919438348811,1.5359073230413856,0.6651989500680244,0.41503811174194993,0.4566699842492028,0.22257596912964583,4.45657889822969,3.806149145767179,4.300737791426945,uniform6
85,lowrank4,2.774801077881095,0.0009243909488434816,0.0009086953828593536,1.9197245504690486,1.0819503706523625,0.40740106001264653,4.0133426404837635,3.2854194616487753,4.026732997354343,2.6829976417804713,4.780839900647349,uniform6
86,full8,13.412876186432605,0.001660310351460248,0.001359036289180055,16.254563730150995,13.762844939996377,0.062974991868614,26.139201671327726,24.502424715240455,13.737820835107817,9.776173920130148,3.067004687638697,uniform6
86,selected4,4.46617125902576,0.0005195059136793346,0.0003924833163470356,6.6236571786528415,7.714174438970356,0.024493743326292616,1.760903895532917,6.627415667648428,4.603854717090949,1.3664047775899912,7.008465653394302,uniform6
86,lowrank4,3.8526430209554805,0.00045059562925403585,0.0003370811327846603,1.6084316629042195,2.189219497212913,0.02348587634775079,3.503079974883594,9.934654527545185,4.3812949603051266,0.702387050874087,8.478590617570969,uniform6
87,full8,17.312610948392415,0.0007097784866244139,0.0006504285014351063,5.039248835195997,4.6648919937337325,0.04531339514871613,19.415142146736596,34.89250728224077,59.402476530162396,13.552082466710736,1.489224937210376,uniform6
87,selected4,1.9508677568205457,0.0012958628880926604,0.0007905539778168361,0.2968188007184125,0.31932611067193584,0.04509446032584519,1.158376675738848,6.542976282563684,5.32655368972943,1.614481701058157,0.3033143337580535,uniform6
87,lowrank4,1.9495673729688607,0.0013022646127740618,0.0007937407458672899,0.7106680830029077,0.6932931950250909,0.04529590988208154,1.8092998855065878,4.847601262463364,5.233668167020733,2.027757984656764,0.2289544961933565,uniform6
88,full8,7.513991882451149,0.001719343021790747,0.0009792516613907646,5.119561718221166,5.1578066558291,0.0726993427149436,12.941377296274847,12.898931427294391,16.152766559013052,7.293018149796904,0.475773910464794,uniform6
88,selected4,2.0004656513274073,0.002078696149381532,0.0011611599172597293,1.786931149167903,1.8850468965123435,0.0478990011559155,3.8345160652405452,1.933682325794961,1.2290362682627731,4.1035762989202755,1.183037205564541,uniform6
88,lowrank4,2.1545175276294235,0.002125342006023882,0.0011862316099006522,2.727985769071384,2.779635765497901,0.04493909210376845,4.14163679012619,0.6448022147277244,1.2543638749793362,3.5770361419749097,2.0657405725541755,uniform6
89,full8,7.033041210834893,0.0009266390151065948,0.0008243122936714775,5.181398281474903,5.816408407179829,0.22850058890186986,6.010416969820054,11.697608872683652,20.334069557795853,2.2118368823358048,4.784090126487184,uniform6
89,selected4,2.811623754602846,0.000551512827199525,0.0005416292562027086,3.0010881392581013,2.5882261067621704,0.2111402742642987,1.666747080447073,1.513027756999974,6.681813998857455,1.8702224162312486,4.960724264002447,uniform6
89,lowrank4,2.8982473496016956,0.0005614682551250146,0.000548063439598246,4.621567484860889,4.072291615599999,0.2158417122638978,0.20117038157170253,0.9047642528813293,6.498594665063884,1.9712536318129414,4.700495052758924,uniform6
90,full8,4.677620789973815,0.0007459010968070849,0.0005907128670883047,0.10774272388738293,0.20503594602423458,0.17079632392363875,14.246945474264038,10.10763829276935,6.732025259952623,0.14492336540630202,5.705858933562958,uniform6
90,selected4,4.472300004151493,0.0005795535772425936,0.00047156321072282454,6.154918078439541,7.113508534128532,0.13453660223473607,4.638877837191247,5.959850450152238,7.707167654481273,0.37696344878523913,3.6925774277991374,uniform6
90,lowrank4,4.380421694870923,0.0005272635438400355,0.0004421725684856776,5.656130620388755,6.576995331117819,0.1233996200298737,6.582478060732777,5.969613759680414,7.437777971540305,0.5046457085064793,2.1923324869709604,uniform6
91,full8,7.085930961043097,0.0005038056007210161,0.0003477078304894179,6.806842638479482,6.5838893521954045,0.05967565838467248,6.379757519923901,13.770097186855335,12.664166052317904,0.057968041677103344,10.365051238510969,uniform6
91,selected4,3.6631034552404755,0.0003214065938658594,0.00022545137243880372,0.9774302733489115,1.053391199787257,0.02041461489264984,3.097805335670545,5.516518453528773,1.9463595323742755,4.473953340280956,12.218954892040435,uniform6
91,lowrank4,3.904082158153102,0.00037892186382824624,0.0002592879892197984,1.5517986050963772,1.6424103240228805,0.02613611401042215,1.0990227041453249,9.032055788660443,2.2242709965587304,3.144300205096029,12.51266252763461,uniform6
92,full8,8.558058571620967,0.000635731599674256,0.0005415463675855254,6.393696107243596,5.145176984351196,0.16640440151725056,24.560128154748305,9.486919366053769,15.145541796418115,0.01212039608633475,7.554481366549171,uniform6
92,selected4,4.246648737313134,0.0008536647094151941,0.0006825492926401653,3.2880556363405367,4.44579717553758,0.09711618401799793,0.4490665888571832,3.5922319947246706,6.715185432493165,4.207352216327076,11.178384670206864,uniform6
92,lowrank4,4.30815015200507,0.0008939979262986733,0.0007057658079979019,0.8229055570386112,2.118636190657419,0.09708770360427055,1.7368142292496502,6.595950698919218,7.020263563852813,3.6196946410000597,12.453848631718522,uniform6
93,full8,8.666117049463763,0.002640227433299011,0.0020332761009917008,9.347796643206351,11.298912105788371,0.38185013484761665,32.55260224381442,3.8090809639162115,1.2310349534123466,7.567732651940484,3.13992669878429,uniform6
93,selected4,5.989637429887184,0.0018279474120902726,0.0014266944800398393,6.8099148623785855,5.144283223798696,0.480562301845322,6.375295652406154,4.456082888873403,6.297962316148942,10.086794885025608,8.266203308620756,uniform6
93,lowrank4,4.7790512116238,0.0017902740282901963,0.0013992000221734666,4.458322313098262,3.031004358738798,0.4792197115371488,2.3096470693741322,2.1111838913424386,5.7942448924354295,10.095465538139624,9.953321918324566,uniform6
94,full8,17.84858610990664,0.03306824468850032,0.017510913998195862,22.73523846268388,16.988622813055198,0.3539682156714852,29.04852357299067,21.906619610845745,34.36814866976865,6.866491087612969,10.521076446624544,uniform6
94,selected4,5.003603027318384,0.026626863641985223,0.013842906053166385,4.433428545686113,2.71437343023907,0.31428744499819583,5.327515679735195,4.70051389879258,2.1618713598763994,12.97342871998859,7.403405139230923,uniform6
94,lowrank4,4.363297018041182,0.03413649115554952,0.017589026090410173,2.3897160076592927,0.8270502288060033,0.29500468508893984,3.83146449451941,11.256411835593772,1.9370002301955958,9.271941094197512,5.09778756826893,uniform6
95,full8,4.619088889190514,0.0008741657653482123,0.0007948025149964831,0.26998765876645736,0.9490535072815165,0.36101723845323175,15.917948660985159,6.970685043632219,4.223495973620695,1.6072112564696428,6.653311774315185,uniform6
95,selected4,3.255669313114362,0.0008603239030759443,0.0007685262310051441,3.2364866943944692,2.7740739378608548,0.291982424815318,7.066249803505054,1.1464335062509878,6.001762019799406,2.356500505974657,3.171865612314151,uniform6
95,lowrank4,2.434461726647033,0.0008449872766588184,0.0007583895121143298,0.40351270461560507,0.7745288922783367,0.28624411022544205,6.950065578327869,1.159444367031881,5.9721985339267425,2.379086634160865,1.5506129926095236,uniform6
96,full8,4.685866414833212,0.0010366215886534074,0.0006593855422717691,0.0321072509875453,0.4760966016941093,0.007720337410788147,8.343185890337178,10.454165901176605,10.403503060682496,5.402940597506145,2.3672116788708286,uniform6
96,selected4,1.113593818961027,0.0010311755135251474,0.0006320872713973973,0.1074094831303607,0.31084051057074236,0.01986557826052504,0.8561141256132943,0.1286783063509489,4.127567876417427,1.8201403294145213,1.5381343419303972,uniform6
96,lowrank4,2.178746889888336,0.0010965982730894719,0.0006853845672945484,3.930482463054863,3.6710556878211564,0.025037465399191383,1.6564294354120213,0.5675367830022537,4.223798289243497,2.461846825779368,0.8937881693943384,uniform6
97,full8,15.80998341524093,0.001294046250150867,0.0009220593395233523,12.574003526022882,15.557879543284713,0.07537661768518555,2.749510555051682,30.165427947370237,49.21009302384689,3.763144448662259,12.384431660003582,uniform6
97,selected4,6.260967180069102,0.0015188085120014015,0.0009743288532906399,5.975209542698911,7.475312023934855,0.03692529869341321,5.977358641058705,6.375781924009627,2.2803035460903454,8.526111272211756,13.440735191855202,uniform6
97,lowrank4,6.827566874837037,0.0015665734216325383,0.001020256167672911,6.232821738766903,7.738172484148498,0.04465480253509346,9.23349175152759,7.754206497459593,2.672517427904597,7.83800870359218,13.106661592761837,uniform6
98,full8,9.951874988190822,0.004145748777079632,0.0031659514135773553,28.182955498903418,20.716743119547555,0.09645899982937411,6.1781359822086435,2.355742453824572,5.863057133406235,4.03077221242456,12.191134505382218,uniform6
98,selected4,5.7775618432403775,0.0017049792323210373,0.0012068497679773034,4.456811126648629,6.416593639609358,0.10192973635703151,4.5667331066564065,5.956344013652981,7.142366405495637,5.542996150160739,12.03672056734224,uniform6
98,lowrank4,3.325740595144622,0.0017602673955956563,0.0012226933799639567,0.7802178865148779,2.511994181795063,0.11783334552504243,0.2997224309750024,1.3814982294521605,7.703785230442506,2.838805241819009,10.972068214633312,uniform6
99,full8,16.009956511969797,0.0019922035705880496,0.0016051081444102208,18.028451238532917,14.413368007153549,0.12945519307898667,18.489489095710464,16.829873511383266,27.02132418962733,15.381375672453013,17.786315187818847,uniform6
99,selected4,4.739242761830216,0.0030834433869607845,0.0019231691111388442,5.183353454642647,3.6637039311837927,0.2212904757058487,3.0609316590614166,7.325845654452112,2.0216957837860594,1.8351252473129298,14.601995888496921,uniform6
99,lowrank4,4.4950000033471795,0.003373577149016954,0.0020723868791617294,2.415026450866753,1.0008749383172755,0.24450919124274773,7.098196354784092,9.791497861057685,2.547294264892208,0.7161498676288125,12.146451097987864,uniform6
0,full8,15.556066584359549,0.0035607538583792286,0.0022090783930061933,15.399990714934919,12.359480766109165,0.3527192130564849,2.6401690505957642,35.356220658905826,41.2661092377572,14.256401661807782,2.8174413717092506,oed6
0,selected4,3.507612144637147,0.0012721853234292436,0.0009489604297389148,5.181759222599824,3.9929045063071267,0.2768632664482018,3.3527031304973143,6.768589282717452,6.96675962682961,1.4674464258153996,0.05387169588224605,oed6
0,lowrank4,3.80564657429896,0.0012959770188837034,0.0009502144181794969,4.291203401717714,3.207146537586625,0.2639335838520829,4.56802689735698,7.2753302762279315,6.833691097455674,2.5755178710534343,1.4303229291412367,oed6
1,full8,8.37821156254616,0.0017575871560201726,0.00117751716002853,13.885804480360697,11.730124319393864,0.33383049994100134,20.708793437502315,1.1264898702418424,11.927472953806472,3.914226926385256,3.3989500127378225,oed6
1,selected4,2.015598501741303,0.0012861860459281564,0.0009242308715049122,0.863235413918062,0.5509633844302919,0.2768646688802612,4.739072313705794,0.23325545385985968,6.184593071582512,2.808820014189417,0.46798369336422674,oed6
1,lowrank4,2.118140919456602,0.0013062992592032913,0.0009240180057565104,1.46373559820836,1.1705970711713642,0.2649075963145231,4.16841746454123,1.13930072891556,6.10732444347617,1.5768110305653393,1.0540334224602654,oed6
2,full8,11.184493272155837,0.0019752960875863207,0.001409401188661484,17.929435205190924,21.260200194942215,0.36587949949782317,21.757940946210663,9.953711752606175,8.299650267372204,1.321840034039612,8.587288277387085,oed6
2,selected4,2.3057409454665017,0.0009710473113267843,0.0008313514430652399,1.188306406948636,0.9649877916458438,0.3058489842943213,2.294488824313279,0.6314277324848461,3.526650842260848,3.884995468082586,5.649221513701653,oed6
2,lowrank4,2.7050848362411437,0.0009132311470332752,0.0007903815795541528,3.7120923558842223,3.635474912578096,0.2969121481720016,1.82097425417459,1.0344765828200764,3.5886500184620918,3.2154463000831024,4.336652117754969,oed6
3,full8,15.158592777485293,0.0033584793852717855,0.0019106275635004757,6.7634682706391835,4.887612386545992,0.15524220998210936,7.3592676575300775,43.102285008923126,33.36032829150549,17.84474409957182,7.795794295184533,oed6
3,selected4,3.131105428565826,0.0008611866218985485,0.0005296789649533681,5.177557243983921,6.908564366648995,0.07600728209258278,0.052255751191199185,7.686818858503286,0.546533463228771,0.01548045380543872,4.585626009072419,oed6
3,lowrank4,2.8904721653776235,0.0008347075123683074,0.000507511728441543,5.793131364940962,7.579553362401237,0.06639105861401262,0.2797241241206949,5.53493505684548,0.5729044141947082,0.13051625931908006,3.1666216825848137,oed6
4,full8,8.897872325590036,0.0004555817696196568,0.0002671864065769943,1.999003899143026,2.1391792279519706,0.020444868892044443,4.2902936490505805,11.212442534545886,47.24148843411125,3.6863643187001305,0.5937616723254102,oed6
4,selected4,3.2331802210101803,0.0005478588512498381,0.000317582737492788,3.7091028780550594,3.3211584830153296,0.041587881292803885,5.67813931875516,1.6448525451917106,6.501183643251562,1.9067141424874756,3.0627028760323416,oed6
4,lowrank4,2.914746126931962,0.0005334093527688362,0.00030904304301052424,1.6120259399786452,1.309193901486716,0.04944577137273587,5.795080311556133,1.0586800810811758,6.482577402428902,2.783795995880478,4.227169611670911,oed6
5,full8,15.923109808339902,0.004390496060950798,0.0023827120585307995,8.97174321248244,10.260769635749444,0.10908841353178822,10.005416437746561,59.14697579168633,13.533786088109201,20.14388836673432,5.213210520679135,oed6
5,selected4,4.368414043628269,0.0005109143394379299,0.00033119833861609496,8.174443588222434,7.446987319748044,0.037029462184490214,6.226669442621802,3.274000479902739,8.171880601537307,0.16164382762902108,1.4546576271803113,oed6
5,lowrank4,4.1881801991026055,0.0005159198966732116,0.000337091274877145,5.929893134483821,5.501068338341453,0.024144336978837444,7.485093559379874,4.238419033410823,8.33525950808134,1.4202306228559891,0.5713330592887034,oed6
6,full8,7.213057307233098,0.001154931366730165,0.0008085244347794178,2.4991620073746557,2.2866931067017315,0.08599361290601015,19.287280854194965,16.6543937830123,6.467644032515674,4.255489393060774,6.167801668098671,oed6
6,selected4,4.376568734022314,0.000800324980578159,0.0005665865744164257,7.984910135878587,8.16553746469908,0.12881154442713205,2.9647414216390056,3.5299935779089964,5.017456732916681,3.469417477807679,3.7516815169013507,oed6
6,lowrank4,3.6651591964873056,0.0008463123901848783,0.000597770297447104,5.858285335281932,5.6990592627828685,0.13712202055725653,2.3302529608916434,4.597931423003043,4.949004651095878,3.215469113380476,2.534148804905345,oed6
7,full8,8.971535534063635,0.0019028515126891731,0.0010809245735211965,16.966927269346588,14.715021582497723,0.048039149039769136,3.307322404807833,18.340275797283834,9.207650249877997,3.752216939987074,5.434830879668262,oed6
7,selected4,4.454991974189609,0.0002962145279121444,0.00020089347194724382,4.824203011730887,4.730172426029844,0.06363335246963864,5.752707273536739,4.295244788295083,7.314957997704541,2.009592414261907,6.649424529488224,oed6
7,lowrank4,3.3773445261640336,0.0003091727362638297,0.00021403322899103423,1.919953951186515,1.6356855953169935,0.06220638480896046,3.133208234426199,3.3447854665637378,7.59015812282775,2.5227854710744735,6.809972983107637,oed6
8,full8,13.726824913803359,0.0031256659754235537,0.0017671024848855768,23.628432429701007,18.8965226751744,0.054564770411924535,9.44825316433404,22.130980940308763,24.75451037209534,10.074425728755454,0.8269092296459446,oed6
8,selected4,3.306723615038243,0.0015685168870767496,0.000830261735176845,4.621615521102762,4.896202111738823,0.025973253381605943,5.184408298255128,4.506290830678106,3.237868674763522,1.3711435049057474,2.6102867254802486,oed6
8,lowrank4,2.310758488573299,0.00143436177346467,0.0007534629989228446,0.3451017876566098,0.3772946251261011,0.033462951430185406,3.4683034058022866,5.017459101223465,3.0323801217705393,2.370976200682895,3.841089714894308,oed6
9,full8,10.132497238415441,0.0010779957511280803,0.0008943887128525418,1.3331270423441066,0.6976471780048898,0.1757087024016335,25.168732355607748,10.843883137928856,35.087425490642985,2.054259529920288,5.6991944704730235,oed6
9,selected4,3.01216336059634,0.0008982549693124404,0.0007189743846233375,4.133568863825765,4.888911396986972,0.2305847595166166,0.6118530766985542,6.756680295076444,3.556172223401277,2.0689357351581616,1.8506005341069276,oed6
9,lowrank4,2.267755444631557,0.0009242034769751647,0.0007398543891094803,3.3773370467036656,4.206791343432159,0.24003468524008698,1.1069304115983503,3.8218080524941023,3.5180218018589393,1.8427145732262673,0.02840564249888544,oed6
10,full8,10.81558643701419,0.001450660248576747,0.0011270699972387305,12.226159198546572,9.278150665471397,0.3647103705881394,2.0316454006491624,14.144592786982857,30.545559803934008,11.108905514747835,6.824967755193545,oed6
10,selected4,3.882890414630599,0.001573369507030965,0.0011358256652755448,6.145195039744222,4.223935850575932,0.3004422802323603,5.436399161385519,0.10072656600254026,5.555154528247086,4.886910977636116,4.414358913221017,oed6
10,lowrank4,4.092050530360113,0.001565744748981045,0.001123684348185461,7.1296440610360445,5.129308236488306,0.2900499031461834,6.389489448318719,1.204040279491303,5.682135591066828,3.773170311922436,3.138566411411081,oed6
11,full8,7.658090552057967,0.0006523952422696899,0.00043113884561671865,1.896429000547628,1.2749530914953455,0.019042623179177376,10.233489042563026,6.262301928952363,30.312885666407972,2.2444170410140574,9.021206022304163,oed6
11,selected4,3.512884642495507,0.0003173013817936305,0.00018191216272556274,5.228310492464683,6.0825828408439975,0.021836804668518006,1.6774160890548284,0.07561834905490672,2.151703440560715,4.531049724429803,8.33455939888661,oed6
11,lowrank4,3.0774330579472835,0.00027407655102194655,0.00015679272273091328,4.601592662759934,5.353560391299461,0.012873378861777418,0.17665841111275116,1.4466099273202748,1.960779668967716,3.568180979635327,7.499209043621025,oed6
12,full8,16.4705291809805,0.003728530863615415,0.002269841009230252,15.921934973308648,18.000775569646834,0.3552372521120284,9.847373024517792,34.255691796570666,15.843718389317463,26.870511017306686,10.668991425063867,oed6
12,selected4,3.72475610904732,0.0007195467720439802,0.0006863721366331806,4.66778712712439,5.046596967446204,0.2908253053027887,2.552132453058731,2.362505999498965,0.7961982034213388,6.1457430355615905,7.93625978096455,oed6
12,lowrank4,2.312182349407342,0.0006731417128007063,0.0006444306268276503,1.0948866931789758,0.5430044647546817,0.27267336162136724,4.2473079225610615,1.1429059860636026,0.5725939979974282,4.455389403958532,6.168696965123088,oed6
13,full8,19.34350370804348,0.003183194025155541,0.0019660487709617924,24.60629122859097,20.06166999202257,0.283358193684069,27.496817744788736,17.574273754074298,53.010978556507624,1.2832459639813276,10.431394230698254,oed6
13,selected4,2.1208060738826697,0.0008032378551290087,0.0006114478785263397,0.20123360550117209,0.24259405657668376,0.18524893964061429,0.11614831443986784,2.886737772377601,2.21488070805127,4.416298024242193,6.7033071702319535,oed6
13,lowrank4,1.441427091365076,0.0008510232519028477,0.0006255750980041578,0.704670760780024,0.7348398847918158,0.17354913618889967,0.47021670429928664,0.9198891194999836,2.118121984235488,1.600500757311507,4.809628383813602,oed6
14,full8,11.212409013700874,0.001674124742338994,0.0010113735483157718,13.128733449231456,14.441047277766383,0.1555432857218375,3.255739329653906,25.30364940547053,15.738797878858879,14.82601775996535,2.849743722938647,oed6
14,selected4,3.3587798464907035,0.0006318408822433826,0.00047202585359899926,4.308341089144408,3.973870825443493,0.11356978813410468,5.961572384242797,5.062085870224764,5.131448020350804,1.0731012413357055,1.2462495530495499,oed6
14,lowrank4,3.468683121878892,0.0006259880022757082,0.00046364520510396327,5.255061597397958,5.033293155808716,0.10697556311205503,6.271740601623865,4.250378931785703,5.164446894068597,1.2276742777735161,0.4398939534607238,oed6
15,full8,12.83661573488591,0.002102797677970376,0.0012771727715923415,2.7796095658189746,1.794968595337576,0.031916894764860704,20.041648300225724,49.06200081091936,12.155670984052813,13.51935563427402,3.3077550936939537,oed6
15,selected4,4.30562303761209,0.0006862299180102101,0.00047823844167848006,4.7631245457909195,5.753859271697381,0.09275702922562079,5.373143982545492,4.905732344535019,5.552846988757887,1.593342555351751,6.410177582992649,oed6
15,lowrank4,4.577998563049443,0.0007181648664753452,0.0005004294321764728,2.725594080182392,3.5677233069806524,0.08862938001095166,8.665212190299298,9.109944326931863,5.069794795483928,0.38457951756829534,7.012510906938163,oed6
16,full8,14.421298795261913,0.0017077901433774567,0.00099405039749966,16.612821078036188,19.395721586771764,0.07360689852093927,5.5463845657276245,45.33149942747548,6.524744101239444,18.81884535197129,3.066767352352584,oed6
16,selected4,4.441054495716772,0.0030606875552490914,0.0016233949468528375,5.873438069118486,5.726810300923901,0.058399536406139596,7.2239639322985605,5.03852149018158,2.567031956943866,6.848117869276482,2.1921528105851573,oed6
16,lowrank4,3.444347047508059,0.003174115105166889,0.0016871209348980928,3.8973250395929804,3.540729694932243,0.05129200382256727,8.578711080094624,2.2950491909277115,2.405114157482413,5.407381404899192,1.3791738083127392,oed6
17,full8,8.06379607962176,0.0022743990631352374,0.001502068133842364,15.517259253798699,18.719079190873412,0.220408992660448,16.691388761492053,3.7156439445455103,7.050284203354162,1.4318703497770868,1.1644339404727089,oed6
17,selected4,2.811343958844054,0.0006283461101780603,0.0006079303825785126,4.154398880307553,3.5547577558751597,0.26455484045613264,2.1077940106072113,4.105124572936781,6.7223374393549085,0.6601824839440606,0.9216016872706234,oed6
17,lowrank4,1.879896063718381,0.0005874715952516701,0.0005951100028649231,0.060521301408189565,0.4177785319034788,0.27291262680702033,2.277633526006584,2.9639339778037455,6.7109731949261615,0.40834686335887715,1.9270684875329902,oed6
18,full8,23.509808587110395,0.009576737740366369,0.005006312426148701,7.943460743843367,8.888144690986932,0.11940365462792535,11.124126159454562,97.56136662326817,30.9426914777745,27.778679605145275,3.7205957417824065,oed6
18,selected4,2.7011934428177216,0.002038498822747808,0.0010787782955111087,1.803068885253345,1.8719428449753828,0.0060347596727572395,7.176470473504271,6.434543619352995,1.5769783346335386,1.0366044599203317,1.7039041652291531,oed6
18,lowrank4,3.879166336315414,0.0021635089283122445,0.0011415975892389912,3.387522052885439,3.396847716200879,0.022426540869024958,7.7755454462409945,7.579070890896533,1.505725094124033,3.109807685843302,4.256385263463103,oed6
19,full8,6.172343654732456,0.001336218109064829,0.0008532166242580946,9.677906031168204,8.762248709274568,0.044549460846998734,14.72011052992629,5.799234318325508,4.895075713972896,2.208832153379192,3.2707923209659984,oed6
19,selected4,4.423213514114053,0.0008494458888804204,0.0004899618841861843,3.0206503417547825,3.136931503508278,0.023301881723158946,7.842659665016805,4.975525488171229,5.983350244788865,3.753127681038726,6.650161306910574,oed6
19,lowrank4,3.2355863279938184,0.0007763981819914612,0.00042202189838915725,1.6929748793333088,1.8421542016083148,0.019249683012922958,3.83998083719459,2.5278541774879093,5.482123388345883,3.152627607471392,7.327725849496225,oed6
20,full8,5.084591555579065,0.0004564199296772329,0.0003541769398138521,2.1230467242667417,2.2712065245368507,0.09041440208863438,9.466353859474474,10.133775073957063,9.169633584570203,5.446399568172922,1.9759027075656355,oed6
20,selected4,2.342951724293423,0.0003554722589031227,0.0003031415658283349,4.288376643283631,4.729380100053682,0.11923547191916573,2.9615503084717165,1.0784675260017584,4.95359443602541,0.43676345761723967,0.17624585097477663,oed6
20,lowrank4,1.2705787703190503,0.0002919261868016259,0.00027153271666438637,1.3252958134261084,1.564522185347772,0.11709896224065819,1.078097529304367,0.25405698380409625,5.205011805119986,0.3685256514793567,0.2520212318300574,oed6
21,full8,13.881691324762407,0.0012989513562691106,0.0010805130282773175,1.9579059762952489,3.172606375150866,0.39977473450696355,4.0639104608482075,27.468677010587818,50.91054282249778,15.60102781071505,7.479085407497332,oed6
21,selected4,3.881920041894669,0.001327844717493992,0.0011056098350463424,2.6238072069821206,3.7967359113338706,0.3985598723117878,6.022248778800354,0.6090499664371696,5.295609938691792,6.067357735142409,6.241990925457852,oed6
21,lowrank4,4.337499493965896,0.001406277827268294,0.0011362972037194925,3.190085531347908,4.350228761783503,0.3813544555907544,9.516958529911035,3.728469273636681,4.897970587376966,4.008497842502234,4.626430969578088,oed6
22,full8,12.637687731375603,0.001793702883451028,0.0010850267688290748,8.086544573051269,9.15672099571314,0.12003960825748283,19.296942133438854,38.485261752670596,4.47335705729659,15.48214344340133,6.000492287175563,oed6
22,selected4,1.8559660726387746,0.00032784809854947836,0.00021510446125316433,2.6524695927798603,2.772857112989402,0.04519400609399593,0.009445022803822312,3.765443451474204,0.7238946488767883,2.9115001459539602,1.9669246001381646,oed6
22,lowrank4,1.6750158479464248,0.0002546953259587141,0.0001674747527648948,2.5353779952428823,2.4365338795610536,0.035881753257438476,0.032743029383019984,5.081246763621872,0.7132573328564762,2.4015946607896077,0.1634913688590478,oed6
23,full8,6.1535653854767105,0.0005846372661806249,0.00043189315882557404,3.5777416176794863,3.2585136802789627,0.1540342207312806,13.016542053770586,2.318768747277189,19.169955276517435,2.2538596489941387,5.479107838564601,oed6
23,selected4,1.8079255945758543,0.0004159048727060763,0.0003245464704152296,0.5962011926682886,0.30370933595913474,0.11231248457970189,1.7274503213456693,2.432354108466517,4.409984384829135,1.1837356723680914,3.6976572563902965,oed6
23,lowrank4,2.5927633855477143,0.0005126274194089606,0.00037495835246892254,3.7108322588914167,3.8698361991498342,0.11262763447855706,3.0626011278910292,0.48441866202393324,4.588376906324165,1.682183918060698,3.2312303775620776,oed6
24,full8,10.368189416600924,0.0017090440128305188,0.0010525637070761358,9.422507936752789,8.766506068056767,0.06926743921226164,24.19202975333303,16.750623485668115,13.47088207449928,0.8960012611227919,9.377697314162358,oed6
24,selected4,3.6272361496109116,0.00040243940083822333,0.00023299440152486944,0.5143816523886735,0.5536973695860148,0.038053329167331285,1.8931569709710105,7.38682333234012,3.340477448012469,7.841733980540799,7.449565113880874,oed6
24,lowrank4,3.3066653068594145,0.0002915636095395036,0.00017324018115641004,3.931193474930106,4.170877996121769,0.021778543123551763,0.9057156582564008,3.6165200571081746,2.9642583432799574,5.040233845546327,5.80274453650903,oed6
25,full8,6.576276899358791,0.0003575661127749433,0.0002401562203105021,0.7753330024920957,0.8458568139036782,0.06792354558800007,10.141401127612326,16.640079119302133,11.187308272590979,8.368418195729422,4.583895117651693,oed6
25,selected4,3.5641064411307055,0.0009401835587618129,0.0005208826771781742,7.184296362729747,7.972704476910697,0.029077211047923157,1.7263694422107512,2.480736292578145,5.0498409005762745,1.5102011956687034,2.5596256473234047,oed6
25,lowrank4,3.2431659351787796,0.0008998738876847657,0.0004928536436487184,5.065658839867537,5.568459612939325,0.022786182021561352,1.7772137445852376,4.1655490723718325,5.063071705068567,2.7722046874394835,1.5103836371366919,oed6
26,full8,10.658613203410688,0.001373400004325904,0.000763048668550052,16.17300263102489,19.55920573727761,0.0030136442299988353,3.468242552772405,15.49012497806881,21.432522284474963,6.895383327099836,2.247410472336986,oed6
26,selected4,4.195718542708919,0.0003052704010189058,0.0002250186624825679,4.186117151362312,4.605199551990347,0.01389350381352239,7.09747009148246,6.165635043958795,5.698084275802073,3.5668729227285034,2.23247580053334,oed6
26,lowrank4,3.431029048657364,0.0002457676261329179,0.00018997010319976498,4.504142006592171,4.951804309146857,0.01717409251122959,6.324431329158298,2.1931807226268196,5.5786595487810615,1.911863737443198,1.966976642999274,oed6
27,full8,9.163602707492934,0.001057344309370007,0.0006282622384719646,1.6555634712832834,1.29801118954338,0.0671165441020749,5.7567725312290925,37.62872458546984,13.576586920317968,12.13924761141124,1.1867988065865864,oed6
27,selected4,2.818957415701819,0.0006894823196053183,0.0004783896922819516,4.290382498545298,4.711262695483587,0.11467281188034528,0.48601951510887087,5.303029644333712,3.6525060089275696,0.873394218955581,3.120391932379585,oed6
27,lowrank4,2.5231061562067127,0.0007052599729841862,0.000492401372470064,3.1429518138473056,3.4557348207379768,0.12123069198511915,0.5213468218654649,5.035691432451106,3.6604191100119587,0.2283678034405212,4.01910675531425,oed6
28,full8,11.129268313820301,0.0013541420162077973,0.000812124787274593,5.532702251173172,6.9756351437221475,0.125600590289765,9.880626844344453,15.424708711476075,37.72721049493474,8.311912334237427,5.0557501403846405,oed6
28,selected4,2.4716117798266977,0.0006070474948963743,0.0003814798255229244,0.7378529032469938,0.05340207666737484,0.033069522517159555,5.103948611267373,5.602659792690123,5.367170249577724,1.6194248165595893,1.2553662660872433,oed6
28,lowrank4,2.4936833663655165,0.0005608978125045902,0.00035776910745767223,0.6557234257979827,1.4429770660189911,0.023320760491651882,5.605499322421159,4.390447080734383,5.319608384946206,2.0799791239804133,0.43191176653334384,oed6
29,full8,10.472315509814798,0.00122155145494112,0.0007978720228401061,3.069129137472837,2.38885360723462,0.0714266152298304,20.385445028588634,21.95089679324198,9.378518305347793,13.927705093069786,12.606549498332908,oed6
29,selected4,5.416382696220952,0.0006181005921989309,0.000368479142974545,5.957859596481896,6.770069657896705,0.021365620855373635,5.9860669345268125,4.701070314461542,3.2968982799808977,7.054074603821848,9.54365656174254,oed6
29,lowrank4,2.7983571738182946,0.00031484184486815114,0.0001996734022861622,0.39903735002186913,0.03562738541159627,0.004623186476226948,4.329706224048879,1.6246025175654655,3.5394726765946904,4.910491530176242,7.543296520251386,oed6
30,full8,14.11788824406364,0.0011363399500383552,0.0007845476736602755,6.224673767813604,6.166245553479821,0.22678902050285998,14.241275757717254,9.18610821652065,61.425389595778924,7.61375132356279,7.858872717133214,oed6
30,selected4,1.728002375902729,0.0009200446594185441,0.0006229681541669383,1.3061897859092175,1.0852647750213773,0.1480055496938193,1.346326093848127,1.0037322027729445,1.6875693918167345,2.159583111342278,5.087348096817335,oed6
30,lowrank4,1.8639484968052553,0.0008919143495839634,0.0006022435662464228,0.9166114397325842,0.6879868720049753,0.14453737632295072,2.50612917594768,2.469664887372469,1.8414208230766116,2.189536538414072,4.155700861570699,oed6
31,full8,27.131540463546273,0.00713126354908349,0.0041294920652940525,24.898011394898166,32.66130804937695,0.23519715772197802,27.90617279646428,69.16053771739527,12.80467136811616,30.104865331407026,19.281559892990362,oed6
31,selected4,7.375304617693961,0.0010965744127345528,0.0008563236653232403,4.681341323996446,4.5443310751393735,0.29988968973340135,3.8868983692294523,5.353986608360217,0.21392490972031997,16.617198660015465,23.404866305357007,oed6
31,lowrank4,5.477342472473916,0.0012713556968149448,0.0009531458089260412,0.42230501407909404,0.2887699720639292,0.28343069122727105,3.6706876391972676,0.34604551619671353,1.1816016303657806,14.60616538688786,23.019733929773412,oed6
32,full8,19.358121065453084,0.001872115434567257,0.0010913269979548972,7.179601123286783,8.393524921156214,0.07587636781951623,18.24038284016172,25.7737242618022,58.49558798621584,22.809872310816527,13.896398712365865,oed6
32,selected4,3.8698896151595843,0.0007781419213136311,0.00045987390674392346,1.8079265844728187,0.952145729956666,0.013782739896317509,4.282259828846113,3.841479520828628,0.8863229231092951,8.321643357353636,10.8535562368132,oed6
32,lowrank4,3.658924462361364,0.0006359845453456245,0.00038367113815608345,2.811524585712677,3.810499373191356,0.03235716532190569,1.866132853650515,3.6585970049567207,1.1686299253952703,6.949510917641422,8.974143873021045,oed6
33,full8,6.766338977066595,0.0010929819131886447,0.0006942422146609622,13.035538698761107,11.77257698973614,0.05182662145362116,13.67011474453328,0.4830910207984429,12.132289128507857,1.8836817773410397,1.1015928354012772,oed6
33,selected4,2.750839346196144,0.0007100740336844197,0.0003998582551458336,2.9688010874490134,3.242974906842433,0.033424171488016796,4.465911497662612,5.146452727154616,2.913150184897617,3.0919517548031905,0.144048439271649,oed6
33,lowrank4,2.0846903785908477,0.0007648075434457536,0.0004212619612249949,0.288432379394421,0.6874051493550581,0.0244479578996204,3.179182138960901,5.608625935991185,3.0800778649182403,2.7626521878898025,1.0466994143175534,oed6
34,full8,21.42456277752035,0.006875105610353717,0.003708772825203619,25.65938873226672,20.853754709442285,0.09107016633218556,5.205218728290761,81.1157653744726,10.258187880737546,16.036208014828436,12.176908613792259,oed6
34,selected4,4.4483674526539545,0.0008622059314713971,0.0005555363092713421,0.7301172653826793,1.2350722097287936,0.11456602637180957,1.5333445469193463,6.241809406016818,2.346446822161141,10.50898578197983,12.876597562671222,oed6
34,lowrank4,3.754674241051317,0.0007627263247704906,0.0005128255100511133,0.6705529980310265,0.21390292419645185,0.09691307037121843,7.166531513718388,0.9458417777490458,1.5808334667144486,7.436014358766263,11.926803818863696,oed6
35,full8,16.60227245584627,0.0012003500902164432,0.0007769067361704692,6.81866150775432,7.2741058693838845,0.1111216456776365,27.958139302983497,21.522171375848952,47.64049389033753,14.218729674174945,7.274756380609382,oed6
35,selected4,1.6598688240524047,0.0005334728559740375,0.0002864110593871224,1.0315342661865956,1.3516885617824048,0.0026499008533020785,1.482374766695993,4.185540701581325,1.6505449832508345,1.0081537296502519,2.5664636824185294,oed6
35,lowrank4,1.2165925049229127,0.000564065839978003,0.00030820601407746743,2.4070391404520275,2.8126642052191064,0.017174079613546667,0.7873539413533415,0.8207475325193281,1.586144111178478,0.9998736326991331,0.3017433963483418,oed6
36,full8,15.228011101206832,0.0022829238449984563,0.0012821469640812296,25.218725156907993,19.576223821646078,0.01772551312557713,6.284883620193993,0.8392333246113881,57.63295429496629,4.902655353840668,7.351687724362666,oed6
36,selected4,5.815187590890583,0.0005977614793548104,0.0003682132484537404,8.67795040902215,7.1148211382609965,0.06472394307053264,7.046896815361081,7.128103733807567,5.951390933612255,5.969733314780301,4.5678804392097705,oed6
36,lowrank4,5.0867352433771424,0.000553607468650201,0.00034870566126987565,5.683763694472632,4.477429295226331,0.07199498291496909,7.687578558707275,7.935003628036008,6.025756835218409,5.531349007029074,3.2810059454124407,oed6
37,full8,9.184990351610008,0.0007737657706903036,0.0005866806255690546,14.16739272226939,12.979063904134458,0.21611894326980519,14.141843690130496,15.633138693765304,5.2025913448549455,8.472548948204473,2.6672245662511918,oed6
37,selected4,3.9499078549817646,0.0011390037816754123,0.0007740825127388532,5.6180238880465305,6.171387682976615,0.15332308286239993,6.007731243288439,6.4765792041488135,4.642806016486734,1.6698500513529835,0.8595616706915998,oed6
37,lowrank4,2.752292113353709,0.0012450211647528652,0.0008238754009013074,0.7716784500141793,1.6675345474417735,0.1463985138817847,5.001289683890109,5.357738413758961,4.75931943378578,2.0388013560556306,2.2755765080014534,oed6
38,full8,5.884163986285657,0.0005838322436685612,0.0004472963065578308,0.8076183528588965,1.336324343223727,0.05663867358951524,16.707099124487,9.939376387723797,4.062899126720199,7.856455234723381,6.306900646958735,oed6
38,selected4,5.263170707984233,0.0005148718197081001,0.00037074473828932166,5.217787474141922,6.33121399013985,0.1180713137692635,6.07807359766388,2.381489137103787,5.564226621765367,6.684410726284429,9.730092803005363,oed6
38,lowrank4,4.3042243385862795,0.0005172620422148921,0.0003750216468808814,3.7658419252429187,4.69772019756225,0.11522364943501451,3.5680644290332464,0.4028332865157247,5.242093239800205,6.067777662944263,10.574240318156614,oed6
39,full8,7.412508805716992,0.0011776797368054511,0.0007592722419083077,0.5637772912436834,0.28818000798833676,0.04587509074573948,21.470585734897508,6.704957002191492,24.831058815607854,1.5041701789720863,3.891466324089232,oed6
39,selected4,2.845318097368636,0.0011889256928190493,0.0006665836642758803,5.769977124166048,4.457789196341421,0.014447998370870074,5.0424399590681235,1.5922800852920416,4.055263151288202,0.41607846939799575,1.414268795024387,oed6
39,lowrank4,2.310585411816221,0.0011745658403299604,0.0006594697517580795,3.6573052151935403,2.495074490342153,0.021507706879386745,4.837564592445132,2.828790423336258,4.0722641545453575,0.27634397144953304,0.2958327403384087,oed6
40,full8,6.990322659697044,0.0014407509216799598,0.000827612167740534,16.894877414235587,14.339455007460899,0.06137253324651759,1.7051626446945467,1.912104038403939,12.021748787328534,3.1538383617726096,5.834022490433721,oed6
40,selected4,3.992062291309276,0.0004777977052613012,0.0003125293334250779,5.07992820452694,4.636052855368522,0.08503134925210709,5.702943393021142,5.112817704338868,2.287285647101134,2.2962129650140994,6.736226211851393,oed6
40,lowrank4,3.035177548652129,0.00042499815625330457,0.0002834566477104074,2.429713485541063,2.1979547051345194,0.07982010059552902,3.9256431831344307,4.272608653168353,2.0699415726370907,2.6301160844709126,6.675622604535136,oed6
41,full8,17.052700734636318,0.005403643635640262,0.003432814587101832,2.196620633403712,3.366301445599462,0.6304954513014049,9.462677163816679,66.87646042889719,16.433058405657917,29.601065291126616,7.854927057287542,oed6
41,selected4,4.3519066971392,0.011762839124037413,0.006537285919739032,3.3612787671049693,2.122514856042612,0.635873709062551,0.3710453794314228,1.5135381336783715,5.979721428421292,12.715722676978237,8.115558626394147,oed6
41,lowrank4,4.680630859626413,0.012657226811841766,0.006979513638961841,1.015500636765343,2.1811455642321453,0.6265218747705248,2.1622667354058933,7.58348715702356,6.244695324405725,10.130778848019562,7.500650736388548,oed6
42,full8,7.606603015497539,0.0008406390057108065,0.0006800773043570215,0.9564207877217568,1.4481387991703176,0.01779131346272278,23.763870598578507,6.0900049774259895,24.55267653091646,2.5400039516589645,1.4839171650455896,oed6
42,selected4,3.8978530747850364,0.0006659545849885709,0.00042165402967001475,6.043291720518418,6.7118627391553165,0.052848016039019896,5.571092345532202,2.9979138400673233,6.214786469392863,2.485996479304431,1.1050329882707155,oed6
42,lowrank4,2.288960081018898,0.0005102395640257402,0.00034171768442051983,0.3565283534943453,0.62741136526272,0.05380634430374176,6.90711577134715,0.5228121264052366,6.398251464634419,1.5122574576827308,1.9334977650208418,oed6
43,full8,9.146423350789485,0.0030390346786738445,0.0018309387838623197,3.8485317243005746,3.9285163709594895,0.313872364018275,8.800705231908701,1.4602806629798737,29.492274998101674,11.79921197767645,13.527993476370836,oed6
43,selected4,5.048293222928422,0.003950503125213941,0.0023185222974480054,0.6027606638751237,0.24158969375407402,0.2977179028796906,5.281942567370601,6.782283722350535,7.600903152021554,7.948641552307334,11.630506528868455,oed6
43,lowrank4,5.957097435727684,0.004282851599410921,0.0024743427134546847,3.1819534060297694,2.865410968078419,0.2813615637079936,7.690984438320947,11.164222237923171,7.321596579592304,5.268918907885068,9.882331384283805,oed6
44,full8,15.77697121868048,0.003230291968938792,0.0019146644014036618,2.3169550489875235,2.3715612222721005,0.30376878108612226,13.58237265620783,64.09107250616577,22.599653907002736,15.321951359275133,5.628434268446625,oed6
44,selected4,3.0540734953041424,0.0009021676309368112,0.000757029072574551,2.9192603623677704,3.071518658365102,0.26278894602449476,1.0500760544551624,7.890722854921939,4.8227912461119455,0.32900262021561266,4.086427219971112,oed6
44,lowrank4,2.2569596722726306,0.0008295947080115593,0.0007146321550084127,1.3290235066421685,1.2553536978871627,0.26218795165443565,0.6996214910767073,6.066257586982227,4.770770925350765,0.07218599625842259,3.6002762223291573,oed6
45,full8,5.303032043887106,0.0007354865502199505,0.0004168680740875624,8.347948124964443,7.545681463109288,0.04704449551637957,2.6091327303798706,2.114734067590218,14.49820476366055,3.8139156183472744,3.447595087528832,oed6
45,selected4,2.013408815519763,0.0005022066938584462,0.0002833183031616045,2.5933484136125617,2.4477506645379843,0.013353391063364306,3.0043856134728486,4.825557742490306,0.9072211908270233,0.2549712486190847,2.0606822595349295,oed6
45,lowrank4,1.5855721862976262,0.0004948409397055189,0.00027484801342509416,2.263822288640349,2.134987969525448,0.012418397107150092,2.5057043515864796,2.1256100476208184,0.8308042891653322,1.1554964266516476,1.6557337200837852,oed6
46,full8,11.617079462403247,0.0028507581865002615,0.0016149954792628125,14.706336202270142,17.971581518576073,0.0695939173848803,1.7988763230771365,20.897472863538958,20.815687452899013,11.32419588732928,5.3528915341504835,oed6
46,selected4,2.655730828317594,0.0007476366952772987,0.00046765720045748884,3.0509334634376994,2.475028867291007,0.04608625480984063,7.8145241383307695,0.01687936735088602,0.6715881915804633,3.416644771537125,3.754161572202963,oed6
46,lowrank4,3.0243606448938474,0.000744650404711297,0.00046254481077330603,4.777743828468295,4.071645818126612,0.043527572536117276,7.6292561168070705,1.7605890603319074,0.6651750375026744,2.2766754943907452,2.9702722309873586,oed6
47,full8,14.485816109840721,0.0030433794344442494,0.001828770689455735,11.261693415688988,12.327204884058695,0.23659299254741306,5.959678139029356,51.78977835488159,13.116439868962015,16.833875318498283,4.3612659050594305,oed6
47,selected4,3.5807599008685367,0.003360385474788938,0.0019400745723813745,6.101903110481111,6.208414239920046,0.23113713031475136,2.344657379487014,1.7919559252302597,7.090154071807397,0.5676163760897857,4.31024097361793,oed6
47,lowrank4,3.4992957572405334,0.003395565449494097,0.001957005734602584,5.037366619031736,5.02278235367708,0.2308838965382476,2.4726649599239314,3.6032359580946305,7.09733566434757,0.20349735618601095,4.326599250125063,oed6
48,full8,16.199567324880658,0.003183478535281486,0.0018920404853944367,11.680779847835899,14.243976014361914,0.2490141943892077,14.873189854175928,26.878045722948073,34.049920196126095,15.814190769514514,11.807421999693624,oed6
48,selected4,4.512116807466238,0.0008633014490405603,0.0006744756804260782,4.400575795670969,3.480854565239777,0.22903727924243888,4.392747226043747,5.082263032396583,0.19616546596077367,8.323608751055389,9.991682344120223,oed6
48,lowrank4,2.1667118420640357,0.0006621338641599222,0.0005607043781687646,1.3828783478111006,0.6584418239189649,0.20911885735492852,0.22566454347620057,0.8629688381807554,0.34747421463054984,5.758666112240318,7.888481998899466,oed6
49,full8,16.940490940766264,0.0034591177309950157,0.0019172317117761217,15.570044428907837,13.555485206767315,0.07963661445118397,18.05313368196526,14.137393072115124,35.28576430510293,19.927065426851765,18.915404789968694,oed6
49,selected4,6.515852816763925,0.0010568650129049086,0.0005633769938311644,5.450043627853796,5.982180768643075,0.013011455369360547,2.4939022073857453,5.723482471972085,3.7290202192304944,13.00901556679368,15.726166216863158,oed6
49,lowrank4,4.702793973319654,0.0007341707387625764,0.0004192796080395961,2.406350895959275,2.729685764453449,0.03723639482957619,6.134919237358338,0.24652211431173132,4.2124146081365055,8.48844971692646,13.366773054581893,oed6
50,full8,15.619686449151143,0.0027335720942763698,0.0017109646857206013,27.393516129384253,21.367941302170866,0.1842832745984624,10.3935794643636,17.60111820086152,34.55073660887983,2.0680859885889413,11.398230624361672,oed6
50,selected4,5.207647120365607,0.0007788187477648534,0.0006574896295636013,7.698494702121095,7.1863237024960664,0.25163460449231234,5.148688872472218,5.362885390553029,1.1885584106182678,6.349197047365096,8.475394232806766,oed6
50,lowrank4,3.791527619567245,0.0006891450824941289,0.0006239863192665287,5.332819604672778,5.140254265217504,0.26566230143268976,6.12364054759027,1.4885141782002176,1.0534318392479647,4.071177304156192,6.856720916020342,oed6
51,full8,16.90570828132577,0.002009543706915821,0.0012936173726159736,8.28893542890058,9.310296203552216,0.26711628960865985,9.384774388049122,29.383148332865204,60.41898068502891,15.77566149019356,2.416753432407903,oed6
51,selected4,4.0043144991911594,0.0013429340335466126,0.0009057763391059876,6.86462801922596,7.903115769017455,0.16942254645858634,3.750122679855672,6.158369264574715,1.6564198872030866,4.120250015047711,1.412187812146093,oed6
51,lowrank4,1.8816072346858295,0.001084676773939876,0.00075506696982584,0.28437977111808177,0.19732636573401852,0.16764399920207174,1.5509776660611263,4.25077194514043,1.9523017095707251,4.069618177349243,2.579838243310939,oed6
52,full8,9.00591984373423,0.0005257613341811626,0.00040616627168190426,2.652237036636196,3.201951728288477,0.10918724430892812,7.802081941644579,17.797366446276698,32.284982283348974,7.783742136011062,0.4158099333589127,oed6
52,selected4,3.07157810337626,0.001176396154307448,0.0007385859162108797,3.032043876709045,3.7664063254307045,0.15110716046178307,4.203362092626439,4.334678062889319,7.253539208763304,0.5127189653402309,1.318769134789255,oed6
52,lowrank4,3.321631869142845,0.0011845602383090386,0.000747230428927063,3.543121853950959,4.322572830460358,0.1554206917414369,4.185458382270479,3.9136612889443034,7.249685772479975,1.1231851225717016,2.0799490107235474,oed6
53,full8,14.159781407500407,0.0014280438742766128,0.001126314438807674,1.891877021070898,1.496749177347323,0.3677102147845335,0.7215155819225494,20.032345391326157,74.89470808007506,2.908378080535856,10.964967712940886,oed6
53,selected4,5.053795384976449,0.000951882378035154,0.0008195698298371875,3.8200378542336155,3.9738960533440504,0.2989068689653207,3.015001181896604,5.9940908227044565,0.4680362857742093,9.479343624787651,13.381050388105686,oed6
53,lowrank4,4.180239470655489,0.0008884793936814931,0.0007873780475737885,3.9645536385717994,4.154045423068908,0.3106544224673269,1.48289594263471,1.6121870874006738,1.0544339969446925,7.794214003823896,13.068931250331906,oed6
54,full8,5.550155084482192,0.0013798664511799502,0.0008863057073107087,4.2008344653596925,5.1320505044810005,0.14634074758779203,11.802925414508735,6.502842420935783,13.080413458234009,1.2340718099652204,2.3017618547853003,oed6
54,selected4,2.44473370638124,0.001446393590193806,0.0009425263291221013,1.3702453054896147,0.4682231080627264,0.20429582624961196,1.191047903986031,4.7004159750606345,6.744887662768917,4.674487136669391,0.20426673276299212,oed6
54,lowrank4,2.484007821393056,0.001398926924544332,0.0009233248350165914,1.1806935901949478,2.100565612090488,0.20727982723451888,0.013936490595545248,3.849561611023722,6.602571646750322,4.846250936221508,1.0712028570333931,oed6
55,full8,7.648646401028131,0.0023285854371404074,0.0015549282096191444,18.979571099481763,16.07015177701826,0.2563863729577398,4.338866601745506,6.876659546801733,9.266354229850094,0.35450238317609184,5.04667919719386,oed6
55,selected4,3.5023252159016485,0.0007580875139299258,0.0006701355057048288,2.4853375471841743,2.3584511076502945,0.26327366290500587,1.9332881429010573,5.743676097632244,6.3136208030345475,4.473993081428052,4.446961284477813,oed6
55,lowrank4,2.6898926732669888,0.0007243626593837155,0.0006604980502691222,0.8939831287024358,0.6647998381406062,0.27614033602330057,4.049567853556679,2.674091060024053,6.60147426905211,2.8311942816944713,3.527890618942253,oed6
56,full8,15.754258816930516,0.0015303568458909526,0.0010615318391827835,9.533654059267771,11.07087704927272,0.3318685688516565,21.84675741407427,24.525445864869,25.04646210322603,18.00226001395582,15.676745461926856,oed6
56,selected4,5.475735021287775,0.0010020705321321694,0.000795829238052762,3.350891943588019,3.753154551950044,0.2918957416303325,6.34428797524591,2.0106552619312157,7.187439914268257,8.29679889941346,12.570755882274964,oed6
56,lowrank4,4.544324133322853,0.0011041333726296205,0.0008328502669789861,3.043871453742353,3.3567217642111125,0.2675622053150084,2.152475742384341,5.381562369347003,6.666550255861948,5.663292764079597,9.822556511641455,oed6
57,full8,12.425925113334557,0.00128339589709576,0.0007820978368034527,0.8762656909028776,0.68632795811705,0.03703640250175555,13.756163805492605,42.380352053091606,11.421114036936398,20.351297753202978,9.898843206431195,oed6
57,selected4,4.557194642697024,0.0013654257102265349,0.0008037052735906735,2.650346818939875,2.8803995557955986,0.06821647754386984,6.649382371030765,6.709065068754727,5.297321617787243,4.356738983524355,7.846086248199757,oed6
57,lowrank4,3.8819743873324404,0.0013812918664136782,0.000817887116917317,1.9799848382473062,2.268304682943767,0.07911416086566758,5.065236291144259,6.331632986045587,5.102390409148139,3.7938181704189167,6.435313559845879,oed6
58,full8,5.465903633860833,0.0011887417686871674,0.000912110849266113,1.697471663055805,0.835861853909381,0.28954605466327,12.583850971896005,7.508016475355972,13.229233244885986,1.1357780166540765,6.44747079046617,oed6
58,selected4,3.8360944897102556,0.001363318717075327,0.000999239805394835,6.747472969421575,8.284607174703918,0.25619409190817954,2.4483878487784327,1.7229634817023998,3.5663777723556445,2.627187581987611,5.035564996824283,oed6
58,lowrank4,2.1990076533999687,0.0011639854338989192,0.0008876107361550014,0.8736464338865435,1.8607484685605913,0.2550330731924233,2.8083512915989983,1.128781423813674,3.614660616160914,2.5414167928959897,4.509423127090617,oed6
59,full8,17.12792654124683,0.0035710519057798795,0.001998017832626511,17.37005153302178,21.160411403116353,0.02424304387840248,12.132533860664196,17.824797405561398,39.5922568896514,16.76386117451645,12.155257019564669,oed6
59,selected4,4.878718509994866,0.0006784697267744271,0.0004169366255498261,3.6094169630386697,3.2687953056506514,0.03068166375364001,6.31007268881838,2.6757405514790555,5.0008857571288035,7.722323380787111,10.411831769302616,oed6
59,lowrank4,3.0894988225461995,0.0005541546466702615,0.0003538835105391273,0.4026046182904697,0.11434797623077753,0.04927142052848499,3.5118897042293096,0.5171170571902861,5.32241622585039,5.806359831123209,8.991983746926667,oed6
60,full8,19.09877769608695,0.005036540411156428,0.003031322002819103,0.715113603104145,0.1567519464963807,0.4216477026265597,9.849419734965792,101.38696043073003,9.516385283713147,28.512586519036297,2.23135634802325,oed6
60,selected4,3.1669485892344857,0.0016775410373988872,0.0012104769124098036,2.742821560039188,3.612791905528745,0.3710420708213036,6.559189089236217,2.805416560487739,6.708117624008214,2.4016745376239323,0.1345353661305504,oed6
60,lowrank4,3.601204004969137,0.0017071470674139473,0.001217231671966324,4.519618993497254,5.5106326214446,0.35918655296756086,5.541320961995034,3.410425784808069,6.577691731671709,1.3443976550934433,1.5463577382754279,oed6
61,full8,23.418365372443457,0.006368663502603503,0.003467159194641521,28.09029810777477,21.655828768987295,0.04419998170013262,5.627612029964135,32.57441905514356,58.580949909469425,27.4965597845545,13.277055341953837,oed6
61,selected4,5.617410750299843,0.0009274130554155219,0.0006048149292073884,0.45260015899900585,0.8887609904346228,0.09409192890175166,7.435218964177959,6.791414525056716,6.485962779592835,10.712632971930013,12.078603683305843,oed6
61,lowrank4,4.551276658671746,0.000821458192479311,0.0005541058964288197,0.7307657906857612,1.2118918102042686,0.11018450455140272,2.812890220869324,5.685305511004302,5.90857848863291,9.240536078998286,10.710060864427717,oed6
62,full8,11.718669381263476,0.0014426537901307344,0.0008936791680607233,5.903404017454883,5.7277069174687885,0.11413132889332989,4.760509741845387,47.45956943423486,11.88830577480806,12.95065192057978,4.945075914822727,oed6
62,selected4,3.7885076125437664,0.000688757471099393,0.0004747759976163049,7.092058853051064,6.73792586195594,0.10767698094844569,1.733225732657151,5.672984738884734,3.847735870571656,0.16723148495179085,4.94922137732935,oed6
62,lowrank4,4.2757974472642415,0.0007376829241928133,0.000501922254542491,6.0264665144158736,5.762259787990132,0.11891485835140436,4.6125968263675325,7.8443462731035085,4.206223317198143,1.3946341127481277,4.240937887939211,oed6
63,full8,8.909881221396148,0.002022326454268487,0.0013916890384874014,12.726011664508585,15.906976413386698,0.3060342949109507,11.993044161615774,14.900953911489644,7.905288350462191,1.3053094082047245,6.235431566590622,oed6
63,selected4,3.55015244037655,0.001307621644032444,0.0010019030856198174,2.1035152686483816,3.5367088720116957,0.2613968089779539,6.650042329836003,6.3974499648619565,5.041925407580871,0.5493592910423617,3.8608215800531753,oed6
63,lowrank4,3.0999937322380156,0.0012991482918503236,0.0009916267745476881,2.2215599066312874,3.6626454959295174,0.25902688356875814,5.307345161583887,4.6919851091267395,4.866855196816299,0.7196540356472658,3.070878068600369,oed6
64,full8,28.3861527186016,0.006751277610850029,0.003706248364536329,13.379984689527147,10.903017440157491,0.163720766120945,8.039300624661294,125.03275805428467,37.63249525068923,30.981065199000078,0.9568797243719618,oed6
64,selected4,3.8924103080383534,0.002175743778045335,0.0012462522539672292,7.713368433823176,6.321857219603699,0.12207384131444066,1.3621327234861424,7.0263868135225565,4.591567597128043,0.49778860010905035,3.50410723531972,oed6
64,lowrank4,2.2151611310744252,0.0018788293499844271,0.001079553408940295,0.42719873655241436,0.4900650688880237,0.12265670228266412,3.655789111550678,4.30742170285896,4.276303866334286,0.22853141698883084,4.213322443139544,oed6
65,full8,7.5405703293008255,0.0008220659926498835,0.0006985249814035299,1.1727556915843595,1.3280870277985857,0.2366007514606583,10.000625469610313,5.74196242725562,36.60549707539048,1.182833802706884,4.056200388599695,oed6
65,selected4,2.5041321001390493,0.0009872685976565496,0.0007389415271294408,1.407390783593998,1.163230552564698,0.23109755470878124,3.136783583110747,4.652904088229725,3.4002350738668863,2.7735167431762298,3.267898421861326,oed6
65,lowrank4,2.3999799795130086,0.0010111635814102546,0.0007541605553626599,0.10231955016835048,0.1443473747468449,0.2370303848268307,4.154657483350244,5.6375705693212375,3.519706555874169,2.8064482331740415,2.5977596846423534,oed6
66,full8,20.1752133552247,0.005618603328770775,0.002979526414189146,0.5441416805998855,0.48397120001775207,0.08774474385904174,4.503957456862251,80.00637142215506,38.1429226996281,26.093267073851646,11.539330564823857,oed6
66,selected4,4.594704072202625,0.0009056885833299424,0.000499700336472492,1.5545141565600051,1.5034102610232636,0.041120882996192876,0.9536439587280898,7.252898722818202,7.398996720230788,7.89903591834501,10.154011956919451,oed6
66,lowrank4,3.288714662036059,0.0006851457645967001,0.00038896686970400177,0.6635955545642114,0.6951084384279049,0.01987850552207515,3.31518285960799,1.4958277862348046,6.888895838274789,4.907685083439162,8.323543230217535,oed6
67,full8,11.854628795694989,0.0018445578758471922,0.0013690962355265455,11.052299927024434,8.95619258508409,0.39046103077942096,0.9780892474507086,28.218526538064857,27.496097438906688,15.098217116472945,2.6471464817767743,oed6
67,selected4,3.9808240576456715,0.0011728005485194164,0.0009975861731789438,6.151728182853122,4.794994652695184,0.3668983046987817,2.5396718534605345,4.878725682694363,7.29574372489179,2.8257417833445153,2.9930882765270783,oed6
67,lowrank4,3.5320158375678714,0.0011484086388782735,0.0009831293068699098,4.035662809664964,2.856777733129945,0.36750831513256976,1.98852868647863,5.663855451574362,7.229717993101037,3.157815101746464,2.956260609715,oed6
68,full8,8.003294346034671,0.000777859468742077,0.0005686132668041959,8.980066913210017,8.913534947850055,0.011636842412265924,16.33180463459688,14.336964918294193,6.217356123044682,2.8193292751955923,6.415661113673687,oed6
68,selected4,2.4128783918777876,0.0007161925413982955,0.00044395300514481857,5.180172830508756,5.958640474472943,0.05575562807336176,1.0078665946687382,1.3755818825662014,0.13016415211430932,1.7313356827855286,3.8635098898324616,oed6
68,lowrank4,1.353414106887063,0.000836089470127265,0.0005145869738166804,0.9883676804904873,2.071372714050268,0.06573048082652022,2.576238508034856,1.6672387035651104,0.3189832123875247,0.7861131825860568,2.3532683731556814,oed6
69,full8,5.845009151982101,0.002013369840965585,0.0011650997781625027,9.297307882507965,11.72725682021387,0.08722663517629625,10.01763073540143,9.246766828986331,1.51328239568157,1.908418489028818,2.962183428860521,oed6
69,selected4,5.562453899478122,0.0014299501923768472,0.0008529822315081797,9.525417856674556,7.451027505332508,0.08144982461317785,5.868177428411014,6.932038331477985,7.376303275750495,4.5907432634679335,2.6744737100973026,oed6
69,lowrank4,2.967998045813569,0.001034126724865833,0.0006324103683901976,1.7442192884531194,0.3458993105560526,0.07473857825557317,5.394248756742193,3.577664319292706,7.450951152164853,2.856644284156884,2.299618676887172,oed6
70,full8,14.625920173829588,0.0030341554873078574,0.0016968093173936952,4.174825259615567,4.485026728074137,0.12379302007241577,1.396390439381756,29.81276303906153,40.10432851113455,24.514114215471384,12.396120177825354,oed6
70,selected4,4.383608380081403,0.0010742043543474876,0.0007510994446086946,5.03034399035871,4.581427832061957,0.1825616535598762,0.3411877672917618,1.427093277626934,6.998185278489554,5.851336698117282,10.656730543145155,oed6
70,lowrank4,4.007088183762171,0.0008725075565402636,0.0006582905468293231,1.2720278100011417,1.584692562018053,0.20560253908472603,4.454062993424623,4.859166303937834,7.494078031483986,3.2819344394255268,8.905140790721477,oed6
71,full8,15.859105282005522,0.00262671546453373,0.001417785388931566,1.1393233395676328,1.0083812321621477,0.0744148361215613,1.9209166007823297,39.07555075551866,62.71041154659882,17.84336752150695,3.1004764237860805,oed6
71,selected4,4.210434841113435,0.001323220752407194,0.000819568731195144,4.20846812067105,4.723670529873902,0.1628478627994978,5.6045752469282455,1.7680375197168585,4.371289244739152,6.275595695259584,6.56899450891919,oed6
71,lowrank4,3.8251991477599976,0.0013361718856555376,0.0008305943207926927,4.021199254301743,4.492363383810982,0.16110592751483743,3.218499494836158,0.8296875191967312,4.703393488077778,5.74421238203503,7.431131732306717,oed6
72,full8,6.052842716319278,0.0013059779690570235,0.000807476860966275,0.8783064656230577,1.0295043883858712,0.1008273706688434,8.968088726182055,18.209590438181312,12.152280835023832,5.867914252172413,1.2162292543168363,oed6
72,selected4,1.5295547081014438,0.0016006998185914816,0.0009550651643262885,1.7258289457904308,1.8065425623606357,0.12252410102870925,1.5546949021117196,3.242884782754696,0.16276029746663534,3.305452926596275,0.3157491467024487,oed6
72,lowrank4,0.7898323894149684,0.0016633931036473194,0.0009894425315137944,1.1714858916658244,1.1162207930469403,0.1268694605044196,1.5380500259004948,0.4876597526209503,0.1388988571621952,1.549744591452018,0.18972974296690426,oed6
73,full8,27.692636043997485,0.009277130192461357,0.005219833071726963,21.530964613278503,28.987176618539245,0.3063327028646645,20.975725618209793,108.55850736222506,11.901391300665864,27.12391304079468,2.1570770954020713,oed6
73,selected4,3.217978219544848,0.0009644532093210629,0.0008321769565419756,4.756165154840641,6.377726294041786,0.30372740820721056,3.542597696111982,2.6234831110414802,2.842369210296314,2.692233613054129,2.605523268765242,oed6
73,lowrank4,3.363348040000365,0.0009751450848143495,0.0008411435900059884,4.887510664051408,6.5436376576692545,0.3066405462172961,3.6212624473570987,2.9467400935482058,2.8359625120003895,2.9407478733985415,2.824282525760724,oed6
74,full8,17.35033258893723,0.007077084147825772,0.003939267897908883,9.418330644667428,11.683479807781216,0.29150853137811517,1.2823730922258525,81.8908005471935,7.029458449643045,26.296838709012636,0.909870929596035,oed6
74,selected4,2.5255266626687662,0.006690824630643737,0.0036341421309715087,4.4884808868271175,3.2098450064196538,0.2636523140315816,1.6307276232540246,0.0729480452208442,3.296869741906272,5.259807879332701,1.9818818043579323,oed6
74,lowrank4,2.3645262741656445,0.006638249171672994,0.0035952112439341806,1.4020391122824827,2.5815507155135142,0.2609207196935248,1.9385979773790196,3.261322087631724,3.318435743078818,3.6196758548449837,2.533667982901089,oed6
75,full8,11.485536276292287,0.003239168437055639,0.001799193231805278,10.690267842082202,8.86558684459583,0.1832447493390399,17.17974944897388,7.286555684525631,27.66286728862695,10.903783545466139,9.112234806728626,oed6
75,selected4,5.110364910836491,0.0030558595081332392,0.0016565274985477225,4.7086241213808,5.6834347227658455,0.12597681312300768,6.575012108201639,2.0130708067645386,7.45711664246943,7.827669704337548,6.492014367649124,oed6
75,lowrank4,3.388424554501965,0.003062184665198665,0.001643946579060745,0.17195851427689313,0.84747537402865,0.11374862714368383,6.13619116493277,1.7285398565004106,7.384661217325461,5.666654193693798,5.0581674881140515,oed6
76,full8,9.664931861492514,0.002378234171961765,0.0015477286602081867,5.541411692686182,4.853276876941215,0.3602226700195721,3.571530753997565,41.35340994318359,3.138579562004029,6.133883861150213,12.367139531957738,oed6
76,selected4,5.8122206663145555,0.0012676358086398738,0.0010367763556169926,3.015165316355839,3.857316643570219,0.3759410944029651,0.21976994020613816,6.6194461951063595,7.973110716768361,11.605196676238938,12.83181874786763,oed6
76,lowrank4,4.810805703834509,0.00116632344726018,0.000982092174061009,1.400587316016777,2.2574032458096305,0.35748617815895,4.8219689692097,1.6895592851337127,7.318650253991588,8.688885573645777,11.951904808709934,oed6
77,full8,30.991220077003945,0.011082514147750694,0.006168471230409797,22.66111690771678,29.4984415829745,0.3380517842093145,12.195486847504489,115.29833504712101,24.762614713306718,32.11992662223798,11.055787110960758,oed6
77,selected4,3.603618418308749,0.000913355990343815,0.0007107402170707136,0.13603276230487182,0.17697643901732896,0.24812430049796497,7.579204239594183,1.5936011315709986,7.151036081331075,4.616458324460249,7.327514067693319,oed6
77,lowrank4,3.610786428927845,0.0009376890374649072,0.000714721304108322,2.0654048582678275,2.0780308608743026,0.23501711423035143,5.970824021532739,2.854601124726186,7.387971541550553,3.0363269061614684,5.258115004079333,oed6
78,full8,8.117934773304077,0.0006155693212085619,0.0004438451340945329,11.338617265681329,10.392134567388423,0.004658433988580235,15.356978883932904,1.9842998331672135,17.820859911295052,2.570644290868773,5.4752850001103415,oed6
78,selected4,3.8728224430256653,0.0005638639901612577,0.000361263235638945,4.762887364672541,4.590590675113971,0.06211119937693521,2.038159463876288,0.7089129928522286,5.8820051171938115,4.902236323474174,8.035676407645376,oed6
78,lowrank4,4.1343532833115475,0.0005714857651114852,0.000372117684555588,3.4401934158985847,3.4200257504004683,0.051535937056268466,6.200063926340471,3.080800389891414,5.398563216210251,3.4376650196249026,8.045978611070016,oed6
79,full8,16.96404989875441,0.0030357784933063526,0.0017716512773026558,5.656139046914532,4.994455016336818,0.09029308574418637,20.36125304939258,31.805018577952715,51.68424837580401,19.086575633777446,2.034416404112982,oed6
79,selected4,4.18606027003397,0.0004356260183192609,0.0003341094366861893,5.925383994206723,5.458786011052608,0.11125514242030787,3.708785828981176,8.310930169818164,5.360747677944233,0.4837246591328448,4.128868676715703,oed6
79,lowrank4,3.371402706042188,0.0004294697849291256,0.0003342535018793418,3.1656806013653727,2.924982673481613,0.11352091522771612,2.6063477203346785,7.791805865883505,5.225462917543489,0.2107214946825975,4.932699459818535,oed6
80,full8,19.91493287482698,0.0033453160580616875,0.0019551179707074603,10.98352159796898,11.446978455118483,0.2623318505059591,34.77225756736757,54.574758869646445,10.961850867696377,22.909142168995402,13.408621621316641,oed6
80,selected4,6.1715375577121865,0.0009258356503633876,0.0006945132413169868,2.4720595075205853,2.8446735632395526,0.19280740497263915,3.5669610209995484,5.988708412835453,4.410617453015108,11.841197268842718,18.05527583027189,oed6
80,lowrank4,5.139954549915869,0.0009046253109832042,0.0006793955952706026,2.4793344044882204,2.8994625607620783,0.20302589705275542,2.105756920035673,0.8559483899965858,3.709709836767161,10.304901457059723,18.561496933164754,oed6
81,full8,7.966486938080347,0.001251787863431107,0.0008233562474708294,5.631357420107341,6.95764408432491,0.0903339590740071,16.958396221849892,7.52031563382417,21.18195063444468,0.8508746937006872,4.541022857317101,oed6
81,selected4,3.210526549302167,0.000917739762555489,0.0006490529113787472,0.15932627666426225,1.33058346130992,0.16307910967627848,0.7487819878280622,5.179736671722646,2.543898241002074,7.577058670376213,7.981747975837883,oed6
81,lowrank4,2.7338747312555696,0.0009723403772734306,0.0006797280249865493,0.14391269497651127,0.9856774170540872,0.15600383172060805,3.3379761904844374,0.6348991129858872,2.0329265854141965,6.152838202071475,8.426763815337356,oed6
82,full8,7.523008809559391,0.0010752231295706655,0.0007627878619885066,6.618689372139364,7.946981792425856,0.17720577769666512,12.642181427797672,4.6339298115893435,17.669333189108016,6.266209639731157,4.229539465987053,oed6
82,selected4,3.8315717205009396,0.0013519868549049308,0.0009087416149883838,5.821290560986226,7.160836741237131,0.2116769529436624,3.1306270919861934,4.966982508879402,0.3713706018904528,3.254237474643862,5.735551831440588,oed6
82,lowrank4,4.499494524427277,0.0014559206340769096,0.0009585237395490006,5.867445821529149,7.176484457802856,0.20307324490751455,6.1258085723042255,8.768758770543084,0.7457511484812773,1.5528916298486517,5.555742550001463,oed6
83,full8,6.955456606722766,0.0016752261514489317,0.000976746450439428,12.914764577196891,10.56854296644525,0.027121225779103142,8.00300784097281,12.123385325930801,1.1830373579932552,6.791971205793468,4.031822353670544,oed6
83,selected4,4.381684912943637,0.0010042726679058626,0.0005886037834107907,2.803615741880705,4.0688360034952575,0.06725604490509518,4.713078217962064,7.986182949883336,3.057075120202213,6.3031366704897955,6.0542985547306305,oed6
83,lowrank4,2.478766792560677,0.0008431879468709264,0.0005012428752747737,0.8908054347679606,0.22246111293218185,0.06060658468480806,2.888084539423774,2.3205944699890457,2.7968869362881343,4.3548761727758905,6.295819089623622,oed6
84,full8,18.98329199033664,0.005077675422990378,0.0028431193812234992,1.2779077190881338,0.19444388483578212,0.33301985787417276,28.17498864099399,61.83338662245718,20.22190692900011,24.452933724795876,15.377748543647861,oed6
84,selected4,3.901457865827228,0.0010216977462396632,0.0007313806221172095,6.846791870246038,5.913064492725084,0.17294434527792557,6.353420202689919,0.25721750317504455,0.44856979471643577,4.272356965935941,6.947297751851433,oed6
84,lowrank4,2.007903768993266,0.0005494711526885486,0.0004601832792369189,0.7105711134273385,0.24178182283171035,0.14300533427247242,9.175014414352578,0.9698613152610114,0.7753376253373245,1.454081933688034,2.5935765927756593,oed6
85,full8,11.519475279251498,0.0012117358908536736,0.0009165523785388799,13.263016099941982,15.226670189392477,0.33034386718817643,16.88495554487669,16.451714912283833,10.84066661233769,2.267806129191574,16.890628878799554,oed6
85,selected4,6.751809571756802,0.001155979536640545,0.0008956320937268192,7.036608635166985,7.341328976453121,0.28796157484889395,6.911403365742852,1.7496413975666814,8.13602432472793,7.67831402490291,14.87319427464504,oed6
85,lowrank4,5.838843344162633,0.0010773165662424315,0.0008495065670088026,5.878853363214298,5.974158698748289,0.27254089375667867,3.7293631911523684,2.576917181204408,8.586321255952377,6.560398411138079,13.13219375813457,oed6
86,full8,6.668065453239219,0.0012802863529853957,0.0010694543676252443,1.5618955835436266,0.9427858853270465,0.18338097505748996,28.153339640628804,2.441979837002828,11.18647200394214,2.46410169908029,6.410568001331529,oed6
86,selected4,2.973064234479282,0.001027943121447574,0.0008272006243126218,5.180279281502365,5.774910391800803,0.25254656752424776,5.924121485618783,0.8551753336023094,2.2800424291522514,1.150843247010691,2.366595139622807,oed6
86,lowrank4,2.443872691633285,0.0010562733856597087,0.0008541077638175429,3.419958427561043,3.816649617266865,0.2665861462849528,5.562504164792903,2.931575232916528,2.3445524320085287,0.8830620528630817,0.32609345937237855,oed6
87,full8,8.837490493933927,0.0007076598915889155,0.0005120234133624071,0.5606085076872769,0.16252670336697195,0.13215515727260652,35.13414803253867,13.691198741995647,10.513723000148701,0.5783972369220458,9.927166571539491,oed6
87,selected4,3.506510007666364,0.001113337729908601,0.0006448797051346509,4.341190063698908,4.425647105463071,0.02311656117800487,6.817024078285594,3.042018002124991,1.4543099475721966,3.108112806313801,4.840661496694343,oed6
87,lowrank4,3.211750053147433,0.00112420180512408,0.0006479180111976728,5.385746647523759,5.3410203423696405,0.00582520258679553,7.3105242049015695,2.560397665644376,1.5235739165676887,1.3099411723612508,2.256971273224384,oed6
88,full8,5.904259331996313,0.0018543233957832872,0.0012420100798379607,13.381988757235108,11.68326548536468,0.19947028323454852,6.6131728279409945,7.490449409435174,2.260486200034584,3.84407749520449,1.7611641975209258,oed6
88,selected4,2.874090951571745,0.0008523694683578191,0.0006714466901733318,4.207527968054947,4.5088436063760895,0.2044196437675172,3.1123575821110028,2.2793211779107647,7.232072513907683,0.25484870245433555,1.1933364179916195,oed6
88,lowrank4,2.839186951469222,0.0008493725748807341,0.0006731356129489425,3.081354138584269,3.290044247373758,0.20494450914899653,4.199536367570156,2.9005160818230458,7.356852900252764,0.5906483597256651,1.0895990072751216,oed6
89,full8,21.46784694297911,0.003169264577265985,0.0017834172752963105,9.208026161022186,8.279016673039896,0.14935320820408382,5.701626204216559,67.93294192782697,42.59127346284277,25.288451357593868,12.592086549086545,oed6
89,selected4,6.283439871609778,0.0006334473713907267,0.00047028238295062193,5.293957145134387,4.845649574823185,0.16203584530478654,6.104590859951598,7.742642081323048,3.3864299357532435,10.355933018707997,12.376280511879978,oed6
89,lowrank4,3.8488417486932396,0.0006222530127449472,0.00045666927672544214,0.15455785368692077,0.30199459550686036,0.1482826457206654,3.466063665364172,3.9069352329236695,3.0355641433081226,8.510796764349859,11.266539088685645,oed6
90,full8,3.3639654432954442,0.0006589215263028857,0.0005004591098031083,0.2925897807512845,0.5074544114677115,0.1975723426760334,16.880913900301852,1.0693850304266173,5.305247999543939,0.45550709178541204,2.203052989410703,oed6
90,selected4,2.8310728388434847,0.0004836892231266835,0.0004025597268267962,4.258054084682616,4.473569224885288,0.15096845952473625,2.780284056822524,2.2162613340289017,2.9960313005205963,1.2547250201358828,4.5186892301473325,oed6
90,lowrank4,2.355788578403632,0.0005676848188305184,0.0004459529911720566,0.1133990614810898,0.14480133454333188,0.15046269754037667,4.024953477513016,5.7759170744851485,3.1706672394910984,0.2726208035265465,5.193486938648451,oed6
91,full8,6.809944324663015,0.0014232111589839414,0.0010960897064491051,1.776705996081962,2.7462566160779467,0.3266629221893913,8.855185970647028,21.815156951685676,5.77738950098452,7.036927949299498,6.145268690338101,oed6
91,selected4,4.399366110627017,0.0016686516749437209,0.0012114881872905708,4.534808358729025,5.727217417087105,0.3253228508733885,7.204126684464973,5.570565570398256,4.239922113209893,1.3773223574597426,6.215643532793758,oed6
91,lowrank4,3.6094475803326116,0.001608069703154703,0.0011778876178212497,1.3897408287020352,2.3543228105707525,0.32527911089519357,7.02239515316212,5.859334910986469,4.220433538401935,1.4797936188461036,6.224280671096283,oed6
92,full8,16.55987529073211,0.005392951848918311,0.002954051886361419,13.515741898673761,16.1938833879949,0.038719645571305694,12.781647917394768,44.34752174727097,9.35811403856015,20.781986651656037,15.461387038734987,oed6
92,selected4,5.877945601476291,0.0007373606389819772,0.00047525981563832995,7.559664946652567,6.716671007339803,0.07992534970864273,3.815336533724656,5.313343529875247,1.6653787955771326,8.840625244513657,13.032619404418622,oed6
92,lowrank4,4.332722028026989,0.0005537778861969728,0.00039245627578125223,7.022275427248603,6.282291249902794,0.09713585031541072,0.5123530333278725,1.3268213624193947,2.108733974877275,6.396573872654154,10.915591453470409,oed6
93,full8,12.24126622612642,0.0030061361075053024,0.0018422643197377377,29.643553102618437,23.03114824670348,0.2107267788448164,5.58620537716692,24.9876533462027,1.8211250515116961,10.866705081222927,1.783012824740382,oed6
93,selected4,5.276972368337711,0.0011045528025432352,0.0007805633882585305,7.124128191657264,6.706189946463114,0.17834985220800403,6.341070526237336,7.402796758720598,5.153430533689585,5.925696495044219,3.384116642681567,oed6
93,lowrank4,4.022617947541262,0.0010716217636684365,0.0007633154735249732,4.525771491235875,4.421733775494974,0.1843702626639021,4.697842866615575,4.76950962525764,4.934578066020112,5.0763532909630875,3.570784202078925,oed6
94,full8,26.06879097181983,0.0081418837891781,0.004264935147643762,7.676726999515893,7.59735526395604,0.06340422467508988,19.223333531081256,97.75647732345192,48.45074023235571,25.302167821522502,2.4801223780002046,oed6
94,selected4,2.802141234867972,0.002194054286806349,0.0012274858595763378,3.476508865510408,3.785570736938715,0.10626204739138112,1.319073560568973,4.357578570778687,5.3410074010047826,1.0636756894371713,2.9674530073136585,oed6
94,lowrank4,2.4095879851633626,0.0022080186914195084,0.001235540966741614,2.5361270076845965,2.889176922231218,0.10291653547754853,0.2678168102310363,4.273649731012541,5.527028032257187,0.9194423224569315,2.760546519955842,oed6
95,full8,9.497188488137644,0.0030396298216811782,0.0016665587413799362,16.768066732241536,12.673703777432744,0.03767335081006351,1.110569694640029,4.424237574978118,35.823284448738505,4.553700994241683,0.5862713320184731,oed6
95,selected4,3.7643271013677415,0.0020804201726578537,0.0011194384324507405,4.197762297839736,6.51576136779175,0.007417236338402855,0.6706029927286861,5.912303398070984,5.777877388682384,5.589825886421451,1.443066243068536,oed6
95,lowrank4,2.5005084871834726,0.0019126100714955368,0.001030762142298454,1.228888121320404,0.7599160537204774,0.016614389431524046,1.570719677813015,4.3151573963823076,6.08125160997679,4.865369314199119,1.1661513346241437,oed6
96,full8,9.473105550351626,0.0017710135795884277,0.0011797613989286866,7.743131340604359,6.76195020483682,0.2805474734098201,15.793838944077743,13.060353667383161,18.850825865282637,8.641570992095836,4.652625915122622,oed6
96,selected4,3.6536439806667182,0.000823614769363486,0.0007117131778857885,6.5580372009390935,7.348855148123645,0.26053677875408354,0.539549494546776,4.144502997986521,2.4358249681718736,1.70961103208902,6.232234224722733,oed6
96,lowrank4,3.78412581563646,0.0008350461957411593,0.000713283047035612,5.644897582050379,6.2976040292994195,0.2571475142769897,1.0290018390845979,6.5162322039136855,2.5082634303977502,1.1716134626444719,6.84824646342439,oed6
97,full8,8.921974871868134,0.002285625750306605,0.0013138531953320722,18.196415892042296,22.008853700450672,0.07335980657697805,2.9964614846758497,12.011656985136288,7.610551248368658,0.010180099133472176,8.46831975856086,oed6
97,selected4,6.265374801264051,0.0005805346209725691,0.00039603196194926095,6.8869941352416975,7.218434719987132,0.07322769946750407,7.415509344809368,7.025226187120892,5.375140285558078,7.83721138678215,8.291254651145586,oed6
97,lowrank4,4.412682847286439,0.00044726675593842854,0.00034728775694313745,1.7112686614343064,1.6424325112976312,0.05452761746972401,11.089176341413864,2.62700235443849,5.869915515830815,5.119032445750404,7.188107330656268,oed6
98,full8,10.521994868367097,0.0026731520251614374,0.0016682349342771589,15.305439206592975,11.726920867143109,0.28924315376517296,20.499682868294766,9.759416389261466,22.60199295117563,2.2028090414663914,1.7904544692372681,oed6
98,selected4,2.8223657694263258,0.0013362989564035634,0.0009196619267342444,4.399524778133513,6.226189980337948,0.2204166911278893,5.0349971863864695,3.766347813250215,0.466221228404895,1.1977133844302879,1.2675150933393886,oed6
98,lowrank4,2.073703299642964,0.0012706794442097608,0.0008756173767348102,1.5117020562040562,3.0942064770254296,0.21398854484016017,5.833068801323971,2.041710465582114,0.3531154796412528,1.1495465566656815,2.392288015861044,oed6
99,full8,10.684113153698249,0.0015883301334678596,0.0011847806444425465,8.319580648641423,9.379343583003097,0.1689202476477969,27.089218921478718,17.879900425976004,15.515546962573268,6.343339942429216,0.7770544978364713,oed6
99,selected4,4.904272142493417,0.000897489195926058,0.0007831740422035369,6.569508389136058,6.97262382210222,0.2683224748620372,7.655397380375373,3.1428555216114873,6.9063420700429035,4.01939336447239,3.699734117344866,oed6
99,lowrank4,3.546780134264475,0.0007881842791042195,0.0007260573308857497,0.07147599473433797,0.1118751867556056,0.27156873093515665,9.794301420237804,1.956788398349285,6.594920380161429,4.436079981203611,5.137230981738572,oed6
